59920
40544 18089 5
51717 50559 83
58771 49742 55
19683 18766 91
52024 54877 26
21037 10055 97
19963 44759 58
57464 19800 59
50077 57518 71
28567 33997 44
48002 3338 6
6268 56222 32
45244 52213 85
55352 22080 25
54030 48153 68
42946 39012 50
49100 57902 35
29555 11618 55
14824 14501 11
38135 58611 34
52982 15072 46
56054 13072 92
32347 25576 48
20675 20134 27
53960 2430 38
38529 55138 8
37377 14490 90
35827 45112 82
29901 46126 12
28370 48096 74
51035 10898 44
9712 39664 75
35416 4756 90
21814 2959 70
2632 6400 90
20382 20939 21
48920 11506 24
15781 4411 96
4199 29276 51
53626 24699 12
27763 21161 22
4795 58511 4
19515 8091 46
1989 53820 77
23252 1428 9
54827 58307 49
33290 39309 59
46142 30326 58
56138 12131 52
10136 46518 32
58609 7519 73
39837 40827 52
29532 23505 60
49241 5134 100
13971 47803 70
57566 4037 50
9508 51785 65
786 27952 51
47230 5002 51
53602 8991 19
62 11201 94
267 47028 1
21 15986 39
6803 6094 29
17026 46691 66
34763 58763 42
28903 37289 5
34518 30115 7
59706 50351 63
52064 24204 98
21990 41943 21
54835 15409 51
3505 7529 54
8826 11866 29
53516 22586 12
36919 28559 83
15797 1 20
40359 2264 41
54898 5354 73
7533 14634 18
25132 29784 64
53563 52341 38
38034 29879 94
49194 29600 68
25239 21544 11
2625 28052 91
20520 34367 90
29486 53978 60
25077 49849 57
11753 51971 75
40900 26430 86
42811 11478 64
27857 45967 30
19237 30645 11
44448 45336 68
46044 49970 22
55275 24751 27
46989 9390 43
39092 19145 86
22604 54862 55
29637 36600 82
58341 266 68
1544 40885 31
12234 43905 6
15082 42501 5
15352 32760 62
34796 53291 90
26024 30841 41
12152 34866 29
33831 29255 24
28694 55417 88
58906 32587 5
13345 44072 28
9647 3987 18
12323 30583 8
51557 7695 90
13302 39678 32
24742 59842 22
42821 35063 33
27766 8859 83
43154 14510 85
18023 11044 51
43972 59883 43
28065 7086 6
24238 24878 32
27755 4273 83
45639 46932 63
656 29024 75
2120 22413 79
8657 37904 90
28135 2550 77
17276 46053 91
38510 20117 95
41713 32143 76
18135 1120 35
14880 24410 54
58713 36850 86
18541 57813 78
58807 25294 69
33109 24870 82
46787 39204 54
27532 26479 59
26005 22174 74
54551 28920 40
45457 19307 59
20159 55692 33
32340 50999 66
36673 22655 9
32774 50557 37
57567 14665 15
42940 14507 92
44901 33856 54
29047 51370 35
21360 23837 87
58527 29782 75
18466 10264 41
52411 8474 25
53343 49493 43
31993 43501 35
36602 55144 41
18662 24425 87
46546 46809 8
4460 22682 15
39222 1324 54
51695 23218 98
26585 57738 13
50110 30623 33
2655 12161 34
9240 19537 92
43407 43027 96
23547 55431 35
38796 42193 49
27020 364 66
21437 24176 96
54444 25424 12
40526 14512 74
18591 38252 38
33443 43385 4
43694 19673 92
30957 5870 99
49209 59158 33
19122 43695 37
26500 47401 62
36052 9296 43
45301 32487 81
23208 50264 77
19099 13638 46
46506 56630 5
36892 14753 24
24333 41338 51
19516 27896 88
45878 41560 71
45596 51653 74
28154 32711 3
10662 30630 16
5613 38680 24
1706 45161 44
50167 32634 58
14936 55185 64
26718 14530 56
55820 19956 36
35816 5856 1
31459 21458 44
40236 15722 6
52862 30323 80
34702 58940 59
4274 25108 59
52150 31861 57
47007 34873 84
49125 42349 5
20306 16297 47
26250 50049 4
35370 28319 88
13841 2842 61
5273 16180 28
33321 16275 74
9395 35603 90
57817 46611 89
16436 25163 39
32757 9884 54
51058 16119 15
32192 21967 37
57429 3820 71
36882 59013 3
34553 31400 82
44548 50704 53
5753 48142 46
51531 18880 38
11980 42457 28
53671 23544 13
45910 40187 6
1809 41773 25
7737 9601 87
53965 47669 24
41154 39438 93
27737 31216 9
27118 53349 83
43743 54531 58
41505 22546 27
5193 49408 45
48596 55465 83
29631 19465 25
12119 21323 24
51464 30444 43
5208 32807 79
40210 22481 2
21683 55288 70
45383 27710 1
38335 43551 17
38288 38552 21
35615 9864 98
55407 47473 82
28560 57769 75
32392 39232 96
19647 5358 31
10721 51520 14
36895 33159 3
47714 38192 91
22327 29699 40
53824 13162 81
34287 56335 59
50291 21926 79
17814 24326 77
38915 42151 88
56325 49943 61
46793 1398 79
38562 7749 50
18127 42819 92
27070 54870 61
24827 34572 59
42919 45772 47
26992 58226 1
40776 31671 71
35512 35525 96
50164 4122 12
32785 57762 71
37092 30422 90
19114 176 2
48719 3447 61
4804 14933 62
51488 16371 69
30253 16745 78
32629 57359 53
9302 46464 12
51465 57981 29
3352 2157 64
46250 11816 52
43044 1311 20
59350 12527 82
27185 15655 49
39249 20826 96
52902 21572 22
30734 54929 73
6931 4946 9
54898 54907 70
30107 47885 93
43888 49440 99
56239 56071 23
3267 30227 56
42059 24240 28
35794 9550 89
44368 29874 56
18156 46345 69
3418 4448 20
7497 10509 76
52308 43217 79
11501 49011 22
27612 5309 73
4768 54946 63
6103 16939 74
19679 57541 98
2968 25418 9
25547 2872 95
50751 45614 93
46108 30695 67
26011 21374 11
21851 35221 95
6110 12079 21
17467 20813 71
15451 36162 24
58000 48396 14
53620 31897 91
48838 43628 9
56664 1750 80
30544 1398 21
40060 1849 31
13605 26570 4
45078 9346 64
2371 28616 80
51495 36571 59
23535 15455 23
11172 16818 74
639 2093 5
8818 913 41
5611 41427 39
49862 15863 76
48413 35568 77
58789 56949 57
7989 16351 100
46316 40205 68
18354 39335 37
14059 19877 93
43961 56106 95
16245 4045 22
262 47161 26
48369 40278 53
12755 20082 71
45485 30907 67
51060 33422 18
33534 30799 95
59304 6228 93
44138 20301 10
40587 45834 100
51612 45608 30
49170 55993 93
35752 22923 71
6006 21233 43
32682 36346 50
10066 56596 53
34648 29688 99
55610 22466 64
31105 21014 13
1926 19585 55
10754 25178 34
32460 7637 54
6682 52312 91
7043 41486 7
18018 6511 99
3130 460 60
44582 24032 62
33806 18088 94
49188 57258 62
22952 30373 60
53274 22302 5
21633 36873 8
36056 20023 40
20246 52837 39
44081 8485 86
51855 12062 100
21133 54705 75
24989 13142 76
43239 852 81
18609 45831 53
56098 3610 86
54849 58476 9
55764 58587 82
21252 14109 71
35185 8959 34
31484 21467 48
29748 28696 49
42326 1816 53
32264 25100 69
49239 43388 78
26522 18343 25
57526 40137 54
7079 48114 69
13246 17987 81
35675 44165 76
18095 4836 68
51546 28403 88
20337 27103 36
41148 10219 6
58131 6247 58
14965 27373 7
45700 49877 17
32789 13286 69
22106 46340 89
31970 20847 91
32559 53378 7
16302 45855 48
35192 19751 68
6758 14323 42
25201 7147 46
33344 44318 30
14426 49382 51
49704 50032 60
13321 4809 80
23783 41215 51
16519 38482 43
12384 23234 53
219 38025 97
34308 44367 54
11083 15053 87
9309 39838 10
59599 39563 42
6724 18153 36
11747 37476 12
26837 8974 59
19022 27883 8
24223 52580 28
20350 29129 67
39380 47912 26
5454 37001 53
28811 57730 24
10275 14531 88
39999 40482 51
19990 23163 92
46800 33428 58
17902 32878 11
58434 47418 62
47026 39793 91
1920 49861 97
53874 11323 85
43483 27215 97
41931 55430 17
45913 5807 53
34667 9879 55
25968 30028 55
54539 31658 38
12982 30781 58
24235 5725 76
31439 38762 52
4249 39074 6
31664 996 3
26797 41656 75
41149 48999 23
18804 23623 1
55324 24939 70
48763 33731 52
4923 23075 97
59016 6131 96
46897 34306 14
42589 17128 5
16778 29613 28
44042 58708 52
35001 1821 79
14997 24184 51
3161 12538 25
44503 8101 71
32903 44460 37
13705 32684 18
13499 32368 3
2280 38649 54
7299 44627 20
26027 9901 64
43875 46910 71
32566 3425 41
53343 44004 46
52428 30165 24
31050 27415 72
33752 45426 96
18948 15824 33
17335 56055 88
10556 1770 23
34400 7634 17
43406 48963 9
8809 27745 100
3854 44923 48
3680 31003 36
32004 59788 95
41156 36125 45
58346 51128 86
5853 26067 36
50500 46489 46
32451 26216 22
58929 40346 10
26944 40219 84
4065 6601 51
58100 7221 69
55782 54457 58
32816 49458 93
53546 56696 95
5141 39096 64
42212 5647 28
21158 18164 22
57539 19752 15
59517 51626 50
58186 30037 67
58453 22436 41
21194 51562 43
1108 8005 91
7940 34112 38
38997 11357 17
261 51979 20
15081 37113 69
39339 11947 7
58635 33039 27
19443 4677 50
2810 51698 41
54995 9140 63
10197 53926 43
1320 17913 76
31472 50540 90
31503 12544 60
3361 56376 10
1953 8133 7
16748 47677 91
22384 47110 98
46977 53252 97
32830 58463 29
52044 32945 21
3034 32577 4
33308 52342 47
34549 32087 32
8176 21216 29
4046 54469 38
27124 31161 61
44242 484 20
17835 4601 39
16974 449 50
32289 10211 67
38245 35758 57
56431 46293 80
37182 28636 45
28256 14366 85
36319 58233 1
41611 41401 1
14095 58665 24
31467 49034 92
43989 35809 27
665 13574 83
28585 7386 78
4006 37707 66
7055 34630 34
43130 22092 87
23320 30691 25
21483 26051 79
56640 14168 93
49910 45389 82
55275 42707 46
38176 27374 16
40736 20112 46
59436 1210 37
30341 45958 46
6314 51011 75
6088 50005 100
46111 46817 35
19475 16695 4
36490 37608 2
43952 2007 23
51296 37013 5
40447 49438 8
43003 10903 63
56689 53562 86
18834 51744 88
53286 31028 28
21157 52493 35
23044 59861 81
19613 15186 82
21783 24539 8
38868 18433 91
45207 40720 58
53701 3645 63
17050 5299 92
56103 1959 79
1008 30886 85
52199 32241 6
57709 21348 16
27495 39785 77
58199 23734 66
10549 46937 56
29084 57037 17
7634 6484 19
35260 39550 1
41024 37447 88
20169 1677 96
35526 35067 48
13611 28861 63
22634 14378 90
42121 14110 67
11708 51209 95
35244 16327 56
13128 18514 31
49533 21313 50
12171 8150 46
52908 31692 43
27563 59661 95
14794 59382 61
44142 2580 33
16577 41214 32
19918 46052 13
35767 16910 57
1002 46635 39
31846 3544 61
9338 4771 32
57170 17173 42
7051 28355 77
54335 27178 94
10016 23137 40
18858 10625 6
47612 51054 17
38928 36719 76
17195 44698 70
39535 57171 28
47328 41630 54
55412 46134 30
27987 32082 24
17239 5263 58
31056 17613 88
14876 32777 65
17185 12152 32
39472 53308 62
41881 58115 81
30377 59411 2
25933 46380 63
27820 47602 95
54389 35743 64
36882 32441 85
58203 15230 97
42697 2313 51
9002 44447 1
7587 41663 19
54710 56727 25
26439 22207 20
2082 9856 83
51238 20525 84
17867 303 31
15423 24959 21
24315 21453 77
6014 41936 1
1195 57989 54
5168 51591 60
33450 55419 41
11606 35383 80
57474 5734 69
22290 2418 86
24503 5087 77
57878 8729 94
5222 29074 20
23165 13821 68
52007 36059 23
28407 51247 85
5949 26146 48
19100 10641 2
52974 12157 19
15407 49078 62
43230 11462 11
24123 39598 26
13600 22980 89
53485 58470 42
33430 7590 44
39487 24633 39
32127 11176 37
15754 12029 10
41125 23341 94
909 20322 10
19020 40914 48
41410 25833 27
12203 42707 56
26378 38286 72
28555 37024 57
58455 51115 19
21329 15132 96
1574 56810 24
50133 30009 61
41312 39165 80
44414 29489 12
33563 17134 15
36121 42866 79
52126 39718 84
42263 40224 84
33097 7196 8
40775 38251 15
57405 43195 15
33608 53199 9
5377 38382 78
36877 44173 13
36934 11440 29
18940 21769 4
16110 2674 11
6225 55632 10
32147 48365 92
13491 40798 47
39072 14124 19
31133 4286 79
5696 39973 49
50250 9630 41
49231 395 55
46948 20133 1
25105 55654 60
11022 41502 2
52861 37830 62
27187 3546 22
47679 27737 40
53178 23862 72
6361 46753 38
21653 5792 67
26311 12051 45
38537 12110 54
49239 54008 84
56337 59732 63
5954 30065 20
4127 49404 95
47219 52625 97
47160 49062 56
55026 41147 81
50799 13040 94
21892 11287 100
1841 4936 32
14910 40695 26
23142 13559 48
15142 11699 48
3042 41643 1
22854 25587 49
25869 47642 41
3431 45579 48
1141 58700 91
36318 57629 8
29105 55884 28
6469 14615 31
53616 11858 51
30703 14278 3
18397 36337 83
9775 31983 18
55222 36603 88
14420 25946 15
9865 53037 31
56842 35376 94
20229 16292 25
58874 8022 35
12012 9278 40
8025 31201 35
45845 24226 47
42137 41887 65
8829 11102 88
21389 42972 69
39865 48611 29
18821 37403 70
41538 33761 68
45240 20862 45
2266 58437 46
50950 15596 84
55905 14255 70
54375 47783 67
4702 56903 65
14090 2510 60
21456 23809 45
12117 32038 60
27519 42266 98
19815 46946 42
42239 22706 85
17366 50714 36
27202 16031 47
31657 17469 74
23621 29628 99
56337 43225 86
4709 38565 30
50417 34695 48
32222 19115 34
50944 44407 71
24833 58006 83
49255 36785 53
9444 35873 95
55681 39665 10
51453 49253 33
7880 51125 54
48513 47021 84
24718 35434 62
5778 36272 14
6714 53836 38
1612 11151 72
3102 15740 51
52400 6870 32
49417 4739 27
36327 45259 41
873 24795 75
43437 46093 69
25960 50281 10
5308 19535 14
31586 55906 1
1 46403 25
27890 26368 60
7804 4937 74
26903 23353 94
58376 1373 65
27970 7960 77
16963 58671 48
56944 42380 1
53016 57267 85
55261 42159 76
53113 30746 63
32901 10799 33
4700 15987 59
37847 57948 19
50259 26248 59
47865 8534 65
17833 46097 18
21870 15424 67
43142 47298 10
22709 53834 29
39539 57334 29
40180 53274 10
629 4302 71
3553 25461 97
46360 6597 30
45445 26320 36
33431 7832 98
18629 39153 53
51595 2089 80
38213 53443 36
44432 50217 33
14987 29622 28
38994 43401 38
15426 16027 59
12079 39305 80
54889 13011 63
6219 17512 20
35321 13380 67
58 32144 37
35542 54392 53
36414 29146 1
541 19262 56
40002 14026 4
28438 42257 35
26725 13218 67
52267 26039 75
23095 45635 56
41400 58429 26
5501 30814 20
34 34182 18
24745 43378 29
32079 41292 81
47551 45906 22
15482 14244 97
32825 1184 88
8006 8806 2
6831 34841 27
50272 1722 28
19768 20779 30
46481 13737 92
37548 10723 31
22652 35035 11
26288 44907 40
36792 46877 67
30753 55587 64
29584 4073 83
12255 6171 35
55537 36366 91
1941 8044 3
12674 15011 62
3230 57761 49
23132 32047 21
52520 47079 48
38707 43658 80
6185 20096 13
30229 38611 7
44231 23826 20
28240 33594 65
19873 36840 64
47409 58682 54
27256 45627 68
9297 38066 77
28738 43055 6
3857 45526 40
3832 35629 86
39590 5852 28
34852 44043 75
46421 42482 71
57207 18958 39
24283 51080 58
42125 23695 79
45320 54654 59
36102 11682 46
34743 13845 12
47811 25592 25
40750 58619 72
13874 11971 89
20585 14702 52
13049 40120 9
55885 3261 31
14134 15265 64
16431 53523 81
42403 38866 5
48788 44171 58
14288 23102 17
15312 44671 54
32715 44540 99
41627 13061 47
31867 6230 61
51378 31642 66
40028 34972 57
26315 15687 24
31634 28911 55
15677 6190 18
58030 7484 13
31895 20216 96
24650 17247 83
49668 13741 50
10982 25186 85
9298 14118 13
36671 56617 9
7941 1650 44
18181 7133 100
24118 41415 11
2568 16210 6
31498 7409 29
1095 24801 64
54868 29581 31
23902 2127 11
15932 18451 87
41468 38739 71
29928 45666 2
23988 58622 55
40429 59599 17
21810 53287 53
58586 47664 11
25586 41523 20
33848 50593 66
10334 18762 14
7315 54972 2
42073 19571 37
30954 45550 12
54201 53791 18
46665 26908 34
27102 39275 7
22254 15715 85
21978 48582 4
25311 6622 39
7667 15048 49
53315 54026 24
50832 44645 49
41756 40995 6
35959 27270 93
16765 10969 24
32151 20179 65
34576 52108 87
14102 26081 40
58542 25856 11
22721 6558 94
18221 29578 56
7314 7620 36
47851 4568 85
55640 24494 32
27189 28642 7
47682 15450 77
36093 17877 58
32223 52112 4
5714 35498 76
11981 48394 16
15607 24416 3
45233 59321 48
11802 17682 63
21652 13667 57
20386 45008 88
59031 23757 10
354 30427 38
42925 34584 36
41055 37101 11
36553 32800 8
1482 30711 62
11030 54364 19
3591 40556 14
10567 5148 15
15882 35933 80
38655 20356 12
29647 28603 36
14129 19509 80
51484 38355 19
54879 42986 61
16561 19664 57
59203 23407 2
55499 14339 30
44715 15543 33
12752 47822 13
53021 47958 6
20453 39611 98
20614 57782 84
7006 4759 82
46517 53662 19
41336 32657 42
4232 56603 42
35798 5880 57
32275 34571 24
8113 47419 7
2543 41609 20
1526 3410 84
3681 51012 74
44718 40192 38
17359 46479 3
38760 33299 48
59132 8748 79
51318 25694 79
59456 57575 46
43352 38979 34
57207 5075 27
59101 28800 10
24815 51934 88
27776 30774 71
19135 47521 40
7928 8529 52
10312 39552 43
45229 552 68
42966 734 59
47405 3635 68
55134 11244 3
15510 17724 3
57338 50007 83
58385 26200 46
26735 55081 63
36092 22650 87
19372 30975 33
12583 49300 31
48785 5292 14
52095 33244 41
35850 47714 88
8492 6182 20
59899 12264 95
38776 38079 58
2125 8190 58
4595 31788 69
42337 6846 51
53713 39287 88
15521 48841 35
49650 53004 38
21124 36562 88
5863 55394 81
29060 40971 87
21961 20742 68
35390 31615 41
47117 42215 50
19855 58167 76
41558 49007 73
18022 57073 11
40197 5027 41
29458 42189 72
5163 57899 72
25485 45472 2
58634 49456 80
3839 34818 38
10616 8335 20
18639 39675 45
25398 16782 30
6269 8149 51
58062 9024 50
51176 13691 94
35361 13593 95
38319 32987 73
54402 42004 100
30578 46037 80
57706 1660 81
29831 902 36
18453 37066 97
49615 19851 46
30669 48929 50
40700 18765 9
35934 21719 75
22152 38584 44
40402 14795 1
33150 23896 85
1156 40686 17
21053 18893 45
21839 24120 88
50607 40000 27
18240 50909 34
18487 52160 47
30303 19387 26
20235 14821 36
56317 10784 78
8342 6594 58
12022 55269 13
28160 9007 56
42994 22610 62
47759 716 100
16208 34918 51
6895 58222 60
490 15940 38
54571 36907 54
19404 1249 18
16771 53064 40
46961 20116 77
16246 48622 36
40929 56461 54
11129 50431 78
23823 13981 58
41145 24691 52
41521 18157 55
2242 19737 94
22592 36287 21
37682 27410 46
57651 17268 44
19333 32925 19
8618 7022 54
37389 51062 6
27 30270 91
10955 15326 97
42453 17076 51
43919 42598 58
3363 58689 49
43518 37949 87
37796 44357 65
25199 9579 34
20337 46385 60
38231 18208 53
45364 28081 29
537 57770 68
45085 6655 95
14555 2001 62
43374 58039 39
50379 38569 17
13597 42547 53
56328 15062 39
49312 36648 67
24419 13322 90
24314 56319 47
16515 1685 85
59240 52576 70
48409 51265 88
12654 9468 32
41736 13776 30
45270 42540 83
41800 42248 72
22570 51741 91
29143 42317 28
46987 30971 69
6146 58696 50
19002 50156 22
46325 24429 52
35152 39059 59
35487 55802 69
40644 12325 10
9301 50513 52
14643 14585 36
59437 52410 81
32953 56948 68
38186 4580 72
38604 47940 38
24137 23444 59
38656 19330 93
7770 18883 32
56812 14937 17
21497 44094 57
16219 53718 21
34268 8755 87
40943 28846 85
56706 28266 29
28960 48434 44
39038 9212 30
58484 44109 23
6438 8902 72
14701 4663 32
4715 44488 42
41443 21145 70
59053 13994 64
59658 37077 43
42930 31080 19
205 42850 38
58176 25465 67
36817 35257 80
34488 54399 81
4086 27634 97
21571 16269 63
30385 12844 11
37944 41773 91
39384 4209 28
4466 40252 77
33802 59383 17
38943 35494 77
22771 30220 86
47152 52680 3
57260 25958 21
8274 27647 25
13719 29126 42
15231 7702 7
5726 59253 17
6538 37499 32
39256 57325 79
49359 38631 44
41858 4525 97
56962 43952 17
33757 31826 24
56845 31465 13
54419 17066 80
23074 54280 88
18330 9315 42
55498 8397 46
35430 14027 50
23009 28271 98
33679 21231 47
27397 27803 65
56566 56063 76
38516 38605 56
34621 19729 77
25403 22284 26
25302 6642 23
16551 19608 83
13517 24185 80
35003 38242 47
432 10358 77
39276 6579 54
27479 25604 41
37322 37943 11
14375 57697 51
8644 15235 6
27648 50618 50
35247 47262 38
3317 51614 67
824 37570 92
2942 6757 34
48489 17498 27
25108 38057 5
26902 27163 62
8935 19146 87
223 23634 16
15320 23276 17
49586 29419 7
44099 50629 25
29942 37000 74
51303 37414 39
6659 26097 66
20254 922 13
16925 3638 60
6779 43039 39
22545 7255 65
44690 57701 91
18615 42211 28
55430 10781 26
46047 13966 72
54987 8229 77
17763 1211 80
1712 59091 40
36014 46070 9
30305 17923 17
35967 51410 71
759 18957 17
53795 50247 42
20966 42802 64
22819 22553 63
34026 1022 18
44416 37232 84
20421 18630 19
2528 59009 61
16757 20691 68
20400 54722 42
41663 26324 72
8139 52156 75
1990 11491 39
15783 49843 74
13285 28034 15
17151 29382 63
3420 11466 69
1643 48154 57
8661 1241 82
36412 16647 33
59447 52819 91
42241 13645 38
30140 9433 57
45830 37495 100
23864 24543 56
48065 21640 16
52943 45057 98
45949 33487 59
41916 9867 86
14100 12484 65
57996 27739 97
15648 59003 76
45236 46580 97
18507 27836 35
26145 37488 29
12831 4538 31
25351 4028 12
50878 20194 6
38013 4732 6
35369 37613 75
25226 36900 7
41138 27630 60
17841 25765 79
25722 3454 87
23486 58978 36
17410 47558 51
45060 13578 36
4329 6505 79
44530 10705 43
44229 58367 6
37454 29117 45
49867 54013 7
2212 35649 74
42791 29326 41
41237 15994 39
47807 34526 52
56085 44906 10
35705 40151 39
6672 12145 58
709 24978 45
3606 31652 91
18856 28418 85
9678 52369 32
52031 13392 53
37816 46337 67
33650 51672 34
19381 1872 97
35891 22034 1
8767 150 100
871 28860 87
17251 17421 85
58831 3021 73
50227 57689 95
7398 34059 28
49833 1787 46
42407 17513 96
744 47771 30
49135 47352 47
33514 37754 61
21242 19960 15
23232 41626 59
56611 6765 55
8768 6613 82
32823 49903 9
47315 47598 9
18361 18780 99
55186 27503 98
56926 1134 37
24590 14298 42
15142 11812 94
58332 44707 71
3111 7791 55
51170 54970 82
53727 2689 86
3596 35445 97
56925 33672 95
43095 16953 69
52152 58047 6
57103 23663 79
57188 29451 39
28332 4669 45
2173 53493 31
53412 34020 56
27921 54975 7
7194 218 27
37819 27169 21
37073 42128 14
52839 19828 90
3884 53019 19
52842 52274 72
36552 7215 42
13068 43026 31
44923 42579 21
56606 24843 96
52158 20566 63
29920 11582 36
4099 26852 33
31040 1913 27
48937 47487 73
56247 731 41
17857 6147 21
32776 38757 56
34912 41081 77
7616 55488 14
49197 8581 15
9004 59885 30
30006 10050 12
50464 21399 78
56324 16943 93
17492 21029 22
50075 12864 64
35753 8055 77
4489 14776 65
51019 20120 15
23568 47387 36
32902 13518 15
53840 50457 43
30942 39015 97
37256 28398 97
23283 2683 40
49340 8941 3
12357 27136 55
43575 56173 76
3705 29647 46
35822 56037 6
59394 37951 18
45456 35071 9
55977 7193 93
47782 16666 33
53434 39094 16
17175 11642 84
21680 728 57
7475 16358 23
11654 35147 17
49549 37379 61
35717 540 68
51796 13319 96
36938 42303 54
20 8058 77
46267 32585 73
38840 50443 89
1401 58107 25
496 18401 63
47981 2068 24
36371 34433 88
47957 41158 16
10720 54053 71
33076 29892 66
57636 59275 26
22549 55107 92
15969 16626 19
22381 52552 5
22958 39127 23
49693 40387 93
27855 53842 63
58842 45080 23
43054 56526 64
7214 36244 66
42216 32731 31
39895 59618 58
42862 46852 64
15889 59495 31
20749 33805 21
27058 45747 100
11078 28397 72
31230 30008 17
16652 5838 70
55631 55933 53
27524 38700 45
4545 3113 53
7898 58650 60
58393 47435 44
5569 25052 68
53349 26251 46
27998 16540 93
2986 59706 84
51710 58528 74
24488 33292 68
57982 24941 36
7463 41337 83
20485 45606 36
29728 18467 17
52176 41904 18
20345 27816 51
11719 28071 21
42773 46109 41
21040 1293 13
43784 3290 74
35199 32175 100
3566 58427 24
33179 39687 55
56506 48384 89
58850 21285 40
2747 23397 96
12030 41743 28
12025 9652 63
35656 1161 62
9800 24587 59
37431 30334 23
5096 13690 48
56236 47432 22
33080 1395 64
21957 47893 32
36087 31142 66
6427 16947 58
43713 58570 55
14294 38762 82
16736 555 22
24685 15542 27
14191 14776 80
2067 47800 98
55816 20731 30
22346 25987 77
18389 9463 21
4602 21452 41
53234 34257 22
20710 53687 14
23117 20730 45
13676 3204 48
43752 55104 55
16955 16426 69
43525 51401 71
31705 43862 79
16314 33105 64
51423 18216 23
16197 53554 86
10946 49887 23
11779 26253 80
16167 31640 61
45790 5315 72
6797 43308 27
47796 42223 41
50392 1561 74
42683 30391 51
44915 3238 55
57050 26096 81
47770 48927 24
15616 8239 88
32353 25134 23
59817 10168 60
56234 14433 36
38740 2234 62
13982 52315 53
22619 49825 67
11893 50767 47
19067 51988 28
2627 23045 2
36992 36690 43
55080 57945 91
12987 47546 23
58612 52226 67
28349 9868 44
35788 24716 31
56333 49243 80
9552 42718 18
32834 8258 16
58802 24046 63
40909 27977 8
11137 24627 53
33680 9064 28
25389 42710 63
24928 23156 7
37705 59312 10
58391 29153 21
31810 50022 67
17281 56511 37
27021 24890 5
16944 44555 14
25565 20076 17
10538 27990 86
5051 38683 32
26110 7397 57
58808 47313 16
48042 32756 81
48525 9489 16
2405 24015 55
18464 57048 82
29989 34081 30
54905 28120 66
20540 3518 75
42769 15725 19
24265 57880 31
49146 17715 33
55546 39941 90
54194 32465 92
44002 22516 36
59610 27499 98
34831 29365 84
25254 55897 74
55059 28885 61
36355 55280 32
11560 41812 49
28148 24077 1
20976 38947 59
5025 948 58
58402 43463 62
41782 17579 59
19898 37917 12
5111 32015 34
34453 57520 2
49724 6998 37
17026 24563 79
18877 15032 25
37102 35188 29
20265 36678 42
37710 56821 77
28206 2981 95
24680 14734 77
40137 32479 64
51907 20505 17
43750 13415 94
37982 36294 13
11587 43440 6
36552 30431 44
59193 13875 50
12573 39928 93
10783 55409 9
12793 22454 75
4244 12334 64
34362 55601 82
41347 28058 71
12813 11192 88
41735 44023 3
42908 4355 87
8923 17836 20
7449 25210 49
13775 27622 71
13454 17140 40
45708 1253 25
15528 36786 52
55287 49456 86
50899 51479 54
49826 36896 16
34976 5705 68
37864 23509 81
45100 1626 19
54563 56649 10
9885 47484 5
13605 9866 22
23900 30864 9
58477 25670 83
18924 25949 92
6152 54672 47
17312 2668 95
11948 47169 88
48507 15724 59
26761 11393 57
28044 14745 42
5089 20953 93
28 55427 48
40417 42702 83
13919 54715 12
30382 37384 72
41205 188 39
56504 48125 5
45599 3389 70
42381 14802 56
37439 51061 62
44516 17024 51
32675 14238 35
27586 53800 31
16702 40306 86
21917 50903 43
51635 57571 90
37156 37345 6
12429 24276 3
35887 21527 5
4255 37873 25
30712 22847 55
38851 39488 71
14785 312 20
18396 51213 26
57072 7896 47
34709 37324 64
41193 40171 26
37756 392 83
48530 39596 8
4337 11599 57
999 25841 79
46670 9861 52
52174 14068 4
47962 47201 44
38549 45643 44
31931 8448 31
14954 26581 47
19483 31512 10
43954 52674 5
30748 35795 100
37345 26896 84
1693 20694 64
7370 52799 22
31155 40759 13
56856 47291 42
21261 41543 64
42621 46259 82
15546 55271 81
36932 52785 3
31243 29307 38
47874 58122 53
4929 3696 99
29765 11693 29
49835 24651 66
9167 2539 79
11464 18735 21
36515 53990 14
2652 1596 18
2918 52125 98
51422 34877 11
25847 5060 30
6443 30816 74
8163 16191 21
40956 34916 60
46737 6097 71
11577 35838 72
8531 21277 81
27378 36936 55
33751 23450 35
7398 4103 40
24318 17768 14
59463 32840 24
36980 3451 77
10225 6683 40
20937 54480 37
26387 42319 5
516 3240 57
23729 19269 5
14652 17789 58
25210 22581 41
39943 29303 59
13927 44769 98
54407 13409 68
37463 33696 14
54608 59895 41
21559 58462 22
57934 397 73
26164 10048 53
32788 3452 47
37114 39696 31
50254 6345 51
52262 41422 73
46749 51059 47
39937 1521 81
19200 17403 13
53355 53497 16
1351 25880 92
45930 21936 66
57473 13063 28
34858 27593 9
1874 48227 52
23833 33830 50
20037 23248 84
11959 16286 85
29175 19552 46
441 56804 87
31313 28932 1
13279 47971 70
59448 42114 63
726 15528 47
14794 20635 59
10404 41084 38
40283 15319 62
39738 1805 86
36420 30965 27
52747 24817 84
3440 17608 68
42314 29550 3
45102 37689 36
4535 1844 76
17756 47478 8
58968 37475 76
13176 42566 55
43763 2708 21
3488 45326 20
50242 39284 62
755 24424 53
41076 6863 14
23435 18960 60
54549 4362 17
23505 49988 70
15242 32025 10
27504 15465 15
20355 57793 47
51586 7172 85
13274 40970 80
12469 2385 28
29778 46824 55
43988 6596 66
52279 30958 91
44538 32412 33
50135 52491 37
23330 16917 34
34275 14810 5
59075 48955 44
53612 27358 18
17893 57617 59
35661 10212 14
23251 57379 69
48329 50951 78
26021 48436 65
1262 25769 24
58858 8568 59
2423 59348 82
16477 12775 3
56336 2052 32
21439 40458 66
27636 13569 3
47905 6606 28
57936 51357 47
26546 40526 73
54539 33823 6
40796 57968 29
52867 25011 70
34055 23320 22
23557 25799 1
37455 55176 79
16959 14874 51
52587 26732 5
9759 44322 94
34531 13317 10
2933 5221 26
51500 42989 4
54537 45192 66
26878 14269 83
49191 25543 32
54435 38550 76
2374 38677 13
42959 49545 59
22925 1503 2
53229 41497 15
41190 38574 68
58239 3128 36
51550 37230 7
15476 1760 58
4067 57374 47
23498 50020 70
44844 17156 22
19229 29609 7
27582 35267 64
47236 20635 29
46106 4868 42
57331 32999 23
57351 11258 52
13687 48820 90
5752 34489 60
39076 44085 9
3778 7617 76
47222 5281 19
474 18125 21
23678 14279 79
39391 20015 59
32258 53527 83
26690 5798 49
48939 57867 91
2824 12005 94
5650 3883 51
10412 22310 42
39242 35239 10
47246 51881 17
7974 33990 55
21081 51650 65
41587 26959 6
58192 21376 19
22325 11861 39
44808 16183 55
53730 38480 78
54039 55371 23
17446 11584 42
2405 30862 68
526 48231 24
37417 50807 74
31552 7932 53
40514 46709 35
53373 29920 78
52605 42894 45
5797 21377 18
15272 55149 63
15493 36721 16
48481 54033 14
25973 17032 14
28414 32865 68
52256 32904 48
13877 15532 83
3705 39662 62
26623 2133 31
53336 4068 72
43237 38321 48
29951 11241 22
45297 39465 75
29828 56219 84
7926 56254 32
30341 18853 35
45368 335 14
19861 31724 69
22292 39882 57
23743 11671 67
46189 36966 30
32698 48224 48
8050 50143 39
12297 36672 58
48462 37034 38
59106 38256 43
45770 42928 39
49664 44444 43
4467 38105 32
24228 13010 33
23888 25084 44
11794 21622 60
27299 55623 63
43354 23949 3
20657 14836 2
796 10831 96
46551 34840 99
44367 6413 87
43106 41778 83
39404 58722 71
38814 7571 43
47926 32755 82
17178 18860 69
32356 55547 73
50003 29866 86
36110 20593 73
7895 46359 56
43285 44145 70
36526 32837 45
30409 40343 44
35669 21534 51
25516 51674 80
14689 45929 88
840 2310 68
11821 44769 12
34974 4791 7
8433 10544 37
27171 5040 12
28366 55856 76
42435 23673 85
22965 17653 87
47005 55948 36
48104 54197 24
45793 12296 37
45328 8724 47
79 47618 1
50962 3902 85
3316 40848 47
29662 50407 38
52477 35389 42
37720 42853 28
2828 44990 40
10064 6253 97
49739 26435 1
9916 43477 39
44550 45164 30
21829 40362 55
10345 39135 63
9216 12267 6
54656 47008 63
50867 25000 97
14908 56674 48
6709 53646 49
37212 8515 96
1231 14471 92
36230 48742 13
26169 39244 40
9572 31848 93
7200 17479 28
24818 51864 63
3553 11041 19
20319 12856 58
26337 32236 47
20163 54346 24
27806 29069 82
42987 38931 5
55415 58741 76
13363 145 85
57168 33401 47
28124 17209 81
4482 51775 64
53839 16211 4
16661 47876 46
32330 50675 65
30250 30269 80
33466 51196 80
5637 16182 7
55891 942 31
27978 58452 26
8413 7681 97
1499 16657 78
21716 37764 93
44005 50662 22
19910 14650 70
11468 43570 62
28456 39384 39
26073 805 100
42560 13936 24
16909 18271 75
34449 57965 64
52156 15100 36
40635 34183 54
52953 43339 44
26257 20447 96
19651 39229 1
27781 39263 11
12703 44736 37
27342 56124 18
21618 41797 52
18182 37304 95
7320 14496 98
44100 1763 98
35780 2017 20
16833 56960 77
31545 52476 39
9378 33955 74
12781 44976 74
55755 12342 44
32883 3687 46
52116 22008 11
3464 9210 53
17199 24618 96
13586 44926 53
35846 40602 72
57444 41781 36
16181 18792 61
37519 31325 15
36405 51701 66
53193 316 81
29682 18584 66
33286 44920 28
22852 59356 49
21298 53720 49
22307 32678 96
22657 26136 92
27675 26572 48
39272 4126 82
18559 50306 16
23661 9488 62
10849 6996 39
10157 57795 74
55734 126 8
9957 31358 93
3946 7577 18
38212 15547 39
32060 17532 83
26681 36163 33
33300 17460 5
24570 14712 19
681 31646 94
8390 40080 1
59327 41854 65
48880 13123 26
41800 7545 98
45592 55571 25
43371 43279 5
48423 58365 79
38011 35325 40
39086 17104 79
24392 49546 29
48903 1828 69
33584 50741 35
47285 57240 30
5262 15534 71
56626 32223 39
4725 1650 69
20784 31878 91
703 16396 63
18247 9335 44
48064 38466 68
17932 54874 99
59310 6812 95
4303 17994 65
27521 32067 58
45926 54536 72
32813 46687 88
23275 33264 18
44657 2429 13
47248 132 90
54174 31122 14
56379 3459 30
3531 3891 58
44034 59395 3
36629 57503 59
28119 49539 21
30819 14127 28
34194 30132 95
17420 15868 73
38785 29789 81
41621 15922 57
36353 12833 47
42315 58500 73
4940 43743 4
53750 2113 33
25466 51114 93
11221 57257 38
26009 56988 88
52490 37618 9
13072 3150 48
10743 59403 9
48867 7343 33
40395 35274 46
5939 41136 82
50925 15591 98
28784 3261 12
52790 12614 36
55540 648 58
36816 55966 20
38779 30056 45
40266 51363 23
56592 23758 95
55989 46669 84
43403 36718 35
30395 59055 32
30154 46037 52
8444 14906 34
40025 3639 66
25639 15576 22
59222 27191 61
11078 13905 70
31699 50180 3
33783 5310 43
21544 640 45
27810 15125 71
47395 31789 72
36734 11424 57
24822 53247 43
22431 14920 21
47989 49731 5
25285 14243 81
11037 42326 62
10695 24296 50
13980 49461 3
3086 57646 63
827 29016 38
18400 36862 80
45486 44521 61
42477 53519 73
12512 43463 99
58695 8374 50
7700 36011 19
46295 59222 18
28360 45059 2
10862 47372 46
57039 24789 27
35585 46318 77
35542 32762 30
6379 27334 71
20160 45963 51
18582 38527 33
57391 19206 9
47443 16447 49
38772 43931 51
20426 31188 48
21038 1084 3
47515 59092 13
39134 26799 37
50791 28090 2
55468 8333 29
27665 1112 14
24883 7632 80
31577 1951 54
44572 2289 86
36406 57829 91
687 15987 58
56166 19448 73
45890 11641 12
25498 3872 51
26933 54077 13
2925 23111 99
57515 43336 33
39148 54526 25
7485 8090 92
23286 24155 52
18825 44490 30
34286 154 16
58413 29894 71
41416 32735 75
6000 35882 91
47436 51390 35
15143 16588 78
4643 219 64
31181 37078 97
9152 50952 40
19173 31805 37
49279 1190 53
33425 59497 80
59088 52001 26
596 17723 53
49207 11889 92
59182 2958 66
43901 55991 44
36137 55337 89
53228 57452 41
46463 41922 8
28503 47479 18
57956 27098 87
26309 43666 97
13920 10224 30
34032 11679 35
16813 8849 13
49652 24442 2
44443 33700 72
30266 6283 3
21781 31288 67
13593 54075 100
23914 4473 92
25117 13402 14
48889 31671 24
7538 20984 17
15108 30566 45
32173 58925 10
15066 48016 2
45174 37343 80
11105 47731 69
18923 15414 94
623 30063 78
55555 38825 44
34018 54660 37
24745 47706 60
46173 20605 66
36949 59005 19
40250 58276 35
18252 1409 7
43646 38450 70
29156 19254 32
44489 29963 81
23997 43056 69
43572 14012 65
43097 23622 58
30827 19400 42
10111 54533 95
23143 27404 53
41290 9545 7
53729 51574 18
1191 44467 25
40934 9831 51
56133 54509 97
4948 29611 1
43617 45481 34
19626 46095 94
16495 26252 13
38475 16559 79
38681 50631 6
55559 11722 100
12134 44366 23
9344 13280 70
21704 41998 9
55568 5499 79
33265 50991 15
9218 30970 93
47738 9442 4
31558 21956 29
55646 33260 30
50522 147 44
50581 25412 7
26800 38719 46
27546 37853 98
47681 38353 40
54286 23693 91
3993 9773 89
42191 31524 35
24043 56565 27
31376 52985 61
33449 17106 36
55163 40225 16
1105 36260 21
6133 35476 18
9621 49495 11
40843 24404 88
46410 34316 45
59872 23754 57
8147 54357 49
17782 51215 75
7517 23989 51
10524 58838 59
8451 4437 28
6994 13296 64
29861 33586 52
21791 40099 49
48346 44279 12
31728 57581 25
27671 29892 39
52943 22441 22
40167 54125 88
8743 51810 17
53264 49252 60
30571 11259 12
56227 58491 26
56020 19667 41
56291 34507 98
13591 42170 94
3018 850 50
36900 18099 99
23068 39354 99
27001 3640 5
56905 53296 100
46277 51358 40
14935 11935 45
22487 40202 25
18945 11127 20
16045 3775 15
22385 29517 16
24446 950 86
53952 36793 68
47889 59646 54
2518 2310 28
49028 41849 87
59819 47266 12
13311 34947 20
26150 17754 82
33855 39369 18
5388 31442 63
50321 50779 58
51349 27305 16
3931 3081 67
274 6290 38
13880 41942 84
22323 41709 38
30648 8520 1
38484 46625 54
46513 38504 76
15619 52522 39
32348 26323 13
21714 40131 82
28516 21908 80
23126 58254 69
15518 11637 81
11444 30877 32
50186 16081 84
3297 58983 71
44239 23589 75
51716 42410 21
21913 58585 79
22024 20981 23
24987 13946 95
13753 34375 3
18424 56555 97
45831 35710 86
48401 23845 49
11059 34021 2
46545 45153 21
25772 45675 71
4397 11648 76
6811 1125 84
53623 41637 80
22447 52666 32
6992 12372 75
57624 36945 64
33033 35498 97
7641 24348 50
25280 29265 16
20649 15284 58
29534 22037 66
50209 13871 88
36854 34810 2
47014 6547 49
2537 41046 32
54653 22523 44
59445 26966 96
8117 22962 99
2703 359 35
30235 33402 96
43838 13117 85
32177 30874 20
1171 35298 31
55822 49059 81
25173 56536 10
35088 7234 74
46080 48229 36
59380 57955 26
34071 54297 19
52072 59561 55
58017 34293 30
45410 43616 11
55711 51754 87
8669 16377 74
36532 15056 15
10242 56416 73
9321 51635 89
13953 28917 83
30314 10368 98
30921 51981 7
45475 23415 12
27746 35704 89
8978 31690 21
1578 10776 55
45630 1213 73
21645 59260 89
45725 2109 86
50288 41148 16
10416 6310 95
58565 11602 61
49575 58006 83
26436 59764 96
16361 24088 91
55725 20472 66
30483 46842 8
23752 30585 51
12653 39967 11
58471 10913 88
5462 8393 91
53852 35891 47
16988 50008 79
2300 20909 72
29849 21918 35
46797 808 50
29305 37229 89
11652 56618 49
34324 4577 7
46231 8100 97
53898 42620 82
57935 28388 44
19060 45918 27
34190 29019 96
2860 26572 50
23684 28793 50
34438 54096 71
10209 40658 10
41324 4444 34
24469 52689 24
7285 18028 29
39245 51664 11
34988 24687 18
29506 5892 16
9155 25692 40
53941 29812 91
38432 26158 73
24411 50588 47
40559 44322 55
3454 14959 18
45067 56134 87
29332 43272 97
9921 20804 52
36375 16031 15
6764 47335 68
53408 39251 61
36269 58904 18
53342 1128 33
16825 30759 63
7300 510 9
14600 20861 65
3580 15810 4
25274 28875 39
13370 48639 65
25564 27019 43
27437 16560 29
40484 48187 20
43199 22396 33
12150 14426 10
52014 20273 39
59362 49498 93
19419 55031 72
26692 7544 90
55350 20999 24
26629 40109 89
26345 35852 25
36485 50106 12
31424 38690 100
45407 40057 83
8142 47228 15
40502 17531 7
55681 25065 8
3036 57833 35
25559 19630 63
43397 45795 84
48857 51768 71
1911 12424 19
19164 45834 20
16936 11237 79
8907 8432 60
41852 20344 80
29817 14260 20
21226 6312 17
11921 27936 83
11523 34973 59
46499 7028 81
20296 39413 81
6126 29609 44
44977 12210 98
42000 20336 98
40551 47471 90
59328 51191 93
1288 10308 56
46804 48400 87
22052 48776 69
21712 12702 22
37608 10082 67
18404 52590 39
35746 35556 61
53716 48137 54
22038 37361 1
34707 56128 14
35854 32613 20
56364 15755 82
48888 20292 5
5535 42290 69
46694 36538 59
54495 17684 29
24108 2058 47
30850 28592 78
213 24750 26
19635 37160 1
37642 54852 16
17494 42394 78
15527 24576 24
33006 6301 70
25343 19775 25
36198 59210 73
10938 12875 78
13086 24825 11
21018 13440 56
59051 27599 97
9668 38104 11
22513 1692 26
3016 8160 57
39630 13876 90
8029 39628 54
44091 19576 40
29800 10610 31
19094 18951 20
24995 23549 38
10462 42124 76
15177 32103 13
3262 43051 11
19420 45027 72
11487 14494 92
35629 35387 82
26917 49251 6
10402 30867 51
59832 53532 43
42479 17888 87
44222 50536 80
32503 600 62
22648 35509 7
34933 17894 34
50846 26748 12
57363 29193 36
21826 27851 51
6599 18756 85
14727 30765 33
19339 36298 45
49206 3953 37
9259 11570 38
11054 52335 97
48661 25145 42
3474 36904 15
28261 23000 61
37505 54909 97
2876 25257 91
32924 41607 73
10254 17872 51
21431 47948 54
54948 26917 99
53351 50048 69
11242 10427 71
17661 48089 36
52629 8440 47
24809 38925 72
35557 52282 41
37950 17330 10
33602 8557 2
41726 26299 62
24763 41264 2
1400 56406 31
25188 41228 76
9124 19345 60
24658 55976 38
20059 18639 71
52448 17189 67
12661 48470 68
35561 38736 42
34371 21587 7
3894 20399 62
31553 1399 77
43286 16607 13
1746 52057 11
51230 18494 2
19335 48330 90
14611 16229 9
31038 57115 56
52027 9496 55
3170 57534 69
58329 48549 67
3752 32148 78
7025 12232 97
23683 9492 44
30533 19698 64
7232 35530 38
36429 16753 33
2868 57950 96
45159 54236 100
9439 52283 26
31464 43876 3
1465 9013 2
6711 16951 10
1310 24654 2
39236 3030 44
55309 13649 4
28640 35911 35
7781 53416 36
50818 55806 20
49391 44942 48
567 8890 82
56463 14684 86
51211 10383 60
15992 30428 94
52911 59908 33
51720 5691 10
45063 40011 27
7807 44517 84
39513 17056 58
23343 58436 11
1586 31994 60
54379 58310 46
28792 34799 49
9605 33057 20
24495 51053 23
34239 59014 31
59640 15116 100
11417 26004 11
55125 59139 27
48502 13215 23
29731 12630 19
47624 58077 89
18193 44287 83
22239 49519 97
56735 3753 65
29999 48596 39
17191 27335 53
35528 37493 52
25003 34623 56
10929 51266 77
44419 43578 38
53597 30373 5
10935 520 58
14 27484 81
27645 21541 37
38507 34670 82
14528 44 13
12376 52075 73
14149 21450 39
7106 5631 39
52523 57611 15
58395 58562 38
7460 17882 95
4104 41747 86
28683 3912 52
895 34401 15
16345 40727 30
20698 59326 4
17063 15931 74
6995 1298 83
17124 55742 14
49071 27369 19
17959 28137 69
55983 49729 28
40659 11723 81
24890 43343 57
43613 8251 62
35231 21919 50
45234 44209 37
46355 17294 80
30184 13886 24
51637 32935 51
16347 31822 100
40895 18372 1
1445 53378 28
25421 28189 48
55992 30484 92
47480 45455 10
15842 58796 57
12395 57764 53
5352 21863 51
21927 51117 82
44515 56408 15
54400 53468 86
9483 19638 14
16352 37069 27
33234 43649 50
47369 30559 67
47943 49464 68
39507 46884 20
26445 17008 3
51027 22744 95
53507 4802 74
18476 33962 63
32338 8785 48
29129 56376 45
44423 23511 91
44093 8377 68
4638 43758 14
35304 22200 30
24458 40560 17
38344 33067 28
15583 38593 6
14006 15666 91
31058 13263 92
58440 18988 56
29186 2077 28
25306 20715 2
52611 41069 9
35071 2268 45
1329 30203 93
8062 19778 93
29536 56964 54
14157 37391 87
28260 44871 52
53970 12706 63
32915 49152 35
54968 38549 35
29003 17900 41
44680 36635 51
6194 48060 90
7750 42690 58
33768 37172 35
36732 44247 74
6838 32469 15
51719 58455 57
48960 48008 39
20721 10947 96
14415 39040 24
38394 12425 6
11927 1060 27
50706 54522 33
16159 5855 26
34396 26869 94
2788 314 5
52619 45034 7
52590 56948 94
55897 11422 92
29595 18478 95
4155 27045 14
2835 54901 59
25563 12314 13
16908 29860 90
36575 40215 1
48128 20192 19
39995 55238 97
18916 13807 72
56191 3378 75
6315 49933 95
39039 32742 31
25962 12461 18
32657 59734 45
25229 25950 27
41658 13352 60
33010 42715 94
41036 7325 37
34674 50887 89
22305 29775 5
3442 13722 6
6384 19267 5
13947 58086 51
6270 27147 68
59897 898 15
50045 37268 49
45539 55479 14
29464 4649 67
55436 7050 9
49218 1151 81
8269 7503 8
32021 41692 84
2402 11352 50
27839 18839 62
16903 49394 61
37546 50475 98
20763 18981 11
44487 37192 31
52183 45302 41
6902 37547 89
9567 27530 98
32603 17720 16
34890 56287 85
9965 21457 56
39987 8385 70
51050 4488 3
10053 44867 45
56304 15054 8
15998 49760 84
44477 59496 24
12372 55736 30
47920 46104 24
31688 5079 8
13455 43183 85
20554 6879 50
1937 45561 87
56521 39526 65
19619 41106 70
15766 48394 45
47196 28695 6
32877 19561 67
45828 58501 38
32576 19944 33
3656 48253 12
4182 31328 31
40564 53102 34
17586 57832 66
4151 53250 17
5601 44913 39
44673 43654 65
28015 1013 72
50737 17605 56
41155 54334 62
9006 45576 9
56081 24753 34
9939 16427 20
52512 33276 17
13336 38826 89
17217 44484 95
41248 9403 56
53699 51359 91
54990 1174 89
37913 13397 73
33872 41021 60
14751 946 29
33927 33093 28
37168 42624 44
44827 27092 21
45443 1361 28
30145 40363 98
8264 31806 54
8302 51076 52
25886 58510 45
13229 2478 23
38428 26935 88
8648 2142 91
14602 24514 24
14451 51924 28
56199 12450 28
53146 32486 52
44659 16901 11
14126 13568 13
6780 48534 31
33932 24210 29
12488 2231 27
3502 38195 74
50367 13914 47
56069 21175 45
2994 50392 63
27161 42238 35
36995 9735 19
53573 45506 30
51586 46931 18
15660 22457 73
20048 31893 50
32358 57958 83
2466 11534 33
54845 11796 37
11170 25582 41
37502 26560 66
4954 32123 55
43555 56779 50
29913 466 99
3045 49462 55
54742 27386 10
4769 58702 64
30412 25544 92
46678 41986 95
9330 5094 40
25677 458 28
19183 54517 84
21307 10593 15
5490 51262 54
29123 39816 95
9419 42941 83
40703 57236 48
30082 36022 68
14165 55790 31
20071 59708 42
54656 227 94
38096 57218 96
42511 58214 41
28889 13599 79
4417 30977 86
59264 25475 94
32846 41923 53
52565 35274 1
43450 48168 68
45739 46095 69
47760 15152 67
19049 2750 84
58996 39081 93
22743 3764 64
140 37651 49
6569 36606 76
10983 41735 66
16878 19941 6
9049 18616 29
52007 39420 96
11406 31637 49
7229 3658 35
16656 20769 28
2170 57603 15
32681 6306 77
29492 5305 42
55471 22710 94
54417 49081 97
57044 55174 45
35104 46620 19
11235 3937 39
44840 7229 15
18003 23296 38
49649 56078 61
17926 7817 15
32942 22559 4
57278 30945 88
9159 36824 65
25171 14141 53
33699 52097 50
31973 14728 66
34902 40604 51
34639 16267 37
34907 59366 42
28419 3876 14
55766 32488 51
5047 42935 51
27133 37049 55
59189 3463 56
41004 4597 19
19515 4490 72
56547 53311 91
1206 44314 73
15057 21372 47
29746 37926 3
46671 36200 36
21926 31660 16
30229 13275 31
8344 7717 48
29204 14613 78
9913 24136 63
18840 58063 55
45306 21098 34
3462 58371 3
29956 24983 90
9938 21219 45
31686 43893 78
9860 35015 85
42461 26795 4
56226 39892 77
32186 42817 53
13259 46595 87
29904 18638 34
1828 57236 46
41391 53323 19
8331 16299 3
20132 52951 53
35450 22342 36
23450 49083 62
36160 8049 27
58092 49206 30
13623 27635 88
54767 34577 88
35114 25342 75
6022 2886 92
5546 34643 35
17625 31026 24
48109 15023 39
46734 51931 7
6917 44765 40
6784 41790 17
37338 24433 29
14786 49482 87
29454 56028 31
33363 34530 40
10864 13725 16
3070 44220 23
1801 15126 24
38421 20262 65
37394 11577 98
45649 58530 2
35451 24451 16
9160 53548 24
47025 3582 77
9308 41624 40
6944 58259 66
19847 10617 8
45896 4471 26
19168 43722 45
501 38328 52
35198 33328 9
39026 7173 76
37482 45109 21
32869 3435 33
21371 940 4
36749 41409 79
19029 41943 28
9799 18938 62
49370 14829 6
36915 57193 9
50589 29637 25
18055 54284 83
28848 32181 48
27443 23481 22
12665 24638 60
19937 32149 6
59532 57665 97
55765 35013 35
6844 55071 50
59426 26553 71
1507 28734 54
52386 50780 98
19620 42903 10
49639 2305 16
10006 57035 43
44881 34148 33
23423 4778 15
18341 40617 48
55418 29174 86
53564 37626 76
34332 18773 81
45727 37061 64
53731 23967 5
27968 49242 6
52424 20952 18
31343 31921 7
42571 15244 8
1770 32601 22
35181 52702 61
13594 35700 94
30333 33098 55
48120 50336 10
7127 6916 54
21175 6591 90
14333 40540 30
28374 13440 30
10313 49718 59
28674 14586 60
25914 48465 98
9225 20464 1
1874 56253 13
4831 15529 61
16312 25360 55
6895 4824 70
15383 59473 76
59686 30520 49
18971 42227 56
47559 28603 35
55951 53030 2
43515 36555 7
25345 14261 63
56445 31811 35
22328 47997 79
39640 31098 68
9266 44220 46
43494 17113 23
20406 38070 34
23703 13273 45
19918 49954 96
18069 31554 76
46286 37672 23
2955 21749 70
13739 53057 42
2084 673 61
6662 59872 48
49245 23234 78
40290 11733 1
22814 43273 28
31139 26895 2
32244 49937 80
42617 45404 33
24788 33365 40
3083 12852 74
14623 33682 65
49518 4481 70
31933 14380 7
6617 44667 76
40487 13878 83
54125 4679 99
41809 55434 43
39071 34879 62
14711 13203 30
37831 13287 56
23176 29868 79
43748 45649 20
46382 45624 26
16475 1515 63
14673 43362 55
57728 15763 6
45936 38395 93
40488 49054 81
56189 32856 75
29641 15538 83
16701 20393 95
44294 46461 64
25397 41358 78
28060 39324 38
24308 26965 91
17561 2385 40
38332 45868 60
22845 25577 91
13030 7440 1
58934 13338 93
53454 39268 37
5856 38158 34
32001 32701 48
37349 24902 32
40054 29275 41
10538 26064 15
7580 42067 95
14747 31342 59
48481 28960 55
2665 20067 1
54428 56904 40
18544 30433 15
52932 23930 79
35065 22543 15
57077 1635 25
14009 15741 39
57994 23795 57
47022 4119 78
10974 27832 40
1077 28060 98
43180 9954 37
8396 39709 48
4041 34835 48
17336 12949 22
27740 38616 83
56352 4026 19
31676 7616 89
42597 29253 56
1905 35607 95
14387 41501 66
13492 25301 15
10345 20833 2
38087 18178 21
54994 14274 98
10090 31084 54
13168 11114 64
25849 47701 6
36356 42289 30
50879 50450 8
22783 25840 48
54277 48171 23
28571 46399 77
56671 26688 12
14596 33499 78
18718 35492 2
30475 52849 20
29237 6489 51
50425 59491 64
5484 7226 9
38472 58127 63
26069 12790 8
41131 2384 60
43152 18425 85
50754 27190 12
8229 37589 99
34531 50933 2
56575 16123 19
50665 21359 68
33084 34117 18
37124 38771 59
20008 40982 4
58206 7265 10
52401 55384 88
31247 58774 63
33378 21236 12
35932 39898 71
23482 14664 98
54082 48869 13
45352 5157 81
2227 30042 10
6335 23929 30
9052 37295 100
6118 19261 93
16199 10178 37
48324 59126 63
47931 35283 44
50531 1779 27
8951 22778 51
20265 34527 3
46084 2429 34
52373 37249 15
13197 19378 24
59595 37357 41
31999 41494 75
33682 10739 42
39820 23152 50
22947 16675 78
4660 5952 14
36550 59629 68
23721 22531 67
38761 59571 99
2334 41747 80
29812 19831 81
24965 38939 33
14881 15163 31
19464 35683 1
50097 18886 79
36639 28129 36
41851 46250 20
54258 22297 86
51179 8832 6
1266 29850 17
48355 26056 22
46384 51678 19
37935 1956 6
5577 30601 10
22821 28785 25
50634 17079 14
13470 57362 25
7934 45564 91
46805 32609 75
279 49143 17
15902 46857 61
47867 54499 13
14223 33567 53
935 43211 16
12886 31636 39
25574 5864 52
30217 38768 56
39749 59424 28
27544 20061 74
38517 16694 65
697 54637 85
48909 55990 86
46155 4931 33
3600 54090 16
4180 2857 11
10415 4108 87
283 49560 65
58829 25468 95
33116 39745 91
19979 14615 78
34226 6052 32
36186 24373 1
18780 9529 54
4907 34685 96
36267 21049 94
415 4722 13
47096 34000 65
21492 6254 93
20142 48096 26
45278 6045 29
39739 45851 99
59316 52940 58
11728 11814 88
47901 49211 83
41038 10844 58
54730 26708 95
7800 26578 77
22749 3660 5
26278 54681 60
33734 31911 87
42397 8686 48
31017 3403 57
48904 10918 4
3955 10881 35
28819 25728 100
19760 36855 94
28082 23178 68
35862 30125 94
28356 23995 97
8057 53639 58
52534 28154 82
27392 34291 23
5386 31681 8
30114 29569 63
31836 23601 45
50244 40811 15
22301 7842 86
5056 19890 27
25443 13869 12
4898 13247 79
5824 12377 81
10353 26413 74
33778 13514 56
28470 9845 21
38589 44034 45
47198 5386 5
34161 41565 88
53783 54366 84
32006 17764 40
55398 57113 17
18500 9045 20
47422 20777 38
17909 41570 67
2018 212 99
8022 23026 26
35524 46634 51
31971 813 58
47053 41894 15
13910 26164 12
29896 14003 22
41553 25202 89
53138 58187 53
22033 14316 93
27443 9891 21
36400 11760 74
54351 9166 31
31027 19343 53
1056 13536 69
30992 28622 80
12817 34267 36
53323 38441 63
16111 29376 13
53484 40358 22
54582 27767 3
22691 7839 84
38893 13955 26
16984 21178 83
21303 41766 47
55150 17062 93
25432 17856 63
29718 18371 26
53388 19406 10
58330 20179 56
52718 2731 45
18419 9206 40
44569 23770 92
23154 7919 51
43718 44286 70
57038 51787 78
17668 41013 34
31543 11788 76
37076 27458 52
49447 34651 100
5767 15329 67
10182 27490 73
32970 23948 36
37713 39736 34
53974 50173 82
26394 36470 76
31110 29829 61
8035 13050 58
26079 12336 50
37799 43165 82
18503 9811 44
22060 27346 95
58497 41381 52
57160 30935 45
44014 15037 84
4846 4414 36
17312 7097 84
23812 36806 93
47693 34134 77
8120 31777 20
58477 11336 58
12141 22970 7
9232 12279 33
10481 55575 68
38683 50968 79
33618 43987 10
32776 51036 8
44398 49657 17
41952 42651 50
13901 14648 46
22690 53764 72
3300 6607 8
8487 49848 71
34468 53031 16
34803 10007 37
57430 57478 34
11030 32615 3
4331 16137 56
43974 10003 79
23306 27044 18
37686 34466 10
9822 4787 23
32976 49942 91
4334 5074 22
39184 5213 77
15585 50402 72
1982 20340 83
55361 41180 48
22719 35181 6
38194 25612 19
3050 15691 75
26703 192 58
35505 30504 23
102 15250 52
36787 15737 25
48204 8007 61
36398 30905 33
47203 33421 86
4513 11921 4
7161 21726 39
35173 33601 1
31352 31964 95
10760 21448 23
33688 37536 26
12028 57626 92
26905 46658 41
36209 10759 90
16423 43750 31
41926 2329 96
1819 21529 89
53060 5785 94
44140 31473 43
2812 50449 9
21687 28234 3
34665 58699 78
57513 33890 6
50889 42747 2
43722 39076 31
50051 49574 97
48996 41238 49
30993 23247 47
26438 54952 99
54165 43251 9
38048 52851 4
29227 10959 31
8851 22430 71
17385 35609 47
7685 6073 6
5703 43291 38
16955 26877 38
29642 58173 69
23876 54596 77
51012 1540 90
12068 1114 35
35379 27754 86
6627 28361 69
59685 8163 43
38014 27662 69
28375 20019 21
15795 6496 19
20232 15117 33
19644 50421 48
13533 58596 72
45625 36386 16
49749 4883 82
56515 29413 82
37436 35731 51
50438 3807 100
36455 48559 25
33511 20798 40
39400 9070 11
48428 22803 12
17222 59154 91
38491 16502 99
27579 23554 49
55158 58347 17
8184 35881 3
46140 29060 49
13823 8641 98
35875 550 11
58423 46799 93
25126 58599 38
23793 8358 51
26981 36630 25
40568 47051 6
18342 44045 89
39447 10926 49
31180 57074 45
23705 21485 69
52715 35979 67
47441 7653 72
20678 29788 22
8896 29203 64
2849 36654 37
26935 45882 6
22867 29560 50
22519 41538 19
53927 39362 43
6270 16156 96
45203 42598 10
13210 51957 98
29438 46027 40
25141 42942 89
59339 12738 25
5249 46598 3
33855 49070 12
34926 35043 21
55429 20450 57
53979 59026 34
17849 35000 21
9429 55081 3
34009 2671 45
34685 20479 25
16495 58431 84
46935 32016 49
1546 1895 76
37837 46911 55
59453 42298 71
11698 38424 26
13146 8254 69
6766 7524 58
24305 3584 43
26707 49164 74
37194 49092 38
36627 5272 60
24269 32251 39
51729 33339 12
15370 44126 7
127 44254 82
4308 45926 77
45186 10122 96
45100 18674 38
8881 34507 54
23583 34642 47
42096 44506 96
14944 27851 56
10667 10319 24
49598 52935 52
51546 30890 7
42803 18064 95
51419 27887 82
53765 9203 28
9425 57634 17
14783 47482 79
20943 7809 31
9588 25091 10
39396 13461 35
25606 13901 77
4931 2033 52
26026 4451 55
28837 3760 13
37602 3043 70
19042 12244 65
18975 4319 30
17633 24756 70
16849 45872 21
48779 36284 1
47951 27147 80
37967 20941 23
30230 14822 3
31002 28893 75
29524 53811 58
29537 31096 27
31028 47866 26
37664 56183 33
9636 30003 66
49345 52010 48
22053 14852 93
53907 56510 12
36519 55857 81
811 32114 17
32753 47086 13
14279 58238 77
27069 20776 41
7772 10817 73
54132 43337 27
19648 22896 99
58704 25309 78
1386 14929 76
45855 22557 3
32723 11876 82
45238 3048 19
40578 7884 53
16544 41367 75
47065 1857 8
16499 6866 88
44950 35747 19
22316 36321 58
5816 33342 71
1275 49844 89
47084 5894 17
29461 7164 2
38929 3584 77
44039 31010 18
46590 40722 13
26098 34965 24
42256 49630 70
50732 19115 100
29161 46714 26
44073 54117 42
40485 2908 24
20398 37558 45
38083 11530 57
48874 30941 4
39549 46901 23
45359 42623 15
52235 36566 54
2047 32986 91
51195 1898 48
17183 59694 51
16616 28988 14
58269 47668 21
10359 28396 51
39372 6117 57
47506 20422 74
10200 49446 15
33728 13771 1
19781 4123 75
33296 25293 81
8332 15350 88
44348 48799 58
29170 56338 25
52484 2524 63
44230 33493 85
3033 23119 1
48198 17976 6
9970 16728 48
42325 8275 55
56288 40622 72
45347 47539 93
12001 6635 22
9205 12519 49
23765 35208 53
33056 16535 97
35486 40114 22
26596 51943 83
59644 6968 8
17892 19156 8
4945 34589 80
16390 3522 95
14537 13699 71
13544 28253 63
47767 14718 92
53667 25369 57
23196 11881 93
9838 27664 41
14854 48683 14
53642 1374 7
5325 56405 85
44668 24735 7
9366 19501 92
48166 36227 94
10548 18750 68
14884 43184 35
47118 13556 49
55569 49642 52
27919 11157 83
20838 52122 40
18957 28638 25
35033 3137 16
3407 27832 82
52181 53741 88
48392 18597 56
45986 52662 99
39530 55089 74
32240 54114 90
24063 10097 22
14398 6864 11
55563 34260 25
49121 59531 33
20640 59414 75
19321 35593 15
59053 12624 44
52680 9573 71
49090 59135 18
783 2605 56
43956 44782 45
38136 44122 69
39440 12828 43
54271 44243 7
15594 37066 6
6357 50598 52
26130 42444 37
48488 34581 45
51729 58164 84
41909 9390 82
50383 55908 41
58156 14430 79
46618 58727 91
18363 20899 75
2365 5619 53
53662 10932 46
16309 19600 66
31078 37603 91
48575 44377 39
39001 45896 77
27055 23878 2
20059 9458 95
59463 7890 45
59351 17103 40
20747 21189 43
34506 44231 57
24199 48134 8
16711 17282 58
46011 51878 87
32770 41223 56
31729 38378 55
5276 31058 20
47170 9586 85
10443 26106 25
9418 17149 48
1916 6302 89
41336 18618 29
37227 48431 76
41379 44893 88
4240 29521 98
15534 10474 74
58377 13626 88
42055 36717 52
19241 23751 60
28827 5012 51
9426 36496 91
47065 44049 75
31405 41914 27
334 33512 63
28209 17044 65
15757 21250 59
48769 58773 72
53933 38580 17
1306 11100 67
54435 50669 5
7534 17007 55
26785 48075 22
40831 19746 30
30665 21882 19
6307 30293 87
29167 25680 93
9951 46844 72
42205 43897 96
59452 9046 12
3942 21869 8
29515 31708 22
19334 34174 94
30591 20362 84
43826 44168 21
741 52407 72
50831 33869 21
50802 14090 3
11014 4339 29
34659 39421 48
44389 15826 53
2013 58883 11
55651 19708 49
52161 4989 30
39142 45897 41
2306 10434 27
28286 56246 83
10975 25139 12
59095 50196 45
54844 19215 64
7482 4452 87
2116 17589 18
4878 23953 59
40529 30764 34
9843 32739 35
53572 48914 1
29624 52506 2
20643 46769 44
38927 26145 46
2939 49027 56
15090 37450 40
59023 50120 98
15359 35820 59
17304 33025 100
28188 17890 69
57364 51425 3
13962 23063 19
40753 58168 47
45875 30552 57
48687 13921 5
10463 32559 95
9745 14848 2
44067 28079 54
6290 55457 83
57082 40365 13
37823 6953 68
49823 50376 81
25560 28195 82
23189 21941 59
35496 8409 58
36410 39416 81
54256 55865 71
52272 30640 53
11165 21229 41
23742 59166 35
11856 33541 88
27424 3929 77
18829 52016 59
2392 17581 37
31150 8869 70
31048 55657 17
44545 21000 55
43505 27366 75
922 16574 98
44274 24164 51
25887 4263 9
30835 9660 24
19562 24838 99
40737 10806 4
621 53631 28
29502 34728 54
32847 29990 69
27250 28472 51
44422 29685 42
46975 13562 6
40289 1138 11
27782 45724 94
15624 22800 72
33181 27445 8
31549 35087 51
52767 30058 31
1883 56307 48
24519 3719 78
21274 45349 94
8566 45154 89
13115 45757 90
26135 11701 73
25511 29451 33
202 17216 11
45224 2205 75
22684 39180 42
28387 7961 80
23718 5735 24
39477 45964 82
29392 24255 84
10499 2046 19
23829 30693 34
32214 10959 46
27357 33709 52
7405 29040 50
4215 28824 50
49402 27037 51
9894 51653 99
37536 46679 14
7364 36574 6
10435 52132 12
19712 255 10
29580 6605 69
48641 14632 14
50053 27288 10
51866 59514 86
45205 4208 36
24478 22070 18
23940 21689 10
27157 36145 87
23090 33474 36
5323 13170 80
46539 30537 11
37615 58629 18
20749 17573 88
24034 8970 87
24538 6486 20
25555 58203 99
24455 32222 8
11126 39013 28
59303 15227 47
55364 34935 23
14193 29439 6
20942 43425 64
8220 812 29
15155 30714 76
33550 10528 86
16944 48974 92
8455 30811 60
23411 22416 64
34730 39453 99
21508 23574 61
28294 22675 77
14772 22212 34
50422 57193 22
55127 48448 8
23067 7533 25
9174 26646 61
51432 40021 34
56870 33749 83
48112 51980 53
5045 49058 13
22326 17414 16
33571 588 25
39193 6434 89
9250 12320 5
12199 18367 15
30821 24668 76
53091 53337 83
19384 50635 91
27609 31396 57
24707 32571 22
48633 35282 42
21 54395 87
59567 21040 74
55359 30593 99
5078 22909 79
50212 45511 60
2970 7188 58
5634 43645 88
6289 39326 82
19553 16831 53
26448 59733 40
15972 6702 98
44756 31258 32
40310 45006 47
29832 31943 87
59566 17182 12
3682 13949 33
46625 38445 61
51243 41661 36
14311 40724 23
28276 24788 9
54658 37736 9
34785 36257 70
29582 38977 58
33445 57818 64
12471 55722 61
51356 8904 76
11169 18161 63
16898 16470 72
25026 50782 74
58623 48487 28
51706 27849 44
45175 32504 82
3169 38612 57
12686 45521 74
59006 37033 10
1152 52713 33
4092 39920 96
53318 3478 24
6941 12592 44
38298 44668 23
51134 15460 26
34857 24669 52
8216 15851 94
49871 22880 77
3992 32932 71
58075 15460 77
40492 3145 21
5723 22166 31
34213 56770 21
39722 45990 33
17788 41067 60
43405 51525 98
42729 3686 92
19991 5004 40
59499 55838 35
53033 55630 74
35573 23542 68
7345 8381 88
53736 49166 5
19220 53225 79
56227 5843 35
4394 17887 8
19411 5964 60
51590 37361 54
45716 53754 19
25999 21204 59
15973 5228 77
41420 1436 32
56021 24619 45
45136 24591 86
51972 35079 18
50001 18051 13
13110 19183 18
37251 1966 17
25241 2721 28
37610 8945 23
3159 49288 95
20987 44760 47
52974 20751 57
34114 33237 59
54839 24185 38
50674 38160 15
51513 6926 76
26109 26386 68
39046 29357 15
40147 44678 81
46178 37329 40
8087 24773 60
42113 29240 10
36734 20546 69
17182 48118 6
2028 9654 30
24917 57716 9
53985 47541 11
19443 53151 51
10216 22015 90
48559 42894 54
27331 51131 37
30687 2624 6
4356 24476 15
10608 1592 79
58778 13346 45
54224 15623 50
1140 23672 44
19653 14717 24
36120 51690 47
6878 41350 92
54229 5708 30
40798 5457 95
3888 55267 33
37738 4676 31
29721 5408 21
55422 28367 34
32296 10704 58
12094 1060 37
34423 5780 8
38777 23780 71
51366 21093 29
35569 43046 32
6898 44723 43
45465 42584 58
55736 6336 36
22309 246 50
43633 39203 31
22503 52330 49
35820 55485 62
13356 2647 84
16682 32849 16
30938 27091 57
45007 49126 75
5109 43708 18
289 48674 29
49326 44532 62
37596 23996 17
3809 24636 24
14214 15154 42
53292 44319 76
18980 5313 85
8355 26668 58
18956 58197 55
6832 46719 81
13513 58687 11
13625 16346 31
328 7958 75
59850 43313 95
55680 59800 29
31190 29113 23
1887 13278 21
6727 2896 51
40148 23141 78
11269 24734 80
55550 27796 32
28093 7526 81
41258 46090 36
15153 14233 36
42277 40154 18
5599 4270 96
29820 29975 48
26507 28551 87
56882 44766 57
19896 37039 15
13921 52920 13
44757 22063 27
41383 32818 78
59785 14138 39
32872 31161 100
16770 18248 97
34138 57555 29
42339 40103 99
16623 19413 55
38728 12313 52
52370 15791 99
26294 57839 12
54352 8412 21
52421 4205 51
17240 14202 69
59292 3192 15
19977 712 43
17612 10983 79
44475 39795 83
2710 54345 16
18548 31381 48
55571 18106 70
20098 11915 63
45246 55171 34
18961 41839 74
330 58776 76
21235 35155 9
13355 25905 5
11622 15421 44
24422 32109 98
56941 32627 70
24324 30819 25
28856 2843 95
31867 2091 98
5553 9872 60
5256 11584 87
23003 57990 69
10937 18566 5
44750 3734 39
55474 29832 52
6263 45688 95
10850 39346 32
48920 11916 12
26093 28554 11
8273 31982 78
56065 1658 19
41358 50985 6
15732 37556 52
21107 43242 93
32825 50000 50
20730 14452 38
35127 46945 24
36500 34219 33
17475 37956 91
12439 52526 57
31269 20215 93
42414 12165 73
33642 13445 81
49236 17469 40
10685 38559 49
44055 59758 54
46270 6964 31
33953 22871 14
11870 46798 2
21318 5149 53
45995 24595 70
30223 41658 57
3890 3418 25
39953 45715 85
56622 54457 49
48329 36811 38
24233 42269 53
15898 9360 99
18227 25451 43
14083 32543 8
19972 41719 97
22759 28048 71
52968 58323 36
21331 11213 79
40582 56402 35
22618 54911 53
31629 6463 73
49688 58530 19
40237 13198 85
30515 38522 80
48798 47176 22
13832 5252 45
6684 85 66
37355 18666 17
48249 18714 14
30238 7171 12
36851 14231 13
27258 43443 56
5106 9214 62
17815 521 99
32911 9235 29
13409 46225 80
5758 32579 90
27594 10034 8
24265 45683 65
16013 53441 97
18724 31947 62
44058 5007 69
35471 29220 85
23394 27938 75
17810 15433 37
2220 59501 53
3864 51445 20
17110 21921 88
3237 48156 35
13116 58889 97
35522 51328 40
47163 30453 92
18260 59097 17
50647 30402 69
25096 14990 35
52033 30754 79
34018 27844 71
11776 35178 69
40079 12699 38
45864 6831 44
49958 55060 40
42676 30516 76
43176 2509 38
15341 40101 87
28559 54910 84
53961 54920 87
2584 58495 21
14438 57587 85
58447 38579 15
26301 5819 61
51914 29082 53
18651 20188 84
27156 4153 12
41423 54721 18
31298 51106 10
19672 41039 19
38037 42426 46
10095 41121 35
42812 14312 84
58828 28709 93
28928 26036 24
10969 16195 98
12776 2301 89
16642 29959 16
44295 32517 48
37020 4664 21
47342 9195 32
51374 18727 54
9133 35636 89
1455 4495 52
55985 23714 22
22957 27234 29
43779 36058 67
43410 27297 87
55182 27095 84
39411 17454 29
40627 43292 29
35543 10450 50
24938 51216 38
31314 53723 95
37091 11761 29
28822 53807 94
49652 51919 41
15024 46964 35
48597 52781 33
50659 36122 87
6032 8740 84
3787 53671 47
21059 50416 100
5097 45905 45
45972 27365 78
26560 58816 46
54060 50989 100
29448 57387 34
55659 57667 5
25742 29139 65
22873 27556 73
20169 19868 52
10848 49084 31
13718 15238 5
36993 23488 97
6834 15380 13
5579 41622 71
28441 37793 56
25963 11047 77
29481 52276 86
55323 17097 62
20374 18805 54
15067 16522 83
51892 55708 10
51735 49753 38
22461 29422 77
50914 33190 54
21861 18105 23
43886 17542 84
15732 23550 79
10280 5683 82
16693 54071 17
40764 27024 77
11546 4784 94
17819 48236 17
5904 5924 28
34322 37742 75
2855 3925 96
9611 37134 68
35520 17750 83
3265 23667 3
6171 44075 85
20548 9301 90
16232 1624 4
597 45484 7
25006 51497 32
50286 28734 36
16001 21506 59
215 47487 53
42913 48289 47
52088 32431 82
21196 55767 48
8343 33541 35
8382 27720 11
50414 15025 57
45477 38371 90
51609 5562 2
55579 48132 29
19671 6611 8
22589 7982 79
34040 37344 20
25714 29941 53
58833 26691 83
57308 10763 73
47866 2845 95
48389 12978 60
23258 26700 73
2335 24873 29
1813 36332 79
59697 25440 96
858 24435 33
52239 11629 40
28912 17773 14
23718 52980 22
33189 7661 27
29340 5508 51
27604 36359 89
17970 31145 30
44685 46842 32
8416 54966 17
4061 39909 62
35212 25900 46
43683 7710 10
2340 49168 96
45235 37593 16
18695 14428 28
14263 33513 25
6107 48942 9
33326 45996 41
47683 52320 88
41713 39267 73
16837 57183 76
30093 51151 71
34977 53552 58
12568 12461 77
55984 5819 55
13088 36474 43
39070 24740 23
8884 36813 43
59134 16134 75
19279 53947 79
31229 29911 6
13619 16279 100
7376 39849 27
10379 12405 33
30750 31265 95
22777 41040 79
44465 1459 54
52582 17328 96
31138 50532 41
13985 14685 61
22856 7764 73
22949 17299 22
23138 23714 99
24026 10226 84
4746 11207 15
49747 16713 14
26209 7772 40
43363 40061 70
35544 57210 65
43356 17518 77
47736 30999 84
34122 46248 54
42480 4094 21
30936 23969 78
32487 54514 42
1946 320 3
27500 15258 40
43960 33288 36
20240 35552 15
50672 1962 30
49677 16319 97
56557 57773 59
30127 25130 41
59742 2233 27
3954 54961 39
2345 23465 72
10932 10574 38
34045 29294 42
3673 9540 46
14976 51908 50
30080 43192 57
52569 10868 84
22019 4751 81
41712 45952 75
43108 22372 5
53181 2117 1
24344 33920 30
16209 9984 99
49434 56726 92
7406 2078 65
49123 5535 87
51567 23618 100
20962 21578 86
49998 7517 85
13441 9444 37
48862 24667 5
23131 49376 67
57780 3129 55
49094 45041 73
1375 12464 23
31910 55588 28
43741 19774 80
9728 38228 89
11110 5566 96
30692 30495 45
38362 18273 55
1205 18628 9
41916 46713 86
13346 26148 5
14756 40539 65
16672 34693 28
41397 49038 33
18058 12481 73
47105 17307 70
59672 40913 52
19313 53679 87
34681 25423 34
38637 55763 72
24217 57463 78
58009 3751 99
26864 46586 5
47643 15672 6
28696 42583 98
6596 19987 43
15751 30555 32
53129 27137 9
38210 9616 90
35688 12020 53
46308 28916 60
12777 939 84
29828 52395 85
49422 27273 55
40406 32947 34
43140 16257 65
13654 52415 3
41503 34123 50
4764 250 93
31600 56245 26
41633 4806 72
11153 50800 32
36177 56716 2
8362 1094 57
21845 15436 19
35724 24679 52
747 57554 98
22234 2160 4
49360 7720 83
35126 47983 15
24818 49145 69
24845 39300 93
12638 52563 1
3070 16639 100
14877 58768 39
20827 44370 2
55510 24624 76
23692 50253 94
36859 10840 30
51115 11639 72
52988 14909 89
11828 39580 11
34867 21650 25
6123 22492 19
57203 53061 59
56687 20491 49
41821 24701 32
14454 50454 6
12646 47643 43
15410 3914 48
21428 55490 95
12502 15038 77
6021 40348 37
6564 16786 54
26798 2937 42
5020 14064 34
34249 36078 15
3708 9950 82
45787 7546 67
31576 15234 17
42849 29450 23
20063 41699 5
50876 4891 9
45045 20494 28
28650 41215 87
31097 34640 83
34399 30038 81
48966 55599 4
8993 31955 32
14971 53388 99
31785 49 73
41710 2357 2
39343 16970 32
35818 37731 70
14894 8741 37
26937 15282 92
24345 39389 96
4934 48706 44
42951 4859 48
41572 20779 47
14874 41287 87
37503 56713 52
41589 27240 89
49650 40834 67
49822 48980 74
31785 5068 29
21257 59140 26
6529 36652 47
28162 49439 99
54628 35344 48
46863 22336 3
6189 16984 85
3959 8187 63
32128 31991 79
51396 10663 42
4482 38856 9
30937 52065 71
12807 50831 68
42458 28258 10
51058 45688 80
45152 55317 26
5275 31450 78
51469 43494 44
22504 26398 63
57953 49707 78
8876 23114 44
20701 27849 72
30681 59241 38
12882 20819 29
7605 22876 85
52622 44342 88
26956 28668 87
53364 53089 28
14226 12217 76
4553 45783 55
48490 9896 68
57640 57687 6
24571 5120 45
21908 32390 67
2584 23519 90
49202 37184 22
47359 4789 30
10687 55192 41
22889 46579 70
8871 37917 49
50076 43526 5
59461 16218 89
28754 55597 80
5837 32727 49
25825 18071 43
11591 28202 27
4269 6366 68
39570 25310 65
41230 42901 94
1233 22289 22
13360 38456 67
29938 1479 42
16882 57441 41
4150 22518 29
15723 25958 32
3554 19225 76
41135 4692 47
13553 23447 62
2714 12622 12
2499 7486 83
57475 7664 85
28207 46772 62
50396 14166 77
21996 501 55
27960 41288 89
7355 38556 66
17101 51435 47
41430 22922 41
48745 40791 32
3210 43096 17
16699 34001 71
22977 22115 25
29411 24648 21
29347 129 51
13045 12888 50
39538 21629 4
39179 37534 76
43741 28327 7
1654 23789 27
52408 33878 86
55478 30517 24
15175 46859 78
21739 25733 33
42996 34711 66
30481 23170 59
24752 37686 28
51917 24516 55
52420 37233 57
31687 25419 75
47548 46291 23
9907 28115 41
16912 24221 5
41539 7369 24
24626 12626 97
1131 50320 56
1155 39257 79
42385 14876 25
14902 36958 58
2586 34244 85
52922 6263 47
15789 28185 45
33073 43439 74
38873 56080 11
24149 23904 37
13964 31834 53
15904 402 3
33099 30173 76
46661 8962 42
48930 26248 9
23951 21339 57
7390 25061 68
51084 59628 12
38577 30795 73
47589 45118 12
38062 29429 92
33986 38128 78
11061 15324 62
58115 11258 63
7020 54344 67
26201 4223 53
36451 10098 8
9990 20375 88
53940 5740 12
58084 37773 39
37084 56785 63
34953 15718 6
28521 58361 10
44885 29953 20
39291 44098 50
5761 58785 85
18466 55302 2
28684 45168 75
37388 16844 76
25943 48800 50
50779 59191 27
15928 12620 57
26929 22185 59
29519 3684 74
42316 29491 83
32052 50875 70
37387 56159 57
24471 12486 50
59790 33876 81
11016 54382 23
47664 20124 34
3000 19157 78
26103 13078 36
22092 27259 9
3965 56905 34
48086 1673 78
46563 35230 59
54289 55033 92
23229 31551 26
18836 35318 40
16202 26038 79
3492 6599 93
52623 14627 25
31147 11895 75
19010 37751 12
35442 36316 95
56943 44617 78
39069 51391 46
23937 9322 90
15565 58333 6
14187 22225 91
28703 40605 48
18723 40810 30
39944 32468 29
51712 46180 18
18739 29095 3
23622 22573 48
32555 44606 34
33027 35370 41
21118 45525 89
37300 44584 84
48326 30610 29
16531 45839 60
16198 13911 6
5626 53499 75
5872 25512 12
31123 20672 35
59435 14501 53
57099 39448 13
9988 25766 7
40666 25354 70
29722 36921 84
12243 4755 42
44199 31035 3
18954 15573 41
22782 12245 98
8098 53061 2
7273 31495 54
21386 50578 82
32122 19067 22
31787 14351 56
46497 707 32
19865 36594 46
37750 21581 56
42452 39548 79
42933 39075 59
34658 54456 6
37405 31437 33
8538 33245 4
12515 26801 79
26048 48690 85
41543 17490 94
58571 31193 59
47406 1740 2
19145 11595 56
51569 33419 75
58180 25128 46
971 2673 77
28878 46061 71
53167 8138 35
36108 35400 11
33170 20440 42
57775 15545 72
31676 24146 19
10336 39870 49
21873 38464 68
6771 46639 97
29801 2661 22
26133 41605 31
3439 35946 98
57628 14967 23
31302 15012 93
13617 58791 72
38052 43703 35
45528 55564 93
10383 29563 71
49004 22908 72
29467 25164 28
57276 26208 50
41112 261 66
56752 10904 5
27505 29361 11
34486 15052 72
48083 37728 43
33640 7788 6
33750 31860 64
50047 22079 7
3411 3367 51
29274 59811 20
46809 15245 15
11465 33954 72
4562 38040 62
47113 46806 4
39698 39190 24
28789 13028 100
20792 23093 16
59541 47441 69
47424 23724 62
16381 51149 8
56353 48132 56
37246 20413 18
35051 42751 90
31318 18742 78
3451 30355 29
15089 31136 12
52137 13944 43
53142 50191 65
49116 39319 34
1732 35653 17
5715 32138 38
26515 58779 29
39114 43562 41
22152 42798 63
16172 34289 91
45819 45945 62
19442 874 43
1847 59185 84
26784 1134 48
53456 59828 61
1618 39975 31
22369 13520 84
42296 48119 68
606 57289 31
38046 50678 5
11935 51079 46
27672 34416 12
54629 36612 73
13847 980 86
13437 18770 47
43275 10333 35
37157 53551 96
5986 39580 34
41975 11184 48
30057 29022 29
34697 46387 11
37025 8384 98
31347 9766 87
34212 47474 31
12246 38132 83
23509 7992 52
25169 57139 30
36421 31075 78
9422 26024 9
2159 37951 53
29012 19613 21
57509 32432 43
35179 14081 52
23475 57263 28
33841 2929 20
28944 45538 47
58228 43107 81
34437 34323 15
806 13526 7
38789 44001 72
35839 56986 73
8504 43869 85
18690 21113 97
29202 1962 60
22331 34542 94
21352 3836 2
28787 31932 27
4044 53668 52
20820 58853 82
28676 17060 83
4877 47697 57
19527 11994 34
5791 8296 93
27639 38066 22
29357 6507 68
48729 21954 49
1118 54525 15
37498 45777 29
29466 28105 1
40654 42219 60
18725 7966 22
38745 27291 75
18715 56079 86
14285 36359 19
25826 10342 31
31705 45632 75
18022 47686 2
50486 29295 57
32490 57675 77
45337 8086 12
56372 16457 22
37533 15579 92
32537 56705 38
7211 28796 99
40654 11505 9
30411 41035 7
43271 58648 91
4639 41877 99
37743 49217 67
46003 26871 43
53685 14640 57
48644 24024 5
53964 44261 25
28698 56665 57
10247 1820 27
45129 14600 100
54779 22357 82
8223 3848 25
4101 58764 85
36536 13376 83
27620 39617 96
54645 32977 37
51144 54982 45
53912 29732 58
49645 22048 41
14792 37569 21
25291 4979 6
16858 7000 85
8321 42577 77
41073 32790 51
45509 40398 78
48045 16335 29
4142 40848 95
4704 27624 63
35591 42726 50
25609 15633 1
51880 5885 88
32808 24435 52
18986 38002 13
28789 46213 89
46820 59021 86
23361 12499 18
44071 43968 92
10189 29758 34
21276 59559 71
36581 12125 32
19432 20342 67
18312 11732 83
38905 2741 50
11849 9332 30
20580 46475 71
7357 33060 84
7768 36621 72
44116 31584 3
7560 46347 12
34469 834 21
54288 57155 1
31627 24807 17
7327 37866 87
5546 10012 8
30197 5605 40
55030 28046 2
3547 36751 15
52703 42367 76
45657 53478 55
6503 24026 46
23828 22017 76
21543 18066 85
35333 33504 67
34334 49901 2
2350 34782 30
31170 19261 71
19884 38519 59
40738 4051 80
18013 32354 29
20773 25517 87
4982 8038 29
363 37283 26
27015 54441 12
11479 634 9
35110 9155 71
16926 32428 89
5494 55445 84
10455 55762 15
22760 58639 53
37582 28683 71
33427 38385 58
34874 31187 14
17085 33794 18
34611 326 47
33777 21347 84
17550 59207 88
57762 11978 69
46303 2737 45
23181 13927 73
53784 30572 16
19025 45978 34
13196 54643 99
11514 43251 54
16081 9586 64
53810 9247 83
14999 15146 38
18757 9347 3
16615 9810 27
3506 20975 75
57172 43664 5
17928 45660 31
46840 41498 61
48149 1028 75
21200 27787 71
15216 49917 29
33126 55395 60
6062 17398 8
46251 30331 47
7811 37029 41
32323 51251 34
5073 18319 35
59064 40561 91
17726 40974 71
34341 10069 47
48621 265 34
46605 59565 61
40220 23149 6
10344 42487 59
31275 34534 65
35402 48109 35
12462 26065 81
29300 29883 17
12686 13543 33
22314 6001 34
14825 33926 66
5300 49240 54
9277 53944 61
40827 9935 22
42068 32059 71
38121 21512 93
59372 46273 43
24449 54915 39
25551 15108 50
6767 25597 52
48091 90 22
46688 53014 26
56296 56572 57
24500 40353 22
40398 51553 99
58911 4189 38
20894 42246 37
57349 57864 97
41057 55788 28
16293 42696 26
53895 4557 83
21909 4596 69
29563 49390 48
45371 91 93
34957 55764 31
57451 40891 32
54378 29622 8
19850 28945 79
55319 29457 33
35340 10610 4
54551 12847 89
48854 48679 74
17640 27281 28
3084 51253 71
29484 29061 31
38649 25666 2
25266 54062 57
15776 10906 74
28910 1880 13
7427 28120 51
53420 25837 9
21835 44537 12
54354 3482 12
52234 57400 78
301 53584 7
4532 7154 13
25262 25904 22
28283 38693 98
2698 45260 67
24655 25090 89
29737 47290 4
14915 2819 36
33319 53354 69
6798 34937 46
23905 33894 6
50305 56575 26
24595 13562 72
33636 39852 77
58653 54513 32
36403 49225 29
58085 36667 79
4888 13988 35
33703 2286 24
38965 42639 17
42684 50328 73
33029 2233 29
7245 38257 56
41323 13015 91
39852 17829 5
11043 52659 71
27880 5841 37
45398 12547 75
40899 56018 51
43848 27196 30
54107 14354 20
35972 51725 11
27289 23314 11
20872 21162 94
1632 17950 100
6921 31949 59
11179 10390 13
32258 28109 21
14566 53876 15
10966 20493 2
53219 59736 16
25035 3361 20
51555 1247 82
59544 37272 74
23632 20654 21
36079 8089 66
14291 4411 96
54686 1043 83
41068 56952 18
10419 38714 36
27760 51242 53
41267 15294 14
47877 56552 81
16076 58018 100
9896 47143 71
41667 17158 43
14544 48535 27
17067 6053 61
39943 36876 58
9938 20334 52
18093 5745 28
24492 8613 82
9403 35507 58
30332 49053 14
38196 35186 55
9181 21999 53
10251 35538 73
54804 15807 22
44890 33360 1
20777 53859 41
3431 22086 90
58896 11298 70
41170 41227 82
58451 33257 43
55185 17901 6
25867 34678 35
29624 41711 86
18159 44147 28
28660 49156 28
44803 12695 12
4447 31915 78
34712 20491 71
42023 40985 77
58811 18629 18
42762 34015 60
25452 57082 49
47785 10816 59
2400 16583 40
1404 30545 96
34365 23936 22
42667 39409 43
45588 9041 5
42017 25519 47
15886 19322 64
28693 10880 44
41674 94 70
45592 27079 65
27261 49024 51
5242 24421 18
26139 8330 87
14388 37603 11
39848 35691 36
49344 8883 65
20934 51794 82
18122 36668 85
12052 25780 76
6381 45111 52
51187 34379 97
3749 36354 91
38978 42973 21
15316 34905 52
47957 50382 22
50466 52592 61
3484 14186 30
25032 59335 5
21039 21994 62
15076 58092 91
36774 21330 23
40085 12291 90
49407 2707 17
50885 822 38
4579 41568 97
55889 25314 26
8140 21754 20
42547 16815 47
13956 24636 21
21183 15186 50
31825 27884 36
47293 50967 27
36970 39508 38
849 21120 60
3247 25251 8
44895 45230 57
15907 9024 89
30856 13057 35
23162 48311 39
15614 18452 84
55013 4505 32
11922 29528 68
49620 51034 10
23633 14359 72
10249 36023 44
34147 884 13
12353 46257 23
57977 59262 81
39878 53740 61
7622 27307 10
50742 56641 4
17652 56995 56
21852 50463 19
23595 18911 29
32979 10824 48
9859 15376 9
8719 49115 95
4949 13912 33
39774 21295 85
20478 31985 26
23594 21005 41
32671 42498 29
50078 42131 67
53533 15551 93
12202 38987 18
15489 18521 60
2521 44710 80
27552 46667 73
26360 1121 59
55605 30837 63
40584 52989 51
43729 28711 11
21603 30944 80
54934 43639 26
9893 11637 15
55930 20361 14
47519 30557 49
28770 165 58
26555 10422 78
12219 45512 17
24278 12570 28
47476 11340 95
36339 32905 11
37213 7950 52
26165 3916 91
288 54147 26
32122 42119 32
41283 35159 72
30973 16300 85
3205 4699 14
54879 17618 90
7502 25878 75
14878 49940 10
48032 59920 72
11906 44375 28
27406 52712 86
11627 9642 41
43757 16859 21
5744 8744 49
24417 8066 1
43866 55112 3
27531 26657 67
38017 13209 35
1354 32373 25
14789 54042 30
21392 4895 6
28257 40163 38
18257 12388 90
46680 55884 23
51774 21187 28
49017 24778 32
35911 6575 56
14400 50191 96
25455 778 67
11659 43676 90
8314 14423 70
40195 21193 40
40129 46274 50
19265 12586 29
28676 46122 35
47944 41253 7
31111 23381 8
10819 34989 65
22171 42329 88
37826 13456 62
46593 11868 19
40393 41720 29
6082 29345 88
56854 33200 18
23640 59126 93
37662 2963 45
35116 28768 54
38069 56551 41
36149 12710 94
46434 23226 67
14545 20246 60
15626 52294 28
36770 17534 29
15939 5654 53
28433 30124 79
25852 24111 39
44312 23594 47
40283 53104 63
6468 16069 85
59281 7491 98
8696 22051 12
4937 46061 81
58387 38082 54
23508 3675 95
53446 53368 19
36984 39856 100
35373 1548 80
38266 44459 38
18025 7289 54
9682 380 8
8570 44707 5
6482 45540 59
23968 13139 76
17160 31374 38
8381 57643 52
53251 31239 78
975 4750 18
18168 37268 85
10480 19190 76
19036 16871 83
5517 34162 11
59574 42823 39
47462 22943 76
27309 42869 39
7228 16737 16
6554 10285 60
19876 23132 6
6828 3620 85
30027 27689 18
45003 59319 92
13490 23236 90
16432 10263 40
36605 1680 96
41043 27652 20
57432 28970 71
2727 39879 38
8446 37077 54
44330 7157 81
58598 13474 62
36658 49195 71
19096 59862 44
56581 36549 35
7591 20111 22
14394 16558 13
23977 12691 34
5889 4167 38
6242 20638 32
35308 53543 30
39948 53262 32
32363 2915 58
40966 49463 64
1050 8976 13
15716 29441 67
51577 39968 60
55796 59233 25
9304 864 16
51905 17951 95
26508 42020 30
8683 52117 10
26119 42760 98
54777 28303 69
53081 17862 94
46305 36891 83
57892 57257 85
26675 53583 18
34128 35897 13
49130 18374 46
5661 39728 89
7896 26863 36
2585 39949 91
14000 31306 37
48349 43507 31
59774 33875 93
865 57212 38
10237 32313 50
37433 5699 95
6320 3274 60
15593 25354 90
9317 52076 68
51551 47393 1
41877 36963 2
37882 51304 14
12388 59610 100
32473 19838 85
40835 24509 23
51638 37224 37
3532 23908 32
24706 41161 3
996 49204 32
41472 33722 3
5080 4822 80
5486 51323 30
4062 17402 87
49796 35050 39
54772 21221 81
47955 33455 97
6645 18035 3
59478 24446 83
22312 785 65
51421 19914 85
44406 25224 86
3585 32786 50
47259 37631 92
46843 12174 81
29672 32075 87
22665 58413 62
51144 47048 52
58465 27481 15
38055 42989 58
3992 23723 6
55877 12786 4
2131 28892 74
46063 42274 64
13990 30240 6
18210 48185 39
48235 2894 2
12452 24592 75
42897 37040 73
1341 34146 76
50327 12617 57
23960 46271 58
49885 46439 47
56345 28496 23
29698 5337 32
58359 49965 45
28699 6419 13
54087 10746 85
27817 53514 52
30186 655 92
27483 58468 40
38689 27325 14
26029 21047 21
20889 48385 17
27394 1176 70
18871 21083 72
41036 45560 97
45857 45767 13
14923 37071 59
27421 27855 1
48322 26744 77
11945 20958 15
39748 51721 36
16783 22206 81
36942 23245 34
16051 56412 92
29915 7482 38
30419 8506 79
17356 27332 37
30920 53367 12
8925 17039 100
18124 480 85
39362 33604 94
24766 47845 91
25473 15734 60
54876 1854 94
18007 42282 8
54309 59328 32
45115 33170 22
20806 51373 59
37892 6688 100
19757 1857 45
6535 29174 83
54235 37529 87
16271 11867 66
3628 29900 61
440 5248 73
9212 10584 94
272 4129 35
59855 31379 13
42334 52300 34
57847 4607 93
54290 12984 34
9616 8427 78
23126 55225 63
4747 48829 2
14069 43749 30
32523 44949 6
28374 15398 87
42628 40160 55
13662 52238 44
9920 7329 32
53001 35413 38
10708 49927 78
59233 45956 43
58350 49671 86
46572 43432 30
39620 54701 29
17463 57249 67
14608 25470 98
41407 35084 98
14894 12386 93
2293 4893 2
47567 20161 41
54048 12863 40
42677 31151 93
30742 586 29
13003 39402 63
41927 46453 95
15335 21499 18
56804 16867 5
24085 47187 80
33002 17800 92
25863 32094 79
1998 2593 21
43572 50801 41
2201 14434 94
25873 8068 22
37117 10060 68
10320 30989 1
42911 11342 22
22842 10447 71
54484 52290 41
3435 35124 26
23816 4641 96
33695 59361 9
11079 35960 43
4697 58653 27
44554 49341 41
37896 2377 96
47388 35968 64
45239 1125 100
58318 36954 64
26537 2139 87
18889 53261 67
5500 46617 60
6129 39543 89
36913 27336 79
25417 2853 9
23968 24789 12
37777 19540 22
16270 20213 36
58517 13089 51
1070 27224 26
4271 49259 1
34699 46996 8
7403 24858 92
53495 9247 21
39166 58750 35
58865 21176 70
21500 14340 21
32440 10376 89
34529 36937 23
5754 39711 13
59678 56538 67
35128 6541 35
38376 57586 56
26122 49714 90
22495 30343 94
40642 26881 85
44591 42634 71
6770 1188 28
50509 29525 22
4635 24567 29
11152 38389 83
52332 22627 98
54106 25394 2
10863 58782 43
59719 20788 4
40201 57585 13
34033 26880 85
42780 16085 14
38632 10045 74
18068 54161 35
30894 14843 6
47875 37790 68
51267 26095 93
10000 49287 9
45061 30656 69
33079 36991 23
6257 19125 15
37243 23917 37
12347 12355 63
39431 36785 75
41189 13235 47
30296 95 91
31090 19001 70
27301 7018 86
38114 53350 36
26235 57667 76
1430 10919 38
35737 19816 31
26426 27600 79
2088 58360 32
5496 46619 68
27559 23765 80
12235 24781 47
49323 51983 100
57378 58588 27
50512 6181 12
57889 25268 88
41651 53440 22
28087 49075 71
16016 46288 35
37597 3989 90
33776 51693 34
16982 20241 64
7646 16258 83
50929 18274 8
1520 6556 4
44995 59639 87
57641 7980 6
6112 38621 24
10696 10165 71
10006 46367 16
58293 49285 10
12885 52729 77
59634 31246 86
5045 41745 3
37684 56215 91
15369 26969 16
46174 53266 15
22204 21418 93
19639 50157 3
58025 25425 30
32758 46532 62
27830 16364 95
13002 2991 97
49116 37857 49
50628 44691 32
4845 59379 81
40472 54804 42
9714 49520 99
7372 53553 12
58337 57502 15
45752 52177 15
53400 24083 27
33239 45750 89
10331 38465 73
52207 58412 5
59272 42985 38
54606 5893 94
29432 46376 96
34491 46368 30
27647 55136 89
19971 8786 87
39796 35427 25
57064 46077 28
36535 9060 46
52025 11943 88
27581 41556 75
26327 39926 39
3567 27574 23
18869 42645 95
25583 8256 11
16647 23302 43
34598 6236 17
13701 22136 46
16709 49073 4
16563 21548 82
23160 17927 41
16255 14182 74
17956 33462 53
11224 29171 31
50397 58675 39
58379 45912 23
50785 59213 18
45062 34155 28
11274 33169 82
32889 25689 64
56007 51069 90
59422 19470 71
34321 54846 21
49847 10774 72
31174 30805 4
24960 54133 10
9569 5716 93
38545 3389 35
7565 27175 14
38278 9071 60
5586 2072 63
15112 58582 77
28413 42806 66
13609 18848 30
48195 35245 13
23733 45126 48
16590 5244 70
11448 31813 59
30642 18443 31
32185 56217 14
59042 41653 34
20601 29205 88
41469 57353 41
36458 7168 96
12272 26942 36
57243 29480 81
43751 19090 43
25358 24088 99
43888 34816 34
2818 51309 74
58854 35085 77
33093 10866 39
38740 21672 3
18305 59620 5
39715 3512 62
2907 11888 85
3061 2119 31
25957 26949 7
47043 53357 40
33179 26873 69
27854 48419 23
19959 23841 82
27344 59860 41
56490 25393 95
54155 4381 26
32740 18209 49
30370 13406 41
33353 46050 44
48505 31452 67
58949 25671 47
52918 55721 31
47623 31149 68
50490 35249 75
56771 13151 55
44498 13265 73
59020 8799 40
31209 36461 30
12552 43027 28
53674 38633 74
53000 46508 27
8587 35360 88
33345 39154 84
27916 42559 63
15749 28907 6
13678 38343 86
17716 20118 46
30248 47469 55
47098 44410 33
5601 10071 17
21110 48036 84
20811 26205 82
58126 45590 44
5217 49111 68
43633 59730 28
41053 38903 76
38793 17422 18
28198 24693 94
6699 5306 99
39038 9122 64
22564 57112 50
3673 39099 82
5099 58902 84
33091 12170 68
4229 18339 13
17666 52616 91
7506 48429 19
20141 798 8
6389 50451 33
27230 42138 37
50938 36561 71
29724 40181 19
29295 22700 8
42135 51407 25
53023 12043 50
52669 32966 53
243 9620 49
51867 6639 83
33714 7628 91
7059 34983 65
37365 34042 26
21167 33051 38
58416 20642 10
4569 45009 47
27691 986 17
11907 35995 86
20348 15523 56
50101 43870 26
22410 27786 87
50360 33659 82
47091 49284 33
9845 10780 87
55288 30462 90
5085 14361 28
27153 52390 45
26291 3108 65
39352 54448 54
17726 13573 1
16075 48864 77
26352 52443 84
37641 57177 41
52399 45589 58
35470 36372 9
18029 41828 2
6745 37574 21
51322 33373 81
16063 33985 94
46181 46925 86
16712 12378 28
8560 47517 41
33838 53131 35
3979 17978 48
48707 14578 80
1212 16965 60
55093 4758 25
12811 29583 10
1680 44659 21
38049 42670 72
27204 53973 95
57624 36027 88
45623 41884 20
19723 41271 29
6444 46713 83
34957 24630 94
36986 145 81
24852 41218 67
22071 16604 4
16478 52633 40
43823 2239 70
40022 21874 87
13931 22370 8
34578 28884 74
45350 20798 36
25541 58657 41
25164 43812 87
27861 48258 82
46750 52108 33
15353 43241 37
46653 22121 57
41483 39093 80
6346 55448 48
30929 49321 97
41091 56731 88
17779 35676 62
18365 59893 84
5459 46527 16
1267 2282 60
55846 12444 85
37826 58483 91
41741 8722 74
44461 42382 47
39740 38202 9
36857 20064 32
51287 40419 29
12968 46808 20
20286 13049 45
40591 55148 69
52679 41252 41
27201 36827 51
26431 28408 24
13026 17643 20
14372 17816 12
37462 34302 33
34544 34551 78
39558 160 84
8183 1767 49
41375 28270 75
38075 33588 20
18970 52434 48
13888 58178 11
36626 35130 4
17547 17281 85
59291 22243 60
47857 16394 15
39295 49860 70
8760 57572 32
56665 44511 18
54496 27704 48
47543 1532 45
2309 33164 88
53711 18767 48
58324 51406 8
52830 27814 89
15353 23167 61
16507 17411 79
11824 13441 59
57001 13085 87
40680 14673 20
37395 4550 45
37325 15173 98
45669 58354 46
56072 17627 28
47352 35829 28
29462 8414 2
15224 39585 73
33246 21129 48
42225 10583 29
49023 40907 17
58767 58349 63
13825 18663 33
22084 38661 21
17878 18364 1
12248 18162 56
14621 41718 52
44998 5166 77
27402 9506 55
6862 25245 53
22869 43169 56
14221 32423 69
10722 41908 76
42247 37127 55
21561 448 13
25039 5877 3
380 12478 59
35847 28018 84
45709 7658 42
55063 10076 89
59069 28047 27
54140 5221 39
54969 853 7
24328 22659 62
38541 25643 61
11871 9203 83
33209 11450 45
46956 25211 47
36818 18297 11
32009 39563 42
14354 40233 53
29676 34567 98
46852 51761 59
45783 11645 58
2693 820 99
46731 2067 99
31615 56696 9
7630 57283 6
26490 17078 12
6295 43565 13
49804 36945 12
10720 41330 61
5080 40930 12
385 34618 48
14964 22517 32
1271 41683 78
47674 53454 3
27813 28681 78
21430 23596 38
5916 49390 84
28142 53297 29
48341 57747 63
27292 50339 53
14013 19241 55
55606 59570 63
7692 10303 24
54696 4932 24
9553 56319 72
33007 38142 20
22170 49546 39
16952 16483 22
50318 55698 39
56974 44816 47
49695 23941 58
32669 12757 41
50641 41460 69
42372 46342 40
56519 33216 98
37282 54155 21
30766 34790 46
29844 23964 51
13006 32158 40
42710 48643 17
24242 22162 58
12536 36283 49
6406 43331 54
7603 8348 44
1387 19833 91
54459 26705 58
50708 44970 93
27632 51766 40
42590 29325 64
3219 4093 26
51212 21963 42
31213 18530 15
27480 11428 3
722 57191 96
22286 42835 42
17332 11247 72
38418 41762 26
51754 47742 95
11772 47859 80
29194 44142 42
19934 13797 80
32696 14483 17
24943 59158 56
55749 55743 70
19905 53073 29
36628 47141 17
19288 19885 40
47671 52678 33
41945 16293 45
20043 19352 65
48522 10980 46
24981 39873 90
38112 8274 36
11657 55067 13
30577 30231 31
5534 19924 31
44579 38665 100
14890 13686 42
40276 3997 36
33977 22215 2
54790 35070 23
410 29503 48
32779 24000 75
32887 9369 88
53547 18177 44
38684 21665 7
37703 54392 5
29252 29593 99
48274 25447 26
33479 1175 71
32694 44200 29
14795 47493 20
26281 21137 82
15979 22590 84
48975 23758 57
2805 32104 4
37961 40088 83
2607 45849 79
15003 39332 98
45158 18541 59
37019 20107 68
46277 33835 29
28933 34041 35
13027 42684 14
46048 22859 34
19496 59661 37
43320 32188 30
37789 27492 98
47042 56752 64
47659 47656 52
23872 56094 4
23031 12953 6
24896 31914 26
26806 49040 78
18090 25087 97
21255 41162 49
18118 42010 92
32425 43457 77
59124 43446 74
39161 51581 19
7199 29018 29
55947 4825 20
23759 44786 63
15545 50483 99
7765 18136 24
7944 25713 12
53658 26756 15
8744 39834 22
1205 11454 72
53893 53098 18
30098 17628 23
56723 12337 69
3011 24488 93
35937 36570 61
1370 15164 79
48054 9065 86
2837 14067 45
54095 11877 23
14216 15770 92
47446 28727 51
34628 52801 51
44947 22640 95
1210 59482 47
36162 29106 82
5011 24954 28
47696 29490 15
30438 30435 10
6327 4591 100
4519 3944 68
50405 49880 75
46536 1420 60
17703 28644 82
42537 25942 76
25105 38558 51
40964 1124 10
29456 16625 97
14469 9547 27
16052 23338 19
45603 3863 19
3133 19322 11
45327 44351 89
31823 4462 51
59270 27462 72
51721 4045 99
16193 13529 80
49930 5528 80
59325 22156 99
17728 40175 52
9025 54037 46
43841 24467 17
36941 22981 15
16482 54591 83
43089 9099 53
16873 4034 49
48023 53747 65
21571 47531 96
23446 14257 95
3281 31365 27
57377 30969 10
7028 30398 35
22459 54848 45
49136 1061 27
59069 548 53
32765 38305 58
11721 55324 5
15298 9844 91
58386 54799 74
1588 17450 55
41505 23979 42
54700 13838 93
14486 39299 40
11117 7174 85
58316 5081 2
54784 35231 59
29025 39008 23
30281 41639 5
54462 27497 20
57495 44252 34
25759 27380 30
33783 45729 93
23644 7198 28
48452 37897 41
5224 23247 98
52690 49858 52
6858 13452 6
27862 56726 1
30668 47036 98
15077 13130 43
36489 8241 17
58208 19913 82
22222 31567 25
5343 8214 7
4453 40774 100
2924 14303 88
32689 52081 87
10304 50851 44
16887 43598 86
32769 6709 32
46064 9561 79
701 33981 5
22004 24182 2
38628 29121 2
50870 30168 46
11290 5389 24
39084 59806 42
18258 59757 87
39573 12414 21
17552 45109 35
38711 35646 52
10580 19778 86
22168 21007 54
59380 38455 35
12542 22534 55
43287 56615 80
3373 35950 40
32910 15367 92
41254 33649 98
19247 531 15
51442 31582 36
59631 54318 43
49160 39177 73
49353 21887 8
395 33938 78
30950 56348 100
36377 54783 52
26137 57407 39
52556 18113 90
47360 57908 63
26038 13626 26
24361 1031 21
981 20038 24
2639 17261 84
58837 21478 45
34542 57165 57
31980 10843 14
50448 44729 9
53741 42727 5
43033 30131 6
21072 49934 59
33428 43457 9
2709 57292 99
47055 8275 88
28767 8784 57
32650 14268 88
2155 33084 2
40837 56421 42
3290 44682 80
27160 27906 61
39969 14910 92
46291 1214 55
58132 6275 46
27648 15896 22
24372 51372 38
22056 53487 10
28981 34635 4
10488 4625 19
41320 54099 47
57142 19123 31
30360 45895 97
52751 53476 93
49091 42485 29
43287 34539 92
49292 55236 90
17933 39719 82
5573 28655 43
38816 5787 76
40311 45076 87
29675 45382 6
57108 19159 11
9309 37280 93
40615 59726 44
58164 48320 47
20500 55969 50
39163 45465 46
19256 16572 56
56637 53390 57
2748 21854 76
36389 58501 50
34877 20727 100
15317 14111 64
12489 3006 58
2612 25361 44
35546 18566 26
59905 22761 79
43007 3334 18
47204 49214 12
33353 46519 6
8471 52021 45
31512 8045 13
20891 40863 5
24612 27653 42
2063 30257 35
5658 2709 68
7366 11639 92
58262 53426 49
5530 818 28
3327 9555 30
12326 15097 97
3324 26607 49
18562 37474 14
20928 21847 32
51064 45965 8
21524 36477 75
30102 5287 65
26922 43074 22
44438 10054 34
51320 12025 93
41905 8763 57
38653 3322 48
28331 7629 18
43869 15432 1
36740 52193 94
21691 13167 59
57698 42673 27
34684 51859 67
8168 35960 68
44875 21965 40
44165 54553 40
27471 8940 74
46256 41982 46
31054 45439 87
6903 57777 1
3746 49619 5
31672 1364 30
10412 25614 52
57980 6443 56
31901 33867 9
28072 51828 27
29224 16487 3
54691 32980 62
27461 47759 43
50263 23368 2
14864 59408 5
27510 37939 52
1585 58606 92
50147 17920 42
45464 15896 99
51955 4076 48
46849 59747 48
4749 1799 80
28338 11133 97
55126 37440 56
46121 47252 43
36625 31234 35
7841 3283 13
56942 4819 71
13646 47690 43
34116 30727 4
48169 36113 32
1876 44945 53
3062 31526 86
56498 26576 26
12803 42504 45
45101 9098 4
41974 49288 85
32463 29569 89
18776 54679 56
40458 30966 14
12442 15835 50
44263 39832 14
54206 40739 21
47609 39734 88
48395 50103 19
40924 38304 20
45879 41229 13
32496 29377 80
30597 22326 38
39148 8360 75
2662 53900 62
47292 41491 19
11982 58320 98
1636 55335 22
33468 29396 31
43537 3958 76
15985 19679 76
25902 32649 31
9535 10766 79
44135 51873 69
55935 5320 64
44709 5428 22
56414 21467 16
423 50021 8
26191 57214 32
40904 31802 28
16039 11360 50
1968 26481 70
14986 15595 63
54425 39962 76
8400 39866 23
50981 31658 16
43667 54175 39
11806 56660 20
43304 22358 62
19623 22072 7
6294 40721 68
17544 52766 69
7521 3466 58
22673 18409 78
10513 3136 2
36271 14139 40
41775 56253 94
52694 11112 43
11827 6993 58
53492 39308 52
31859 36841 38
50603 38026 21
45255 48716 51
55433 13211 6
43053 55415 24
56159 34618 61
22420 59221 63
24592 25152 89
17546 39116 59
40942 34046 87
43517 33494 12
23850 56953 33
1269 40532 16
56697 4815 87
17511 44225 41
34365 822 37
23124 54264 63
14082 51876 92
9828 28379 54
17971 30309 44
2818 17815 35
13637 33540 84
38208 27287 64
866 23019 40
37757 13758 71
14223 7144 98
55696 50763 7
12725 44754 65
37955 13798 84
11510 46896 76
7071 50660 20
6157 655 31
10878 53436 68
54037 45283 55
44196 35630 94
15061 22752 95
55629 43934 91
14768 425 26
56506 20690 79
23128 10314 43
44748 51806 50
37105 22835 64
47843 53021 55
39578 9336 26
57768 50923 10
24472 17068 71
54991 23522 62
19107 58091 100
52930 3873 28
3024 21550 36
47738 19566 3
23469 42801 28
25604 7418 5
34939 31648 47
3853 16166 93
27062 6689 58
20852 20391 71
27486 27071 27
56924 48477 24
37140 24092 18
32397 41165 34
23010 10469 52
34183 55999 63
26193 49857 22
27088 26020 59
37429 55851 81
37310 21228 6
21509 13337 92
18645 36289 39
55148 3091 86
32197 13612 69
15817 27738 93
6957 56619 20
56460 20295 42
37905 57962 92
41979 1672 30
23021 5700 31
58710 38718 55
57352 22066 90
10503 52658 76
52269 42024 75
52647 52432 27
24054 55362 2
22672 7257 64
13425 23387 44
7465 14156 27
43390 42602 77
6286 40895 12
55340 47992 48
31166 25307 57
51354 11028 58
12501 6803 10
10567 18017 65
35237 41072 46
2507 13854 76
38714 2953 54
32437 26424 62
6067 35073 80
5801 21261 92
5135 58830 96
39813 48384 43
23043 35508 17
36506 36253 5
56494 1449 24
58124 41965 100
34860 39002 90
49933 22372 15
59512 48913 21
54932 45677 85
24103 44733 14
23130 9127 56
11476 21574 73
827 11660 39
49249 51782 48
24174 34393 13
19936 8549 27
1670 17761 73
21619 35279 25
39863 30161 33
1035 43885 56
53370 39208 4
22142 40886 40
20052 54404 9
4552 30584 20
56169 2634 29
50638 44037 63
20944 39002 81
1862 18272 92
50151 33629 72
6274 25699 44
36224 8817 75
27129 38297 35
20630 16373 77
22596 44002 22
49996 29100 69
32451 34094 16
42116 5269 60
27484 41950 84
9056 12705 80
38130 54158 42
16333 44432 74
28562 40198 86
25071 15385 11
19857 142 18
2087 35996 11
33899 11999 42
31852 39859 73
4028 43112 75
54725 45117 70
9304 2281 35
27064 15721 78
47335 4853 57
25479 25030 98
42385 34853 55
44916 47122 72
17384 6255 35
5254 12667 6
4055 55195 38
48882 44812 60
11416 9090 95
11398 33674 87
37635 23325 54
54777 28511 63
55423 56298 77
57438 42453 35
47929 21498 30
56711 51007 30
34485 12818 95
2295 53484 94
8084 39490 53
12887 21001 16
3141 13423 6
44125 55341 84
8910 27881 94
53882 5105 88
19404 30980 13
23081 7488 4
37116 26063 81
59283 45718 58
26947 7964 56
55387 2426 60
38635 36995 36
37011 33695 76
10418 36384 11
7993 42881 31
2344 21972 30
59096 23201 18
10841 6129 56
10129 9650 52
13446 14313 78
19493 43595 22
42857 25840 70
22692 32834 35
39949 15915 19
9603 46477 5
34550 34563 63
58049 35533 98
45227 44362 31
974 3217 49
16266 23587 86
8969 1918 99
15703 1582 72
18713 28621 86
30465 21823 94
52439 35750 24
54390 46446 62
45638 5664 78
49153 40161 67
29555 22544 24
52084 26247 4
41485 53488 27
19875 34314 63
30359 50858 32
52273 54620 59
44767 24912 21
26544 17756 55
16376 21196 88
21240 47494 96
54464 57850 37
27779 48302 51
23238 38108 83
12262 43916 59
18622 45852 59
3162 43490 36
42066 18700 74
24450 38675 11
7312 37498 25
31983 33926 86
14680 13127 68
55973 23816 49
38877 25594 39
2286 56322 75
26916 28509 12
45459 43469 21
35720 2254 60
54654 55157 29
41262 50750 54
4042 24283 67
12446 10427 89
46393 54730 97
35477 27373 7
16389 1048 44
47474 19187 37
23794 48342 39
21671 21045 86
58615 11780 98
55812 10506 91
18607 32301 95
40464 38835 71
58573 52487 20
30876 24799 98
8628 51051 4
16962 12427 24
28656 31775 93
21496 53260 97
14622 22487 24
26704 11694 24
42290 9243 42
11480 49221 99
35334 36453 47
18350 16353 23
45957 46047 9
40541 6362 54
27169 45496 18
41404 58956 28
35017 33365 82
40676 56811 89
52290 31858 67
46712 40073 30
4459 7102 57
3307 40558 3
25050 42449 92
48226 54455 28
22267 45092 94
36091 57660 98
1081 26594 51
42261 4307 36
34119 29497 68
25275 57173 52
21932 12399 21
26810 24776 22
29645 10577 16
3298 53314 67
56 13248 71
21308 44445 96
15730 54871 78
17827 4114 7
7767 58932 44
2554 9543 50
30001 35598 3
40639 48206 4
28579 8137 87
9080 12623 43
41181 31626 67
24615 43038 23
57632 22464 58
45672 56774 54
26786 33982 88
25064 10920 18
40044 55712 73
37939 2094 4
28635 27738 94
20799 3385 63
22373 4022 56
818 25295 44
2433 5366 51
38244 19623 23
46944 23092 73
10625 10 69
12761 3253 78
26320 14252 93
12915 1209 33
21833 26743 46
45246 53312 72
16470 47193 50
47954 58490 29
56553 31124 6
46929 59637 59
9799 48600 28
23319 57058 76
17743 10519 98
24428 2215 42
55708 39948 36
2540 8091 20
54796 53187 94
49779 38808 94
34077 41679 74
35587 47257 81
16812 468 46
51931 14172 14
39416 5556 46
49224 52639 69
25798 35892 81
3182 8071 28
41211 18307 79
9187 4837 42
28919 50759 10
232 829 31
7107 35664 36
28170 43864 48
48797 54360 41
33567 39101 23
9125 28517 53
32949 58094 49
50901 26913 9
38292 15149 57
24594 5839 63
119 8901 69
52817 11173 87
36151 30489 42
51547 30236 79
46585 22784 58
53808 36728 76
7513 34963 4
22938 14577 61
15046 9157 18
34919 17658 51
2481 19003 17
12929 37886 71
58696 13136 69
9328 43957 81
2982 53752 74
182 1393 89
22651 37245 91
3711 20702 34
44677 17184 88
54908 4941 63
31745 50266 22
43884 1245 22
28528 34901 28
56355 58844 14
24090 53219 95
50602 38477 18
41705 9010 73
6291 38911 11
23894 16706 73
23454 38289 60
11011 8505 72
16033 34037 43
9856 20316 98
41650 58641 5
13827 38108 72
57727 46152 76
46063 28164 8
26148 6273 21
52908 59811 59
27192 16680 24
49399 21058 24
18146 43560 33
26497 44851 17
16084 8375 25
27134 51720 93
37660 26433 15
11754 48691 55
9519 53204 95
10343 36495 8
7921 26517 31
8735 1092 73
41179 58758 87
49425 25936 72
3704 44474 7
38892 25439 60
49185 17046 10
43787 10142 50
40527 23054 39
42136 1434 26
43851 4441 38
29114 25287 44
30491 54886 3
42471 59547 10
54989 9073 22
24455 42595 93
37631 51757 72
28792 8779 14
30813 47336 35
1588 57622 88
36269 57556 88
12733 29168 47
52021 5144 83
171 45814 88
2790 12067 76
12366 20715 52
15033 18176 32
41763 51612 39
57627 57119 88
16362 39152 9
43085 14642 93
24180 46610 36
2766 40841 64
37976 25142 9
1397 54373 64
30104 13938 2
26655 56465 37
17279 3614 73
8995 29273 29
16326 11048 99
16135 18760 40
54978 21241 27
31742 40769 63
8535 59283 54
12457 43209 24
56821 14979 14
47137 24695 30
36208 29178 29
46596 23032 13
24059 19746 46
10128 8051 68
31667 10702 91
10560 44994 2
52257 24836 19
44378 19159 63
24282 3717 81
3185 41203 96
33395 2558 82
57285 22574 70
3399 14844 68
21293 49701 98
53920 48909 98
13774 9808 34
1729 39696 56
19685 36600 38
49926 1620 52
14527 57998 22
55505 4284 57
23697 16956 97
10807 37618 45
47095 45119 60
39277 25558 27
47038 49367 4
810 583 81
43677 36675 67
18382 40767 56
26857 21662 76
30637 35600 57
14021 38659 29
57522 37516 69
6860 8637 44
24147 48391 40
58095 33752 71
42170 4416 45
26734 57986 65
35275 9240 56
14028 27697 50
50653 8251 87
33147 13594 46
41835 35761 7
26621 37300 94
2938 7267 3
36078 3798 23
43762 50636 63
43216 27253 44
27510 565 40
15876 48660 71
52784 45933 72
48945 46197 77
44424 31353 23
54470 26822 3
53371 6626 69
23166 4 14
48203 35720 70
43034 8991 96
34662 41373 7
29825 33202 62
16748 7641 69
33010 7405 18
10714 20556 85
31283 10386 89
16287 36255 59
45 42962 59
29455 46927 21
18355 19997 42
22626 16785 63
19380 37133 66
51985 23111 99
14660 21667 79
46226 51119 52
7665 45358 63
49270 49664 50
40844 7446 100
49226 43497 43
59413 30893 48
26883 9150 58
26143 8868 53
50530 44150 45
57173 15974 69
287 33184 34
41000 47124 69
49705 17369 38
11939 598 16
16114 40376 15
57363 24087 71
33630 3306 41
6580 30713 53
25834 30043 27
43340 40027 15
37095 56193 34
21278 8493 7
34857 19027 99
28106 16263 40
14190 39933 10
22663 19252 19
56280 43221 62
5402 37330 26
324 32587 71
24578 41338 64
46695 46218 47
57815 9894 30
4739 44976 71
22841 17322 26
3652 39922 94
14517 11792 32
38528 446 75
52971 24778 98
29428 32845 37
33014 27354 81
14938 33689 51
58396 24121 7
44407 28391 42
2375 43944 1
11737 52336 27
50858 36066 13
23855 7150 69
15862 58464 34
32372 17167 38
18898 18087 6
25542 14141 93
58215 17370 55
5922 32653 5
40307 14843 15
50472 2392 56
36812 27730 29
3893 15118 89
26951 25838 14
58325 11271 27
29087 34992 31
7353 47879 18
42462 11311 45
56842 38652 20
54348 53486 10
2445 54838 57
59340 43946 61
59768 8376 60
39442 46391 18
28410 38777 4
9785 1068 100
33191 38004 68
31211 8967 21
45378 32493 43
52215 47100 3
14669 23606 12
46763 19089 55
23272 49651 67
36670 32117 49
18426 16847 71
57398 2305 45
50650 8982 29
58961 48251 22
7902 48148 19
37931 42173 44
13097 6754 1
25219 127 54
12075 28972 81
59250 37436 54
30849 53049 80
6370 2936 31
51049 34757 98
33957 7057 55
8334 2311 85
14641 26236 8
35564 19555 43
3370 51978 99
13250 26910 46
10745 8750 34
237 39529 71
58584 53725 40
41171 48503 83
44315 8143 17
15 44540 93
25638 26931 8
27093 7324 98
51116 14211 92
20545 28548 20
58202 15867 45
4871 6773 77
32250 25454 83
37700 30670 4
1233 25278 17
59369 46963 91
57324 32291 27
6549 23360 91
4136 41017 45
55283 22303 76
12929 48419 63
56899 29119 69
49276 30813 99
53903 17222 50
52242 47403 32
32462 5411 75
20615 42947 1
53018 31051 28
5886 5332 39
33922 49630 29
14576 36257 97
50108 456 89
42866 46020 90
9457 40082 29
50347 35532 32
55019 57590 99
58281 7524 67
57500 10048 84
21989 28685 13
20553 6930 60
32981 41300 59
22159 51572 53
30239 761 91
6154 56399 99
50499 8725 41
13864 8167 60
46766 12206 67
28615 30571 87
43482 12572 75
35780 1715 7
33327 41316 64
59655 33730 56
21737 57185 16
20770 23079 3
55501 27820 2
50203 19357 46
51039 54647 57
17712 12492 32
13650 38836 16
49103 8494 93
49812 28935 60
4201 55549 21
48241 38586 27
19830 27643 23
2112 58656 8
2236 51234 39
26099 30780 37
26115 34938 40
27578 16884 72
45989 24913 91
2106 38804 97
18818 43553 93
15413 52299 16
17821 5724 89
3226 48314 3
50176 21960 67
57306 18613 3
56924 47805 15
1687 50326 69
43257 58159 76
28819 3757 19
23523 12037 94
37285 35615 11
55696 13392 93
28786 22209 74
21262 3815 2
25575 20791 84
47032 42607 75
47989 11845 34
4988 6603 88
22061 51699 35
56318 882 60
15506 41436 68
53210 43993 77
43449 57266 95
59713 20004 98
50323 28513 99
43126 9514 18
16920 17157 11
54089 23647 60
32220 8765 30
35061 7118 89
56829 18445 99
49640 41440 82
8521 57990 72
39396 40570 23
29926 32485 62
54318 7552 38
11330 45531 70
26740 6951 20
7676 14386 71
39344 34107 64
30282 9604 53
34897 31108 30
48555 36155 33
35151 50636 74
22897 21572 83
44861 57791 46
49436 47646 72
27589 38821 29
39588 1789 88
55149 39879 24
52113 31812 66
34769 53071 10
13806 6320 61
4243 58671 83
16840 10860 20
10286 58533 82
16068 12088 4
46742 562 94
48676 38097 79
15143 36268 4
52355 58923 80
28449 10284 30
46450 46170 75
19577 56161 3
28230 49125 42
39992 13128 94
44832 26430 67
32733 50433 12
2487 43747 19
48410 32304 26
49499 44960 99
1421 53244 20
42797 4821 10
45317 10377 62
13902 59057 31
3720 16362 72
39025 30408 61
29729 50844 51
56721 21846 27
22610 24882 57
29561 1481 67
14506 32553 84
44484 41392 37
49672 43672 52
50043 55534 94
54618 45608 38
52360 40768 3
53482 54570 34
47281 52603 9
39263 26007 99
53798 51879 84
57792 29850 49
21722 32631 21
15374 50616 35
13560 53012 52
35659 3066 2
49325 11209 91
58489 3551 62
59515 24690 71
50614 53592 71
33137 42582 94
19861 29802 81
10802 55355 20
48350 56256 97
28028 14444 87
225 9130 23
58569 58799 84
23763 28547 33
56479 46920 100
7137 41175 24
35420 35532 68
29382 49839 10
51255 23459 65
9149 51444 3
44576 8644 29
37128 55218 83
55521 41850 76
51856 45629 36
9173 47713 90
14735 5659 76
25260 44472 10
56286 57096 48
24418 27027 97
11634 52728 59
20578 51877 94
19323 17982 45
46886 58230 56
23256 35633 37
36487 22330 67
6331 50739 5
22196 16788 11
31836 32008 6
14625 57423 16
48115 15891 19
38321 33351 21
27243 43109 36
40901 46812 5
16348 646 40
14177 52760 8
50460 481 61
31860 47437 75
49356 17155 60
29540 3427 12
54 32498 67
40474 38180 85
51182 36547 29
47586 40744 92
33203 45946 67
41319 29821 100
48357 53301 47
4915 34491 79
56038 20469 9
44027 37087 21
39843 25752 96
19028 23155 77
48886 1677 51
4879 5908 26
41602 2769 68
15208 56532 21
59147 21990 98
10318 15865 3
25309 44304 72
58644 16582 90
14392 48376 96
53395 18710 71
57118 55146 63
30516 20365 49
20887 37342 63
30073 40680 80
38214 50279 65
14609 59389 43
18990 25054 55
43489 39385 30
34240 18427 1
54302 480 6
7297 13647 62
26055 43892 67
54555 7908 76
59740 31073 61
48544 58518 1
20003 2298 21
26744 7084 20
34622 8545 70
16018 34518 53
5364 26085 88
402 41873 1
11980 22046 74
37023 2384 23
30425 26545 37
26444 46049 90
24803 43167 61
36174 24540 91
14364 45723 70
28995 50639 36
15817 4959 65
38779 40136 87
31613 36221 74
31995 18148 77
36492 57411 39
8465 44509 5
8811 41714 58
4721 50245 83
4445 38337 77
4312 47680 41
764 40820 22
32579 33713 10
11606 25113 53
15680 28326 69
43881 57412 57
23959 43649 20
41938 54212 87
45172 17180 92
23081 43880 92
12232 8293 5
13818 44618 61
8403 15039 13
8064 25596 46
11689 52776 55
56272 6442 7
4656 44534 60
32742 5733 92
15420 11893 38
20844 13483 38
39023 11427 1
46612 277 99
13136 22488 69
4533 55962 4
18877 55730 22
57965 27653 5
55429 49886 49
43674 50584 28
32625 10594 73
1170 58353 88
1029 39702 82
12035 11341 97
15165 9779 59
58795 33910 32
19123 26903 15
280 47189 16
35646 9922 32
18755 54067 13
18300 26161 95
35278 7474 31
22124 8379 60
21788 14766 36
1517 16230 25
4618 2358 66
50856 16455 27
13912 14968 12
24090 3373 60
49893 4386 13
39905 32969 77
52827 13957 77
24575 34343 39
14796 48622 74
34495 16036 75
33143 45948 53
32760 53289 68
8602 14916 19
14049 6156 68
50488 16284 35
41445 32439 23
37366 26391 67
24662 3242 91
18100 10476 60
58048 1543 78
59776 11485 40
2966 7334 71
57926 35684 4
41853 38365 99
53849 39706 99
29191 36569 8
26376 40661 71
48891 33663 55
31594 2323 71
35125 6292 32
32114 59568 37
51802 55339 58
49756 36025 50
9715 34858 11
57952 54018 77
31607 53722 11
53873 35650 90
16196 17133 37
8584 31519 89
17872 30245 52
39850 38986 60
45416 38630 77
10678 36732 38
45226 4782 25
47820 22450 55
49227 10858 74
26630 34050 63
35815 43855 8
1812 16252 33
39739 17607 94
9001 49229 27
54906 51315 91
35153 50980 88
37501 40689 99
40443 42904 64
52800 51273 57
45087 59535 76
56632 41516 58
36754 40646 90
14681 19242 79
29421 25372 85
36144 8137 67
48873 4251 56
57569 31496 81
29475 46273 5
57561 24301 57
15687 27997 10
40404 46876 92
32187 52241 50
15717 1957 95
37250 12620 94
38394 49889 97
40974 7646 29
15650 2816 46
54097 56498 94
29602 17708 80
6069 28875 45
36578 22071 60
45 2362 2
14396 12308 85
39460 2312 81
27299 9048 34
43172 9537 46
17381 46601 64
57289 19096 20
33496 49250 9
48654 58032 13
59756 50859 93
20741 58213 71
21800 28881 81
12011 57804 35
29979 4549 14
9268 20261 26
27285 42492 32
29120 16044 16
15213 18126 38
27509 11118 13
55347 59649 16
3689 32356 37
50646 57494 34
31890 29312 44
51642 15772 27
58022 16096 19
23182 4048 57
13839 2450 28
41180 2540 51
19372 53106 52
4034 28804 92
20874 48352 81
33910 9074 10
14597 3288 49
1314 12827 89
37368 51699 89
28694 11662 37
1598 23231 30
8362 33561 54
18878 41218 42
29666 9945 24
50251 25671 8
35634 3455 84
41512 21752 39
43937 19581 56
27462 11197 34
49153 55469 8
1787 50154 13
51018 48051 57
21955 10199 18
31291 16602 6
26528 10197 32
38816 35883 17
1936 20619 91
45046 38030 8
40012 1137 67
50349 55981 92
44402 25168 34
35190 52073 4
2777 56683 38
11711 20793 61
38457 47838 11
27027 7175 18
18064 18758 52
50690 17937 43
45263 42465 18
36239 53613 29
55663 37236 60
29258 12460 46
42974 45779 74
44312 55105 14
22139 1826 11
56523 51852 72
8027 36006 67
4189 26192 18
12205 25967 10
53709 25334 63
20775 21730 25
15719 44082 88
48928 12383 56
48688 59486 33
23947 12615 72
32724 27920 13
54502 41284 26
26894 10202 40
45458 897 8
22774 49576 20
36518 56200 6
44674 13308 59
32299 1192 63
46144 37619 90
55991 41461 9
49949 6063 12
47817 8723 76
35287 31716 1
11509 31740 39
12209 54754 5
33709 35307 60
1690 1630 88
47617 48027 68
36081 18232 43
36636 7962 47
47786 50247 68
51898 47921 38
47807 23626 74
48050 27562 26
55500 30792 79
48574 30044 90
54693 52121 85
15498 16655 17
20456 14638 61
32491 43025 49
55345 19636 99
32660 47815 19
5019 6232 68
51975 51757 9
20481 47549 18
56367 3710 24
18606 44188 94
30655 30607 74
48882 38346 51
45671 50853 75
40205 58260 10
9760 3197 22
5374 19539 91
1734 20475 25
5578 35549 91
39139 30384 9
48484 58853 13
11869 19297 37
58797 45124 62
59527 52423 79
7748 42575 73
41861 39812 27
26931 59442 20
55135 19717 78
46487 33804 30
28956 39446 96
38001 1227 67
13601 22304 41
34432 44803 40
30382 53567 35
23042 58459 42
16594 31803 96
34569 41563 5
38634 13739 67
37530 23757 33
51629 24491 3
32450 53668 57
15905 30365 9
5755 50988 59
39547 18878 41
7155 31710 95
35548 13980 68
31296 55330 70
14814 35018 84
39118 30064 60
4263 14324 79
18934 16487 27
30969 27473 23
58358 37729 90
48345 17884 88
4346 7541 47
7464 35211 20
8597 21538 48
50298 43714 64
6444 6869 36
30845 3695 41
33113 28526 88
52303 42932 61
17503 56261 49
22858 58600 28
29790 45638 85
55509 20558 51
54733 43707 3
24949 13537 38
44712 29976 9
36977 17336 55
5568 18231 49
13129 7515 3
34263 58719 80
38941 23280 57
28949 41064 18
29754 32290 64
34313 20774 50
36868 41962 77
44111 55168 84
37312 31633 9
35748 2916 57
52640 33143 1
43289 13760 31
56464 27323 52
11116 47524 99
57102 46486 3
6103 14553 45
54666 15242 100
41183 28823 89
29923 17073 9
16636 51356 76
36660 24831 10
37086 1816 75
27232 22153 65
2598 29482 52
6048 8107 88
38942 13665 39
57940 46054 86
43889 45946 40
33028 49333 7
13216 30454 31
19577 38503 47
21927 58419 18
26411 25407 46
24221 42258 59
8787 50026 43
18009 17034 31
42516 42669 81
55657 40081 33
45915 53436 3
48553 58521 52
15958 13747 67
26326 50330 57
59045 26663 12
21146 28150 73
2512 44440 12
29071 3453 99
29261 41028 99
6827 45900 70
48992 44856 70
14415 56392 76
30830 17373 81
44259 38187 67
42583 31588 85
22529 44904 73
18661 47430 46
47249 30741 58
49666 39639 32
35899 42204 9
22961 11051 41
25220 42625 51
14978 19954 9
35089 59003 76
10910 41198 53
22483 36598 43
55715 39511 24
32265 44536 75
9050 57723 36
54823 12121 89
13194 33809 87
31792 37416 51
6027 28693 45
29346 55082 19
1528 33513 85
2744 12438 57
12098 57700 55
50759 54098 30
41746 16228 15
29679 38952 19
14478 12202 62
35300 51652 92
37414 18720 25
7171 16986 39
21473 4875 29
7261 55311 87
34844 54520 69
43798 651 24
97 55237 4
5968 52589 29
15240 52773 93
22948 22238 2
40562 12530 17
27993 41262 51
2711 24062 35
9015 42496 36
15065 55485 86
47704 45628 96
7245 12295 81
49472 4202 8
20382 30975 56
24625 32411 10
4499 12297 59
13833 41857 28
52811 41721 94
4997 47862 59
7131 27783 53
59279 4133 57
42781 40401 18
23109 10218 13
21986 27122 96
54968 22958 19
13637 9546 61
28984 40833 57
11121 19570 20
19521 41864 81
35250 31382 26
29302 26066 3
54322 58969 11
42714 56563 20
21385 767 3
35681 9854 57
48381 42230 16
55010 1547 43
40400 54230 64
54626 47242 52
58440 25832 37
49221 43727 65
25651 47264 41
4077 31229 78
663 24880 50
41386 35242 27
42103 48649 91
45028 20383 65
57063 15299 83
48550 38080 96
59594 58980 43
59596 12418 1
27686 22252 23
12557 14341 8
19948 44401 6
48914 38356 40
48580 33816 14
2922 29067 9
40853 51303 63
5069 46416 67
16671 7356 53
47067 25699 76
36475 47475 99
44522 22883 45
48304 19495 21
43525 17587 8
54064 6891 96
44952 4533 98
52189 31156 67
18317 47128 61
28471 20164 67
37176 8880 44
1665 56610 73
9851 10198 3
361 31564 13
39174 9213 42
49424 46531 7
6749 16174 42
25203 54727 12
43050 18619 65
34195 46103 8
48374 55593 56
46746 15256 57
29399 27546 80
31739 14896 24
15304 3212 56
46997 16078 73
31768 24071 79
21946 55189 58
39454 33811 58
26133 21082 16
47907 485 79
47181 21402 87
45165 14963 37
35558 21862 90
11769 25632 77
51993 31620 24
55784 13606 30
17102 57395 62
5279 22525 12
50415 11435 17
30329 46706 4
24794 9168 20
31112 43369 76
28847 17747 89
49953 48947 84
45360 36113 95
48036 3220 25
12453 31581 87
35076 1626 32
35904 45692 49
25146 12514 30
43790 32210 34
56356 48151 2
44912 46905 62
55826 32247 22
44926 44086 62
36626 59095 100
37448 49068 88
14206 4243 40
19112 3791 27
53389 47035 99
29867 47429 87
53724 58895 90
14237 8933 88
27255 37645 3
25008 53733 6
32112 29282 20
57310 55780 69
31112 1107 37
9538 18751 95
51210 38533 53
43447 38199 45
26030 17012 12
58352 6799 75
29444 5888 73
31523 45873 61
25015 5671 97
53005 46829 89
53209 47571 15
12433 20641 94
46069 1831 2
51926 16686 15
1968 52286 61
50003 51539 55
12345 11418 87
31423 10119 77
39309 11557 71
18521 27449 55
26888 57478 51
39443 37452 9
52405 34250 95
891 16998 42
21258 28498 2
8830 50189 27
21249 11835 46
39518 34961 53
3469 637 28
21199 23313 51
18270 9737 81
59701 47171 49
8498 1321 51
11060 36181 84
23052 48087 16
59597 420 93
23096 36983 98
34833 54882 4
26759 11005 19
2756 25559 80
31392 20125 7
29786 35241 63
47634 15572 40
18280 44257 80
38154 9232 90
31375 20925 75
32772 2939 36
40100 14715 62
25877 6657 71
3344 54223 51
40043 8206 47
37363 44236 46
17785 51168 86
25191 12269 57
19914 16268 89
41737 16029 66
19793 41897 35
30808 51764 39
54148 55208 30
43119 20735 85
16519 47084 71
44893 48128 20
12335 33249 64
3607 49602 87
24160 57547 63
53419 48048 54
31312 36578 31
26616 18317 80
38981 20019 22
19043 13876 5
13563 50885 34
27827 37195 32
22322 35991 24
44812 26975 70
47325 41356 97
18896 7600 79
14054 39032 51
41591 23307 60
8678 20248 65
36259 23982 37
55286 17520 18
46536 10943 26
4291 23321 27
1577 55548 3
35474 40660 57
26421 12901 21
32309 4843 1
16570 10168 83
31251 27810 42
57870 366 41
45940 10715 85
31042 39517 81
23582 34586 15
43317 10166 53
931 49744 61
57090 52304 48
33188 36258 66
21874 3378 70
11863 22309 10
47958 41098 43
51504 28026 47
50406 33729 3
433 39082 54
28727 51233 67
43879 7666 35
46696 45291 37
7070 52395 2
35876 12476 24
43624 26745 78
14002 25057 20
43000 41216 50
4234 50813 19
55310 56162 44
3663 159 85
47610 29791 13
52123 22802 79
32168 48479 82
7207 30810 39
36266 15818 29
15248 39016 2
17610 12605 17
55308 5982 54
16485 21670 91
48288 19284 65
43135 38942 83
40093 38132 67
8684 4981 27
44829 54308 82
5279 48739 24
7407 41081 64
33023 51305 54
43074 20439 79
3615 1486 37
10675 32261 96
16541 58748 43
58057 21898 16
49526 27913 79
20514 32041 23
51106 7014 74
39279 21212 40
22169 20368 4
46451 9637 75
27616 52584 91
49402 32111 38
4536 15918 4
28514 57374 37
17224 23806 29
50340 52246 42
30540 56580 87
8369 35184 87
48667 47122 66
9818 46641 5
8804 27284 16
28532 15310 81
2281 40007 59
2576 59789 69
1577 30941 84
32292 4185 13
1911 2882 89
38979 22790 40
53556 8958 63
58998 48253 48
2662 22048 66
7436 17188 19
15225 50258 74
4598 15084 1
42585 49360 48
23847 38268 65
49583 42402 35
40482 49869 83
10925 10083 50
23005 36320 86
12546 47310 96
31752 7819 47
45430 14975 93
49844 42691 17
30510 56968 52
50179 47553 33
7391 24264 8
20811 9337 32
497 31405 49
47601 2508 32
21267 55439 9
50758 27514 74
48377 5918 80
36926 11211 22
18311 28344 3
40767 47654 88
27899 24317 25
53319 21023 81
11368 14522 53
25940 8500 28
43295 24436 17
46318 31730 84
37118 15135 26
12987 37036 48
36292 37095 47
51181 5189 11
45335 28207 46
30214 32718 51
45556 55590 95
28749 16312 100
26985 45271 94
11554 19533 19
5791 16738 22
18499 1258 86
21480 5371 17
14724 4475 25
56800 28762 76
9706 16446 82
46861 24366 83
54943 29578 11
44334 15670 65
14015 38027 95
39772 55303 20
57248 17055 87
5345 10973 74
7266 38964 83
24568 41586 38
45795 27570 25
2185 37485 52
27743 41019 90
33558 11666 78
33397 34473 49
42823 51002 42
58503 29242 73
12738 22489 4
46658 51401 88
20189 9805 95
11388 17577 35
5388 35433 14
15192 1864 65
24258 57582 79
22895 21669 53
15886 32453 83
22400 28544 2
35614 55134 65
5975 25660 20
39129 11847 56
22843 31400 6
42612 51984 82
32705 45699 86
37117 53240 59
7520 40189 21
14481 8047 26
37621 40670 65
51199 5994 88
30087 9408 42
21315 14320 96
27929 16766 63
57450 1255 69
31470 44382 12
41111 28232 88
38686 22124 67
24513 40658 25
48445 52200 63
2322 57040 47
19480 38620 10
29350 17054 56
7726 6435 43
10002 6398 32
47003 20454 60
27655 17348 6
53081 19403 18
31015 24076 30
54594 11601 20
6692 42891 40
8115 43964 52
52212 20994 71
36471 52184 3
23034 31264 3
42052 37994 48
2983 36862 26
49108 18448 25
52958 29602 56
29241 17364 52
4762 8551 64
37823 37037 89
36274 5317 46
35688 11820 35
42922 2538 22
8222 21855 59
15210 3040 66
18293 57466 44
58810 42037 70
38957 34271 21
16488 41301 54
56309 18547 57
54689 30783 9
41580 5304 66
1323 51786 91
41298 35165 22
8889 34878 34
54632 48783 41
21703 54443 68
41799 40843 67
38547 19939 33
40118 2081 31
31018 56000 84
38645 22033 56
34234 40707 63
13525 11601 50
14019 58464 52
39483 56234 36
2996 29636 34
22793 55978 69
61 26000 79
1697 54104 92
55775 2991 48
18982 22685 98
57158 29238 99
44235 10753 84
37566 54173 8
35107 22409 77
27215 27077 34
47001 42914 84
58554 37525 57
28836 40149 52
36563 7239 100
34942 27006 54
2515 13620 62
10808 35036 41
40086 49519 23
4091 28426 83
48770 49566 52
43645 50977 93
36184 57358 42
53267 59452 16
58310 26635 55
24189 58007 76
46574 58938 71
6330 47180 77
45086 3974 29
11988 31233 8
23942 50152 81
51548 48129 77
18277 35077 32
26563 53377 13
47707 44304 55
28407 42321 70
56620 29115 83
4773 42907 2
54420 12114 98
19744 37075 83
23651 49939 1
49620 34072 53
566 54330 54
38317 19154 56
39358 20591 93
17218 46744 45
30232 9888 20
23375 22809 22
38063 37086 85
50412 27732 9
49227 33991 84
40777 18296 2
14343 36204 33
42471 50492 45
15346 53204 93
38759 39727 24
5376 51296 76
24841 19740 54
21814 16734 65
31670 44837 86
2483 27266 22
51975 51113 76
47282 9761 15
6533 12135 43
15495 15683 93
16907 20535 42
19526 29673 85
29890 3243 32
46320 18472 75
28195 52772 77
37473 46416 100
12038 9219 66
6855 15964 56
50160 16436 84
29776 53188 97
30770 4424 56
3008 3176 72
58445 4895 31
50444 3428 11
35836 16044 51
55468 9402 65
18730 12803 38
27801 54884 40
19682 8365 92
51180 26844 48
15940 33080 34
16981 41867 40
53547 56795 31
8153 43103 96
20643 45538 19
35044 18235 87
47531 42283 27
21980 17350 37
2030 17881 57
15115 39807 83
17333 56367 64
42766 37036 59
18539 7752 51
28530 59529 1
6062 28822 36
18001 13930 4
23341 38743 12
29014 49692 32
59908 45944 59
15775 1288 17
260 10921 7
31854 26343 38
11413 3578 18
27646 16937 50
4165 58099 84
1094 20509 17
16708 36677 42
53053 32130 59
4210 26775 13
46053 32843 39
45804 49106 37
50119 30648 98
49832 49136 4
34496 803 1
54 32644 73
11494 41195 100
52950 12340 55
42563 21345 20
53215 30138 52
25492 669 88
37795 13761 41
29813 13961 28
53954 46254 87
15862 30505 63
297 6553 66
42635 46614 2
38903 2122 58
40933 57221 7
14424 8180 20
3302 31832 38
3943 34062 26
27881 4615 80
20036 18048 74
46803 20229 80
20544 19555 96
11822 32717 55
23312 52092 71
59454 54914 69
52478 27271 25
57365 24438 34
43500 19323 31
28536 19077 9
51249 51413 94
18134 18370 77
26221 8546 71
11320 8781 19
45622 48737 13
37601 56259 56
30634 11705 20
48785 26221 44
4939 52669 67
22222 46659 51
39809 17639 64
47463 4056 75
40537 21660 68
45313 17069 21
3266 42323 21
45084 31723 34
25445 1785 92
2316 44425 83
10265 24458 80
27953 4621 90
51339 37375 43
35093 30309 48
19266 6915 50
36759 22202 14
28127 33420 1
1186 56061 85
48800 41856 95
12387 57014 89
42263 10399 77
59895 21678 49
7283 24971 11
33684 33167 59
36715 16521 32
47118 5698 51
32068 29598 95
19912 49028 68
17752 22261 87
42652 36572 20
12310 39430 66
27543 33493 15
33090 34311 73
44865 53863 81
13202 14516 86
36255 31277 22
25362 3016 83
14958 2875 22
59152 28975 28
5895 18984 52
43206 5891 82
21550 12637 51
14185 368 89
24349 23001 55
29570 28666 24
51812 49928 26
7782 22934 66
27171 32537 50
36264 8353 69
53065 15010 49
2267 35405 43
56988 56857 7
46938 16463 39
30651 29846 41
9948 55799 21
26763 14614 23
36350 9908 90
16829 58211 56
58601 34125 85
21889 52965 50
12167 44591 15
17363 23154 85
41885 2024 60
58273 3417 8
12545 24705 25
34253 54986 25
4798 23448 97
6454 10022 84
38607 38765 24
9538 34700 32
23892 50988 23
2147 34827 93
12613 1484 48
8363 23737 3
31171 55964 26
3394 43538 27
48670 49550 4
16818 39647 86
43186 33452 82
7302 17873 10
29020 49736 5
19121 45307 37
17713 49198 13
47388 30002 44
14082 13781 12
15400 20024 52
29291 13071 19
29502 50817 87
39019 51312 2
53464 19880 87
12677 55768 15
9190 17286 29
5867 50919 22
5505 52952 77
50040 46925 40
26058 15917 22
26788 27474 92
27707 44730 43
2632 19234 23
9716 34022 93
20004 40084 67
34197 3375 69
31099 19434 20
14219 27654 42
14063 27130 21
39769 54895 46
15486 2517 31
14191 46012 85
48477 25977 52
23330 42165 59
11162 55959 57
20761 45535 55
505 51148 97
12788 34594 58
2312 58557 82
40127 45184 59
39616 19575 33
220 7455 81
41672 56188 26
18174 17002 22
14521 36961 32
8522 23399 41
53035 37012 38
18179 38155 62
15680 337 54
21391 33287 25
7139 3490 58
52648 47382 23
15128 29404 81
33616 31875 39
31648 40032 52
43217 19055 1
55039 23513 26
3005 18588 57
51641 4228 65
30869 779 48
9244 58240 82
23036 57771 100
343 50837 98
25545 55995 29
6703 24167 79
50369 5290 16
33872 1183 89
45645 51385 85
11872 20136 98
44780 46672 81
52506 17030 11
48927 19499 55
46316 4213 76
44468 53035 18
14764 46748 14
22349 3644 70
56018 11621 60
12046 42852 29
45561 16715 99
46831 58717 98
42654 30196 76
54519 24586 38
7760 12407 33
20880 32462 67
7455 49449 87
1916 50554 46
21958 48928 3
50634 23726 90
48108 26635 68
13386 31160 54
43286 57410 22
36285 12239 75
24747 13017 18
47870 53005 11
23994 21044 70
11588 42856 30
34538 3581 63
47647 8135 75
42618 12910 99
36725 20210 8
56451 7608 41
54482 38875 50
5627 27068 72
33828 3032 27
26810 17924 47
339 43780 15
10245 14723 52
13374 29292 69
13649 30126 68
25636 26660 50
38540 18428 99
16823 24974 91
46912 4023 45
2913 44823 47
49893 50613 37
34756 53502 26
12004 10978 20
39078 17245 3
56470 28871 4
36054 48660 54
26083 59180 17
34619 4017 63
40252 50990 12
10588 29031 62
38770 44764 50
13190 57746 46
6076 12110 100
29885 37571 76
25582 30547 63
12460 25323 33
57838 49846 16
38454 45081 9
25125 20665 59
59049 13315 6
14602 57039 96
24290 1320 3
59387 2244 31
48498 3515 28
21070 1377 63
37658 23678 2
3498 49466 20
44601 38599 1
19783 30230 94
46034 3223 36
49208 6219 35
30272 48943 12
28542 56464 2
43957 1702 28
27541 15601 92
11032 43785 83
22739 35505 11
5523 15427 55
27547 27165 10
13944 9802 45
17945 47482 93
25655 19814 32
50552 14107 38
50156 39238 42
5381 26353 7
21169 7910 76
12947 2820 58
20330 25059 93
22068 28292 76
33788 55403 25
41439 29929 9
13584 25947 98
3747 28670 17
22100 2184 67
7874 45517 17
34356 30981 100
54288 35015 85
5765 6967 17
31781 1448 29
5795 38433 38
25096 9826 80
1557 34266 79
35286 59704 36
56293 4756 29
31718 31907 34
5074 35665 96
52864 27593 34
22807 37924 33
21102 26773 79
21031 5914 70
33891 57159 91
39688 21511 28
58664 56170 80
28904 9359 50
38399 9613 8
24050 28795 26
29616 26537 18
7110 21326 62
9321 6979 80
26822 31055 37
55385 11764 24
56669 6694 99
53156 28879 46
31540 19748 91
26412 35832 37
16689 15589 56
57940 14055 59
10762 51402 66
23291 24611 29
55689 7597 2
49383 53620 15
44568 9416 89
27796 29429 25
46602 35726 15
12471 12048 44
39741 340 81
32470 23266 70
18870 45103 49
47254 25539 64
50033 44804 31
55909 52946 10
45292 3964 43
38728 30866 56
8762 7072 50
33470 11952 40
25315 25942 64
39311 104 58
9502 27545 39
12563 32054 94
10500 39818 84
54495 29994 52
14198 59402 39
3627 12385 5
28914 24503 79
4788 7957 83
55997 20351 62
58344 9663 9
32173 23748 96
15653 39074 95
49788 41212 91
5688 7335 27
15412 12051 15
40344 41944 55
50058 27300 61
19729 55820 49
57218 41169 67
34145 53661 92
3545 19050 95
57471 35826 18
49396 41569 9
12140 53289 30
3430 36055 83
17849 58219 92
40422 59083 51
33438 45445 89
27294 36394 38
24242 48497 82
37424 42763 60
56654 43466 100
50107 36688 8
28588 56830 24
45285 59165 44
55730 24884 88
45505 29425 50
45388 2623 62
58781 26359 98
54811 20697 80
38414 32928 41
57989 19288 81
1439 54034 70
50150 9248 54
16190 40871 72
38783 622 40
5803 38847 19
31271 47244 74
45266 17742 10
59519 20693 74
22261 14695 46
22585 43038 61
43380 554 78
25002 56220 96
4616 57729 57
46072 15306 59
15262 30737 98
14582 49820 1
35065 50473 70
48700 54000 62
55693 58812 2
45320 10335 75
57152 40273 64
36598 31370 61
49667 17190 14
10123 55562 32
13231 5284 1
46899 53086 83
25812 10522 27
44164 19876 45
22329 25875 37
50119 7653 12
56530 29732 45
25947 27897 20
8136 16892 33
29576 59840 43
59553 34744 41
58856 39168 65
7270 6417 65
34290 12311 48
55805 15963 28
20623 41756 34
55863 28368 32
58449 41790 15
28097 44532 17
4782 57828 7
18561 23603 96
17837 55716 83
22323 18863 31
14072 14117 60
19848 14315 21
14114 47372 33
34666 53778 55
39210 45192 5
44600 19008 92
13412 35997 23
39704 25549 81
28842 5344 96
26501 10414 1
11347 53067 53
1024 28274 95
25427 58759 85
39055 34783 99
47615 18447 37
22450 8356 41
24008 51064 66
27550 58666 99
26173 15288 42
48301 47712 25
53350 58160 77
32628 7101 15
54074 22938 11
28262 12650 92
40169 42442 71
21992 47998 1
24555 6466 69
21770 39713 97
55731 38461 28
40257 5064 1
34696 44800 91
29011 23086 51
4650 9065 37
30189 19007 19
23731 7108 15
18573 5622 62
59035 34783 12
49752 41454 51
45642 25516 43
23493 19843 75
38499 58322 1
21522 38370 38
22458 34392 62
44184 6864 39
24388 16799 36
42510 18477 18
14933 29398 42
57137 37774 80
52727 7288 66
55060 43503 76
53714 25335 94
45730 24329 4
29931 47270 33
30434 9020 98
26332 12343 72
26406 55384 28
41480 44756 31
9829 6029 51
1637 58762 93
9592 15632 59
10058 46952 84
13201 27044 31
52237 1597 90
15483 30700 53
27567 50504 74
21194 19845 66
15674 59754 49
3956 13473 79
7686 13037 64
20366 15181 71
25601 30852 31
1569 11993 30
35028 53318 84
41825 1268 5
59269 11430 49
6293 55747 40
15035 27085 36
10143 39872 32
19401 41225 40
48442 19753 28
47074 31863 20
15966 19534 33
43476 34641 98
30335 41455 64
19686 4457 48
15525 26267 43
20308 42654 60
13210 9417 35
31297 37374 37
14807 1066 24
11476 29562 48
18843 22464 97
53687 43864 44
11685 38283 45
25326 24273 87
26506 58848 79
31115 46580 62
36308 57692 24
37978 42513 86
11170 30768 86
28552 21647 72
5859 58379 93
14654 12266 56
31318 53072 96
36130 14784 7
3114 4129 51
47737 41539 53
39430 44497 71
34514 29325 67
4747 22393 76
1373 17114 97
15383 3583 25
19331 29000 48
52356 40111 57
50803 34286 46
18794 37455 50
33645 54829 30
57765 18498 11
23599 6680 85
57355 4560 73
45488 191 47
16773 2491 64
27659 59015 40
42260 55857 46
16351 29395 41
28277 41492 84
53039 2522 43
32799 52872 12
32598 33436 50
16015 22975 15
4371 40301 1
51732 53324 6
24796 16750 47
19873 26482 97
59459 3905 100
42073 8246 58
34837 48192 23
6246 49614 96
39864 55525 81
43006 31637 85
51440 24 59
24057 31820 79
18826 15310 92
1823 42077 48
18287 35747 53
30682 45998 97
51768 10332 32
39215 10700 10
55499 26212 79
17900 59614 64
7607 20794 16
9629 10397 91
45890 49046 94
58624 23199 62
6783 31822 92
25083 28608 90
29535 35371 50
30797 50102 66
15671 9351 4
37816 39585 32
33507 57235 98
12430 5882 44
4511 42302 49
25751 13103 65
47887 7923 31
18154 39226 11
57668 34503 83
25655 12816 29
14340 29733 51
51587 20997 13
821 21983 61
57476 13639 65
12540 58195 43
11281 33264 92
54861 4001 64
20733 32513 70
42210 36839 71
28348 8260 26
29458 13432 8
36373 9400 13
52232 59546 34
14282 44757 5
50038 39540 74
30636 4007 18
47188 28435 95
7759 23336 78
24362 32279 66
31460 37522 55
11542 34413 2
56077 11027 38
40935 52537 100
59188 2293 21
42749 17289 85
57649 47076 85
33446 27210 71
43811 25747 45
19736 34256 51
55356 37751 32
19307 58342 67
19808 6262 23
47300 9119 13
36241 51420 84
58594 8132 1
4537 10352 70
30964 26612 89
36392 44819 94
39276 33528 54
2199 37902 21
36567 46638 24
4691 3479 8
17655 42197 89
25842 40316 56
46279 26471 97
44865 41724 64
17830 11145 42
22223 6076 5
35069 35757 71
33791 33967 42
52710 300 8
25208 5719 46
17631 16542 58
52082 18010 31
42844 55523 17
25642 8479 99
40327 1010 25
32736 18178 89
42827 5102 65
45768 14977 7
28404 18054 49
28378 33215 89
18852 36513 18
49023 39857 21
52753 31624 85
39174 55642 29
47367 58288 3
3281 16704 79
14574 45970 39
13517 8780 89
54756 1435 57
33537 48787 37
38870 41094 63
654 7611 66
35875 6323 88
35547 8981 76
43762 23756 29
49336 7692 27
34881 21904 8
45295 28940 86
42330 24916 96
33383 19989 13
6199 15073 17
21832 17559 63
18207 11748 86
56187 5110 89
15665 52757 72
13945 37380 92
3148 44706 74
50609 29750 60
34696 44516 8
11785 57276 83
44163 32234 6
2564 12672 24
18191 56205 93
864 15147 96
25068 1053 16
31590 17568 91
32916 25093 30
12683 49594 57
42740 5736 47
40534 51386 36
45343 7361 40
32732 31556 31
6916 9121 38
26586 33060 74
37870 33585 46
6767 31235 93
40716 28647 83
5199 15569 44
43792 57664 46
9921 3467 77
16941 25286 85
42872 50007 39
14675 43298 71
34375 40609 23
10508 58380 99
39209 25747 3
21394 3127 64
9252 36061 76
14562 25323 80
30421 34090 62
59416 7373 11
14047 26801 10
19212 515 46
39694 5584 58
20794 36030 38
24499 47436 89
20166 57602 78
12386 47208 20
54753 14347 91
8547 25499 68
38308 57772 57
37363 13419 38
46656 32858 71
59081 27683 81
4067 48572 93
2090 16919 61
35712 58993 58
11971 16763 61
2707 56593 50
29984 57833 20
36694 19768 79
22403 52214 97
4634 44536 31
2625 16057 28
53479 32886 27
53183 34185 21
19399 14898 70
48588 10374 41
17523 53891 74
28569 34295 70
29226 38797 10
20284 36564 43
32766 40752 31
36447 56216 28
29697 30434 96
6824 28552 66
6959 25333 72
7372 7466 68
39439 6565 70
50809 1391 25
43759 31424 40
49122 41317 72
11099 6363 67
50693 13341 29
22494 16169 58
10587 53163 64
55845 27565 26
32260 34361 98
24399 50813 21
6133 42676 29
54228 59062 23
51289 22010 100
57798 2166 2
39958 46906 73
53039 2284 34
46189 32159 74
55000 44547 65
11269 42977 6
13357 43204 9
8860 2719 97
11400 23807 94
3866 42948 39
37370 21655 10
34052 53618 2
23899 21365 70
30339 2720 51
6642 53704 96
11234 50404 39
32436 40611 20
41258 59155 19
40474 34464 73
46028 31324 19
44957 44259 36
42409 37980 82
38911 56913 15
13770 16233 15
14461 31561 51
31849 43276 49
16574 21208 63
5615 3755 74
43029 35964 24
52329 4706 38
33030 15535 43
51522 5304 20
58285 41382 7
50681 45749 51
48030 82 43
26833 36280 11
32831 29376 35
23162 24465 60
10564 28460 49
21867 28350 75
29774 57741 4
20982 8059 96
16586 27759 100
19699 37966 23
13323 47114 63
39771 5407 67
51030 54529 41
49990 42681 60
58909 37538 74
29734 25823 64
37087 5041 72
18838 31047 9
59372 15287 25
40319 49633 95
18980 53959 1
4674 5804 92
40635 35967 32
49636 53566 62
29248 35160 8
11026 12261 77
37109 41272 88
56371 34151 1
53628 48988 10
30374 10801 31
25477 29205 73
55139 10083 39
22649 28939 62
16291 1119 6
31754 43830 73
55873 5073 87
53713 7845 71
14032 38182 99
31180 8955 63
33736 14213 84
3966 5320 91
27460 8271 82
47608 40269 20
51803 20990 23
21263 830 50
26574 30146 80
34092 6401 73
35437 30032 38
26793 34806 68
29477 5979 81
41520 11344 42
4648 16612 82
43419 10526 53
12118 46742 22
34799 58120 27
24808 21363 44
26652 49373 18
23565 8692 68
32884 26723 9
23655 35186 15
45593 4220 7
47420 19901 56
42826 4225 23
20437 32622 61
18862 42946 10
59333 59555 38
49483 9465 60
49931 26371 96
12732 38938 66
57088 20053 30
37309 47855 15
43481 3448 8
19716 2229 73
46824 12535 16
5519 9114 32
47022 56722 49
39544 16078 64
40126 17921 67
32655 39874 40
12750 46281 81
32895 56732 35
4713 55745 64
8704 57070 2
18950 41677 82
53635 29992 13
45766 28104 64
8986 25988 87
45898 55127 43
11371 55 29
5600 37598 65
18807 30297 84
39632 3763 67
51445 8874 54
41754 24364 71
36374 17594 92
37318 43985 49
29201 47102 65
24147 24361 39
12419 19204 99
20652 52900 19
2261 49942 27
8313 28564 83
6203 15943 58
36425 45595 50
46508 56105 65
51336 43209 36
5959 54613 96
40221 23911 36
49853 52391 69
24060 2565 7
52959 39738 45
38606 33306 58
23863 33529 32
51279 28664 65
16456 42307 7
40690 56716 68
16435 17321 54
24286 13868 21
9692 38544 34
59840 45978 61
10398 19451 5
34205 54052 12
56372 7136 13
17315 11395 84
55176 35005 8
20879 11060 99
22471 46235 82
39098 1294 22
24161 23254 26
26210 58414 53
27232 51588 66
22039 1646 10
39093 43343 36
26032 23662 46
3628 16063 80
5713 10384 1
30149 2003 69
4276 21429 67
59650 54226 59
51022 9840 16
53183 54170 45
17230 8254 78
67 46208 84
3830 29779 52
39422 11912 72
21289 10573 72
24110 27775 6
10039 51052 85
35413 21945 35
16603 39604 46
34002 29598 86
35009 43232 54
6601 49307 80
6571 16837 98
29364 8675 98
6216 44795 23
19277 21673 47
28891 19026 58
15631 11025 96
36399 20957 11
51311 38486 55
26493 2919 75
55552 34848 52
31279 15240 60
54307 48814 9
36152 19039 5
47530 11793 59
36599 50170 84
54703 50711 52
57768 32640 19
53588 7359 81
40460 8415 41
37169 4139 32
55111 17685 90
12447 26298 39
36187 32191 84
18463 5916 45
14659 13327 39
45647 48911 39
22574 4757 6
58221 2693 17
43346 2739 3
41708 3797 82
45452 29743 82
53500 4144 80
24868 22850 20
13348 18939 94
12084 31989 74
51316 21140 16
30021 19632 21
40281 43700 65
49859 39143 94
38156 58520 28
11017 36924 47
46370 11465 60
57117 56433 26
9233 48377 28
44888 36923 66
17313 30126 32
1813 7793 55
8373 38812 20
34854 11650 45
7619 28553 47
26923 5626 23
18960 32782 61
32396 14463 67
6453 24860 87
45786 49702 75
45193 56647 35
59317 32876 53
27414 5628 63
59549 34490 17
8917 58925 78
58766 23667 72
18964 42396 29
58683 44083 96
24851 45286 17
59058 28499 10
37226 32024 95
13581 38509 83
37846 17186 23
36651 44601 67
46565 45343 30
55694 56025 93
48627 15430 21
46032 30365 100
21415 34400 53
24678 42592 13
4305 41703 27
59172 36865 41
8934 58502 14
34846 23022 4
19039 23546 45
56308 19250 42
21468 46661 47
51862 32968 60
10872 30076 68
16339 15281 68
44177 6960 51
47952 28906 90
40854 19276 98
6565 54883 89
3337 58873 52
37745 52735 29
33065 13214 13
20217 15463 53
347 15214 70
3215 12745 83
39606 44585 77
23616 5693 2
36765 13132 76
49733 3090 27
57685 57686 81
53418 12429 51
54940 50717 52
56856 18833 95
18142 51331 30
14271 36819 33
4019 29877 11
58117 48703 12
3083 38932 67
12273 2569 16
30279 43393 15
17428 48677 28
7084 56846 40
48199 51330 90
15969 32454 60
22045 20366 41
15937 48749 21
49794 26686 6
52169 11914 22
51104 9701 84
47260 1416 57
17371 5641 29
6539 5725 8
17181 15330 99
9107 53827 42
57447 116 75
38597 18465 26
42770 47341 21
47331 31831 57
41598 18746 7
18650 39681 72
59010 16709 11
33064 1378 20
23200 39970 70
5284 1578 31
13987 4274 100
30381 58276 76
19218 33587 43
56654 27652 2
45736 53520 61
47268 28878 41
9165 1197 49
508 37955 46
38741 24119 82
48809 50548 38
54675 56509 99
26549 353 83
30899 19921 75
20016 32201 97
21257 50118 96
42519 55386 73
14402 35535 76
16691 35657 44
2715 34353 89
21604 33088 5
49829 11690 41
22228 23682 69
29889 18554 96
38101 2011 90
4715 26845 58
18577 51631 52
48665 4940 2
46322 15805 12
2355 21297 86
20518 13046 66
54624 6456 88
44505 37561 69
714 42080 46
7450 23653 22
51416 4524 18
7684 52389 96
22388 21884 84
54063 53775 83
15464 32573 96
19383 22727 55
41111 4122 47
54384 59305 56
44500 56927 74
3303 28227 61
22738 12393 17
1225 49508 72
9028 19 69
31514 27011 54
53444 56627 41
38310 51704 85
42033 55067 9
39075 15584 80
35344 32036 72
49931 26117 58
50972 33968 49
35828 19128 56
52037 30319 66
4168 41484 64
11155 34325 80
28071 10414 8
57812 25524 6
11049 24095 89
51004 39191 61
30790 18792 78
31222 4714 83
6324 46000 36
19955 23693 12
9010 30869 74
4064 11095 64
58060 33652 94
31203 47804 29
32481 25743 5
54514 16844 4
2156 39556 80
46753 8554 1
15056 45759 52
12565 50884 59
1472 20232 26
57435 33569 66
58604 670 27
59450 39491 65
18142 21882 63
21763 51705 65
56709 34332 40
58369 3511 49
56598 32049 27
18811 21083 1
6651 5700 3
2940 13381 57
57061 51888 83
59354 51988 15
19407 15487 32
10916 55162 64
44868 58809 38
37578 56840 58
18392 24291 82
25971 37677 90
18677 41695 34
5241 7145 69
22941 40511 96
31378 5668 85
19377 34607 7
44018 58891 87
43098 45076 8
14738 7867 79
6562 10382 73
2958 55853 80
29008 43550 77
749 38848 11
43665 13738 16
28002 8967 51
49870 20517 92
36121 37554 66
56115 268 3
8764 8173 74
25019 39391 72
3647 8191 88
31889 2847 19
31118 449 79
34212 20832 45
43324 28369 79
5990 36250 44
49485 28589 35
9239 27098 95
46421 43461 53
30827 20555 23
4326 26277 95
36740 36744 17
18470 49465 91
12441 14588 8
40415 44227 97
35809 23634 45
651 42465 98
11548 1713 91
25253 39888 6
15036 39461 29
38123 29123 65
19687 29122 52
3997 58274 5
30455 26834 41
58552 28162 52
59551 53941 99
29898 32022 26
23602 57613 43
38815 58108 81
43005 40939 70
16008 50959 71
40739 56212 30
43795 58848 10
58113 45732 31
44338 32998 22
10339 31228 44
18071 46344 72
15877 44811 77
53774 1539 46
19988 41007 73
46414 2564 56
38566 9644 2
31388 33801 1
47163 48848 67
17389 46469 2
18770 21780 31
30794 28240 5
56741 30751 32
25976 19936 76
54524 43024 3
17609 616 73
34794 44660 15
22445 29346 65
51481 3634 8
32859 49479 11
38943 44733 70
47040 27245 21
56468 59825 4
12270 18932 42
52412 27831 87
33491 8279 26
8028 13372 96
55938 3352 17
43065 8413 89
1662 28826 40
41048 43919 32
1292 48740 39
49460 24984 86
15880 23496 13
54086 48207 53
38174 48068 77
19966 58839 24
2726 14952 66
32246 57132 42
44007 39626 57
42147 12169 87
9735 20612 71
12593 22406 100
877 6202 97
18922 11212 91
55008 3784 30
18950 39579 43
388 10823 60
14404 7203 7
141 6787 32
23871 11731 21
56463 43686 1
2776 7763 9
28761 7644 83
10449 8563 47
12075 39115 36
14817 8959 87
112 32185 32
24437 40977 46
31679 16931 1
51526 31611 66
10669 50348 8
55348 16041 1
18819 49961 16
54129 29335 81
58749 43637 96
48760 20226 10
17081 37370 80
5718 52837 89
30391 26069 77
32565 15550 18
31174 23291 70
58061 2759 30
41281 18936 43
3862 3633 62
29092 51137 56
44372 20538 5
15941 17144 78
34110 29008 18
57912 55504 6
48631 4847 50
30700 48216 75
53811 25815 86
23323 37006 36
21138 33760 51
55248 25070 10
22903 36709 16
33008 16290 18
55621 38371 4
25576 18578 8
53357 29572 90
9235 27057 29
34107 43765 38
29577 40081 24
18618 42965 54
14093 12632 28
17296 24335 11
55869 2207 31
2357 30077 12
20074 48636 15
7549 48923 100
3841 29766 21
2646 5811 80
49935 46699 87
43651 13320 90
12169 35571 32
37393 50125 1
12487 14647 82
40209 15266 32
7791 54310 10
36178 15160 79
51599 531 28
29424 16722 18
39178 11906 92
38742 3263 25
5799 2407 86
12147 28782 39
50733 18538 48
20054 8242 44
12701 4566 79
3353 253 6
14618 29837 15
22125 41839 27
30883 45567 11
10751 37134 71
44805 28128 22
48491 23569 75
51726 19687 77
54821 17398 89
39541 56912 72
53672 57510 37
46693 39639 48
31748 287 31
31530 50508 64
29864 40701 89
21725 53431 75
27184 53487 30
33018 16630 85
52179 30317 46
12938 24471 3
34863 26548 32
9991 9482 73
24973 23109 63
38587 1637 61
49033 15110 97
34350 55456 57
31194 26937 65
25886 59367 53
32784 39660 76
24381 55625 88
44476 28286 49
36332 2378 34
59116 52463 60
13788 3926 21
57404 59839 30
24009 43860 99
22923 6792 21
37223 36493 88
34435 8934 58
37741 29027 35
47408 16079 73
16886 58116 56
55888 58761 24
44272 35322 86
47702 15848 48
8649 28687 10
51379 11094 19
24093 44768 93
54297 38534 73
4567 54270 77
47134 23517 9
39574 23252 65
11464 21792 36
30928 43018 86
27082 50685 41
55435 12373 51
8400 38253 9
2701 5483 18
56566 17961 75
57255 1628 93
30187 36469 7
14676 48422 91
16632 8337 88
7728 11833 5
13721 50500 45
36620 51443 35
10864 47784 34
25168 9622 88
35916 8868 7
9480 22772 18
30998 12061 14
18295 41477 91
19463 1495 27
511 36987 17
13118 38203 85
8757 37764 70
12133 50790 50
34482 7331 13
33209 46313 61
35563 50935 58
51103 29916 72
51346 18240 59
34100 20300 11
10514 16891 48
55094 42429 46
31827 4314 35
15004 59253 77
31403 11204 51
36183 28936 40
12702 22084 54
15971 5442 83
43199 26649 79
24597 16615 86
24159 19872 2
11672 43735 65
45134 52444 31
15195 8429 72
48 58545 27
39450 44384 30
6524 8041 2
13744 54572 75
15549 22226 42
9097 14694 94
9059 11176 55
37341 58358 83
4176 34066 99
44967 25525 23
44827 27167 49
16346 32497 73
45537 52938 31
13125 15635 16
26512 21643 54
35050 6686 51
14048 57295 5
24781 7036 64
7219 47956 76
28358 15397 32
54068 55896 95
24615 33958 54
12824 15161 91
36224 5392 28
50430 55743 29
37780 3430 9
8322 30035 52
23521 603 21
32998 21041 54
17734 9515 17
50962 12687 75
28863 9193 97
5431 20645 9
46758 32065 35
59666 56249 42
34346 19583 13
49955 26753 98
32169 7274 38
48072 8425 38
39155 38847 44
53720 32839 94
17280 37874 73
31907 56510 75
52078 58337 33
27778 25130 39
13236 7448 26
4465 56764 15
37667 46009 7
25123 44262 91
56432 33771 40
30824 36593 18
17448 49184 40
46473 43701 60
7163 5676 65
48511 34527 32
10683 14246 93
947 51573 86
21935 14480 49
17980 30463 52
16188 9802 63
36919 16663 54
42924 30677 69
26577 8828 90
53818 48539 90
49603 15002 80
40122 58916 78
33161 45883 92
42430 20054 93
21138 39112 62
19132 44485 49
2271 11524 10
40823 59018 11
3445 53864 77
3313 36743 16
44691 41730 32
23224 29279 96
12507 19640 31
44492 21033 89
16830 15495 55
4886 21416 13
55279 20372 62
48001 54569 60
32566 29583 62
7271 32910 57
16236 1000 73
49157 31259 91
271 9837 86
16759 52997 21
58076 20086 5
2219 54275 15
13705 38113 19
37011 18275 39
56039 25383 49
32707 45396 70
2482 55810 90
34106 16650 74
12712 40349 7
59786 8198 46
40581 7230 43
27287 1830 65
4266 272 2
23473 27975 63
37125 28429 99
21400 20664 72
58041 547 74
6546 50527 91
14357 57329 96
43329 19392 91
44336 48211 35
20405 21527 85
44732 10487 47
25250 33397 67
28834 27870 85
14875 40177 25
13734 9702 79
37778 24706 32
4522 30881 84
6532 43115 44
37859 37212 31
45261 22511 11
32551 18431 14
20395 44426 25
54146 44982 72
14729 37073 85
58027 36476 17
26196 2455 24
919 41160 38
46460 22637 33
11612 32076 39
12181 7353 69
14930 302 18
8277 52026 23
37447 27331 25
36987 41391 52
55664 12594 92
12975 50334 38
313 8095 47
42587 54692 98
26848 18304 99
30744 40038 13
57004 48888 68
45856 56062 82
45640 8183 25
9607 48674 85
49352 57803 53
7655 53966 51
13291 39669 22
38267 15890 95
13321 63 61
33162 13595 7
10115 24632 66
19684 13489 64
55318 45848 60
50941 57682 57
22250 55428 72
29154 34655 86
56093 54932 56
33150 39282 3
54562 49636 51
10368 5121 6
58401 36610 46
17777 53837 41
6630 23049 9
42179 32456 95
15855 42392 6
17884 38632 74
50416 13037 90
1101 56782 86
16504 25148 2
50337 47814 48
24195 41534 80
13899 14385 97
51946 48134 45
27714 14587 11
10930 39863 97
15344 15942 62
15707 39697 83
48190 3298 92
30592 27103 29
40946 26504 31
59106 57002 33
58395 16865 46
11645 39181 24
7321 40603 97
29574 39364 51
31707 54598 35
41901 16894 79
49268 34328 22
4716 59277 48
20162 22643 40
35830 43261 94
21401 2877 1
2712 57122 93
22699 31266 96
36689 5305 69
40713 13113 41
5581 6077 1
46128 39842 44
45942 24219 1
29340 26712 33
26127 19461 44
45624 55325 39
42787 7011 77
34561 30397 83
11815 42743 90
25938 27726 40
4724 47787 51
59676 49339 4
29271 49737 100
31697 7022 50
53286 38033 2
53017 22931 1
6304 30736 47
8869 857 96
46445 24166 47
15113 56543 46
56827 16768 15
57439 15739 83
21789 30105 94
46575 34070 67
14239 28684 50
57012 19727 48
31840 40334 83
23747 29740 26
34924 28991 59
51722 32357 91
27005 42796 81
14187 49304 31
25716 7889 74
26000 14448 83
4688 42843 38
39735 28310 80
14889 31270 23
5331 41801 66
5233 4275 68
19485 37102 20
31937 48100 79
27391 23820 80
39575 17761 18
1193 43438 34
14442 36623 82
7330 43355 39
59324 4431 58
12047 38090 52
36556 11076 17
36298 28869 30
14901 47164 55
14021 51509 77
26477 39439 28
38359 37630 17
36614 29842 88
45498 11989 16
30831 5526 37
49964 9815 92
55748 29383 41
37589 38651 50
39201 34163 71
51245 42588 33
23980 38275 69
54201 50477 79
2516 49249 47
36178 10443 69
54736 56400 56
43692 13246 44
35369 14687 91
1200 34766 19
20871 8969 59
48245 4373 68
36142 43078 8
23325 40259 49
10154 38739 51
50776 26233 12
29250 23819 23
32832 48100 22
39764 10536 82
25428 5780 56
53304 39990 83
38886 366 76
9386 53677 11
44935 24535 9
18793 3793 68
6708 29858 73
8476 46042 95
13919 59432 13
23001 9927 21
17269 24946 47
204 45114 8
17697 21309 30
935 9806 76
24057 31384 3
48734 24214 9
47350 50474 16
33034 39651 96
23041 38937 21
29169 50042 16
53699 17633 66
15763 334 45
56023 53636 98
25469 17521 27
29501 3207 11
37918 59641 20
33398 9627 7
41536 3168 77
58983 48118 41
29312 15054 34
40857 2158 20
19119 4528 1
26942 57076 52
15016 58714 92
20509 26530 26
4291 1631 59
59701 13192 21
57739 52203 6
3312 15453 77
58186 53435 5
19694 11096 43
8727 26760 7
15327 3085 6
27542 22878 51
51045 57443 36
43194 42528 33
7098 21076 85
25873 50400 48
40803 27340 6
46005 57627 87
16456 41841 57
16864 22020 39
9662 10570 45
23038 40783 9
18231 6772 41
34073 10342 65
12755 59809 34
52749 15959 80
35436 56221 1
21934 17780 9
59252 29408 8
46013 48894 88
37572 30535 98
17326 5463 13
56950 59546 2
55156 16323 94
37458 3362 75
5694 33765 85
45216 55151 36
29692 25984 46
42871 4871 65
35844 6999 63
49564 51306 16
35550 58826 16
56160 7559 24
49464 30030 26
17287 49332 55
7056 16037 16
22172 47586 32
28041 50071 85
59537 43033 66
43846 47096 66
1645 14135 80
32317 31097 84
3813 23168 50
27316 9807 14
44851 32145 9
20212 19598 13
34729 37654 48
27774 55977 13
38798 7643 5
33305 53202 11
57995 58661 43
49298 55701 40
6798 50322 84
12382 50493 24
14800 49609 60
42412 41106 83
58198 48276 50
6983 22495 92
57151 58383 54
46810 43892 72
47332 43035 19
38904 44955 18
7228 57219 58
1432 1319 63
10381 50781 7
2055 54426 68
7433 11808 76
35677 37922 34
30276 47291 43
17493 43807 11
14541 34421 85
35405 31292 48
14663 18356 69
59228 7775 59
33077 57482 22
31115 27734 89
25702 49096 71
1051 30157 78
3164 23570 97
32978 23032 83
4222 7611 23
45876 44762 63
26224 13186 15
8016 3427 27
356 9118 18
19274 15645 14
24937 10917 3
24263 39047 64
2263 11774 40
58711 29135 89
52492 33821 51
55376 39679 81
18799 9611 92
8862 2543 7
13025 46978 68
23786 30767 60
18913 28393 92
47720 48569 57
37215 18735 61
37015 52407 25
2852 55722 38
49588 51942 32
23898 55828 4
26911 24295 14
28668 382 99
11363 12312 88
30666 43844 92
22293 33480 54
50446 3397 75
10608 26495 49
30019 14478 45
20625 22812 77
41093 15252 67
24353 40849 96
4857 51992 11
31569 40938 56
29533 21087 65
915 48657 5
6629 4799 47
57526 46762 27
46119 33655 28
46412 11665 3
38674 39778 87
25439 21284 3
19076 18316 90
43656 25861 15
5291 48755 89
41881 25305 84
4659 46907 25
27417 12465 39
33284 43784 7
4969 44603 14
50502 39783 95
15226 11432 35
32273 1960 41
39822 2710 83
12827 15938 1
12054 3359 81
24594 17184 26
31702 5415 29
27547 43745 16
20122 57156 38
55758 43655 18
46009 3384 27
17391 19841 48
42106 53143 51
12612 48566 11
54054 44567 45
36039 1818 27
23671 41222 56
38034 34443 34
44870 43189 81
19354 24835 43
41572 25843 99
35709 28364 4
32100 20499 67
30344 20980 49
52040 443 92
45412 30979 32
40330 38856 42
23716 18582 47
204 9438 52
46718 37961 89
57888 10000 87
47218 43624 72
1955 52614 83
8215 46640 55
25588 17908 49
10824 1523 68
53366 21949 43
4504 5762 80
41930 40332 11
55916 57396 17
53226 2784 98
57861 26123 69
59543 43075 20
39809 44799 12
5015 28373 79
15417 51676 49
21386 37705 19
41882 42027 89
47788 21048 30
14983 59145 4
30656 11292 32
58036 35811 48
17513 2687 55
31926 15068 65
43548 47259 68
4695 23283 57
18722 57106 23
41326 55360 4
17178 40158 75
27780 10676 28
46125 9368 22
29738 51545 45
36801 46548 46
59050 11103 100
51696 1948 40
49433 25645 5
20513 26469 16
25037 15813 7
14879 29701 77
20851 9621 88
831 10223 83
40517 13366 29
56423 4443 40
53496 24289 71
49323 16716 41
35206 44431 79
22906 26140 23
29581 56537 37
40112 58409 61
55244 35461 10
41244 16137 30
33275 4575 86
58260 58893 87
19668 50476 83
12839 59765 15
55471 4179 3
2059 1294 86
18633 55922 51
8866 20239 94
6206 22432 45
56714 21281 99
43084 12361 88
34272 38438 51
36324 48694 69
5413 55524 66
3259 4920 15
34182 24510 55
8944 34224 14
32562 15831 31
51681 57563 92
46488 56341 9
29332 15967 46
24360 10242 65
13393 11265 75
25318 20252 63
16754 59089 24
33989 7270 60
4378 11909 65
12949 40675 40
4030 14232 39
50760 3132 87
55071 18294 24
27533 13273 63
18947 41360 43
35662 33178 15
49820 35678 92
13121 54746 31
15261 41660 83
29150 27087 34
40340 52269 85
21602 43825 92
8011 53585 52
39803 10120 1
52281 6231 22
3593 18801 50
41666 14569 86
46537 26242 18
48808 10146 6
28212 18026 14
41937 50213 83
51505 23561 46
26764 54316 18
2148 56483 35
41603 23268 58
29338 29330 95
41327 23842 30
1009 23681 59
58368 7419 96
28555 43845 66
20695 938 23
59569 35060 32
19766 21900 21
4866 54229 42
59845 52658 41
8537 8670 30
10559 9223 36
20088 16823 8
17130 25606 35
8512 1371 27
29912 37214 76
29045 13889 35
58050 23386 70
23408 48926 19
55960 7117 64
7061 34570 10
34535 2544 82
584 59426 14
47786 33697 5
25121 24913 94
59787 30289 52
44207 13354 29
313 39620 4
32691 54166 35
3873 56182 58
9661 35467 25
44983 45130 51
46738 54264 42
21764 47535 81
32517 26071 72
35774 30747 57
8431 40787 37
19498 43689 5
44794 11741 73
16921 54438 84
8915 35580 19
48608 15648 62
4410 9029 57
4593 55871 65
48654 53104 19
43510 48105 98
48804 15571 69
6717 50471 16
9432 20364 98
41374 31542 24
30136 1652 59
53565 42474 89
57431 10255 87
40958 58794 89
9380 30978 69
20855 37597 16
40325 11984 60
31515 29355 66
50687 2492 28
42214 6636 35
53152 7567 67
56995 51196 89
46438 51325 77
53372 27505 3
14241 23265 71
7688 40652 91
35320 10291 71
54702 9770 22
58575 28336 51
14471 19591 97
40718 49769 38
34851 21210 87
9044 11143 72
50679 17089 95
14497 54283 1
25758 25304 81
33620 10688 20
35768 7827 75
52831 57381 65
28001 50860 57
18111 2789 81
15778 35262 77
59630 28813 42
33766 57093 51
9584 41970 14
16772 6242 36
40606 36859 51
37620 52055 74
31959 19192 28
18487 50661 58
11024 53210 88
10638 59687 47
47918 24796 1
29310 18581 80
29557 15961 68
51070 54221 59
33067 27785 74
31081 24855 2
21352 54518 64
37281 8892 81
18747 55552 90
33312 7858 85
1337 11028 71
50462 45473 63
55996 17340 72
28401 12510 68
30612 43883 81
2883 31774 99
27922 35212 36
42524 33826 68
23222 3414 92
57735 11300 93
50646 54354 69
50229 17024 32
26188 10493 12
10375 55091 53
4048 36331 32
45187 20084 53
16922 3066 43
20299 49817 95
6384 52701 98
36738 50144 49
26104 16991 71
53721 45064 42
29034 24006 98
37432 27754 88
15182 35042 54
5530 7643 23
25561 35638 70
11156 46181 14
33135 49540 13
46980 55241 41
3978 17794 100
29206 14165 61
34605 21797 28
41467 1722 18
34492 6851 14
50371 4611 91
58061 45606 63
29136 21350 92
50185 29987 8
16730 54432 69
37564 33379 29
17758 45786 40
49471 7160 53
49128 1015 43
39723 8656 29
30020 56531 15
26186 27872 93
23611 30174 55
433 41949 72
8512 6712 75
19206 58428 91
23421 34967 83
34870 16317 15
9744 17552 75
10261 32444 59
51278 26883 56
34777 37557 51
7456 23974 46
7110 42390 58
26915 42127 20
14249 32530 37
25396 33600 49
12338 6377 42
39722 22871 57
18977 49505 29
33736 45174 52
59910 34993 65
10521 43797 9
23552 26041 44
26489 42541 23
23880 46862 66
42478 52637 79
27566 5907 17
23419 9996 42
41964 1768 51
14178 25633 75
47949 1331 39
11201 46543 4
49468 47255 44
19472 24708 22
13495 48042 30
13199 47688 82
39635 51118 22
38426 3078 92
28086 30205 50
55032 21539 82
41159 33302 18
13413 39253 44
46057 12563 7
32711 51486 96
17125 59833 60
10273 16627 77
12954 12158 95
8874 43197 98
2570 46123 57
19659 59600 43
27049 7292 3
9709 5536 15
18705 22566 93
36713 8956 84
23390 25571 51
2230 15605 21
41679 53600 15
4635 20392 47
41528 26375 19
3921 42647 6
9275 17596 61
26974 37165 26
10630 58821 67
110 14213 98
35506 35934 85
17967 12813 29
36973 2383 76
21475 46131 55
54791 8913 5
16072 7726 53
30523 35551 63
2364 40370 49
16274 6148 90
18020 45219 64
7881 35703 96
37925 25909 55
320 5350 51
17737 21678 90
26940 9497 51
17602 17522 88
19733 50 100
50483 3457 62
7399 37604 63
28956 15036 48
13588 35674 22
27983 56839 80
11743 56055 44
14091 12574 12
17783 28164 48
42616 8565 94
19281 51420 17
25696 44130 46
36887 56634 79
34054 54350 9
20121 2523 9
49868 3126 96
36517 57454 93
3811 27176 48
2048 55675 16
22748 13733 81
58707 57729 1
54003 14106 88
26219 42578 30
2965 10244 15
8719 8190 32
54531 59023 73
54952 38790 10
36230 36651 69
33542 1835 44
31573 54022 47
19518 53930 43
51867 58250 91
49133 57181 44
11567 20944 56
44155 45699 58
12518 44931 14
34704 31896 51
21029 42366 82
19094 12459 26
51948 30432 79
41030 13580 9
38994 46085 22
47178 52782 3
8878 20679 52
59587 49457 97
31020 36253 37
27142 8264 32
20209 34568 27
53336 9810 70
54973 2770 82
6116 35365 75
15816 41372 58
13016 32563 30
37022 19117 75
51908 11680 55
10692 18749 86
11321 30257 57
33610 6383 35
26405 17614 82
50420 30083 6
10458 50511 20
8080 47318 16
54083 20910 72
20860 27114 99
47677 36281 14
36300 42755 19
4508 18671 72
401 55105 36
19906 13120 90
50686 6908 69
22787 27964 88
52957 15165 97
28223 54878 2
21840 49815 79
38901 45939 27
5007 25578 58
51167 20805 14
4371 13640 39
18462 7969 58
4211 12149 56
737 32777 97
16783 7950 5
45653 25854 21
30062 21858 2
25429 9151 17
43519 29390 97
12175 19018 26
25518 25570 35
28507 48539 54
37999 23452 30
22287 4708 47
30598 19625 7
50834 37654 96
13553 10092 6
45274 39562 59
32803 35816 61
25603 36918 27
32974 38439 1
40618 57113 30
36440 34353 5
45609 8605 7
2962 465 67
39091 45197 63
21296 37085 83
8318 24439 20
38177 56761 67
17019 39723 60
1500 18997 39
32812 39452 33
28510 40034 66
48629 18384 43
50479 50421 43
10571 17257 33
22119 58039 34
35315 35259 49
35887 32230 56
6225 53475 63
11500 13405 72
44527 58698 54
31747 20853 7
30987 32700 27
35766 47871 56
50353 41652 49
19512 19698 81
14153 39496 94
57660 43843 49
13743 17823 34
42377 15357 8
24496 625 19
23835 32320 8
22138 43582 69
18218 31998 78
30531 7906 53
47612 4368 99
34488 57884 52
45293 55182 17
44613 44815 18
53988 24277 49
41345 39976 71
13119 19020 66
8855 42099 42
45409 10694 90
23883 278 84
1701 55445 42
59129 207 68
43658 21664 33
24016 54756 81
6091 5370 100
49881 15002 82
40295 7748 68
33311 44838 78
8480 46504 24
22884 14914 56
2055 54511 67
46171 24963 82
39693 22230 6
54244 15411 83
54249 23147 19
35492 2240 50
36888 31675 82
13938 2279 61
52550 58175 26
3820 10985 25
1981 17564 16
16217 52741 38
42262 55822 29
36815 32465 53
4974 23227 37
7956 47935 77
2216 28170 22
19343 9196 1
14212 54136 97
35094 37464 47
1460 24905 83
14885 59762 74
36216 13112 59
13815 32311 12
27958 48272 89
51561 42759 88
37915 51298 5
3446 58700 28
614 22246 14
51565 2776 1
55512 19500 18
14895 29421 56
34839 59398 89
33715 6440 65
37396 3157 28
26389 9470 9
50201 57528 16
28097 51006 54
46266 45309 26
53978 57947 28
29963 48167 37
21796 48084 45
12250 39947 93
1538 36714 28
33916 18194 65
3423 55058 57
55921 40614 16
1222 46924 51
12992 13455 23
26738 30287 77
48106 17799 11
38323 23315 20
16291 44913 21
3706 25033 18
12173 28267 28
51953 53927 5
52056 27513 96
27225 58525 22
22404 21488 42
90 28181 48
18621 37385 27
29087 36433 93
9713 54195 85
1647 33186 33
917 8435 71
16033 59015 48
55418 54743 75
32206 34825 61
25095 6587 97
37103 33790 12
55356 48001 41
37658 28033 66
35166 40541 20
56832 3980 20
35106 30316 30
21828 18268 43
757 18000 77
6391 2523 50
13770 20762 47
13581 9657 33
33103 58642 3
50653 43331 78
13433 44192 81
9667 57672 70
35567 37241 81
4655 45887 27
2944 904 19
34162 36357 24
46401 50776 82
53691 25092 96
28493 21509 40
50563 46761 29
45690 47993 82
22156 25137 88
35529 4354 11
48266 11537 6
56508 11704 93
20412 1194 69
15378 56520 97
35194 15515 72
53432 1892 74
27614 8593 55
23878 20799 63
22577 24045 38
37022 9179 81
10255 3694 50
51974 24205 72
13112 998 36
48011 53514 23
49511 46026 50
33015 11147 49
14202 31141 57
18636 34545 87
21228 2601 56
38234 26867 36
47836 12179 33
26059 15307 73
41540 34721 77
3429 15012 27
24261 59799 98
10246 33004 36
43608 37559 28
36007 32148 27
36159 5532 58
52682 2838 92
52480 44102 25
56711 6059 93
20991 10565 46
29772 34967 7
55093 9299 25
45861 55492 41
3901 14704 45
21377 6157 82
57446 11249 20
21887 32499 44
2490 24606 5
35590 2764 23
28836 27139 100
12748 48423 54
22671 45200 33
9742 4829 10
2799 10502 52
2847 43402 94
7048 19469 89
20982 19290 75
43428 27682 15
3142 41926 41
11371 33864 17
16403 54579 42
1909 6050 70
22121 9030 41
45218 27873 30
52712 21206 63
6149 36854 52
23013 3555 97
53877 55180 97
41873 9268 13
54169 41563 22
40772 23474 26
26907 13951 39
52529 35352 55
24243 24069 73
20438 89 80
17213 41237 49
51632 15329 44
43491 351 15
14332 40640 36
34787 57912 54
50455 26271 69
13261 10627 40
40452 15066 65
53329 9510 10
52774 46548 6
49838 40277 53
190 25600 87
11131 43840 99
8564 47012 45
49437 24334 52
4149 31357 88
24113 12443 28
18366 49589 50
13042 48261 67
12704 27693 1
59491 35653 95
25467 1087 29
28313 19375 87
44787 23440 10
36008 40255 91
55308 4503 83
45702 34433 43
30289 53383 85
56014 31317 29
20172 31923 30
15196 14132 30
58832 6967 47
33213 58487 83
25874 44872 55
40203 23015 61
10668 2850 47
13424 54928 43
23033 23654 92
58165 50871 77
34029 41681 42
38130 54144 66
38944 30922 80
15278 56938 59
4181 47947 39
40480 22601 29
22567 17280 80
51123 38048 59
4591 39421 66
18124 48739 10
17531 29072 38
34176 17541 30
28519 5439 97
53020 57074 55
48050 56529 48
6259 30192 21
40009 34089 60
32418 41813 100
29078 40799 82
47669 11544 52
22537 28523 86
59429 52053 61
18943 17556 51
14116 15318 100
39982 58569 86
1035 11163 11
19826 9965 76
56272 20196 79
21868 1319 27
58962 53846 19
50515 26693 81
50150 8126 88
2158 26845 40
44433 309 19
4293 413 63
6251 44847 93
44078 51600 24
37580 43420 72
54521 53836 82
13589 24337 79
35253 1162 39
45508 45646 21
58232 23470 94
16999 58868 55
29739 29724 11
18411 29599 81
14523 30225 59
53700 33107 87
6884 33654 13
54956 11237 31
35845 54689 26
2830 24175 15
28744 41303 67
31284 19591 5
30146 42523 97
43384 45159 23
47666 40779 95
9449 59223 89
46717 57612 37
2649 25608 6
54621 43083 82
6902 50371 15
4570 41939 7
27292 35258 5
27016 34801 68
11059 29618 69
36348 48300 98
3104 10542 13
14980 1574 84
26060 38230 95
27564 30392 59
2119 36035 18
53705 21651 69
39389 50192 49
39839 7905 33
10598 26771 54
45495 5226 63
17399 25766 85
6105 23654 27
16448 2105 46
38808 3217 63
900 27270 27
20106 18164 10
13039 43485 78
4958 32345 67
40000 46105 65
42633 5694 62
46650 18845 68
56701 49042 44
37220 11886 33
19739 6932 13
34377 7599 46
22244 54088 16
16717 41458 34
1803 23257 99
2877 23153 42
36839 34537 100
25389 25200 9
53850 20135 35
58171 41255 15
27476 47190 52
12077 22361 66
30704 18893 64
12282 6124 37
16634 51864 91
43713 31435 50
18377 23906 36
57577 45501 19
10728 19520 78
58003 34591 10
2163 29967 14
14963 54454 100
48183 37279 16
7336 43418 100
52960 5510 72
13642 53536 22
16814 58993 51
57036 43576 65
26505 710 53
44404 16480 83
10566 37209 77
18302 8689 15
22742 32891 27
22009 13090 51
4117 1820 94
14207 51334 79
18076 25971 84
19910 41869 76
40724 49753 6
16393 5062 82
25975 52343 3
15854 22386 70
24076 57854 4
51764 32438 88
16629 8729 25
28466 34955 19
24320 12013 24
40469 48905 71
34737 10857 96
11659 22705 59
35661 56237 55
59420 44056 99
14407 36482 77
48262 22310 58
48130 48689 36
13223 45579 51
48351 18773 76
53025 29743 87
8813 9412 74
57652 8511 9
26046 40978 3
48754 8815 85
12807 42885 8
57547 2422 43
57305 29231 50
4868 33044 3
43601 17031 30
7420 3984 82
18703 18526 64
48564 19723 74
28001 36613 2
58672 15871 45
33398 21815 42
51307 5972 100
16016 804 79
52613 57262 52
30616 30730 7
52740 26879 54
1717 45628 54
54776 52897 6
39550 19469 73
10476 51564 3
29834 48907 47
19895 4478 76
55024 53382 42
23071 34393 59
44663 45837 82
32384 59203 77
29166 18557 27
41478 15697 28
43294 24385 7
8873 44298 70
6168 3354 99
47458 10986 11
37733 56374 84
53841 45801 56
52472 33781 76
25271 32854 6
46558 14408 95
46411 12727 7
21813 49165 27
36695 7580 91
34702 19718 72
24382 18222 16
45976 57765 90
49095 36760 100
27727 22116 60
53181 26768 73
39519 47961 53
13516 45867 17
31453 152 83
40639 22285 30
8707 48811 52
39605 7867 28
19511 3659 92
27748 56303 6
10046 53503 32
13911 22168 77
49568 25249 54
13060 10101 4
16567 3188 16
55247 39393 42
7428 24982 64
11033 49780 38
27625 35788 26
3499 20292 95
45354 35222 96
25703 23983 98
31800 37476 78
49469 27827 96
31783 12994 20
29695 20379 23
8857 36828 82
36814 47946 67
41246 59001 1
32290 41001 97
4196 21022 30
21024 9326 19
45483 51891 77
37763 32316 86
890 34043 23
17101 34321 16
49867 18441 57
49898 47142 37
24475 17840 29
59443 10877 28
39224 26610 27
38072 10265 63
39256 5265 1
26733 24526 73
39860 26591 38
5935 1881 79
2475 16824 35
47536 50870 100
29298 11588 11
16417 59664 98
52310 58398 32
7957 27669 68
9095 20012 26
40308 3758 33
52862 257 10
14242 12897 48
49267 35576 54
11516 48774 53
17709 1295 13
47384 27760 97
48259 9217 6
28201 51077 29
30130 51659 40
42697 30600 86
21226 24209 66
22981 13481 50
24787 46260 72
41200 6722 9
2518 53871 5
35925 17152 68
34297 39094 63
33413 3381 21
46395 48847 29
41722 198 44
725 36228 45
17453 57866 51
37878 12834 87
30240 23416 88
31008 21968 75
2559 28463 99
1947 51088 3
16027 31432 77
51155 1007 54
12144 2021 76
33122 31855 57
487 30549 96
4121 34891 87
27513 55783 44
10378 23186 71
40727 36036 29
35903 33590 41
14716 36802 69
20507 32055 51
17030 9548 78
2079 31978 24
19882 15388 19
33708 49946 72
5352 58083 91
45177 49296 84
45450 43278 94
42626 2393 9
32368 35473 84
38443 38538 71
9008 30726 15
56947 22892 61
59465 25259 87
18760 27961 74
6017 5894 30
44513 37634 66
18686 59330 87
31534 2077 33
55671 2137 72
51412 13860 73
36682 42578 55
18095 30218 93
51845 36273 85
20516 3949 14
38791 12366 9
11139 17054 59
51797 26288 41
39826 11031 72
1318 14079 37
22231 38969 62
45714 7528 92
51319 54507 1
51624 42782 13
22147 6326 30
40077 49590 46
10444 58258 81
29542 41340 71
19226 20049 77
55516 44587 32
40150 4249 17
43350 6406 60
49175 45829 34
56281 55153 93
5739 54486 94
18974 19 27
175 17721 89
11787 40577 18
56141 56443 3
37979 3534 98
32506 16507 81
22348 52333 61
52545 34751 38
4025 19450 51
31889 51681 29
16716 13641 8
2359 39015 43
27927 52775 56
17092 26626 59
53977 9614 12
14829 39773 65
53895 53736 57
41275 26620 85
41433 6077 100
11556 18596 11
8058 47199 49
44208 7983 31
40314 56144 70
48684 42241 100
28147 24555 55
12969 52704 66
46612 5692 35
55233 35687 88
31438 20849 59
35049 5378 98
43372 32180 13
17402 31644 99
33115 21709 7
43193 27528 86
35012 49592 42
15448 40740 9
18641 28296 17
21682 4387 56
59103 15718 35
30444 23926 51
30577 14097 79
20523 47385 48
32183 46453 52
15241 43459 85
30739 36852 67
38329 1598 41
54429 29768 38
19909 46305 19
35805 22539 94
39619 5537 83
19457 28233 37
36397 53593 33
6929 40214 90
636 21304 6
30040 41054 83
55451 40575 86
1950 51147 89
40747 37009 83
56455 32989 37
37927 5606 7
57326 49334 83
36345 10176 54
1930 2198 71
52704 53846 6
15570 39436 9
36182 54649 90
50755 59019 100
8445 50937 65
22625 17700 41
2927 18818 83
39053 15901 76
14994 31312 50
25955 47956 48
42182 8895 91
21936 56602 52
29685 57492 33
25707 51398 82
53236 18823 35
30190 35461 11
836 57648 37
33717 19585 74
38811 23008 20
17799 31633 5
6523 17372 94
40840 8594 34
14013 39323 20
48294 43899 17
56635 22995 41
43697 16841 35
26053 18550 52
47105 22668 59
42082 50654 73
25246 10867 76
6934 23533 34
10170 50197 44
32200 11891 84
35817 43190 23
25554 3053 19
21217 55145 61
9225 8850 60
23070 49261 30
20905 39274 63
30246 29088 85
4960 46784 12
18841 58941 9
14334 4001 63
50814 48975 19
32297 7850 4
38294 37231 37
52629 40059 96
43924 15926 62
17110 32336 62
8747 26338 68
53855 22028 10
15748 30524 92
538 41732 46
33320 58714 4
30729 43083 65
38148 3463 14
40237 6351 63
58953 35754 71
34893 51282 16
6840 20522 56
25320 5211 97
10892 51691 67
24306 43832 72
12223 18759 7
4911 16736 46
15496 38184 57
25343 49916 43
7873 3442 91
6676 52402 85
49789 38676 97
14745 51305 44
49540 27507 94
28602 19212 21
1129 51184 6
56129 45411 57
12492 32298 82
34733 48578 8
9075 27635 59
1089 39429 53
32862 21744 12
45824 24376 47
6240 31543 46
16114 6710 13
40845 28324 86
35020 19089 18
42208 38198 69
29373 43094 81
57799 35948 73
16916 724 79
42958 11435 27
55549 23538 65
13100 37252 37
17769 5721 62
22205 35455 45
55477 45425 56
57858 41115 78
8434 23749 44
8426 29483 91
56131 13891 81
1785 37335 93
34557 5151 96
43183 38420 72
54605 36656 95
49363 8315 88
42141 58995 49
49505 12123 70
4502 988 38
15656 10202 63
16998 35802 16
44577 58932 47
15321 56717 92
40047 51775 60
33444 32501 27
13138 33552 35
42198 57055 34
17226 30039 93
33639 10362 54
21339 44633 85
40299 1918 82
35607 4740 46
1491 34067 7
15571 26329 35
54137 11290 84
51899 18314 32
40535 28390 42
17064 56429 79
14859 30580 97
1672 16141 20
21828 37772 32
20154 41286 21
26866 18422 49
57597 44001 66
57111 55899 11
44275 58185 76
21575 42280 50
23308 732 49
23921 36914 10
8877 45598 98
46031 56662 68
40892 2456 100
51680 18441 50
5038 36955 41
46513 16930 92
53950 29239 34
58874 53599 73
3450 16903 84
15587 30562 88
41079 15131 67
2407 11063 23
30163 48526 36
6097 46068 90
52575 10496 27
50836 38992 26
16792 30111 84
21280 5375 87
11070 55328 62
14739 50912 80
50374 51041 88
4880 33756 22
33316 56151 68
25399 11512 19
27316 11628 47
28650 6455 41
32703 29061 53
34743 58583 44
12673 4401 79
32272 26314 72
48801 370 21
59108 55945 53
10411 23741 31
52739 51142 43
19236 40036 40
162 625 53
24910 51898 62
15708 29383 65
43175 35671 74
41728 10274 96
19019 21419 79
23458 24177 89
49807 38666 14
53670 58404 55
44843 57708 13
58732 37191 19
25864 4162 7
55104 41592 11
54800 10392 15
47772 731 89
38065 24457 14
654 30662 47
28682 19964 20
14052 31435 2
13769 2421 64
27347 23747 80
41791 47125 58
28866 49876 80
35564 24678 55
21816 59548 71
10615 8203 21
44782 35851 55
25181 22058 65
3005 22360 71
30690 37456 71
35127 833 99
31202 13361 77
17228 25932 20
35443 41124 28
17568 17948 72
22141 17583 96
11777 4135 49
18357 13038 91
44035 32150 59
25443 33265 43
52906 51852 30
42071 22776 28
24046 40055 43
36789 36653 86
39 16965 19
34515 53415 18
52416 34230 69
3949 52421 5
52469 53914 69
26452 19540 92
32079 13869 66
16057 28858 65
17429 31535 7
21131 31348 59
49569 14224 56
58204 27840 16
55909 56834 42
35447 40597 29
27775 29389 32
8301 35884 82
2666 7788 72
16458 53213 78
45724 21470 5
57932 28768 11
18180 18691 45
42548 49500 62
43156 1795 62
26591 6232 62
27772 33798 76
58492 33774 40
31042 13987 66
2832 6686 5
17028 44306 75
50565 40411 18
37885 14771 68
20722 54323 14
1310 16173 37
25007 1493 66
1257 44223 33
17819 7105 62
6258 21062 40
54243 32907 35
11318 55187 55
52834 37371 56
15577 33206 84
2915 57810 88
47680 36046 88
30299 31392 81
46442 503 68
30781 55307 75
54289 23071 67
1056 44210 58
56148 3714 66
58367 6509 99
9463 37971 82
34845 1754 31
8379 40053 98
52807 18238 88
47932 44128 45
48955 679 71
11049 53794 93
4543 5999 97
57937 4455 16
23478 24069 99
36304 44162 60
14888 4229 59
35121 49258 2
626 27338 6
59914 31898 19
53679 37702 71
45908 33665 63
47893 45066 80
41939 18337 82
58690 21461 79
17208 42130 43
2556 24516 91
30335 31925 80
33707 9661 40
12921 16575 8
7760 39108 41
58919 27138 2
58742 3780 43
47539 34282 2
221 9381 24
22101 33392 76
35760 17081 94
8557 51191 25
45352 47515 63
23822 20255 48
27454 18679 19
56087 50663 42
57162 10452 18
9554 13606 11
47684 48994 9
42042 21434 95
59017 32824 12
28306 28872 9
45992 37347 62
58876 11967 33
39183 11498 27
53189 49202 43
43447 21242 1
15323 25624 60
583 59899 93
25171 25682 94
43347 1570 65
59500 11780 50
47076 26802 44
5947 22713 9
5402 20703 13
39054 48437 52
7298 47701 12
22364 4667 15
47512 31513 25
36179 55337 57
7178 51579 96
13684 8347 90
11989 24362 75
33200 54687 84
1032 28395 87
57986 54675 38
5598 10439 4
29793 46629 43
42047 33904 21
28847 34931 72
37960 46563 6
2498 35296 94
46172 20893 66
36194 56605 96
57834 7735 63
5437 4306 77
33854 56784 81
39190 19246 30
44669 4439 5
39365 58588 86
36453 18800 12
41870 37762 18
40836 31638 3
22560 43822 83
7948 9234 10
1132 35598 21
1678 43824 14
34794 12010 51
29994 20510 46
25292 36169 91
14195 18909 80
33225 1424 4
45244 26097 43
19734 2570 56
33037 47692 52
2579 33843 20
23352 48573 85
21666 6746 48
36295 26105 79
24709 58267 14
22221 16235 77
52278 20331 89
34983 44285 82
11695 43828 99
12445 16181 72
48705 1688 38
23701 44095 79
42304 26945 52
6359 42450 2
53725 28198 54
16306 14504 74
46990 39557 80
24784 46940 87
37323 55598 63
16283 10560 75
36836 34179 60
13144 37802 10
30763 31738 87
31256 3899 20
22072 19046 4
12482 47878 79
44248 4089 86
58583 805 92
923 29530 57
16913 16158 68
55999 45080 77
4413 1991 33
50348 30294 87
1010 7355 11
19597 29109 75
52886 16805 1
46086 34758 3
4705 29833 88
6480 4078 99
24836 3277 98
59880 23484 33
53843 52461 76
32123 2803 65
1940 29669 75
37566 59653 15
52706 56915 97
16474 27205 63
50543 25069 66
47141 20969 4
9687 48984 37
17629 34426 60
22335 48089 36
40823 12805 80
56883 22435 27
22660 30227 100
19044 44602 98
1980 44892 24
3858 43612 79
8576 22288 93
29394 15873 19
43688 46449 31
24544 4414 53
1062 54860 59
1286 14637 31
56902 13429 50
43247 15575 7
38822 701 69
24173 2795 94
19733 40003 72
54731 26661 79
12271 16500 100
37514 793 30
48794 10327 65
35154 22006 25
21721 51121 30
26708 45862 77
12104 39775 73
18610 31310 61
40103 15252 43
3055 24587 51
4889 20597 95
8288 12009 33
26791 6230 48
22505 4157 20
58270 18468 67
15774 39672 68
9906 36652 94
52844 48183 38
29328 22129 87
16605 7042 29
43831 4440 49
57859 29318 93
30273 7222 29
48047 42127 43
18953 29977 88
15222 3526 12
29210 58343 73
3195 55207 69
27229 57324 2
33118 54202 88
10669 39881 79
17594 58862 15
20202 31477 89
25009 2932 26
30052 25677 84
1721 30120 55
53911 9862 62
28035 52759 23
21325 40011 57
39690 7251 71
24687 27589 79
18224 39952 7
34560 39653 97
4134 9333 8
32260 52733 49
20393 10287 23
52364 44325 47
57060 40870 90
57744 57015 26
3715 1753 7
5590 1861 84
53995 24058 70
56606 37997 11
4099 41586 95
30908 48235 79
57954 6982 66
57072 56130 80
17048 41411 31
56608 81 94
8804 31790 69
1230 27947 7
24952 36033 91
7831 8212 27
42216 4702 70
14815 17936 91
3703 57837 40
28947 42537 5
15539 8805 40
31821 8208 57
36079 14048 50
49372 36277 77
6109 35105 35
54778 51276 83
2665 47832 28
12023 9406 39
44653 21340 21
22382 377 96
293 18685 34
43693 58200 10
233 34406 36
24524 1508 51
28145 8882 21
11822 49120 2
33021 25420 41
56071 52896 37
46148 36187 21
46158 15197 56
34337 31425 16
5203 30641 4
24769 8034 72
3657 19588 77
40449 12437 65
49897 30812 59
53645 28983 78
38460 36938 43
44752 28565 89
39731 20462 63
50719 16406 11
36624 3043 98
45507 56486 82
11988 31079 11
54916 49796 27
18842 53660 94
24748 25127 22
24497 20921 73
38907 35885 35
12031 12430 22
48743 34554 16
46023 20592 92
26530 26573 48
33591 33586 15
48012 25012 49
19012 20154 52
1301 32856 58
43375 11565 37
39279 52333 60
58867 19637 41
40675 53489 51
49423 15929 43
25688 13960 2
20324 38685 52
29691 48733 81
37765 27032 63
21135 1501 84
34789 21384 17
53946 11987 95
58773 28713 23
12920 6609 28
33974 304 82
53685 59242 83
45808 48682 50
4339 46502 38
43303 56730 75
4289 45573 48
29395 47497 25
12811 7875 26
18209 42 84
6400 59725 68
7078 39830 45
20041 53571 90
51777 14819 64
52863 38594 49
37606 19051 78
1778 39028 20
21088 23679 97
20402 53122 1
22900 26381 25
54565 6795 75
5216 59595 88
18937 37271 40
54558 39248 77
55232 28717 94
47095 24421 75
9658 42309 15
15923 41188 97
23955 22010 89
27548 54561 30
55035 58618 58
50295 7925 73
4492 24640 94
15884 4063 17
14374 14629 85
28517 38946 27
15670 46075 62
19047 26527 61
14583 46773 26
13657 43421 43
10905 57145 10
35938 48897 8
24109 8782 28
34513 43040 35
39646 26026 31
3592 55754 19
9781 231 99
16960 2875 62
20653 27249 37
6820 45977 19
12557 18743 66
54967 4082 76
2125 13344 39
46516 9876 73
48525 5933 46
26971 1501 61
39755 15828 69
54337 3026 81
52002 7848 33
3546 33931 57
27353 19239 81
19643 9320 23
4380 50257 95
26909 35204 89
35477 7017 61
24089 38751 96
1456 18900 52
22119 3256 25
24548 57375 46
39980 51489 59
25924 5784 37
25870 48252 60
27372 44689 56
10069 14188 27
53273 58125 62
55513 46567 34
10159 40556 91
49761 48843 22
16260 51076 83
30446 40031 89
24876 25100 13
5299 49938 1
34159 38265 39
20051 4812 9
30647 21186 74
52833 58283 51
34613 13945 23
27993 3471 82
50210 35640 23
2545 40509 17
15058 95 82
9646 31304 68
50233 7598 1
57375 37542 41
56351 39903 41
46786 1910 3
52769 27518 19
30109 53630 70
43219 19796 27
43980 33570 95
36234 18778 81
35622 32057 97
5768 1438 1
51989 53582 88
15502 49103 100
6873 31458 56
49155 29436 84
8694 19489 11
23861 54105 6
21590 5429 91
38957 29220 86
41767 38206 15
53589 33180 13
50772 46166 66
4902 44951 22
762 52009 85
51713 17701 73
50159 13243 97
10470 5214 50
8660 10892 28
59194 52811 32
55402 442 16
43996 17922 72
54379 12259 21
6795 7208 32
9140 8422 51
26389 40350 84
37182 40209 4
54285 49954 84
59370 15988 81
42488 16204 62
26641 23253 75
14522 20021 85
3977 18434 97
4565 12421 61
41688 44929 95
58141 11621 34
13335 8042 52
34595 46655 74
33061 45687 93
20582 38990 78
37605 8503 35
36309 53909 33
50565 3623 37
50873 9547 96
8450 13336 18
30067 48681 49
52972 38796 3
22647 46796 79
52346 2525 34
13867 17852 16
28034 46270 44
17169 42659 28
46650 56612 41
30604 6959 58
33605 35599 24
23539 19693 97
38358 42920 50
27894 19902 25
57393 26338 52
271 56645 97
49643 48731 93
28835 45653 32
44388 44626 40
55396 6588 44
14697 45611 18
33830 40609 72
32704 1148 4
23405 45183 84
41698 27228 55
3576 25137 71
26334 26513 3
13772 5053 39
33005 41310 47
59903 6986 72
8629 46606 98
57136 59774 81
23981 17246 72
5231 30237 10
47408 20700 73
35610 49918 28
8692 3572 45
58456 12549 98
39691 23614 83
19460 29021 22
31172 10754 69
26770 30410 75
52400 6122 50
24998 10725 23
39392 245 96
33269 22183 25
11480 38282 83
40298 39682 4
22061 59570 36
39357 52509 74
31808 37586 15
30634 34718 89
8942 17005 28
19578 2426 68
20243 645 97
14120 56120 90
56613 19606 65
1489 267 66
31591 19131 78
45812 8231 99
46263 34156 16
59805 46778 68
29286 1040 58
30239 42190 41
42401 11141 72
55887 39517 76
20309 3416 43
7279 36340 32
14010 38801 76
5438 5642 51
8840 33638 84
49811 26960 71
39763 31086 33
5295 8797 5
55604 19743 1
50721 39633 99
25723 10325 16
47764 34819 47
5727 10951 46
24227 16597 78
18946 2232 61
3985 50127 99
44225 51857 36
31531 17022 57
49973 630 81
28078 37221 33
53282 32243 54
58474 7090 88
44363 15699 77
29409 44328 32
50253 25322 99
47541 17996 44
57916 31337 65
13222 34169 19
35096 28907 1
29630 48415 75
11189 40076 43
47016 42243 68
30960 46195 69
51868 6620 33
30119 46269 90
32617 24127 95
41355 26784 59
46985 11376 17
52879 33718 53
15559 36837 64
39684 55633 72
47037 869 61
17177 7997 43
43238 14961 8
26603 5294 72
14481 22116 10
1140 6043 49
1110 28499 60
11673 4365 3
37727 31024 38
49944 12890 17
39700 30626 50
26404 13841 92
4914 55447 87
27306 54093 19
33997 4513 77
28118 40612 26
35606 54875 95
46114 4158 68
15765 56312 88
25795 57301 65
22541 36119 82
52359 48969 56
25853 21863 61
59530 19186 16
14338 41424 24
53890 51038 69
9848 38928 97
38305 33838 8
18712 33553 52
33078 12364 89
46472 26507 46
48258 58835 22
42505 53154 49
58220 18700 29
33050 22076 20
7175 47375 79
29155 23938 12
32084 51833 67
32553 11136 1
34722 50025 85
3046 38117 52
47196 50494 72
41508 51788 23
10835 53534 41
11836 42093 18
45721 4301 35
34637 44908 46
6727 15080 71
4360 5190 84
19683 46114 9
1180 1394 3
49392 28194 2
8529 2221 73
14007 17811 29
31262 33193 72
54078 54716 65
17971 35995 95
6223 19852 49
33623 3765 58
36512 50980 58
58140 58091 7
19075 50800 28
30095 20263 35
55808 19431 49
54969 23882 2
24698 25756 64
22700 52848 48
28981 52454 61
21905 14550 97
42604 2424 76
7182 3889 1
7955 35044 74
24270 16924 85
12798 12924 11
51070 22538 62
22126 8891 38
9057 8364 27
26954 45361 85
1270 4902 10
39117 10815 60
12670 50552 61
55895 50014 69
17507 8252 43
42980 16274 31
47627 8935 97
40466 4042 2
19846 10170 32
50243 21338 51
33254 13509 23
29354 34003 55
35098 40268 86
15038 44512 2
52357 56790 100
46198 36822 99
2763 26315 7
3465 22319 61
25115 1551 86
56981 37278 24
27869 5610 77
39623 4000 9
42274 49767 77
48143 7654 11
55615 34939 14
59720 48273 61
31195 53031 27
2993 49254 70
40941 25065 72
53474 53158 2
44396 19789 16
48381 52032 100
52374 53986 8
25744 56389 42
43228 5370 46
29848 28670 79
33772 29062 10
26259 32614 97
11279 42526 82
53232 25402 57
29195 50165 90
57049 52167 11
19367 10787 29
27434 19804 29
9161 19766 63
25993 30463 74
13396 51953 49
32744 17496 93
49778 24906 8
31814 20031 86
4227 40396 27
30220 15044 55
3021 10779 40
45083 45880 48
30848 26866 77
21390 48018 2
125 12224 88
6551 8100 42
53532 12923 54
14893 7751 11
8414 23698 97
37131 34625 40
56001 50060 82
29855 58591 73
16627 57927 37
21180 3732 12
4064 27946 76
7565 5739 67
58775 50049 30
48358 12602 74
53717 27110 35
32621 11866 12
41932 41616 92
38423 53173 34
48830 166 29
32010 23620 3
25035 28549 86
16688 30277 80
20416 56188 86
13333 28354 62
9281 28475 27
58646 45692 97
25761 35051 11
24947 50703 46
45550 336 52
22478 16856 59
20140 31709 100
56827 53708 32
42716 19895 73
50057 12504 50
53397 6808 53
33205 6300 73
41788 30811 26
172 40550 66
17443 10065 30
44610 8518 94
48833 55306 67
38059 43653 100
53915 6135 37
39065 11747 38
47801 54584 93
14060 40422 37
4095 37179 74
37714 40448 42
45015 16166 73
59802 44513 24
53921 48045 61
22023 20872 19
56629 8155 99
40748 22925 53
38870 23269 92
31727 2462 74
982 36931 74
58752 40623 66
51086 49328 52
7808 57728 44
21063 23786 43
3837 15094 22
57593 22239 73
35810 25984 2
18630 18993 6
57455 56314 26
36769 26480 51
30212 18042 97
20745 40361 37
57531 53483 72
11715 26016 90
14996 6101 87
37799 56881 17
39616 30211 56
10370 53172 49
40456 27924 95
52231 8373 43
59301 29338 51
47727 28486 9
44779 15505 40
11908 51915 23
10129 45909 79
46006 23129 25
55522 11306 54
36059 27400 39
55522 33285 47
18731 15517 86
51068 13608 18
16221 32813 18
34603 9947 22
47917 39021 69
26518 51503 41
13361 3948 90
44700 8877 25
33374 51394 27
42694 22804 25
16640 42546 4
56269 32336 24
44065 14657 70
19411 14389 52
15637 10408 58
1705 16089 99
18562 52024 66
8509 31755 34
33723 44573 88
3209 33161 73
46448 3230 70
43887 6165 88
465 39770 10
21944 53177 31
18908 39746 22
43403 36491 6
47970 40634 50
8659 13866 45
44755 32382 43
18215 54659 19
36424 46550 12
36242 54824 87
208 23857 40
12654 23382 20
45874 11901 98
25022 38228 9
54236 18785 12
9951 53975 60
55735 42874 49
23303 6198 86
21864 51630 37
27696 46636 29
2811 34872 44
31377 42445 21
52310 46933 17
55270 3251 8
35475 23338 27
34036 11950 99
3291 404 21
50597 56844 96
27864 40837 14
6326 1607 48
59312 10792 59
46719 26200 44
10737 29514 38
23833 58739 8
50332 6196 65
44879 17362 7
15968 14040 49
38862 18446 64
2713 52144 54
31862 57538 83
47456 24270 14
12466 7739 32
43163 47853 3
47533 59683 91
32945 49272 97
49389 37419 91
4779 13544 91
24866 59160 60
54299 49723 12
38490 28751 13
15337 48140 53
30858 49341 28
19050 6520 74
26090 52784 45
17199 29927 17
39583 36848 31
57256 13447 67
14051 44623 52
46504 8430 39
53202 37331 100
2650 57831 41
41984 34610 24
20048 44409 45
1954 59827 53
54588 10419 6
15641 24119 38
37560 38216 75
4946 10945 43
30779 10451 77
14613 28778 55
45480 38865 49
26568 3871 34
5387 7400 25
54745 47131 7
5621 24515 94
57061 4570 8
7242 36431 71
32401 57167 5
40093 38781 7
5191 51145 41
13485 24887 15
42814 26766 5
42151 31440 7
55039 50395 74
20961 36898 30
10464 30364 10
29267 14949 42
52052 20228 67
3698 19594 45
59466 37649 6
42031 57079 9
24396 19184 16
28333 48668 18
45151 16835 84
49563 41071 40
35651 30059 52
28691 58169 27
16758 35502 81
35736 46304 26
16079 44770 22
47552 5180 9
56233 52979 51
12728 45542 69
9598 47529 91
56112 7799 93
47883 17695 11
31661 19311 26
2610 29770 67
56496 47426 70
21595 38834 11
46864 25675 77
26765 7569 24
39217 30476 18
53729 25943 69
43887 6365 35
10673 8539 60
53471 3872 55
26722 11620 10
33577 38170 93
15122 34175 17
46396 22635 90
2672 12099 24
47389 35117 74
51167 54203 89
49854 55715 20
696 57630 18
41263 33330 70
21061 21545 4
24739 28449 95
8720 48958 8
29173 50074 5
26049 53409 44
32315 59598 33
31385 8761 48
3128 46632 77
32914 12029 56
44206 1707 79
50937 8363 1
27631 39262 41
9789 13383 2
19490 50728 29
27038 46473 57
52706 47744 16
35975 26934 64
15794 28647 89
5961 57849 90
31835 10162 96
11592 53013 9
48287 57506 23
10497 12371 72
40528 51350 20
14156 33018 83
50987 13078 1
13400 5438 42
33913 45186 29
26005 25099 25
38543 23436 88
54214 58118 18
747 39912 40
11126 1496 37
28523 52193 22
31721 58402 68
45444 32874 30
14877 41770 7
48325 15711 10
28543 2111 41
54290 51576 6
27642 25422 59
30284 2258 81
6344 15369 18
23321 29136 75
16997 15260 48
19249 13684 30
55232 36593 39
5848 59607 39
55924 2942 84
21133 11239 36
47309 9681 37
9674 15024 2
40371 57976 8
37143 27411 92
56380 58982 99
9099 57130 13
3108 17161 43
47304 35535 72
16334 2024 59
10702 52489 30
47814 47041 76
45813 28764 49
25366 11003 35
12199 22452 26
19884 59514 9
4832 42255 35
45934 35617 43
24835 40091 60
1740 43271 33
52999 30999 80
2978 37835 57
53603 9388 34
39996 43623 47
4438 57713 11
7579 53461 74
50041 4004 24
51187 30843 12
54638 41164 22
27438 45051 18
15860 31390 12
47035 3234 3
39144 41278 49
18413 23336 95
16052 20548 96
55216 4542 48
22693 4489 92
31641 44720 59
13636 13053 28
14508 32070 74
31164 6405 55
38071 46962 32
12871 43878 66
56493 16727 26
7350 19955 77
10057 59229 70
29518 44604 24
35000 23008 20
23485 53553 66
12979 56923 28
15797 25349 87
8315 22824 99
36087 9362 47
11536 21470 15
46507 52116 79
9518 38230 93
15741 43987 14
13014 49510 87
23788 39052 71
3591 46762 32
31045 35210 48
46243 134 24
14922 26397 7
59782 6183 17
20970 57774 17
27417 10851 41
24763 13865 64
20293 3711 54
30522 32034 34
11463 58654 62
27914 35835 21
12358 34228 35
31244 35372 57
46353 51651 82
59414 45956 93
38883 30258 97
43596 53639 87
41120 4338 66
21342 25933 49
4772 21761 22
6513 54043 85
240 46403 33
52523 18851 6
41012 45058 87
32095 5026 88
56488 27466 80
37417 36788 82
15799 24779 40
9340 4071 13
45138 46214 79
25015 5157 60
49989 59171 81
47508 31261 35
26331 32695 71
19268 20276 100
35948 24237 90
8798 37638 38
401 33274 34
42811 45995 15
20475 19337 29
30205 54423 49
59267 43915 72
36875 56866 35
21491 55826 2
48990 52425 90
19725 19928 86
45042 216 8
40996 16838 62
24888 51140 55
45749 156 38
11555 52605 98
36191 38578 77
51091 38237 5
54084 53551 43
206 17010 39
41483 54977 98
57036 49580 21
31210 19148 89
49761 2463 9
12975 38465 65
32964 12321 66
35592 53199 17
18430 45178 23
39013 15931 27
3752 31830 54
825 1563 37
55988 53443 59
25603 10370 10
11196 11710 100
11631 21125 91
19264 33385 18
15144 6142 82
16177 14635 92
28953 24908 12
365 47142 55
16478 9827 72
16677 38481 80
18506 9949 16
6145 43023 62
56600 2675 28
38139 34076 17
5114 5826 79
32536 16646 68
34582 52191 21
3269 40598 8
50088 35640 23
18798 35306 55
27348 16123 77
45689 22712 100
40023 45563 5
57853 31095 79
34609 19572 37
35160 38229 66
54668 7473 68
5349 40318 57
28669 6295 26
21060 30072 35
24799 19975 90
37673 10997 32
35338 8286 39
5908 43818 70
15551 32716 77
9870 24650 51
57287 55682 4
1252 47530 44
52760 32607 86
863 10531 6
22015 48983 35
30268 8544 74
29243 38629 7
7399 33216 36
43441 33315 25
26846 12533 50
29902 3570 99
28256 16665 85
58340 8069 60
12089 56888 83
57934 38625 22
49885 5869 97
42157 3371 12
53827 58197 95
33151 50206 76
57524 16167 83
42448 47417 25
57767 19293 21
16086 18388 88
45164 28702 59
8592 46651 61
10902 24406 98
6098 24581 14
33620 4673 85
44984 20146 34
15514 29665 45
48645 8394 83
15982 10939 93
23088 53910 79
17192 28431 54
59536 23738 79
22510 20498 77
43661 22641 29
11481 6137 16
51578 14674 3
24798 26686 50
57187 24569 98
9196 19072 10
39572 32661 14
23047 39003 39
25697 18175 21
27791 51885 6
7497 23974 92
8014 57579 13
6880 23102 3
41110 38884 64
2524 21920 2
9348 59741 64
25232 57205 51
24523 11024 43
21335 56945 10
27285 7869 1
21528 9768 69
34997 10520 85
25236 43059 88
47021 35795 90
32745 25632 31
25338 54488 61
26828 12440 71
16277 59629 20
58318 48190 87
720 42229 22
52106 7582 36
46407 40512 30
21018 43854 58
9294 46259 31
17704 5264 81
57314 59352 97
34092 16180 28
28733 37390 55
5978 47507 83
19118 52211 31
19652 29264 9
19083 43595 50
27004 46992 4
1700 4434 70
40404 47053 29
29697 56693 86
46926 33434 20
27950 6163 51
3178 4841 30
13641 11243 32
14943 15285 64
29281 9078 95
43075 32668 97
25537 52344 54
18590 44348 22
22563 17693 26
56867 7825 28
5205 59497 91
44963 4992 74
13032 6769 53
26457 11903 40
38854 16608 35
9208 45190 94
1316 25107 29
31009 59685 22
36510 37173 10
22214 26134 83
38935 14881 98
49066 43790 67
42176 27441 78
36360 53885 81
4552 37531 4
40640 5129 77
18895 22209 8
27080 54710 69
21738 53325 25
14539 56614 18
48483 26637 87
23411 35888 47
2211 28253 13
49882 21799 98
49965 53555 15
57413 28423 71
58935 13486 52
27981 48839 18
25515 8461 44
35429 59289 71
25952 15702 21
54227 48875 41
50409 39324 76
29209 20954 86
22042 26404 39
29235 5014 62
14137 51933 62
37596 23660 17
32379 8263 89
39701 33411 84
50455 38609 56
13213 2686 18
42406 40766 35
38960 42079 99
45876 38915 16
31888 4114 88
51323 30958 51
2210 13299 97
20161 24093 83
21299 49161 26
26995 39942 8
41414 55340 69
39228 5024 54
58077 17436 78
26143 6654 74
27083 15529 55
10558 9551 75
2809 57148 60
17263 21516 94
11080 54278 7
16558 6492 61
46402 24153 12
628 22605 65
45430 39813 58
48789 41078 94
2948 55002 92
56302 1866 83
51165 49294 71
9853 42404 91
20075 9959 95
57268 25477 100
25610 21327 68
35277 28991 43
49311 20200 2
6132 10160 66
58698 555 23
14290 23007 73
39492 56324 77
3979 18242 2
48060 8422 45
37364 18602 28
6205 54585 34
6011 14714 69
12487 51214 79
31736 32010 54
55045 53715 62
1804 1794 53
41648 27676 33
55953 40214 69
9564 27161 16
48637 53313 23
15058 20731 3
3660 49129 73
52883 30581 68
35357 20682 80
12888 2014 11
22522 56616 44
46149 14267 59
57675 7665 15
25912 36532 63
10330 14677 13
53271 4935 66
24842 28126 2
50043 20112 37
15516 16585 17
29334 29265 39
26342 46557 78
45689 41107 65
34764 17430 26
46632 44099 4
6781 22412 42
31656 52151 84
57509 18944 38
40903 16490 94
54025 16071 8
42779 53533 85
27024 47201 77
29036 25816 58
36585 40465 97
47145 3470 62
2091 57170 17
18774 14838 50
53819 10337 12
53883 54751 73
57 18884 89
33555 44274 72
27529 29809 71
53835 20812 37
10250 33261 55
3999 41564 23
2528 9519 18
42908 30803 64
8409 40044 21
35392 46093 36
29375 37378 93
56149 49806 91
26471 47284 14
51866 49513 28
53134 21238 41
42297 10025 74
4192 30963 27
32270 16461 98
33456 30386 54
56359 7553 23
56454 39033 93
3329 37890 6
43281 55578 44
47614 49675 32
56949 51751 98
21458 55322 32
38434 13100 22
38265 6631 40
43613 12944 36
32394 3904 62
44129 37157 44
37604 23760 38
32595 20765 91
39468 18526 48
45438 58416 20
55962 18245 94
1612 32310 52
29445 41671 94
39243 29067 17
3238 21897 23
27663 49124 81
24160 54006 35
10941 30828 89
34093 55576 37
1143 17588 6
2167 31968 73
8322 27267 21
10221 47592 57
55170 38091 33
13062 48765 100
38156 17338 76
18513 40200 10
42058 45911 78
28055 20227 14
21154 6089 63
8600 29979 34
1719 55206 83
39390 47987 69
7833 26007 20
49174 26780 26
34079 56599 3
20721 21530 28
49172 37827 85
43631 59398 99
53196 5673 85
30716 28196 53
15600 47976 14
22392 19677 64
17035 8034 41
1963 7716 82
47797 25889 61
42116 23190 58
12756 22550 27
56310 52946 94
17115 28689 88
48524 35797 43
35659 52718 61
49599 45107 52
28976 27716 24
14619 54789 54
18769 52316 57
38891 40925 29
46089 2668 25
8706 43527 47
35843 29406 90
7995 2278 98
49443 26442 19
17283 3561 12
20828 10214 64
22253 7918 60
52014 28756 46
8920 13843 19
12498 37446 99
42525 35920 48
35102 38120 11
34860 57949 3
54436 33576 51
20294 38545 30
38245 131 1
22681 55946 66
32632 22474 33
21025 49945 67
57911 32095 85
5963 56478 1
31568 37465 68
29094 41589 83
13706 45792 81
56518 2451 99
14195 6026 83
57825 43738 57
31778 13132 57
21349 37693 8
14143 28736 1
8761 55560 83
45095 12977 94
46775 22457 22
16399 22909 58
1397 35865 7
38076 42044 54
33923 35531 44
33108 12018 87
51335 17000 16
45442 2085 2
21388 17107 58
1726 38476 31
19099 39709 67
18262 36370 46
57630 55256 32
1517 2502 75
28850 3844 38
32669 4968 65
47542 40090 75
9241 20767 37
44190 11550 93
58927 27914 55
36043 20263 5
16803 19388 66
15130 26171 11
18867 49097 10
17898 43441 34
42074 23044 75
38896 42125 93
31712 10786 66
29765 24111 26
10930 9559 33
47838 15904 70
43059 22446 33
5236 30199 96
7363 2858 88
23720 31481 22
36367 52847 96
53509 54243 52
20888 55875 6
15550 3173 33
12830 21624 44
114 58858 99
34970 10668 94
39316 59633 44
4539 9985 9
26350 3962 52
31255 8399 36
16130 1545 70
49026 32676 82
24970 34784 18
55649 13698 19
43278 3844 39
5040 31715 19
22562 27758 81
31718 36956 18
15413 41954 32
7213 49543 66
15139 11262 48
22469 59059 12
52412 41583 98
56268 49823 18
14520 45802 77
4960 33671 6
27807 2658 18
34475 13832 18
16119 50603 56
25034 49021 14
11203 12829 10
44794 25951 6
24168 56155 20
22237 30249 59
47794 56997 9
41717 34653 97
21124 18276 62
38981 23760 32
59175 2542 95
16276 58804 78
15746 46721 79
11257 26636 30
30379 4662 57
13212 44464 13
21699 48933 78
32113 44884 60
15951 19463 91
46334 8681 37
19092 47692 84
55949 32621 63
38260 487 90
58272 41757 25
12704 54617 65
177 6360 64
56679 35415 22
6883 35217 56
42912 7806 91
39481 14914 36
5776 38357 71
20740 43281 63
22019 58403 31
54867 34425 78
14245 40618 100
53653 54404 50
8908 59169 37
52564 37867 2
14603 1979 43
29922 7136 22
41829 25676 86
4003 27756 45
12115 52353 90
55404 30904 70
21465 55751 50
29471 14197 21
28879 44806 6
11408 15331 51
4237 15105 29
21957 21770 21
43052 35136 30
11080 52201 47
48088 27100 47
57640 27329 73
16723 32128 72
21779 233 36
9665 12825 14
41642 54273 10
20014 18036 32
22597 17298 59
54512 52828 15
11122 34932 56
38688 56891 92
26465 8703 11
43621 31253 15
48746 50788 35
14219 3216 34
46115 7655 1
47881 15580 54
54670 44316 87
45796 8326 7
51925 33451 2
36925 46551 79
52736 11074 9
50897 26667 8
23412 56845 83
34873 58596 24
53881 18552 61
39195 17471 49
21404 7886 70
21695 9023 100
31534 50594 66
59197 15317 56
6180 36300 94
58319 31135 18
40108 16496 34
28284 23156 20
929 25340 71
36764 52728 7
59867 28735 74
20716 53803 24
47340 7467 36
46428 24702 99
55095 31920 31
59443 1989 94
54625 44727 51
20610 13458 77
6388 33417 92
2905 6786 91
34501 8837 5
32351 27790 16
47910 30251 14
20759 54714 24
51316 56293 6
29866 39385 87
26559 25623 68
35358 47758 42
26863 1441 34
51104 25160 48
25170 15864 95
10153 37031 29
16717 46722 18
11686 51621 59
52936 38295 43
20857 6891 41
37784 34754 50
29157 15217 81
36733 44454 28
43939 40980 54
37956 21817 38
15050 14146 46
15819 2316 5
22642 49530 74
13755 55016 1
46264 19916 60
259 6198 83
29699 58245 13
40253 18016 38
47707 4729 91
41980 28153 42
11039 298 29
43874 34775 20
41659 1201 90
41629 37800 32
26593 33817 62
31080 48743 47
7746 50199 12
27439 21532 24
31776 35723 17
28270 15809 37
22164 9344 70
26440 24935 31
48898 21607 18
14178 26985 25
13741 1504 41
54877 36465 70
51232 32461 46
28477 25568 92
52427 18128 4
22008 52855 9
22977 26739 45
3296 16861 74
29597 25508 23
30169 11904 11
6809 31237 64
32438 9047 6
40548 18603 5
37108 40500 95
59425 44273 54
30833 27543 66
20623 10030 61
42611 921 63
11785 48672 90
25040 34556 96
22480 29103 6
5587 56922 77
43865 32958 7
58635 39767 80
12061 42708 20
4834 33238 93
10161 6888 88
20040 39577 19
15008 16524 69
41360 7240 8
12709 45733 28
54471 26758 44
57139 14362 15
8697 12207 75
28864 29101 65
29223 21498 47
22265 31384 21
41566 7885 57
12004 18588 50
59092 58636 54
23814 36299 69
31888 18783 14
27426 12674 82
43685 16277 46
21794 23532 56
47999 35574 56
14466 24994 14
35431 117 52
46542 37047 31
48363 32277 61
21460 44485 52
35713 9615 43
8768 6429 70
40138 10352 76
18063 42646 85
30834 13673 92
16905 36766 75
8882 54592 3
3983 38860 35
32951 49011 84
26827 39020 88
20646 47062 3
18360 26774 51
52175 9631 21
33765 57421 95
1123 23225 49
21771 5983 31
9365 47220 34
46101 59309 72
21140 14331 50
881 404 80
15594 702 25
3421 33581 67
693 27195 2
39408 55955 85
27170 48019 45
25851 8495 48
4221 30241 98
57351 40201 28
29248 51785 86
56362 33001 65
28411 17098 30
19858 11537 40
49350 20260 98
37147 4136 97
59806 50890 64
19070 18732 38
19726 17739 74
33196 50449 43
56527 57467 38
39766 44170 87
10523 39156 32
50015 52916 42
40836 54639 16
8739 17985 21
8112 24128 25
46022 22094 35
20321 45977 23
14912 45357 41
15103 48256 75
53665 27906 10
32962 41673 2
13943 49001 40
58256 37240 52
53148 59660 53
15555 51813 13
18096 58637 12
28545 19304 60
26455 53019 94
21065 57396 44
48537 6681 27
6691 56116 98
24959 56086 88
48410 33902 93
38091 50163 11
41692 16493 4
51652 51276 77
36235 36698 19
2265 46359 88
37442 30262 1
39340 29549 78
26699 28921 21
22964 12723 16
30673 30362 18
16611 54871 75
51239 3192 5
5682 1452 58
11714 20384 88
40139 56271 40
9780 53272 95
32483 1033 17
26449 20028 98
23843 35289 38
11879 9356 8
58651 35073 1
21052 17086 30
20739 3597 34
55055 29202 5
58595 18800 57
35586 27640 41
32287 56591 73
22275 31496 16
37947 54454 82
54016 21974 75
5324 35313 98
46826 37000 27
53150 1525 23
20900 34111 61
25112 24569 98
8464 11138 22
18092 13934 51
32936 17922 32
47740 16142 76
16383 33185 83
49327 24833 57
22188 49496 63
56022 58074 93
50387 20224 59
29579 26268 48
4039 31548 89
38093 18458 37
4224 45066 90
42896 29750 79
47040 40095 88
8749 16059 80
46329 9082 82
34571 45901 40
23794 44071 74
57543 32478 44
17285 27386 16
56688 16090 55
23585 115 43
34632 31751 33
29422 34750 31
52764 50651 77
52163 25877 64
14407 44626 1
25884 24988 53
55359 25272 88
44904 51454 71
30971 49226 76
12432 3707 12
44051 34820 1
11867 15651 35
94 2861 51
20233 13448 7
8825 23310 42
45916 57524 21
15433 5454 81
33478 1064 82
476 4092 73
11175 55150 57
2929 4363 20
7044 25074 61
9509 10954 77
5851 4520 84
13398 46155 90
43031 56503 97
7040 57785 3
45094 21131 2
16429 488 40
10513 1675 15
53458 12229 36
17447 35146 9
53761 49428 96
57488 28151 31
42572 30178 91
33475 5468 27
44058 15087 19
19208 17788 43
53669 8134 34
35356 33710 70
50325 56313 1
53077 12218 32
7031 31509 76
17918 20249 95
4770 13160 69
18677 10833 68
20833 17992 75
26838 786 40
23356 48271 69
28189 16588 45
29042 57710 64
27733 45532 79
33000 14554 60
414 39605 13
43242 5836 55
5321 14643 96
39964 13308 99
6885 5634 25
29755 53077 32
49245 50849 45
51623 29882 37
54024 10080 19
6554 29961 51
1830 37722 30
16321 13975 60
24950 20341 1
1165 47098 81
35880 8865 42
47522 6620 62
22476 52029 26
36112 51750 16
13590 15769 30
5154 33964 35
55994 12329 59
7489 54065 19
16719 42100 7
24100 5109 50
49216 32654 36
11267 8924 99
13476 6744 87
35023 4204 51
17018 16842 10
46757 16980 65
31936 42720 2
46974 35312 90
11327 39828 82
53622 41043 70
24006 41192 46
6770 36049 67
38427 20667 31
39680 56653 80
36328 33165 32
35135 37814 41
20528 1647 26
49454 50576 73
50422 12040 16
37216 49384 21
11118 53633 80
56885 28123 48
28746 42970 98
38248 50256 59
28072 15363 77
50465 44523 33
39307 2573 34
51483 26710 86
52923 38710 97
28315 26746 47
54441 39825 32
13146 43233 10
52141 54642 90
4379 22439 35
21892 30021 72
52730 59419 77
11968 9959 54
23856 39762 77
35491 31734 54
5245 4454 86
22921 29532 95
20865 28843 70
28365 24367 17
28320 37968 26
29386 53816 13
33575 58102 30
3634 3004 4
10446 38299 99
46373 44599 41
41957 59551 41
4487 55224 63
15827 26826 73
1228 16555 34
46197 31872 8
46924 58633 42
9464 45436 20
42558 1279 41
3159 25029 65
47350 47017 17
10794 54050 44
14025 2343 99
34137 9111 86
36842 38318 30
30200 11624 69
55573 6448 14
16116 28820 18
29048 38262 58
40024 27337 90
187 4474 74
54793 15134 12
52995 54607 50
25191 51843 33
47828 13056 64
46880 28005 26
31695 24851 75
41653 49553 17
12155 11635 9
58336 22205 65
6786 27782 18
54856 15093 67
5971 17130 88
58207 4748 75
51235 25893 1
2982 52936 12
42299 48898 9
44751 16253 15
43853 4718 93
28691 31267 95
41532 12348 91
13669 10644 46
31952 10151 55
42756 51490 64
39140 17616 37
9022 45889 36
5792 20565 70
23274 5994 76
37254 40415 42
7888 8249 40
36058 28774 8
31841 27984 9
28368 53066 96
16105 33073 67
36434 51081 82
44636 37677 89
22656 48079 24
12534 2276 28
30468 49901 7
45171 58589 48
2351 28061 19
35237 8085 8
22698 13711 18
1355 45822 94
49305 16601 50
1706 3050 16
25924 44022 50
11744 6790 76
28663 32866 68
2510 3571 73
24525 13784 97
16304 20924 74
42706 42072 21
28786 28952 57
7745 50562 38
8688 39728 38
38046 3174 99
35261 24511 86
8625 27385 54
41234 5031 39
23620 22913 42
47732 6151 68
56424 1562 18
22445 37509 67
48506 26138 42
11745 2050 54
58712 7128 19
50303 7336 9
1700 5341 58
55817 16830 78
40510 7432 5
20550 3422 98
22054 1344 82
26001 37449 23
43316 9720 66
4369 7293 26
16836 36265 89
59244 42463 47
26876 322 63
49783 12087 9
51369 40117 56
35436 26817 25
28614 2961 59
19790 38980 88
1942 8758 63
45018 905 15
19652 40071 29
40726 35173 90
2151 43513 37
40294 44941 5
52598 6743 56
18672 40230 7
15448 28095 70
30589 17212 69
40173 36147 97
53675 11130 76
49834 56624 36
54527 51545 83
2892 35716 35
14919 46704 95
55254 10503 30
51544 33387 38
51344 13237 19
23943 10987 14
11116 55388 15
18608 50567 97
50620 17674 2
54583 14601 21
42200 31797 79
41230 15449 54
23349 13515 56
43858 18150 49
35061 18726 47
8794 20977 26
33931 44546 36
39452 54332 3
21147 48519 51
6191 24748 46
35457 13540 86
6241 38720 81
45814 11162 95
9953 17993 43
1237 16434 38
36351 27430 48
31564 32269 87
21932 436 67
46381 52645 47
45026 36203 79
52628 7210 69
48048 1290 31
4743 12344 55
20297 30932 9
7322 36663 75
28141 15659 75
48721 49454 19
57632 53778 83
17120 49565 38
31928 57778 41
48688 47173 72
46125 20193 53
39513 59691 33
21991 45282 65
33864 27520 45
14899 36884 39
40508 6664 8
47748 49196 32
18169 40842 10
45637 16072 13
29393 7091 100
38964 2888 67
37648 31361 39
36115 42860 61
29197 52204 34
10456 5135 21
57274 17853 83
34773 40828 10
43479 19129 82
5420 48484 7
51738 32996 37
33886 56759 100
26131 54918 14
330 23309 64
729 54079 92
42521 14477 78
52702 6740 86
20556 28205 86
28831 23046 13
48455 27515 18
18205 12485 73
56365 24137 75
22891 39698 20
12676 13056 25
56313 1059 16
10942 55299 61
22242 325 61
15162 6837 95
20009 26835 18
36361 37386 9
9610 58735 80
2840 30396 32
23188 26787 23
23576 52248 13
6905 13633 5
37656 3688 14
36062 25202 92
55013 14307 62
33889 42875 42
52464 12333 88
14347 25538 31
9556 9880 38
12418 44850 40
27185 35270 68
33798 47894 42
49824 18172 61
11149 23212 41
49307 7767 92
49830 34024 7
39064 34813 34
35266 46088 15
45414 4407 86
32827 21380 62
34704 8513 39
43506 46164 70
35458 5447 2
30606 32707 75
45954 229 54
29139 18546 58
36565 59554 49
48469 25187 13
40213 4905 21
52693 16069 18
13387 30998 94
27300 5037 29
41985 39752 98
15463 2638 58
59630 17892 6
50953 53758 48
58616 2928 98
5180 6024 55
45756 57281 6
38869 7051 88
3911 14801 37
10666 45316 61
19546 42797 21
118 49608 99
21588 29640 16
15145 56816 41
21702 29336 89
38349 52342 56
52676 5303 35
38963 2813 54
43674 40206 78
36150 35722 33
29307 57493 57
14571 43941 64
26521 51622 35
34309 46970 81
24947 54995 66
41233 25235 16
32737 27726 72
48260 58972 97
34090 26923 87
54526 28771 64
24357 46779 2
32493 6790 34
22183 6439 19
25285 29028 52
36239 23066 12
7135 25890 48
33539 17482 88
52376 37382 62
52644 49949 1
11018 46747 55
35001 12876 23
27699 44745 32
46471 59716 84
37891 46704 99
53850 55335 20
59520 14405 63
31265 29716 81
46182 16231 7
29797 249 54
40742 14671 8
44347 49595 34
10944 53538 84
34352 41015 63
21592 25786 57
8327 58058 36
31231 55432 62
30313 24754 62
50748 3495 87
30612 16350 20
47697 15611 17
37833 9915 85
44697 155 12
48073 49810 59
887 828 29
36150 50089 86
977 721 55
5830 35947 18
46718 9343 63
469 9046 13
28447 55247 87
23934 51 32
40939 58902 14
19201 47453 38
47979 56838 18
46833 10273 89
19610 51498 22
48010 8642 98
774 44835 30
38090 37696 34
3996 4599 72
51882 42793 38
20579 51706 47
59835 24179 25
32207 42686 9
34265 27568 44
54216 37588 22
33545 7897 41
49638 39453 31
37678 4876 41
15706 36097 22
16943 11829 85
26149 23577 19
11387 43635 70
10697 42342 34
41932 25934 91
10868 39945 56
28283 59415 89
59550 8591 74
33071 51903 24
33277 8285 96
13482 46014 94
18593 28114 94
19468 42690 99
44296 44652 83
18379 41767 59
9589 16595 64
43817 24923 65
35586 34340 35
7235 52677 87
259 44972 87
27265 40331 83
52667 42929 6
20159 54646 33
29400 3878 71
2648 56361 92
23536 8531 52
8084 37329 80
51548 21812 80
14270 11120 86
42511 44619 16
31918 48591 93
12283 3143 48
37981 22471 62
54032 10821 74
1414 48353 76
25745 32827 87
45809 21960 83
4930 4979 74
2164 16921 36
55090 53673 19
7379 57269 83
16828 1093 8
50920 42723 14
4469 22509 93
45132 59657 5
44330 30280 48
24536 9881 7
11208 59293 3
28818 38123 33
42013 4983 27
45241 50918 10
51175 29378 88
47629 32782 88
49536 19481 44
7333 20901 51
51741 5289 95
21489 55036 91
14950 30214 59
33618 42515 10
9500 35959 3
44291 19163 32
7454 55161 49
55866 56394 16
59148 21850 29
43643 19032 51
45368 18914 79
5683 17231 1
44539 22536 47
52686 49680 92
16851 10516 86
54047 5843 55
31206 9345 84
20075 31421 64
34320 26791 9
35849 28726 41
35608 59196 77
41983 41992 39
21784 7374 70
1264 52374 85
35357 32644 35
5414 46325 98
30142 44635 56
42016 59878 41
41820 2961 65
30141 16796 98
27626 17293 8
33937 40299 73
33941 18502 11
22229 8751 16
59617 40780 54
41826 21920 83
15185 48399 67
11325 29933 75
6785 52409 50
26680 8453 76
42573 30 36
1200 41184 89
4842 49638 7
6582 10494 56
27482 26777 78
3025 33616 73
29246 15000 68
54996 37766 34
1464 33278 61
57009 6260 53
45959 11299 75
33623 12448 89
43764 6159 97
36441 16050 12
10363 18716 5
10791 32238 62
14452 56910 46
37623 13785 11
24481 6868 77
17464 58661 18
32379 47108 67
19967 25027 10
486 51566 14
5732 38099 55
28737 32179 2
39243 25651 15
43541 27097 79
30002 29665 74
48608 19641 5
37222 11168 62
34305 1280 4
15523 14812 60
37992 54864 98
13170 53425 93
19459 34128 4
16603 730 76
1975 15362 53
30367 48824 34
59142 3311 34
51107 53849 74
45400 21408 88
51618 36157 75
44473 32756 48
10706 30931 28
22905 51150 26
55569 10418 69
11894 35965 21
13695 31330 63
30932 45022 89
30797 5578 91
36336 47116 14
12539 10939 10
49561 3486 98
23613 21032 44
21517 32556 54
17436 28211 65
12870 48442 58
65 24929 32
14319 41117 7
29791 37287 95
1934 43004 70
9009 56677 97
36074 49755 37
7803 29939 17
49956 26154 18
4169 22347 91
27351 18017 55
27471 15999 11
8742 58178 51
22233 20467 96
41157 41034 32
31009 33474 30
3815 36134 60
45139 16412 48
41844 20814 92
19631 5141 45
41897 9847 75
46875 31025 44
20856 27659 28
2210 2657 31
42554 38397 70
49863 5149 17
9577 32200 12
36472 59586 79
14236 40360 90
48136 40364 21
8723 16399 91
58591 2115 66
46129 54769 27
4240 17166 72
252 43465 84
18620 43732 74
24983 32588 81
17660 22949 100
38530 26502 81
55636 36820 99
56206 17751 81
13990 33133 67
34356 25814 100
45065 8003 68
29986 43997 81
52814 28405 14
25524 20420 25
54769 37979 55
15304 40343 4
28088 40684 42
47081 30663 22
28155 46502 75
44081 1467 24
42889 3392 94
40399 43415 62
16214 9448 16
58707 37726 79
19885 21392 49
33101 28633 55
41177 39717 37
15814 37914 71
49459 34441 81
10348 31386 22
56370 19305 32
38059 30650 80
2417 4962 79
5450 37885 97
43109 58732 5
32096 13035 65
3792 42459 9
31883 13773 80
23772 27347 36
27721 17634 91
21366 32561 7
27724 350 34
34143 20064 81
32419 44759 69
10162 51251 98
27028 20100 37
29029 29646 24
26685 4849 12
52821 35700 39
34604 56700 54
39474 34318 25
49105 32484 93
47043 19486 91
51320 23273 24
48687 49814 99
38147 39503 89
27690 42639 7
52587 17918 6
59646 42794 59
2619 44063 48
50625 7307 23
30924 25819 5
3692 4128 100
46687 29 58
43224 20290 80
42417 16088 81
50905 28251 23
41686 54635 50
50097 28152 98
59788 1988 80
21552 42655 94
19600 1659 75
35775 39245 21
8227 8328 13
51935 10445 23
36430 17411 42
28464 39542 93
32926 20494 7
52921 22122 100
17306 23854 74
23057 18349 59
17952 56899 67
35931 51799 50
3826 4990 1
59122 26526 33
24534 32280 52
46633 9478 49
2542 46677 56
59846 54847 34
23144 5094 28
46320 58243 56
26656 29895 79
56113 43705 66
45941 20661 91
390 28035 48
16613 47365 5
57656 38259 50
57519 51125 94
21535 24080 6
55890 7685 78
41868 15480 46
21195 22381 54
41412 57629 69
29942 1126 81
50117 45286 14
38201 42040 56
33385 31601 33
25161 44503 23
51679 44217 66
3226 36724 60
39426 38448 23
26340 21868 65
54219 25152 64
52358 8714 71
16994 8483 91
33552 7143 75
23902 29909 97
17223 23453 37
16654 17953 58
30181 3486 70
14262 8299 17
40300 54712 36
13968 46350 97
52084 41766 15
3213 9407 42
1889 23798 91
54580 29591 88
32488 39931 68
4446 53840 3
7911 39183 36
3882 30861 47
7453 11803 81
17264 3802 5
8547 48318 37
20217 51474 38
3976 54686 64
42772 25681 43
46194 46357 79
50039 53791 73
16248 48587 16
37660 30047 1
34387 46206 81
17873 48331 40
10141 17254 6
47700 3171 97
22828 47079 49
24194 20132 21
38053 35166 40
57887 7572 77
7185 47503 66
10003 11098 25
26809 39057 98
1560 6656 50
13984 7829 97
29946 32581 88
15793 27 79
9353 42842 21
1541 20308 63
9022 54412 23
25882 53830 81
30949 42047 56
2108 49784 37
14144 23869 80
11643 29457 95
27928 56990 31
48846 34191 82
8077 39831 80
23259 13585 19
58778 39382 19
20816 4352 3
18045 44501 5
39229 47378 25
45860 14087 23
51906 10187 31
35590 4773 59
24830 3610 29
30016 16715 84
54480 55367 11
6865 15004 29
48052 46874 100
52113 28758 3
24686 42693 85
16820 55544 96
54397 55165 29
35998 8968 70
4421 29640 20
838 36282 2
1071 34187 45
6616 8745 47
30138 3200 47
14861 34993 86
27317 49990 15
43333 47746 22
10063 29198 56
13466 45469 58
11779 25504 32
25523 47492 15
50785 36403 83
17248 12832 43
57567 21638 25
22436 15000 57
19584 15393 10
27002 10777 47
52444 58819 80
52473 38891 62
14906 491 50
59747 36241 19
43679 17748 26
2557 57684 83
21004 6115 47
19697 55108 93
56868 21795 19
2247 17017 28
17341 44728 65
41333 8913 92
51376 7452 9
31958 56800 77
7573 8776 85
42976 13564 60
38098 55528 27
5465 14833 12
36037 24413 78
37353 12995 24
50806 28299 63
51179 25381 91
48682 47636 5
40235 29440 86
25550 48267 22
1376 18889 38
42213 37163 78
570 6648 5
7181 34553 5
16067 57485 81
48728 53169 75
33691 34012 77
40176 8125 18
32106 658 45
9305 3891 99
3735 40084 67
59209 36808 32
50245 17345 57
28980 6503 61
40189 45304 96
52596 26044 69
45737 38309 59
11429 40545 56
49655 24955 45
20057 30134 21
57299 11620 27
53073 6191 2
51544 43872 68
5665 21222 62
58677 16414 8
10292 17284 15
31426 50970 73
40377 30342 7
39252 23919 37
40969 27895 6
59528 17714 72
42446 48664 91
56973 1512 24
8256 43644 100
25774 39636 84
37829 3175 26
35866 32973 27
15391 2984 71
12595 43391 84
23849 11292 70
35224 53795 82
42760 12558 94
52372 2806 60
37210 40976 53
45132 6378 17
14601 34095 30
58920 23552 32
18344 37752 63
56438 38121 97
58649 18062 59
55862 44164 42
10385 15861 50
9704 44120 39
47075 16175 47
24208 53472 11
33407 30691 49
52867 13334 32
28479 8120 46
6047 26889 69
57613 32043 36
37064 12100 7
7866 2754 24
33677 47129 93
17220 45094 43
52540 22797 58
42123 58227 48
19993 29211 10
2419 3129 7
48644 54927 72
21971 44373 65
16050 31081 30
50211 54897 33
29627 52479 73
29872 7128 66
38693 32017 18
26305 58467 51
51246 27623 3
20916 59409 73
4798 53656 16
36722 39963 30
43908 50226 43
6718 24775 86
28006 33392 85
54975 12319 41
49575 22935 79
9318 49387 98
51418 39336 5
16523 4378 57
42981 22036 41
29362 36535 95
37821 19552 67
31330 3487 7
10999 10603 91
57259 374 92
42910 58769 39
32271 32680 7
41006 43382 44
41815 10586 11
33118 10846 77
24667 18115 66
7924 58856 67
50852 52601 48
26666 27673 43
7014 57661 75
43736 56388 39
9671 50843 57
22089 42264 10
42777 911 42
6018 44724 52
47673 53761 59
52446 34950 95
35764 14189 32
12094 47311 87
54439 15663 70
28747 23110 41
27400 23373 72
47208 4469 9
14514 7817 88
13967 5196 93
27427 7927 92
43641 55980 65
51048 31290 9
54609 51818 40
7931 57528 77
11960 52876 57
30771 11288 6
31645 7487 90
38324 48135 90
19842 54931 1
56109 57761 15
46377 49067 74
57830 9836 10
6429 22375 85
28971 57713 81
25757 50060 64
27382 35585 47
50235 43955 78
59580 45676 75
22462 15875 60
27154 43841 90
6890 6793 9
3284 36720 53
24412 10790 4
46276 28502 65
4586 27576 28
37921 10601 5
30287 53842 69
58326 20002 48
21564 17673 62
12555 35647 98
56158 25014 24
7953 21020 96
53363 56604 62
10906 41891 93
59672 7367 97
46121 52948 62
53365 26671 80
17043 41615 93
9905 4194 10
13474 22291 53
38788 45997 93
2946 52467 76
37288 16338 31
49174 54736 90
3953 7190 2
53297 5159 63
44504 18806 39
15322 35196 52
50713 29843 64
59481 57318 2
52385 18233 75
2616 57663 83
3041 610 44
21341 6666 24
14045 18398 47
12725 24244 23
22140 9571 49
256 22003 87
48686 47111 42
12520 29681 4
40983 5098 16
37813 30116 43
43547 3042 25
50316 58140 17
22422 15845 39
45424 851 85
38269 51753 100
32098 8948 69
34191 54834 68
27071 3607 7
27008 7085 38
57195 16062 87
42993 30338 17
39262 22029 22
31476 12809 43
49805 58898 95
43620 44572 67
35332 19207 69
25762 42605 76
30068 44703 92
44726 8520 95
11319 44576 52
39033 9287 16
21312 1846 69
1097 28675 64
1788 49077 1
21334 19864 14
19296 24216 15
32752 59498 87
55877 48300 4
29137 21942 5
59354 22771 77
5609 7546 61
57736 17839 30
57481 25898 23
3125 36922 100
49356 35059 19
22855 39782 82
28838 13578 93
24878 8497 10
5191 57183 45
34447 43706 55
37837 39869 71
47178 25463 59
44195 18511 79
28820 54559 95
55236 48239 45
10046 9209 6
30796 4397 97
38089 6951 14
45077 34215 77
18733 57568 55
53648 34445 97
34633 22317 26
13507 19915 43
14535 30221 31
12146 24621 83
34965 51990 30
52040 6085 29
43643 59323 97
28777 45706 91
2807 22812 75
51249 439 76
45566 47188 78
27729 34450 35
50920 16869 41
17626 50073 93
20452 53638 2
40073 903 43
17040 32361 87
57005 23630 50
553 33580 70
27274 12160 37
45149 49572 74
42230 36232 97
34649 5579 3
9103 42589 38
45431 51738 9
42919 8417 50
22599 58224 74
55343 11931 93
36976 42431 17
26815 33410 67
55441 5023 59
31244 25411 73
44499 29686 77
4933 47810 70
29673 36911 50
5969 44245 20
33327 41040 1
38819 39865 46
32616 5054 8
34833 29978 41
9198 5500 30
32888 39592 54
48202 53680 34
22330 31913 63
51660 52299 52
37661 57025 78
44817 34705 54
14410 45166 67
56373 21641 47
1755 12747 81
44686 5021 71
24765 45342 15
47484 11532 39
12252 56878 44
19350 25678 31
37952 52131 79
19236 35020 53
44715 17439 11
55460 15777 62
42356 43099 41
57861 56224 88
6802 3412 36
53727 51830 14
43051 23601 4
35398 25705 33
20363 36704 13
9814 10062 43
24512 23373 71
30213 53407 11
39918 9367 13
27712 55769 61
41217 11771 58
47197 2761 91
4520 52932 83
31342 21092 47
23648 50736 11
50082 17042 25
19284 46321 33
669 35617 72
742 49686 52
438 25845 67
58147 51876 82
36413 29306 20
42148 19602 63
55836 25236 71
47792 34314 41
10992 58157 32
34692 55725 75
34548 51751 41
40791 52351 41
50160 1943 15
2879 40965 21
55220 12954 51
58146 33898 90
30697 43234 26
51489 19297 66
43551 17207 97
45877 30738 52
30846 52252 42
58073 44897 42
15390 21119 100
5155 31377 27
15562 6227 24
39358 40624 42
24857 14071 30
4284 4704 52
35445 57752 86
13525 545 28
25367 19000 87
21530 8896 3
30926 52825 22
22611 1079 99
42474 55850 90
52027 7387 14
37721 1256 41
34264 32582 58
6621 13444 52
10105 41140 89
10271 8367 37
46107 41936 75
51273 46129 42
24661 55488 2
5711 10575 94
32285 43532 76
13820 49083 33
37148 17061 12
51952 15582 69
47996 12086 35
7089 58910 9
44900 44777 54
43346 43218 13
41871 56588 27
18158 2930 93
27363 43923 46
14107 40627 82
11976 57550 49
58529 6466 99
33847 23328 49
49078 20358 68
192 40670 21
23146 6369 20
44920 2697 36
54926 51092 86
16644 24467 52
30578 48718 50
46271 46019 58
18267 49941 94
20631 19818 99
34118 11335 62
22983 50260 61
38705 29627 83
11755 40985 19
23221 48536 77
26561 31387 98
49720 58960 71
44144 10700 37
37136 21090 19
738 48969 54
37893 13161 50
6662 44938 87
53057 33356 9
58458 36646 15
39957 21390 36
46846 50399 75
8839 13043 68
44331 56994 54
46964 23690 66
14058 36146 5
35635 58818 61
7907 22354 11
31140 14008 48
32861 14088 100
14642 44026 19
33489 14104 38
9042 29845 68
50091 19601 92
42880 26668 92
25049 10409 13
48277 53892 92
57655 24819 75
10936 15079 44
55332 26220 84
39329 55114 74
5196 11661 66
16763 52917 18
32863 19830 41
30065 7884 65
47206 35252 36
57821 42081 69
20430 37527 45
16152 22972 20
50303 48998 79
668 24189 67
35781 21250 28
52738 14176 56
51390 29973 58
34462 15643 47
13427 44288 79
34303 10927 4
59302 36314 58
522 25523 74
4309 55066 9
22064 44132 57
42037 48646 100
12159 35759 43
48895 55448 1
33750 12579 24
4135 10297 92
55666 40926 37
58812 36531 21
23697 41552 20
45403 5247 68
33023 42008 95
48218 28950 85
49840 5467 53
51656 53625 49
6890 37451 22
10196 42145 45
2137 36073 36
31759 21601 83
45925 26019 47
51299 40337 14
34390 19071 60
25434 52302 2
47964 2979 100
2864 46066 46
23099 50063 28
49007 26692 48
41159 11605 2
27009 23460 93
25801 7669 56
15952 8888 63
31720 10344 74
20691 59809 81
2723 29374 53
22722 36737 51
39082 32248 13
37467 156 20
464 23098 51
55939 36757 74
21741 37898 18
47987 50519 4
44793 15364 94
1579 58981 55
22011 40955 28
18347 5248 82
55178 38969 67
4774 40165 25
39957 22342 1
38157 17261 67
35591 6763 75
25948 50946 39
10901 50747 31
45650 20978 37
23531 1510 96
21561 5093 33
33728 23522 55
40669 36528 19
3728 10217 68
59478 25136 90
15221 3185 15
30222 33046 62
53078 35109 24
38190 13407 69
35587 15430 41
29929 32278 41
39059 32055 4
35285 54198 58
31681 35385 63
35074 3727 23
56050 17797 20
18216 32655 52
54401 58898 31
13317 9117 44
51345 49571 46
14781 50671 58
8023 55029 24
1772 34803 76
46478 17575 83
27137 16681 50
53913 27965 71
39928 23979 65
40412 18493 50
27638 4832 71
36684 47317 38
18174 39505 73
49388 47370 45
21730 51163 29
27984 20474 89
44459 12099 73
47775 2435 33
42822 29276 40
3487 3485 83
8236 30931 46
34354 49807 68
50087 37653 5
43002 69 2
46647 24546 46
52046 17375 30
28017 43448 65
27549 54292 82
6153 48246 74
8104 20653 66
27141 53467 10
33836 24326 3
58268 58459 100
51250 2274 48
9739 58030 17
35808 14839 2
50307 16183 27
34198 17236 4
1187 29576 6
53765 53268 18
58781 21798 27
38054 36279 63
58833 20544 25
6449 35813 61
15868 56540 88
43994 38827 54
47261 23810 63
14325 27992 91
48014 10441 33
17880 15955 20
23852 26238 6
362 26336 52
33711 41496 71
14868 50208 93
23299 51927 66
53167 10429 73
59492 2909 64
7786 15470 73
30267 5470 4
25423 25123 5
42614 40803 73
44918 55572 10
43768 53371 31
9926 54859 42
14941 6278 86
36874 30070 15
50169 36194 85
15030 23015 15
54076 38400 57
753 49351 85
32425 53012 26
5867 46549 27
32236 37665 41
41422 4910 87
58362 24538 25
38696 33880 74
47433 49265 61
27798 29657 8
20099 42460 96
6751 25684 91
41441 11778 1
8699 36906 69
15723 59200 91
21672 49342 76
37666 22898 87
10428 19829 94
46822 42086 34
39913 12621 47
48836 19401 94
52532 44180 54
41443 53796 86
8346 50120 96
28580 16572 53
48796 26101 55
37462 58736 52
55904 13715 4
49243 42673 19
52873 31720 86
11870 36388 61
42415 16850 16
35922 27072 27
41118 15935 38
20590 20115 32
52866 58626 91
23479 34186 98
53498 51040 29
49214 32449 64
37208 12612 20
38272 35483 4
52353 54391 31
2418 12730 48
24042 45917 78
16472 13575 31
25821 31427 86
9738 57268 86
38015 11995 19
21940 13751 9
58 15452 20
15943 40419 50
27448 19456 88
23865 48960 19
50797 48044 4
53080 2299 16
10333 3303 26
56181 13777 22
21954 42096 5
22634 32892 80
24056 55197 79
44152 58847 46
3581 44730 62
15185 13598 89
45681 4823 29
18160 48226 97
23848 29222 59
58857 4098 3
2189 8106 2
5861 50346 39
6533 32946 34
47739 33134 9
50582 45993 89
16249 46523 47
38684 26892 75
18359 6036 53
40566 10721 17
13909 26992 51
45188 27597 11
34419 50174 38
42231 12569 89
29453 26721 66
21734 24837 7
51762 33812 29
36680 36818 7
41224 635 53
44650 24274 77
52513 52840 92
19352 756 33
25625 30897 67
57370 4670 83
41906 14651 83
1157 50943 90
20829 19444 71
12318 14033 17
22683 50269 67
51422 54241 45
48228 58784 71
15215 23997 55
13427 19150 37
19021 34380 3
1308 18874 52
59736 39160 15
18848 18485 79
6826 8202 45
33177 54767 36
38391 31510 3
13632 7657 70
42425 50394 10
23135 47954 73
24842 24417 64
44262 14203 60
367 27012 90
21166 29106 24
45554 58273 98
277 43956 51
58137 1795 54
12055 1576 41
22027 41037 24
31134 19782 99
19143 3386 69
19938 10684 39
58099 45449 51
48052 9082 93
17169 25378 37
29488 54079 51
50116 56252 18
33687 55972 23
17728 50315 87
29565 34363 87
47465 16224 56
9964 29081 97
9577 31548 40
48978 48564 66
55795 59728 27
7038 4508 24
6 36237 17
5022 54580 52
39618 11941 54
8885 54737 22
54939 7035 20
43756 18900 88
46058 7947 4
30790 52013 30
25551 41077 49
32850 59669 8
3946 17582 13
21964 28186 88
50459 22497 1
31374 57858 80
59390 40945 39
24391 44473 31
3166 53085 9
32525 11998 72
55866 55888 60
56059 42320 48
32000 28171 91
41836 57461 7
7013 23717 13
38107 10877 69
57345 9227 31
41772 16094 8
14888 25760 23
31521 37338 72
43230 7267 96
11261 51408 27
52515 25690 8
7918 13579 92
18664 21729 5
27605 55188 71
14840 1673 68
45936 59348 98
52542 47277 60
27375 7313 36
36871 8167 6
47114 39777 48
50308 7341 71
1387 51766 53
14517 28626 11
12848 12635 69
27494 37147 80
50908 50723 12
10163 59797 59
37792 56391 46
56507 44451 28
41646 16182 31
42160 17200 2
54726 56972 82
46154 23003 24
8600 31456 4
9612 8530 11
38184 7965 72
30076 24254 33
46830 29162 80
2190 11727 19
21918 14639 21
26968 15078 58
58603 18144 4
37317 181 12
22768 39747 91
19269 13019 76
25141 30481 57
47936 56548 22
47171 48771 83
35741 29577 14
7666 27428 5
56775 57666 57
1162 30450 86
43021 35904 16
44541 36944 20
16053 482 50
8211 43485 84
41175 31680 73
9349 46157 17
14231 32459 30
36277 53474 8
19581 55669 78
9160 50826 19
25110 53113 10
49293 3778 11
59063 7916 40
11384 55091 74
11088 32851 36
31838 38203 11
36482 21789 32
15280 18815 70
39796 1670 38
48091 12186 21
49873 14229 81
11938 48693 85
2289 14634 28
39528 14948 79
49694 56444 10
40131 28948 43
31339 27544 18
41805 44859 91
23267 10684 91
12511 56092 100
3753 41435 42
17121 24416 6
27315 35374 84
32762 22813 77
7480 26928 18
59131 3695 45
2765 1100 26
18283 2061 51
42202 1667 60
8582 31336 20
36414 47117 49
24775 36479 20
50196 11525 55
39371 11274 4
59723 56691 1
21555 9957 31
43097 42018 98
1671 7491 80
3935 6952 26
21880 8065 79
20897 8795 75
55281 20613 59
29601 51628 72
15662 57482 19
3519 2831 37
27479 49773 5
20211 4574 72
16203 8281 68
38619 985 13
14498 2049 36
27418 42616 77
30421 677 14
39575 28958 79
36098 24561 46
4951 13002 38
54068 29185 23
42627 15651 75
11023 34306 84
57941 52311 91
34703 36971 72
14058 38896 88
28067 58592 23
7298 35789 35
37633 15055 66
39954 31148 55
17982 11388 76
57544 10541 11
44784 17259 83
12206 52956 81
28142 1921 75
26420 6329 94
48197 33454 74
6741 16622 35
11052 21480 68
11825 20459 54
54135 9323 89
2561 10228 30
18279 39234 9
31929 40520 11
24162 53578 57
35167 56968 90
20862 38250 38
42861 24712 56
7062 24348 85
44244 55116 34
40179 53041 19
44008 33119 9
3676 33292 65
33988 1899 69
49809 315 62
32317 25249 79
16388 36673 52
57806 34461 16
1158 9587 73
28004 3650 45
14139 37335 10
11662 34309 68
43804 10647 48
20043 27853 54
12661 41434 66
19397 29354 26
45110 15129 91
59586 25548 30
21123 58158 17
52249 55691 7
31843 24581 91
34152 10067 91
4090 6252 82
59211 31765 68
21027 35170 56
25586 42207 24
3120 5327 27
39779 37293 13
3360 53227 44
50414 17386 24
21288 13551 2
50441 19930 11
52379 58782 83
59310 14584 80
41239 34285 71
10895 32523 24
21985 39420 100
20610 19992 94
12564 58532 63
400 52780 90
26199 35912 33
10282 34637 29
39612 8238 36
33210 4160 98
7870 20164 76
32967 34106 29
36088 22991 51
25233 47437 12
55914 6586 79
24968 18976 5
38326 4664 91
19169 33290 76
57443 43590 76
17415 42499 22
24303 17025 60
43979 8937 40
36679 17544 81
21751 12194 24
3851 2239 38
40817 486 34
39603 9784 86
30973 34299 52
21585 20023 9
14280 48057 57
46517 15483 47
12028 15519 32
33723 58621 50
30668 51465 62
41168 18225 59
36484 48211 40
17505 29917 40
57542 6067 65
42754 4730 85
7277 13747 81
44692 52454 97
9738 2344 68
34129 54405 62
25656 44544 71
42774 358 32
48853 42854 97
16912 26183 15
46657 55908 28
33293 51393 63
17623 21089 39
18689 23301 9
37522 573 70
33326 28794 60
41211 57900 23
6431 23587 70
23841 3763 36
40444 16056 69
19318 22270 89
45267 18571 71
400 35963 89
25266 33454 2
24358 275 87
35175 7720 89
26938 1691 8
12282 12994 32
59346 25014 91
35250 46036 70
19604 31298 74
28880 15850 57
52121 23034 57
22997 44157 6
50863 25595 27
30066 25436 5
17319 1281 35
32943 1601 43
25429 26547 47
2143 20586 93
30344 5706 21
27634 13523 20
14792 56836 11
33322 40740 12
49413 28646 43
40125 37798 52
17803 33486 58
997 39902 18
17266 47564 57
32303 40267 13
42997 5154 11
55553 39747 10
40490 20403 79
4697 58174 6
26287 34554 55
42454 35374 71
54749 10252 88
35481 53270 12
29038 56903 92
35303 30443 13
8622 23648 70
47895 29448 36
25444 36486 71
39904 56442 33
19479 3620 11
40751 42398 96
31858 34716 81
29473 13289 61
54665 28697 98
56673 3015 37
26409 12250 17
2680 22636 40
2572 23627 85
14644 41091 79
57748 51349 68
5844 34308 78
19332 30896 95
24733 18450 5
185 23642 74
27127 41447 17
35561 31274 62
42555 2403 93
27506 18286 15
48578 41971 95
25116 7393 1
57839 6329 58
55929 20453 92
52505 18791 65
55795 32411 92
45849 58718 18
54085 38453 47
38355 44066 89
22374 47622 98
5070 30978 4
2987 54920 24
31459 52737 7
20110 40471 20
12254 37824 20
27357 47144 45
57091 992 95
39624 31545 87
8604 15132 88
4609 51964 47
29605 58894 26
1033 27557 86
32826 1879 40
25555 46470 51
9361 32410 24
21015 36388 35
33066 26050 47
11073 46679 33
29649 25013 62
40329 21503 88
23606 47058 44
30007 22264 61
41041 55915 12
27212 38085 51
18175 57997 53
13247 8543 84
57071 35309 97
20213 18079 27
52431 56292 21
43398 13453 38
47268 11401 46
27048 18133 7
18196 24325 75
16756 689 81
5730 6906 85
26092 20988 11
54698 31026 92
8157 28221 100
35952 10232 80
24820 18192 60
18403 4108 76
56542 17375 90
13451 6669 76
51791 2175 35
46694 20319 64
25901 46333 6
37804 36706 89
46363 2904 40
2506 28547 85
51631 49199 60
55374 20488 22
22097 41440 64
6634 20915 27
54458 17290 70
31192 49632 70
14152 5763 40
56730 16635 76
40405 28099 44
23417 13014 61
38042 58259 35
36423 6750 88
56401 49186 28
50550 16900 14
39958 29741 2
36685 16468 94
19466 35682 58
33050 51559 44
18205 14852 62
25977 14267 23
35914 47037 51
38107 55896 53
59373 37778 7
59123 32216 93
31235 38729 75
28227 5738 9
41993 55626 43
2558 12740 59
57413 50051 52
27359 27446 36
43460 34886 34
22514 25987 35
40728 25915 45
48168 9501 64
50550 18933 37
57561 25425 78
8013 21766 61
1800 1357 92
13549 49777 19
37071 37307 96
32049 39697 53
13439 46673 76
51560 28752 98
53962 32796 7
26828 46738 7
43577 6147 90
52999 26453 14
24871 30071 100
970 11416 4
30207 57309 67
3947 42395 40
34200 44132 87
5246 49347 42
42498 25373 7
21115 25866 18
12724 22275 1
1978 42484 71
38643 9073 8
8484 19253 22
31770 32161 12
10773 24861 19
9681 21594 41
20686 19149 96
33158 36410 74
54170 24811 91
32435 37698 13
29644 14749 80
35702 483 5
48673 14760 26
49417 35942 3
13031 17955 46
18307 35102 78
38664 22840 67
19952 1867 15
9594 9098 77
30191 6943 14
41184 14930 94
49841 34341 31
31351 21459 17
47270 37091 2
29635 8172 98
29656 50375 43
5622 42762 35
4906 27617 62
30925 9958 67
38790 35031 94
30884 12402 13
564 49477 38
2440 7660 3
46951 36799 55
477 44648 38
31179 40270 77
27769 54944 3
43844 4304 33
836 53157 87
35669 7494 76
46465 20433 50
59569 1907 35
7931 34969 73
14290 56792 7
23288 4617 24
19081 9699 35
59187 7415 19
11835 36696 33
4795 53706 93
19819 16778 66
47033 23185 25
4909 10008 77
52159 44019 27
12636 33726 95
13599 19693 78
3881 19013 48
33503 40358 12
11249 57045 59
37934 33717 92
36985 1975 29
51278 40490 29
42483 58187 65
25520 19011 38
12259 27766 66
87 25859 44
50702 29897 87
9414 32047 95
52164 8401 38
29991 41524 20
11964 55920 12
1248 44317 18
23950 35106 24
3924 53894 48
26104 29747 17
22463 11757 20
788 33256 64
53786 22463 13
58746 40619 30
35153 30510 92
5439 32337 66
20002 23217 72
49306 7701 21
22582 44866 66
2620 57737 74
51820 43048 8
59529 42399 6
22277 25743 52
56356 25244 10
55733 53455 52
43734 40669 7
9108 51541 85
43392 41465 13
48306 50572 39
14997 52265 55
14553 9541 82
33384 50158 44
44589 24501 61
4749 23879 17
52583 7976 83
14037 1396 39
25817 6817 43
58434 31310 100
57885 23351 18
18533 25923 70
24618 31350 46
13350 52220 40
54007 3608 58
9114 3781 17
40394 51760 46
48714 39574 85
37975 36586 37
28173 53976 59
3729 11710 94
12643 2520 24
29386 44607 30
24511 6202 6
51134 21842 100
40630 54918 46
15812 1285 6
59160 33644 62
22181 23966 37
28487 20515 91
47526 14476 77
33165 8702 11
31072 47233 18
2306 32590 53
40643 42041 78
54940 21244 33
23359 20569 86
16361 40783 70
16462 32842 94
44480 37898 20
52460 52233 71
38661 46377 2
14456 52670 45
22732 14667 60
29617 56608 66
27695 58863 20
26733 2410 20
24608 51495 89
53884 10990 11
47527 52111 72
19529 46911 2
6935 23337 8
49493 59392 50
21492 54634 80
19926 59239 30
21970 36545 43
5657 35663 6
44713 43822 48
5462 3716 48
23196 27983 24
32868 25195 84
47626 21953 23
16546 15923 23
26862 41124 69
40324 33044 59
53857 47376 34
9402 18433 66
13670 9513 25
9686 2020 70
2227 25104 20
55659 15847 69
37398 39532 36
55947 48908 11
37161 5979 2
40287 40653 53
58579 22824 44
40862 17205 99
12236 15049 26
47922 48003 32
53162 50993 63
11911 11219 97
54317 34843 13
11183 36520 44
623 26482 11
8258 14099 97
32474 4205 95
27218 35282 19
42039 5431 5
962 22242 41
1928 57418 24
40651 19178 72
27893 844 62
13651 53432 26
39407 33083 35
44148 4731 88
23588 17930 43
32602 28357 42
45633 43983 66
1739 7119 7
48866 38997 68
16890 41744 45
23877 38102 61
58943 44115 37
39065 46919 32
34338 36551 76
50293 1113 59
2122 6693 18
3552 36795 30
558 19388 91
10147 59344 42
57452 46060 53
56795 3040 86
21684 52922 96
30589 25147 50
40257 11806 16
539 30696 42
43233 8076 17
31792 28083 33
844 58302 98
10949 33174 85
26124 1502 33
34083 31508 8
40546 14067 19
26609 24871 5
24117 27578 47
1069 11718 69
46672 6369 48
16449 43284 31
42825 6990 92
54674 535 89
2465 30351 54
46690 4271 8
5970 18984 8
52346 20193 37
19494 13991 12
5653 8043 79
52692 53882 20
41701 28455 53
27831 28199 7
2175 29442 38
50992 29107 99
24017 36758 79
2980 33606 20
1938 16619 100
30679 47977 38
38587 18726 37
44891 26207 79
31870 52905 72
58744 14311 33
31125 32120 62
32798 17399 29
2840 35295 63
28721 20504 55
29818 55041 26
46466 13104 93
22213 7019 71
43533 46289 54
44085 12956 16
12649 29706 4
39506 35843 48
19514 1589 60
18138 59790 83
24956 3520 75
33297 20815 32
34706 24439 11
13009 22074 34
22848 9404 49
5927 3613 50
52756 38679 1
11613 32609 20
39359 46272 15
25836 24164 88
41293 8961 76
1189 30415 33
3670 41500 7
33253 47374 82
6512 54194 49
53239 56195 88
21686 8144 56
26730 6243 65
13737 23762 68
53042 33011 65
59870 32520 26
12794 34574 20
46840 39348 33
13884 12421 97
26710 46943 24
51820 9946 23
393 36935 17
19487 59602 83
16947 35503 11
7806 3317 79
34206 55995 94
24584 36723 50
33383 57447 18
56621 37305 46
28492 41342 83
24019 22996 28
5219 4506 78
35919 16852 97
36112 27464 57
39106 33387 5
21837 7391 6
8478 41012 45
31043 21801 27
20851 8406 97
6382 45346 86
11727 9421 95
20588 58308 63
40804 57355 59
45039 39836 19
56289 43032 12
11210 41114 26
697 19277 71
51124 24252 44
4302 50491 80
31639 47190 86
17867 19916 65
32460 7881 18
23473 50096 17
26566 42681 100
36301 48382 97
49874 27925 16
41834 17968 19
39539 24132 90
30847 2404 41
59468 48879 46
51986 54523 52
47776 24642 61
56769 37800 59
47015 28228 41
18737 37177 33
53291 1908 56
26392 42009 70
51743 53654 17
28422 25201 87
53674 51124 24
22992 21772 35
43602 15035 26
47938 43616 1
11619 30055 75
34830 16511 95
34847 33622 12
42150 19371 43
53393 8671 3
4088 10115 61
4987 50385 22
46949 33582 48
26946 8410 35
22400 47647 19
10089 40288 44
6948 20445 69
56384 18830 25
1063 9551 82
15191 34015 73
128 29320 99
59219 7133 18
489 16112 97
55986 59278 57
9955 34850 14
50370 48986 5
19398 37794 56
15663 55402 47
3567 13842 29
6794 54357 31
11907 34647 51
30410 13212 68
37457 31761 84
34559 13884 36
32853 47660 24
24490 283 80
6502 27866 50
59308 22840 45
44728 37150 34
54742 16503 86
53156 57291 28
38150 42781 66
46376 39199 7
29651 25629 71
45000 12482 34
11090 19754 12
51341 50605 100
32409 32332 96
9455 8081 9
20639 39205 30
17431 24415 12
2913 31737 59
11446 6397 18
18236 26002 24
24875 33402 96
47176 43874 31
59291 11598 83
13716 24372 2
21463 43782 29
9979 56509 8
59745 26418 97
50252 5534 13
45577 33691 94
48299 37489 54
14748 16160 39
50675 34896 13
48938 28231 68
46606 44831 51
20242 22990 98
6208 20508 56
28152 16813 6
51779 5000 60
30897 33525 36
45527 12339 88
16565 48396 51
54123 25036 2
13074 26025 48
11185 45668 48
31964 16561 100
52157 43818 12
2222 31301 26
42294 33705 35
29690 44471 5
14841 15894 26
55088 29815 91
23183 46257 96
23425 46406 39
28952 59211 36
42219 8193 100
19771 27225 16
7732 34717 82
12515 16670 15
37582 8684 22
54019 56625 83
32146 10636 90
18345 49768 65
37863 6342 49
25701 25675 65
38672 14456 32
26587 4660 13
41993 17045 24
44958 30185 76
44128 36029 37
46268 44596 57
45403 30729 2
10653 12684 16
38226 20424 87
165 20824 23
30180 42609 64
47479 55412 86
54075 12903 59
35177 38913 31
42661 56817 93
56669 12353 30
31588 40522 63
29156 16799 60
37410 11348 27
10245 18273 57
30448 750 57
2691 47423 94
26095 40323 94
44333 35682 55
13126 35355 85
53933 32340 74
21620 27086 8
53145 5159 79
27166 35560 39
11402 58454 11
22723 38489 63
23706 11433 26
48017 29985 17
10658 5903 73
48229 2367 3
45228 56053 11
53706 40698 69
16276 25908 8
36990 54016 64
54657 45696 38
20615 44698 61
35269 6900 67
906 37872 73
43504 5254 56
50838 56778 57
53250 54418 15
42053 39434 79
1776 42439 65
2779 46413 68
53345 41814 52
37551 24452 80
13640 43338 15
41623 50781 58
40536 47685 60
19086 45143 12
37884 33304 46
5441 28092 81
44938 3998 65
5968 57210 64
13066 54727 73
6072 10432 99
57206 55209 11
42248 37211 54
28821 25307 84
34949 50521 37
33230 28918 98
19601 25019 83
50679 3565 76
58977 2652 94
38933 5425 65
9729 26414 62
10102 42166 43
41359 19802 80
27241 57722 57
43523 56969 56
14895 9997 26
12354 37814 22
21995 9512 34
21179 22640 86
28634 2921 100
51859 6007 42
54630 45693 27
36544 20542 96
59526 10659 2
4954 55848 88
52982 10856 74
36326 8765 76
11240 36843 38
11374 16751 58
41639 8856 72
34099 56026 55
37632 41858 32
54136 49607 99
36044 4112 46
48666 6731 3
14055 59728 8
36080 21728 37
843 24570 54
29815 16077 61
47766 47397 79
18429 17992 77
10701 33348 81
25764 15706 8
30940 21803 2
46910 7122 2
48485 24972 53
4488 26295 54
55599 2247 46
38795 21046 82
26272 57641 50
13543 20620 11
13878 17715 20
58541 45985 100
13817 8158 44
33002 7582 79
27311 54816 17
14262 24452 84
50219 41245 55
41825 1209 59
3306 8071 56
4863 38524 24
48934 26223 50
56402 36004 30
4206 1860 46
40995 34143 27
55729 12756 50
19509 22792 38
28537 52553 46
43512 2862 55
25213 1146 73
6875 31060 35
1917 9279 23
3674 46573 10
19410 23501 20
59161 49222 90
28784 3832 65
12360 8620 53
35229 45615 51
50123 18423 11
32852 21510 69
14903 59918 91
55124 46237 5
3244 33284 37
21426 38871 17
23679 41042 73
460 36111 46
8998 59471 58
1306 36920 34
13662 18815 35
58236 58544 73
54461 2213 5
9595 28903 83
49981 6976 53
48387 20184 34
28345 24144 61
16673 1669 89
27206 48792 29
31475 29783 18
39450 26860 57
23779 53224 43
4109 52474 9
49913 49560 76
31083 14184 25
48611 41334 26
56332 6660 17
55545 54492 66
5823 21984 3
3069 21384 38
54770 52426 27
23806 41578 83
6986 19987 100
47605 14246 13
2859 28121 28
23945 59302 54
27957 59507 32
53008 54806 14
44903 13420 9
48063 33244 62
14378 30904 96
22352 41709 70
16485 15148 9
3121 27717 41
37178 35836 41
1359 49413 46
52459 23139 49
29836 35057 43
37469 52887 9
41048 41535 77
12757 21914 25
40717 21462 49
6194 43618 20
17195 14811 80
47297 8217 46
58649 44234 94
3054 30314 82
57035 56436 87
4554 25292 89
1481 30829 41
29217 12767 15
18248 27017 33
9733 45920 30
14039 20483 79
47151 10493 71
26168 19952 68
11567 19506 12
2460 59639 48
56348 7979 7
8465 15537 10
3068 55609 31
42033 59390 47
7342 58618 54
56639 24777 100
41608 22083 47
24198 18440 46
12510 39978 78
9167 8340 17
1817 39871 24
56346 29882 19
44278 12017 89
54101 23322 57
23258 11252 37
50514 14681 28
55754 21489 100
3483 24834 79
32716 12289 13
30907 22197 2
28017 48551 16
59572 35882 60
26470 34303 74
50461 4993 62
38100 30077 90
49358 34050 74
16882 19356 12
18068 14467 79
19832 38002 53
56944 25797 50
22029 54605 20
2934 59178 43
33659 9299 87
25129 17765 31
23586 57901 46
43774 28380 14
32291 30917 61
783 45985 30
44003 36117 2
6889 37375 27
55641 32495 5
5881 47967 24
56574 2852 88
45642 24985 86
59791 760 99
27999 3804 50
41117 17372 84
23191 11679 25
46756 14124 76
6833 20583 24
40128 27520 37
25796 39429 65
58469 28951 67
16015 36445 1
39493 11583 91
13207 27512 19
51855 44479 78
46474 8353 42
13377 14805 54
32567 59589 46
2320 29608 3
28131 57069 29
38725 21715 87
26958 20281 54
58967 7722 15
45273 3532 45
22617 15008 20
12941 52802 45
35575 18923 8
30080 3990 16
34731 17159 26
38788 35592 51
18074 58105 61
26235 3939 1
33740 2272 54
55268 17395 6
15836 6317 42
17123 36275 52
23619 27144 75
59715 18015 98
59606 24839 69
46372 29945 24
52328 37936 51
10976 7663 72
47854 44896 62
45950 11117 14
32364 45014 11
57307 20676 8
4070 8731 97
26391 29580 62
31668 35144 48
36768 3156 12
2033 19866 69
33654 35819 51
13155 31617 11
41002 9701 66
17735 41305 68
425 59779 52
23033 45859 95
32232 49475 72
10374 492 60
2381 56091 64
19312 46156 85
48513 40354 28
28221 35158 81
37372 57319 95
19479 37263 45
10326 11616 82
50692 5927 83
14175 25071 39
34102 50582 17
32620 59873 46
46629 55804 67
41588 17588 99
28574 38562 100
5340 32660 64
15209 56235 21
9306 3699 71
27482 23352 10
37643 50131 100
15016 7744 95
25059 32654 35
4361 2103 61
46813 43040 77
13622 53381 40
49489 13746 29
51037 57701 14
34550 25691 51
38348 51771 38
48025 43801 95
32196 23984 69
4588 18490 86
43772 23119 61
34558 7585 39
4648 55952 54
21058 10928 72
50243 31333 64
41045 54193 32
35735 5273 19
27793 31982 86
39582 9523 98
11834 5368 19
12296 31443 3
28428 46855 95
55988 32037 92
40737 7900 3
41315 17103 89
33201 50579 18
27995 38754 57
44586 47625 79
23666 13260 26
48458 54829 39
5470 12153 3
35858 48538 73
30787 23649 51
34802 12041 59
41921 52441 30
52978 36318 25
42752 36525 93
35174 49556 54
7776 17869 34
22191 21246 83
27337 44541 70
20360 54510 80
16026 23438 37
17013 41681 28
17759 57711 68
10316 34740 90
8516 37901 15
19674 57333 98
55644 51769 54
25458 45101 95
51873 38431 51
18925 22262 23
36019 25614 71
7789 4710 24
56302 48662 52
56724 6498 46
50285 52457 43
9914 18837 65
20751 54362 62
39333 17409 39
9026 59447 59
18505 12880 26
18706 57810 90
29269 58292 17
43181 30234 1
9581 46151 93
44249 51723 89
2698 34574 43
58617 51643 94
58665 56058 79
17540 18107 53
55457 19141 44
36466 10763 64
42270 20392 98
47195 34596 8
5786 19437 35
45099 5088 77
27132 38038 63
696 42428 64
2485 35099 5
29965 22954 96
57261 18013 73
6393 5181 88
28797 22451 96
45586 30570 93
34748 57078 18
2726 2382 74
20991 45742 42
40058 21433 91
14070 29245 21
44514 36543 83
20451 12631 81
12908 52779 6
51796 34505 82
31774 9062 8
28027 351 79
2274 26269 39
31445 3834 21
11593 53230 73
55473 44357 91
51837 50324 74
16568 46936 64
16262 44465 25
29373 50624 50
50934 47298 9
3967 42307 93
47597 4817 33
247 649 88
58172 32162 74
47486 43634 43
12750 44735 45
9258 41977 93
47833 37746 96
19302 43166 7
10236 2446 98
24041 14972 23
4498 2533 88
12260 15064 76
55251 230 41
32403 57005 21
14611 53584 74
37065 23313 34
37208 6234 8
55109 37346 86
40368 29818 15
885 41776 89
604 34070 76
1328 59045 46
35523 31851 71
38005 42282 43
21705 29057 83
45567 49950 80
4357 3475 18
49434 9626 86
21606 27530 35
5806 4311 22
6002 24134 28
46937 19366 75
42549 3331 48
48189 40704 6
29049 36829 20
46479 50770 49
44948 10502 4
369 58048 75
56895 55738 18
59071 54282 90
8261 44624 52
3154 12374 39
23547 2276 89
26354 32039 89
5598 50248 74
20016 43123 73
31378 14718 42
51011 30833 93
30380 10241 77
50623 1301 61
35134 46555 89
50872 37668 80
38019 19073 91
10724 39449 54
9981 35376 66
41700 55985 38
12087 16909 62
28361 1216 14
35602 5620 61
29694 15710 57
10651 30528 77
44084 37211 30
18654 25938 85
59058 32254 33
14883 12680 89
169 41974 68
33524 48005 70
38060 924 30
19809 6816 68
57670 5887 21
1713 56580 26
42839 55862 29
44933 13840 53
10532 57653 23
19730 38715 10
21466 16994 96
48563 55194 6
30817 24092 58
26879 11726 83
45705 18771 35
19166 15618 90
10059 26846 43
24875 12116 31
11098 12634 36
29418 25578 39
57521 34692 25
29651 15367 39
23502 14120 12
30241 6824 72
45518 46930 3
33494 34523 55
12538 45081 18
13276 59763 10
19925 53982 5
50284 40239 31
1242 45015 92
24530 43158 55
46983 56883 64
18405 24112 88
49251 925 15
19989 52293 11
18032 24622 69
26762 20090 66
5485 47115 46
13497 24218 81
2171 27274 55
57230 6397 97
58431 56473 32
19799 51239 45
5263 53060 62
49662 18843 22
21355 1411 23
41842 34481 5
34533 36687 69
52280 11304 50
31788 33036 96
46021 57343 77
58903 20827 72
30258 52555 92
26569 6825 37
47884 48548 90
35944 42451 2
1743 43285 77
47150 28202 28
45506 5921 85
40553 11081 40
52011 1009 83
12617 11675 77
59241 47540 6
5034 25167 62
43859 6850 84
15360 17271 3
20192 38415 62
56211 55603 73
30198 16599 78
12284 31124 53
24575 57909 54
39380 2678 53
32622 57901 12
15382 17675 90
46205 35940 39
15756 40291 85
23733 47990 66
44813 2294 93
58473 44022 94
22693 11607 83
34165 43670 32
46375 33740 34
55454 52981 62
14091 40771 89
23526 45599 84
47913 35910 22
21553 7276 44
14495 22794 45
55096 16329 55
910 45194 92
5301 10855 88
42288 4881 76
16729 51849 84
51357 17711 4
8789 26052 32
52735 847 97
3726 58458 85
30023 13904 38
23576 36947 99
42737 16216 39
1334 23712 58
47650 10145 60
24248 11165 85
28741 37259 88
22683 7033 52
55604 57845 94
59442 33171 13
29491 51184 73
44412 35074 1
29826 27904 74
46631 32679 25
24448 16810 28
19761 49200 66
588 39500 24
47306 33571 32
47896 30863 39
25151 18465 71
45813 7955 65
58002 24894 41
13949 28069 65
36629 30272 55
29137 55954 53
45199 44638 27
27736 39378 60
28305 38780 66
11088 46990 55
34919 36761 51
16023 49432 14
18821 42593 45
3744 4964 13
2500 11381 31
27111 34233 39
16583 26956 29
36618 36905 65
11571 40521 35
38235 16342 92
12280 12751 67
12555 8805 95
21951 34862 59
13687 41333 26
17468 36256 79
25325 47305 12
47289 20969 17
36817 2354 46
10911 19933 87
31188 41281 71
4578 33057 22
57494 4682 67
4364 47792 46
44173 11113 32
34406 16268 37
12477 59523 9
44450 42545 72
33820 6018 69
4425 1980 16
55298 42089 71
26861 18031 26
36996 28688 11
59111 7132 42
52278 40595 11
19981 50591 51
45955 29092 86
27508 18368 24
56311 43243 23
34487 19745 72
4811 59752 24
56440 19009 59
32770 57574 71
37038 48370 97
53571 52734 52
55617 17484 19
10308 23701 61
35896 24427 47
44508 42963 70
8607 55421 71
13306 18206 52
27610 3759 63
39760 682 57
58602 31997 20
17161 46134 20
24272 18003 69
43896 23334 76
12840 8918 10
25809 56351 93
21707 10063 70
28711 17453 90
47403 35172 18
44689 43159 62
54358 58982 54
54185 7225 85
9974 4572 20
58040 50168 23
34003 46886 96
4143 49427 45
36692 57282 28
12056 35136 13
47348 28939 38
23133 25548 66
19309 54835 39
20791 19984 16
9632 2248 96
49730 29160 44
19622 45960 2
7973 40289 22
33686 46587 80
29726 52020 94
42561 24440 76
10580 12323 10
34793 23433 51
19303 33656 91
8447 7911 62
42840 50866 37
16809 53026 29
12400 51345 74
24139 40495 96
49313 57027 87
20992 16750 81
17662 31944 32
58201 54152 93
50637 42768 48
54015 19641 60
35539 3918 90
54683 38340 58
26204 9530 29
53348 33536 45
37559 29483 13
6581 2166 58
40808 308 87
45641 33879 1
13845 17796 24
50716 1470 82
15829 5316 1
2253 25620 43
34656 3265 40
39824 50727 48
39950 15913 50
22380 58984 34
44512 54459 83
20993 37467 55
14744 36367 7
20574 51470 38
7458 5405 87
28019 7432 4
23958 14283 100
57914 44870 52
6339 42456 72
15488 38555 99
58998 44344 51
15135 22016 67
22253 22199 95
55836 15432 35
4376 6918 30
53986 30090 27
35238 12578 38
43142 6553 73
3788 24938 50
13610 17244 45
35386 31466 22
25855 7070 93
54569 39390 90
12145 23860 87
23829 37787 5
4296 23641 74
27907 19785 42
30665 32139 12
14256 22285 40
24192 3888 24
57969 41611 13
56700 14609 11
32295 36361 37
41502 19756 70
733 56409 72
43101 44260 46
2328 16964 57
11553 28964 95
50202 51744 57
50561 3650 33
55265 23853 68
3587 57903 1
50557 5815 6
6694 9645 1
18333 26813 58
55215 37050 27
48244 4496 5
18291 34495 2
17646 6464 73
39659 14437 91
43638 20427 9
25541 24187 19
57769 23530 54
14099 45145 61
1613 15371 6
54189 51654 6
31372 32798 58
27835 7627 26
33110 41787 45
35889 38326 60
39893 19749 73
44427 57808 61
44356 12729 70
12522 25156 91
20846 27074 91
13877 17327 70
28753 59699 30
25853 39049 72
15151 52530 7
21373 30984 98
51540 45558 77
30730 57415 70
453 40127 32
52691 53383 79
11369 43992 42
37265 49607 91
21663 30501 11
20199 23955 58
21147 12737 62
59464 48859 6
40098 47245 4
53316 54046 34
17797 31089 64
37250 32319 86
49281 27168 41
8155 18908 59
31999 44493 92
57131 10301 24
39425 46190 57
45943 54333 88
35752 17033 23
13910 23636 17
45248 59128 35
55970 9909 55
6665 39203 58
19147 15613 27
54556 55041 22
26737 17142 83
32138 13087 79
30100 44011 26
20237 53310 79
55851 21517 36
7687 3671 63
10489 56099 54
45908 21108 85
5379 58355 82
14568 54662 30
6028 53762 48
57805 48256 84
42236 22976 22
55536 49787 65
37192 46322 91
44518 42633 1
14974 44064 67
6371 28992 24
16147 47789 90
43922 21136 9
6174 36354 89
15205 15950 16
2767 13310 7
24936 12069 49
40397 42780 67
29516 7388 70
22715 45340 43
4670 18696 39
40324 44451 76
39782 32035 75
20740 9880 63
22472 40647 20
34004 21207 91
26904 52002 39
8260 12842 21
5977 30091 19
24591 54796 14
2260 41935 93
3740 49119 74
2904 22022 13
51055 29431 34
24041 37281 16
25892 15081 43
8221 5748 6
57033 3086 4
16780 42002 13
3446 36914 35
46452 45493 8
24501 25297 69
27029 58840 28
1161 31283 79
4985 11147 36
29575 22621 59
4628 6178 8
28446 26459 41
20601 48298 72
13256 47821 82
99 15870 91
6909 25542 33
203 18795 75
650 11707 96
15953 52487 14
59805 9372 94
1747 15531 72
28895 45533 36
13894 3963 74
48026 7442 85
49037 10914 77
43963 11294 94
24083 38234 33
45405 45776 3
17940 22498 75
34185 45135 84
25997 2391 40
19146 48723 3
23677 18058 61
37644 4502 100
45634 47189 56
26498 40052 86
39661 1312 100
35095 52851 39
10407 25867 36
28293 48182 39
38954 26416 28
35765 25753 4
6415 53703 87
55181 8906 64
17750 27314 84
21804 13412 84
25919 12458 52
18162 22460 46
49191 7813 69
12802 43328 22
21923 40166 59
32204 7274 31
37008 57010 40
54843 57216 19
4253 39843 22
14841 28645 16
55850 33473 24
58939 2529 26
14573 56180 41
20903 56576 16
22187 9524 59
50731 27709 6
13714 49801 16
36647 56978 31
19090 2562 91
33668 396 79
4712 2035 61
1636 57310 13
2249 35549 83
51703 48366 70
25813 33978 10
1485 28651 16
55718 14004 39
40186 54168 47
49670 45706 40
17396 6897 36
40616 15743 35
54572 48014 19
41961 2087 60
31857 22628 95
12869 45645 98
19798 2386 27
48803 5809 75
22653 823 24
4783 44637 44
4604 27933 20
36098 7095 3
58646 48311 57
53611 17218 95
21933 40473 44
35925 53587 8
54545 47628 30
37825 2388 15
29547 37810 51
22963 11280 95
19732 18731 99
57855 28631 26
173 16510 84
5286 50439 22
38025 11072 30
24652 12734 73
53595 4796 31
39363 39670 25
17997 6158 79
1383 47158 94
59662 2774 79
56377 32533 55
4317 29689 55
58960 40697 46
36465 32542 23
55198 40766 84
41942 22405 31
3305 49606 100
11688 40145 29
16601 39301 44
48663 57824 50
25212 45394 56
4388 42407 95
40910 5298 19
7568 51178 15
9982 14411 2
40560 10587 28
6017 57596 52
3259 6310 50
44313 39922 82
52446 59579 66
6356 2779 84
18338 15772 87
52411 33440 93
52581 45137 74
55271 6065 10
25388 37074 34
14186 53201 35
25149 29507 35
54980 50892 58
50615 40579 26
43639 51958 77
28541 43030 74
12109 51169 47
34917 54738 74
38944 12 54
29013 38092 5
3356 57683 89
49624 12172 83
42756 49872 62
7774 59533 75
24048 57108 98
18611 46644 72
18134 57024 34
59183 4366 98
44797 7248 79
50238 49811 68
57677 55700 30
53313 53524 58
28290 42358 1
34033 14859 20
33077 58182 4
27936 50000 15
44230 58461 31
46736 27094 98
34609 59752 87
40812 29403 94
3637 34200 97
31783 40352 53
37059 44202 7
14785 43508 84
37332 17596 50
20975 3916 14
33349 13204 64
4992 30356 29
36731 59188 9
5486 19472 37
9585 2196 13
3521 7951 23
16083 4454 47
59057 20274 10
47094 17255 31
6475 2040 59
3384 37609 100
25793 30358 81
3117 19098 8
19588 41435 62
37502 23369 91
32670 27933 37
22398 16721 44
15533 2732 34
13868 898 58
20561 12244 60
57760 51608 11
11452 47861 72
251 2064 17
46662 28392 93
38960 40280 84
200 26485 77
54439 5737 62
28156 53870 23
30049 19180 58
49892 43213 47
2977 12142 58
35860 273 29
37866 21512 88
7129 4406 62
24040 9749 56
22535 10193 7
29588 56723 61
793 28584 32
35626 12788 65
16866 34816 35
21513 41341 8
38576 54644 87
4268 47676 83
57380 49372 30
35567 8638 96
53844 45900 63
29520 40254 78
55693 56623 19
26503 31698 6
25565 52822 26
3002 39467 57
2536 55417 17
59915 32526 29
44746 41547 59
2688 5629 78
16377 35178 78
8721 13732 2
19233 25062 54
27545 28484 54
54692 23681 11
37852 34720 9
19490 31721 13
4524 6982 57
5178 47156 88
16124 55446 46
37841 51516 19
55383 21526 89
30802 16142 81
1877 26509 8
18557 19869 27
46462 5345 78
23118 7176 46
15865 33119 1
20536 43774 21
50219 37919 31
57504 39935 58
53494 21084 28
47713 40428 31
3400 57056 93
27204 17360 47
39878 37340 30
54668 31901 65
45086 18173 70
49913 29890 41
51123 20856 28
9591 41848 69
11062 56751 59
59078 47200 60
39353 30946 15
3437 45059 41
14837 36021 35
30163 19334 17
41354 46115 19
25973 36647 28
22627 45793 84
3968 33437 69
55910 21243 19
55177 56056 62
25781 15995 86
7727 59690 31
53810 39676 32
51119 8076 26
22353 23277 91
13307 29757 13
12927 18788 7
24550 4521 59
4730 15302 29
42844 37948 17
21775 15917 93
6818 35730 62
13920 23387 85
33481 38495 100
8405 43022 84
20289 14491 68
10809 54149 65
33026 32881 96
15420 31053 67
38403 40733 25
5847 54906 70
29639 58660 26
43737 4008 65
1519 25221 27
14605 9695 71
58987 38352 7
48552 36755 63
5712 57174 4
39455 10051 41
47804 44637 53
5567 57143 51
33381 28989 75
13535 29443 53
35689 37276 63
56939 10777 16
23676 27106 78
56655 7368 22
58545 20198 37
26427 46935 44
536 18738 38
48307 2187 69
10214 553 98
47685 46478 13
2474 47046 6
17339 3109 18
45745 37928 46
48985 30530 90
19566 174 13
56851 34583 50
16122 26843 58
771 44594 96
7938 2314 53
32097 1719 77
12687 26466 3
13484 18027 16
48510 6964 40
39829 20586 12
38134 25267 45
27519 54849 60
35570 43597 94
47425 1735 70
59044 21204 28
15639 38815 37
24434 8975 5
45146 40497 14
19834 20436 34
49462 41593 11
258 44566 1
53922 49163 77
15634 51591 56
35460 37026 24
28560 27817 95
24824 43998 51
26042 3995 61
53070 33610 34
40426 47795 57
40468 8539 89
15693 20342 95
40146 17577 13
10572 42237 27
2884 35667 98
46618 18513 28
27272 34279 69
57013 22194 90
50725 14286 77
50516 57283 59
19131 30768 92
1316 36334 70
2128 40106 93
1848 11354 4
14913 35481 50
47024 15415 65
40760 43586 32
5246 14873 27
743 426 81
1078 26821 25
53423 32181 1
12615 27013 49
59445 109 77
42285 33220 50
48863 34654 45
407 15332 93
13644 41594 24
398 32526 4
47462 21511 81
39498 42827 43
36826 15822 18
31007 48386 67
31667 25177 96
47984 52593 34
9231 50933 52
39021 41748 55
46526 7366 88
32029 43886 86
47380 28433 1
37732 22334 16
14759 22836 59
1970 29688 43
55501 56428 78
50864 12390 47
57535 56156 22
33113 1025 11
47877 29926 65
37592 44238 95
21950 23636 10
2036 41689 17
56199 1725 55
42144 7920 30
30721 21755 29
51091 11823 96
50492 40875 59
50918 15833 71
23007 35919 48
56841 13070 29
14200 15856 6
33845 21482 38
53354 51219 18
24865 27302 30
21542 10568 67
26659 28450 68
6738 45433 56
58028 2919 81
46204 50805 37
1101 28180 67
31032 9459 12
58033 24018 68
8429 52500 35
26643 11483 20
10856 4187 22
54325 20783 54
14155 51581 12
47382 18348 98
58240 6033 60
35790 45222 15
31841 49689 84
27908 21321 66
48728 24814 36
30752 50427 67
52125 11086 70
47154 39664 60
51798 46463 43
58082 34644 73
26129 29825 21
11235 43478 65
22554 45740 81
49816 6325 76
59813 3219 24
9596 38299 80
647 38704 48
16061 4429 91
53145 38003 84
58109 48774 53
52770 21657 73
5455 19138 38
33295 17929 6
29505 46690 77
17141 9934 87
47995 33364 93
7696 27001 3
51687 31354 17
46549 42155 20
44130 47734 9
34836 47059 17
33789 8796 12
10366 45242 73
56622 35922 35
4398 19724 84
36494 55858 63
28033 38110 64
40472 45453 21
44303 31987 94
5774 38266 95
47686 30943 38
30760 32194 9
50468 11337 72
57433 19073 42
9985 19440 90
16219 35177 52
53094 59575 91
48349 52229 47
39020 32521 17
31393 38227 33
8635 11949 92
32352 19016 96
5280 44442 18
8819 51093 24
31355 37776 40
41042 47230 67
41552 3993 87
20650 36912 36
11502 22534 9
13122 3877 19
10801 46380 39
36644 20769 92
53847 49555 29
57434 48663 70
5729 418 30
4852 53088 53
25070 3289 54
54398 52850 25
26905 8224 65
56865 8359 42
51310 11487 89
32115 43710 45
45134 8656 38
5005 45083 35
43650 53160 45
59615 41599 7
40948 46454 69
28431 24585 29
21612 12606 22
43777 18691 60
1464 10149 43
41099 52814 49
54453 24619 24
19721 35507 29
49217 30106 66
42019 40072 41
8127 11142 64
20110 33696 76
11058 35017 72
37798 27770 93
48614 7986 81
11409 54614 88
58570 12495 17
23821 55713 4
44215 18922 72
56928 4200 62
18704 55895 100
21247 14631 23
48764 4991 1
23259 26516 60
29146 1842 96
5631 26319 82
17576 804 30
18587 5207 26
47595 855 97
12532 31563 88
21953 24126 83
29052 25820 64
6455 38352 56
58970 39440 11
1265 55635 100
57370 32393 47
41038 7933 24
22548 45029 93
14443 51110 63
52931 34764 82
15020 30777 96
8024 30560 85
52397 18147 9
10276 6095 8
55065 48440 42
41687 33834 57
22863 12228 33
9776 53981 79
39095 32498 47
38395 6965 98
17791 45932 26
47106 15336 21
4763 58980 99
1207 49985 22
454 45597 46
23295 39261 83
1223 9505 65
47211 8124 10
23727 25324 79
8751 27953 25
57779 36041 59
16099 35623 99
55178 9034 44
24414 18864 10
45557 24225 52
33988 17958 87
41731 47810 66
35677 41254 39
32068 59472 78
11436 30431 82
56233 5769 39
14657 25622 19
30052 52104 56
8335 24967 14
40890 47550 59
34675 51501 34
41650 10825 40
11434 24072 69
4953 48645 52
41332 36956 22
50459 28977 3
14862 45275 72
50841 56895 71
55923 30398 62
38899 45230 53
37565 29801 65
51707 49366 38
4239 39644 61
15507 25187 57
4298 23316 58
32639 24262 48
35069 44361 80
43786 20381 74
25520 39146 35
10605 32100 55
53139 35386 71
711 19292 69
5834 3411 99
25642 7512 57
39785 30104 17
28434 51260 89
11721 58374 7
34956 1566 91
22014 33502 12
20258 28570 26
15315 48435 56
2695 39657 62
49421 25165 93
40470 57366 52
19286 8690 73
8105 40397 20
52343 22720 15
32464 26621 5
33885 14646 95
46481 38521 69
5591 15636 69
17096 55539 91
15057 49775 42
41314 46791 4
50052 39867 56
44979 43536 43
31656 58135 93
46139 13296 68
2331 22686 80
1108 46883 97
21160 33743 91
10866 26304 11
41446 28488 33
12222 40166 11
38196 12937 3
23973 47031 82
28912 16732 100
47672 26431 63
6728 6987 83
20743 57038 81
28633 26337 31
55493 34649 51
57511 14788 92
49352 59441 35
19417 6542 13
36130 45639 88
38041 19237 64
44122 11573 84
40666 48576 2
26847 36049 57
7678 9895 62
20 5 75
19893 2794 8
6677 5747 22
41267 11804 86
3351 25312 20
14447 55128 100
52887 52967 83
44172 51368 26
27444 17655 30
29184 18564 39
9045 4464 32
26831 3800 13
37126 41096 74
52422 16372 98
687 23358 28
57600 38010 50
8980 43744 28
39726 2224 2
3467 2149 39
10266 52729 84
35619 37521 34
32879 43064 82
51686 8123 10
54536 26645 82
13903 22278 74
49173 6169 68
47002 41676 93
49719 24659 64
47784 37957 6
9849 51651 33
7801 17163 50
1476 54677 3
23931 45312 74
23776 20644 30
19522 18340 92
57399 24610 12
8831 1832 87
41327 58018 31
34458 38865 23
37398 9417 97
11773 30843 16
16989 46187 86
43951 19666 15
7380 21337 96
48599 2773 30
44307 22138 34
7977 13763 77
43115 25181 94
4886 2999 63
50882 46641 51
40643 39562 1
19203 28686 6
19287 10058 87
49387 45139 71
51264 33141 18
3357 33317 23
25928 17466 27
15255 27939 12
19181 52208 29
38224 7800 90
32675 40331 36
1116 38888 43
23877 29674 94
4252 46283 64
30541 9725 49
16067 58687 57
35132 46773 6
10804 30255 14
8171 35048 55
13728 14684 75
22966 44855 40
32527 15319 12
42671 22492 20
57883 27610 78
11539 20461 2
24333 50019 85
22295 46541 30
47140 7823 40
23821 16794 34
38541 50346 80
23372 12655 74
17383 19661 80
27525 54319 89
44563 43549 86
13281 6777 56
19430 33940 93
45146 33368 20
36129 27049 12
56914 48822 36
10320 43849 54
10140 52969 11
21666 58723 67
24311 59718 96
9688 18632 2
7431 8790 11
52643 43134 10
41121 24758 50
7987 55123 79
10832 28657 37
24896 42132 57
18428 45951 49
51459 59029 69
41847 3768 74
37994 26719 58
3952 8918 70
57843 18917 59
58955 1977 74
46162 37775 45
58963 9667 66
56273 12283 86
54413 40860 95
42606 26227 69
53141 53762 94
54163 58918 79
17442 10124 3
44971 48122 26
11149 29538 20
50963 53790 84
50945 4714 90
9650 29293 92
25375 43305 63
15015 13809 32
54405 33971 63
11068 20119 63
43592 20098 70
3078 19410 37
29104 8777 68
13675 4326 39
46971 14593 20
10609 57843 97
35696 50904 78
51731 2736 20
11389 3167 52
42475 7822 35
15784 2209 11
33932 17474 68
33946 50458 9
2027 27211 26
8259 33470 31
53739 54723 56
55064 8468 37
32747 5162 87
34959 30621 37
55529 23542 44
18149 28606 55
16237 3351 55
43460 18331 76
45986 47447 40
55379 13895 12
49622 632 33
2798 14804 70
47668 17062 80
46890 40061 33
20187 14163 71
53198 54414 12
50457 58486 14
42778 13557 97
26196 19450 80
52937 57598 37
56450 5268 10
54293 33770 90
55568 38757 30
4619 24877 16
7671 5515 48
4420 2772 10
34181 8527 91
5552 53549 65
10727 1863 42
30885 42819 32
19154 31037 9
56847 14751 44
19634 22178 6
58593 10105 48
58602 2440 40
8667 44590 6
34975 41050 90
59280 55447 68
59242 57274 29
4677 57558 70
31287 10236 3
9224 14617 19
44886 29604 100
49746 42420 75
37839 32268 83
11397 35581 17
18002 19275 15
28780 28698 75
47102 47006 86
38807 12761 5
39804 46995 83
38672 37074 18
41588 10572 82
11839 46535 16
33070 49044 78
42305 2854 61
59534 39246 90
53636 56900 87
36841 2168 11
8482 25526 67
23549 44030 84
43820 8712 98
47842 30603 27
50091 799 78
9136 26981 98
51843 52920 9
28891 7721 3
25190 49926 14
36028 37687 23
29935 10353 2
44531 55301 91
12027 57470 14
57834 33849 17
25431 18563 75
20220 40853 2
17265 41512 95
26071 28210 99
10533 43046 30
7981 41369 63
57552 40373 100
41346 51762 97
19006 17752 23
41133 34161 49
17678 46327 89
22520 13359 20
39699 54070 74
36516 36145 90
6697 3762 38
55963 10243 95
36095 28987 46
10674 24506 99
12819 49743 49
16970 38931 94
45060 6382 91
4113 26630 43
10635 58973 71
17229 22078 78
33479 52485 48
26778 14179 49
40486 25646 36
13796 39487 53
49738 16539 81
53625 33594 30
11046 17659 22
55270 24385 4
54154 6734 46
49735 51354 66
33011 32907 1
1458 58360 28
11313 18904 12
49559 24976 18
10475 20463 30
9315 48885 98
16697 17714 99
35134 2467 66
41619 56434 38
22132 3758 98
37576 37510 9
1814 49518 18
17846 38274 9
51884 25545 41
49134 59141 87
55595 49509 76
38111 20007 90
48208 4897 60
29444 59401 1
38020 51194 3
45508 23761 84
55147 18899 68
28067 12398 79
21471 26934 94
11125 7890 82
35697 36415 90
29856 48312 97
32597 17706 94
7360 16091 33
30911 2453 51
17505 50721 34
13250 53616 84
3900 3837 17
16958 48439 95
54295 25652 78
55602 44999 40
33217 30557 99
4260 36622 38
39753 52699 86
48117 3049 30
31947 53712 35
52765 4567 54
44743 52495 68
56874 37400 33
24359 53581 96
49461 16767 6
50698 41953 12
24988 49330 19
53517 35812 80
4627 50941 61
42806 8298 12
47580 15782 31
9902 52279 75
51180 34170 58
9570 5565 47
9932 53168 96
20435 37846 88
21986 25674 56
43974 41530 61
5415 32474 11
46064 33303 31
42481 7306 69
37636 31712 38
13615 10089 64
53955 8428 3
20374 2724 43
36944 48067 36
48733 36202 95
43117 37564 88
46172 31224 54
15390 35514 34
43648 23726 63
4518 20459 89
26580 39334 82
49544 23812 50
59455 15425 91
20936 57188 27
42035 36135 98
52747 2758 34
42641 54746 25
22470 23364 70
57979 417 7
36188 38775 31
48517 57827 11
7338 58513 11
35377 50286 91
3801 47356 41
12154 13861 97
5896 37075 63
12812 1177 52
37911 31332 43
14570 901 1
45353 44054 93
58970 43382 40
59563 4288 71
29026 43819 55
5009 31232 70
22902 14064 69
30920 38626 34
38812 17416 12
53276 47573 79
47041 8822 29
2012 37352 15
31883 40244 95
21451 33442 77
2197 23895 59
17095 15228 19
33598 49050 59
9218 9248 36
7871 50969 96
54660 12746 91
5175 12992 67
58288 27955 25
16243 20241 76
58947 4147 30
9882 5796 6
3879 30213 70
52881 50221 91
4298 15544 31
54388 47191 99
7615 54121 1
11864 22929 91
47863 11784 34
4996 24095 8
7227 57874 65
27128 34747 22
7946 50986 66
47000 23173 69
7930 27559 52
35907 51767 20
31816 15253 67
37998 59608 66
55459 8235 45
30361 23818 21
23533 50436 71
21239 36041 67
11417 39120 42
44211 671 86
16613 10433 54
4134 17418 22
25864 51504 80
38236 13080 62
17251 46386 55
47489 2679 3
44820 11692 56
52545 5098 67
10015 8637 33
53010 28506 51
14696 29268 22
41878 33198 63
32140 14913 67
37280 36508 56
46378 58236 31
21010 54619 76
46900 31102 3
56598 54031 22
57892 26872 59
8718 55875 75
14366 13788 49
6924 44218 14
608 24002 99
25939 5523 70
19990 455 52
32219 43546 81
31554 28765 67
15673 59562 17
53591 50509 65
29059 43614 81
24873 13360 8
41870 48627 52
52147 22766 92
3867 6780 20
5035 31602 30
50773 44365 42
15625 18256 98
47304 49794 46
18229 11996 72
50139 52910 84
54074 13874 74
10060 51742 75
17597 17300 59
24175 23433 98
5687 8994 5
19805 47952 8
29221 51822 78
56987 32637 35
26121 31369 29
49891 45781 89
6441 15089 55
51216 813 47
38141 10164 79
3569 54581 99
32868 13699 30
17120 51627 86
55051 32305 12
47801 4864 3
32528 23216 90
50666 57054 75
17465 27891 85
35833 54296 44
5668 45626 29
525 31665 55
8219 46776 31
19801 47092 9
11501 39164 69
3424 3297 54
1889 916 3
13221 7633 85
4085 25153 76
16309 34639 99
45943 29680 95
26848 51094 84
48834 49943 59
4629 40693 70
5433 13759 90
31896 9469 36
1259 20404 19
7167 46014 18
39607 22026 27
50906 39290 66
37557 19711 70
1453 2099 20
15111 9555 63
57221 934 42
14532 52571 49
3934 6478 93
38350 42114 83
16049 8621 49
51962 13462 25
24772 32746 66
36323 28218 62
44351 27980 50
52149 6615 42
50525 17915 83
49074 43655 99
6706 52264 84
50523 41312 26
2833 30320 34
43227 14869 24
12406 48612 3
49135 10658 54
1819 49495 47
59784 10561 55
8357 32977 37
37680 11270 78
20582 42029 31
5307 6042 35
23017 1408 46
42729 39361 77
54676 49653 34
52226 35011 40
13722 58947 48
21849 26986 43
38525 29655 1
56399 32358 47
54594 13790 100
13069 12999 24
43912 34616 16
42503 56601 63
26672 35540 45
38330 41976 73
9873 49334 29
7021 8776 32
32691 58134 43
59034 2865 49
33949 18472 54
15876 37757 16
37635 53508 85
41958 39107 23
7052 25790 21
58548 20768 9
56937 22869 30
35637 9839 57
17651 20898 42
20645 52466 39
38452 23278 25
37706 26720 81
53004 29323 55
28643 612 75
1864 5189 59
58498 27366 6
5124 44878 95
22312 40969 82
57686 21566 64
53987 3737 93
33753 54902 94
45277 41921 89
51209 764 89
24064 36002 100
36524 57766 86
12667 34536 26
11703 27536 59
4133 58928 35
13395 19351 84
20695 3771 68
38641 59292 12
6518 17959 89
26658 9588 12
16904 5805 95
3167 14439 63
49763 37082 40
26651 43265 19
39101 32359 14
29634 3215 24
1505 44356 46
21750 56206 72
23536 22823 12
49338 30646 86
31469 4480 1
19248 20476 17
49301 10468 49
20598 47475 62
682 54705 82
35415 17343 93
13638 25626 5
8189 16774 67
59383 9791 88
25398 8491 74
24367 57717 96
57084 6810 54
52414 45963 35
58855 44925 88
5001 55007 40
36747 21537 2
19374 23792 78
44316 6291 36
9562 56033 35
2476 43984 53
5473 17146 24
7773 3882 93
42543 17601 85
21820 14536 45
13197 29080 45
40345 52519 52
7021 4612 55
22665 16663 42
38469 47224 65
24318 24645 11
17437 4775 48
25404 33281 99
44973 50161 32
29860 23811 82
57566 40964 41
28754 35631 82
14425 4381 54
47869 15951 3
34958 56180 43
41497 2333 24
5866 18534 69
3571 7124 26
23608 42659 12
31268 50606 19
23084 24522 76
24300 20354 12
59016 50271 32
43771 40249 16
41614 51882 50
25634 50791 87
3000 52264 43
38169 30009 100
53718 29928 11
52137 37944 64
58094 10953 97
58838 49150 38
25979 49144 63
12305 13533 100
43552 28100 95
29710 2425 10
15695 28025 44
46077 54916 37
40928 7392 69
878 35444 92
43570 1757 10
47790 2848 32
39624 30420 79
15543 25324 29
53542 59041 68
54087 28851 21
53923 25226 68
48880 57234 44
28228 43493 83
7535 4412 94
22295 32784 34
49140 2530 71
52093 27067 74
27743 14190 24
53453 30939 48
40320 21497 90
8953 36312 68
11206 20907 15
9471 56435 62
24099 36710 55
15964 53633 13
44789 18351 99
34519 57846 19
49444 1372 67
43267 25092 4
7943 5850 44
46433 27628 83
9835 7422 74
5499 12102 82
23989 26051 69
21900 56673 48
31131 7385 77
6189 2441 34
33194 48343 82
27289 54359 43
5543 2120 32
31220 32215 72
36681 58877 8
57907 54822 94
32228 53220 85
3940 23748 22
24125 33403 97
40821 16532 31
29586 17620 23
18183 49852 41
57657 19211 5
58822 30602 89
45990 11892 7
45254 51860 15
8943 38448 5
53733 54809 14
14889 16859 96
4426 43986 58
52773 42357 37
10772 3349 24
8510 50469 100
23329 13528 76
33850 33087 71
54814 43625 8
43959 30407 27
12853 50180 91
22000 38454 34
5127 55751 95
25531 49906 11
38724 34094 40
20989 28613 35
42130 1843 78
24508 9020 57
56175 22032 68
14840 3540 35
56702 30050 93
1793 46710 2
56666 12183 53
17122 31528 32
31113 45023 85
28946 19134 49
8559 15197 59
39972 19840 62
50568 22866 6
33936 10198 30
38102 47779 27
28997 13271 10
21681 4057 8
50134 22832 45
56138 15435 33
52284 32133 46
37879 12229 93
9869 25917 77
34243 38449 71
22758 6132 26
2654 34922 67
29229 34989 79
31349 52695 10
55682 6034 16
42254 24512 5
5069 31873 76
58487 20628 34
24797 12900 46
37970 59321 97
11154 35164 71
10837 32190 65
11264 45845 51
29899 36835 52
35796 1983 69
34454 12064 84
44906 59814 63
50812 3845 57
54499 36843 53
29619 32472 74
43966 16026 18
20062 24510 23
54110 40437 7
28646 36398 55
34698 46326 63
58703 42084 68
45331 18387 90
55581 36371 2
57021 47889 52
10699 55280 41
17593 18517 17
24989 7259 3
42897 27115 8
57602 45381 7
40930 40088 67
52907 50816 30
36161 22423 80
36909 10013 23
43328 54886 92
3617 58152 99
1245 13001 6
7591 37844 24
24389 33892 26
26091 20474 26
44309 26236 3
33596 7007 83
14740 46626 16
15872 41301 8
20684 8839 86
16083 587 39
29736 50949 17
51758 8571 34
47146 16337 8
25527 42003 51
19947 8942 100
25881 32973 72
47771 56041 47
20739 33637 78
41201 14868 74
55720 4844 93
37515 9302 12
39323 21610 61
56004 54234 50
27829 59327 88
59464 11321 48
40647 19316 62
41297 57392 58
58755 32939 78
52103 41507 1
7718 31839 31
37743 10498 52
16315 1185 7
41302 55687 55
29772 45048 97
34855 42109 61
30159 26582 51
34988 42568 69
5474 47357 3
16095 16188 89
43263 22611 74
44040 430 4
46351 26767 73
7608 6105 46
17508 34680 28
9682 36207 61
17889 22985 88
46859 53253 45
55379 9680 47
56801 12805 69
45082 45391 14
56767 44640 5
44634 25410 81
57142 15270 35
59410 26768 36
14639 7706 4
28130 3211 28
1766 52166 65
55541 7230 27
33690 9371 85
43380 24629 84
36116 48201 43
40977 51710 11
12254 48677 85
35335 41835 59
27159 5663 3
5113 30596 42
32433 11716 75
22896 39595 6
37671 30766 9
12880 28443 89
57245 18551 46
35792 17275 55
23669 21615 43
40315 52771 69
44992 7146 77
44958 5030 48
18920 26823 53
39418 31022 35
24375 50786 17
21165 58865 79
52227 25039 69
55080 8724 97
53457 58566 18
3884 36961 85
43945 31260 7
96 8218 35
36849 31078 89
26664 23767 82
14675 1786 77
12522 7352 90
18609 42100 52
40023 25001 72
2763 59571 4
50973 12996 60
5209 53185 90
49577 32442 12
57916 28482 51
27227 54365 7
50667 35273 25
42941 26996 65
56387 22337 100
13835 2326 24
25067 22798 100
56411 53188 70
56100 41008 18
47090 32215 1
25460 56032 52
45714 44069 39
29329 39017 75
46485 49681 83
5327 38910 71
19458 55046 39
48771 6945 96
38580 26694 76
9977 16974 95
20818 34298 66
56097 9491 10
51854 31454 100
55342 38774 29
8602 26297 55
54157 3456 13
51890 18457 35
11310 27050 95
23635 44695 1
3165 2070 70
4089 1776 80
15981 43179 54
18886 9069 92
11455 26548 26
38397 47303 16
42122 31804 58
55434 49319 38
5394 11278 8
27131 22601 96
23061 24949 94
33482 35191 16
34376 8995 86
1407 930 60
34364 5187 70
53071 4055 61
10907 18669 97
44228 38638 79
16093 15954 81
20746 45949 29
1110 18748 50
52612 50223 83
14870 53565 91
17011 7206 26
56371 24187 94
20042 42931 46
6775 52140 47
3825 57029 74
2353 51009 67
47077 3027 91
50644 27060 18
20919 45637 56
32436 17699 69
34268 8914 16
44057 30440 56
28200 6349 91
22712 17858 56
25464 43341 43
17329 7250 88
3504 16422 93
30123 29798 75
54364 19232 29
33637 23050 76
614 34506 84
3177 15255 92
30060 48760 30
17481 15166 58
52354 16225 9
29326 15788 69
55466 29719 65
43082 46153 65
29138 30556 23
40029 22806 40
50342 48818 77
47296 41329 54
26478 57890 73
6038 27538 95
6004 57080 36
22834 25038 69
24356 56717 64
56208 40601 47
246 11382 16
11253 55302 97
50477 32080 56
13629 37203 67
43605 28839 34
1839 12267 3
36289 10899 9
49655 2981 32
59866 49805 6
57507 47154 31
41158 9398 19
50136 24247 93
24042 22956 49
3028 51297 54
22081 21825 84
9877 10912 60
50013 54139 48
37245 10042 48
49148 3988 81
2864 58992 90
19927 52843 68
30824 54280 9
5934 25507 19
45696 46474 13
42746 13369 64
55464 44778 16
47823 29612 12
30178 18934 78
26094 4075 46
47733 5077 20
31303 53555 96
42507 53519 95
24588 4016 83
21425 15742 40
42140 57752 59
35521 35871 14
24730 10347 5
23928 9027 92
39367 13390 85
28216 26620 82
4198 5785 61
49286 58016 21
5818 21843 13
55779 40787 30
14140 16682 44
40010 59907 24
6877 16444 78
35957 18809 46
51402 46275 76
8273 26682 67
55258 52524 69
33144 9088 10
26895 25243 81
34626 44395 100
32920 16282 41
23393 32027 17
21214 36709 92
40694 37987 96
44143 28411 32
53678 35396 33
46866 15180 88
11351 33226 19
6096 10394 80
9144 19233 77
39350 39431 61
10654 31688 85
5419 33959 75
42828 58949 63
21963 10434 39
40516 22315 8
25923 4187 17
8978 15223 5
50943 55686 39
58784 59679 14
28577 8779 85
31567 38143 28
23035 47355 97
25623 35961 24
28755 36191 32
19415 8297 98
13242 24869 100
5909 57131 17
3526 34352 79
1613 765 28
52577 41895 24
43453 49967 69
38659 32773 23
22913 20320 42
6842 54108 61
3187 10497 2
26123 58151 58
20673 8714 43
40698 54242 50
33451 47596 1
58111 43099 65
37668 57706 85
28279 22926 28
27390 59047 81
13887 9942 8
35641 44899 30
55869 14580 76
5802 49808 10
9138 16833 61
30147 18491 59
31448 22846 93
51350 7319 89
50695 36137 13
9565 3056 30
24224 45833 20
14822 19086 65
13472 26742 67
32552 6214 58
3318 7478 98
26257 2063 1
31877 53159 2
16770 7120 26
21649 3426 83
48407 31871 21
11282 54974 39
19820 50153 19
22477 22268 9
993 47742 60
4998 9223 98
11954 2694 68
25929 10026 48
31786 57073 35
43635 41019 11
54858 55997 79
27222 9109 40
32003 5760 70
41988 51427 86
19266 34734 95
52157 49582 14
15644 51685 56
13 6386 44
3865 2436 86
10315 40078 51
16308 38387 80
38546 7816 65
52384 40902 65
37420 9026 10
1124 1497 70
37532 9591 61
20484 22788 86
52849 27963 77
6991 52670 92
30611 4432 36
15909 54505 35
40460 14784 4
2154 31654 96
56179 25371 53
45048 34921 17
25872 27488 93
26379 44708 3
7238 37008 96
43213 3580 57
21883 19283 79
47974 1159 62
55759 42171 11
46036 56410 63
54890 19262 95
37122 14979 41
41609 3849 41
21595 50829 29
40449 26717 36
52258 53285 69
23146 1905 52
57727 16697 37
58174 41641 25
12859 39011 85
46414 59322 98
1412 31963 74
24933 7411 74
46408 59756 51
38629 35848 96
32781 33912 31
4614 50331 81
47693 7109 43
40184 45294 75
50777 12758 93
20338 51110 93
26865 31894 25
35220 51778 84
26432 56990 82
30 349 82
6126 30319 7
31523 53789 16
58683 23868 21
58287 45753 37
8695 2180 66
4259 43513 64
18573 24493 21
52369 42748 50
34796 19122 3
52755 10091 90
40448 11702 15
31402 56403 31
12495 32415 99
58533 1462 67
52994 36204 19
40984 54587 56
30132 22971 35
47496 8759 97
32382 6701 7
46771 48565 48
19359 52651 76
2957 13792 80
15190 57011 48
27602 2582 8
37279 59528 45
31199 56719 53
26587 1629 31
31309 34478 75
48460 7340 72
40897 36670 30
57144 38502 73
42510 16977 25
46353 57312 10
12850 44221 1
39316 42403 51
3777 56532 25
50874 56191 19
17373 28347 76
52475 33434 68
10012 34398 55
32919 47703 11
46879 51491 86
38706 48461 95
14217 18104 3
29339 52725 26
4632 58408 7
45137 26043 5
3004 47245 70
4385 48675 71
3814 10609 38
34017 54057 54
42064 39266 99
10517 47971 50
17896 4445 50
28538 57514 15
428 43093 12
30633 32015 67
936 28562 56
37286 5502 28
25456 38032 61
6140 19037 38
59494 42284 58
23921 28177 4
25629 700 65
40825 26031 37
39433 19394 62
4850 26514 94
46425 54760 93
57625 602 85
55477 30915 43
12000 27751 56
25146 12584 7
36302 37851 49
51745 8194 10
4183 42103 50
51139 41173 72
28932 1584 45
20859 5251 25
32927 19720 84
10698 32715 7
49884 6760 28
15601 35894 44
26443 4161 89
49554 56943 82
26946 55184 72
32847 9968 25
16976 40041 64
38687 24343 83
15332 13384 96
17432 54497 38
7742 17803 49
25072 47860 84
45835 15233 79
47353 39383 43
30084 58505 59
12820 346 54
27560 9427 56
7721 37954 74
50953 44329 24
59117 9935 10
11791 50193 85
57079 52499 72
44592 40030 31
27391 16884 47
15014 34511 97
40157 7545 94
31483 11682 44
16942 14076 1
52744 12565 55
56780 155 75
16934 4576 19
33498 39921 51
10912 51453 98
23403 31884 89
49662 56486 42
48762 21543 61
12986 19877 39
1761 38982 56
16491 42034 91
21269 19155 37
53455 53217 44
41253 1695 91
41892 50524 99
45917 50030 66
20595 57770 47
59195 4330 81
18393 25355 20
3824 54282 44
2660 14106 23
55714 26926 79
48114 25257 93
49585 57254 75
23704 24672 73
22919 30046 95
3795 1122 90
39170 51894 99
8388 13861 28
2468 58210 65
34991 32322 40
28927 8739 11
16357 51521 17
10393 58073 83
4295 7194 31
34915 37900 39
53026 43187 73
12599 44112 62
3447 45678 43
4958 27273 20
48769 31370 22
5234 7420 76
33834 14072 72
22080 55832 15
24140 7740 36
29311 11968 79
30376 41444 75
7525 1726 7
51614 37428 2
47223 36385 31
38281 52779 64
40889 11674 15
32679 28187 87
6253 24660 8
4610 55469 8
21080 10812 22
7878 59772 30
2036 49386 92
39990 39197 93
38921 31650 62
36568 20178 5
36820 35734 54
58693 27181 64
28936 22917 84
44852 50204 52
3608 42253 95
19508 4551 90
46245 35683 24
46110 16010 6
47924 5398 86
13192 57126 95
52675 50356 87
3770 33250 84
43011 10718 23
27427 26789 61
55624 47280 31
26641 33168 53
44270 47460 58
47583 30417 14
8490 45223 61
52663 10259 44
14945 49515 60
17190 17852 4
44349 18082 1
33357 20788 98
10903 28772 95
23398 27092 53
30809 38379 87
18672 10190 42
52654 46941 82
8965 17866 47
952 10250 42
37741 3547 30
34048 8793 59
20660 34863 89
22440 20461 34
6110 37735 30
23235 53190 25
40497 35108 7
42870 54589 37
38293 37533 9
11841 32301 67
35764 53209 3
55277 2019 81
10722 25593 20
39732 29779 7
25650 46754 1
4904 41150 44
32612 24675 73
43020 35779 75
37424 10090 90
2013 57799 6
43231 2380 38
22454 4626 48
33527 19573 79
6974 32558 33
16578 25935 48
3586 7337 28
24826 28674 8
45370 11684 61
27087 43426 40
51879 57647 74
32294 45817 93
51602 32588 91
39346 40012 56
3263 51099 41
2844 45107 66
23722 59739 88
15697 12769 19
33052 40688 19
51939 33294 55
10222 46191 27
53232 38993 73
2181 43527 4
47741 2618 22
22907 59155 6
22322 27973 6
29775 33140 87
35817 22557 42
12351 12198 63
46297 33350 48
39841 34652 57
3141 54765 57
51112 52289 36
16645 7332 60
17775 35579 52
25139 28948 1
14808 59561 59
59337 40492 65
45722 33642 44
19326 5875 21
1004 50518 46
26298 12599 74
20584 1203 16
41889 38471 45
49234 42028 22
4785 19391 20
4238 4170 2
1723 44167 10
4493 7659 18
57939 58473 73
36431 8498 20
19327 47404 92
27852 44882 58
42880 14328 77
48956 47721 34
23734 21121 61
39994 33423 72
7951 42551 16
50737 8628 39
4559 23011 85
42227 16493 20
25158 9254 85
46415 55702 73
19152 37223 44
24104 34979 50
40868 21211 20
15201 29932 22
13432 44880 51
19783 13887 20
40898 56285 10
2815 602 98
20964 35482 40
38697 50666 33
50533 39010 39
36225 7170 55
16187 43882 24
19082 53164 24
8085 5001 45
48811 46994 98
59735 14484 25
4313 54787 67
4792 6548 38
28203 29449 55
35039 46056 27
25846 40887 42
8788 10863 46
24844 47463 43
23104 12276 32
39531 35989 43
7883 32885 80
12626 42518 83
31613 40177 24
52417 5684 40
20335 13253 94
46841 27868 33
10786 40549 85
47467 22474 38
41109 20633 73
26105 9887 10
7729 6348 55
28295 58817 30
56358 10842 81
3676 25355 45
48145 49117 11
40679 35861 30
47684 45709 92
57736 26649 18
56203 59054 99
29187 11750 12
34444 54873 59
16356 9404 43
35317 41623 67
44945 26369 31
42238 44101 92
39124 58899 64
36499 13754 13
30605 28242 50
51951 43499 96
10945 58852 62
32954 23444 35
18480 2812 23
32569 24735 15
53512 54374 82
26781 17553 98
8099 9732 63
41123 11939 8
1350 25362 65
65 47279 87
17626 933 24
49420 46317 11
4220 30854 15
27694 20995 41
52044 11862 62
39215 39634 77
10474 30754 67
1252 40712 24
4759 29426 66
18575 37272 61
4224 44140 75
34010 30079 82
17258 1088 12
53331 45578 13
22198 3247 3
27609 57359 21
47933 35511 42
17557 47085 50
16172 26078 13
16222 115 25
46657 20480 59
22442 34442 56
20465 178 80
42218 58820 42
20113 59137 36
36658 5048 66
56276 12475 18
44919 45682 67
32394 14022 43
36031 40884 21
15147 58896 64
15480 11353 56
10019 16960 35
34864 1083 76
5173 5031 86
12112 38327 75
36000 45021 55
17426 46148 83
943 22857 12
53930 25067 68
52763 50365 52
8404 44135 87
41613 46555 63
37918 38191 80
43138 46310 17
44841 26273 78
43381 36214 14
14333 38302 80
41544 47700 26
21343 54750 1
7636 3007 68
55667 26951 7
16805 26658 58
11412 31323 74
49542 5120 75
42920 33899 39
12139 48104 76
56737 7654 70
9409 13603 68
24134 40232 18
8104 14755 23
55309 183 51
35456 47364 46
40957 48884 72
55164 55589 11
55455 57180 22
59850 16207 82
13444 50019 2
57980 7257 66
11473 12566 72
11443 30655 85
4746 4344 57
51206 38330 22
3322 22472 83
48892 34592 92
33003 43833 33
45821 39142 1
53100 264 21
36362 7201 30
9310 45462 88
18085 37847 100
59588 5762 33
17925 56599 46
30406 16509 31
8701 41754 67
19097 33639 99
28577 16177 43
51922 11963 98
24886 57365 76
4678 7068 100
4879 51143 49
18469 50829 89
31670 35907 6
29702 22245 61
52650 15343 28
58786 27134 7
54359 52203 3
45994 31198 90
48037 47182 60
24545 42102 83
42404 6473 8
20143 36650 46
56593 28139 90
7584 18963 92
28479 56097 25
37708 22590 47
58177 1048 71
41822 32884 47
44898 784 85
23164 50082 90
25722 51132 4
38758 14925 33
45758 43408 15
45912 451 7
26993 51829 23
4906 22311 100
35466 2439 40
11033 49157 60
575 59396 76
55277 39133 59
56796 11178 71
43427 8470 38
51954 27088 54
7612 58800 48
7670 13803 24
17979 54056 54
10482 19040 57
23303 25809 70
9479 48847 69
48556 25135 21
21717 1844 17
10521 17065 32
56994 58628 54
2607 10632 48
34165 48701 61
46352 21827 68
32922 3037 56
59475 5146 98
4396 5458 56
36016 15895 9
10138 9495 71
10783 32238 67
36502 47280 92
38312 46149 66
5104 32344 81
12230 4606 66
28166 31211 25
8295 42067 28
37437 15689 17
13743 58144 78
24661 6182 19
49535 48531 34
26676 3038 56
30683 31317 25
56041 17858 11
2555 52042 57
19360 5778 47
38948 30091 21
31981 10957 84
34593 16164 64
54146 10782 72
5887 52947 89
29513 47442 41
8736 28731 60
7504 17343 22
35781 4349 98
16997 14356 69
13395 25504 32
24150 53800 100
5824 8182 91
21379 50806 17
13079 59671 25
18975 24409 92
22078 23424 55
52183 2604 68
37875 22317 88
52754 38153 18
58507 27952 65
28753 4366 72
15802 19843 33
52128 51190 61
12694 58251 2
57369 35515 28
51044 14147 71
16979 20841 4
44989 48862 23
10365 46539 5
13184 51976 63
38825 6814 2
30288 55123 53
46419 3719 91
24259 35010 65
15253 40931 11
54529 49448 41
43124 36917 35
6254 20324 90
8578 21690 70
50770 8280 32
20371 59085 7
9289 18322 26
41751 34935 31
58161 54764 17
53861 32619 16
56991 9066 80
42800 7531 74
17745 6623 20
36046 29240 11
32406 6707 26
20020 50617 1
41476 1720 45
27526 36018 82
19209 35169 13
57778 14702 84
59775 27836 46
31618 40170 95
22446 18299 91
39369 50231 15
16342 7023 19
48139 24033 17
37152 29509 19
35086 54383 60
45520 4970 88
33742 43179 50
7992 40195 38
4884 18483 97
14616 24428 32
14736 41845 27
26295 19201 24
26046 35932 83
54797 27043 19
33135 48318 37
43878 24154 86
38344 15244 10
9734 8124 87
56787 2471 89
10381 7714 84
42538 35583 81
29351 37016 49
26836 29406 66
20253 7066 37
1684 17317 33
40806 55727 93
48692 12965 87
22667 34502 42
35628 39737 73
7583 46898 40
1065 10213 45
54917 21654 94
59710 31977 76
15850 9834 40
29371 31807 21
13028 29466 16
20709 24288 54
39383 15820 71
35694 24643 63
19717 5686 22
55755 47020 51
34700 2696 78
19550 54449 74
576 14654 66
30204 42514 50
58905 30430 60
815 42030 96
24299 55009 39
44575 45001 2
35171 50223 65
24726 38354 25
13571 22389 7
6338 58806 26
35776 13505 33
54965 46289 37
50116 56490 71
42701 9687 18
16915 13329 18
44975 17687 34
45515 6805 69
10155 21126 78
13001 22708 4
55426 21411 50
15712 27106 88
10805 39110 51
12433 45767 99
6296 33024 53
34362 30750 100
47391 32129 3
19878 6509 55
19337 33391 17
41056 37541 8
23583 46252 27
56892 11215 94
51951 5976 64
33024 39941 14
22591 41957 65
12261 58398 88
54543 46757 3
1569 24339 66
2470 31560 75
52683 42531 21
19696 10890 10
13644 40826 56
19702 18290 77
57420 46466 95
45820 12134 7
56331 44328 91
55956 45130 26
50147 27201 36
23643 1287 54
9464 42299 72
52870 5364 52
52868 46670 70
20479 26812 46
75 32967 33
59031 9878 1
17946 20225 70
4543 3193 14
35459 54793 68
20175 46880 27
28576 34378 33
27715 5938 88
7053 22229 94
12155 15274 56
44662 46161 4
14455 8801 71
57512 33583 80
43445 26300 65
15909 6873 30
36747 15696 96
1312 7262 49
47500 30944 43
51644 49674 95
8800 10475 82
5082 11212 27
25703 21912 18
26689 5210 41
57034 841 64
15564 3001 1
4358 29904 92
25272 7960 45
25414 19725 31
52256 5139 91
12369 6123 98
16846 16372 72
37808 6496 1
16660 58946 85
41170 6800 76
55163 54393 41
26679 39673 27
44578 24451 73
47177 21427 82
45683 34013 86
26762 47082 92
12697 43390 88
2872 56583 44
31257 37175 45
35266 20440 93
17853 43928 98
22082 19923 54
4116 4805 65
699 36632 35
38876 38468 92
450 31481 21
7300 30086 85
5679 28456 96
5247 50220 33
14323 2514 22
23249 37474 98
36814 21266 81
22082 50626 37
16545 15300 63
52533 50799 9
26153 19614 84
30188 3641 84
26726 1476 67
16471 55540 73
42153 11025 100
8725 59594 88
44922 20527 57
3665 52619 76
51707 22292 67
42831 32948 91
39410 55416 11
4300 28990 29
15692 1059 24
52891 43921 47
19133 23685 93
18484 32963 92
31434 19231 37
52885 27571 99
50093 25631 8
57852 21332 77
33381 38554 66
55579 17094 11
28404 54991 79
6809 57062 26
43009 9819 13
31874 32427 6
56172 37106 98
16163 41105 24
1693 5860 44
56312 52110 53
58554 18436 98
38985 19254 1
20577 4509 20
735 55213 19
45354 7632 68
4277 32962 75
43484 5030 71
37490 12362 42
26673 30053 12
22133 41190 15
54335 22604 98
47174 46837 19
20656 44946 90
39946 50388 6
58123 49635 12
52571 879 12
13023 31019 14
17176 47509 42
9540 40170 70
3029 51096 51
13730 52663 58
18075 43787 9
22526 11242 43
38970 23490 81
22081 47753 32
9678 16479 40
540 7808 95
8384 43740 11
22687 6058 7
34391 10296 63
36981 34216 42
43481 35926 80
2910 38252 15
20145 59040 81
20523 30735 88
49124 50835 1
40711 26818 59
12083 29062 96
46887 50524 50
37958 28893 57
1298 43459 92
33716 31689 87
11419 27981 8
9642 48328 35
14592 15548 20
46509 14966 66
10295 26893 32
48974 41629 44
19400 28767 47
3323 3164 11
17801 55553 24
17477 11455 23
16414 55588 55
4340 38338 90
48133 29944 70
37181 19498 30
23075 8567 61
11754 52350 57
24817 20983 28
16849 45673 3
4086 16739 73
58428 21281 89
43107 40099 94
44106 58597 95
46789 12739 24
25596 33347 89
45729 30522 5
42959 41152 71
9080 39578 11
39467 3723 17
3739 25179 72
4637 35091 58
36495 42829 22
15386 10230 86
28628 12826 25
12597 44420 67
14145 31687 48
16727 39116 99
21731 57435 36
39633 41700 35
31908 27239 53
22308 42232 42
6130 21905 100
22369 32045 95
24974 42979 16
6342 36774 45
38393 34808 26
39353 46879 91
23843 2995 86
8053 25941 35
40659 22679 33
20239 46552 79
14541 26284 42
35341 3626 86
5256 33005 42
27064 38007 65
22874 28519 89
31309 49205 80
11732 17361 71
53200 2415 11
80 26321 4
45136 44172 45
40393 45414 27
4264 37552 65
50476 30934 51
56910 57292 12
59324 53348 77
30637 52161 68
57399 39123 48
39000 2394 5
24986 39591 47
45261 22250 69
41002 46544 93
2786 52440 51
36307 48803 49
37437 13123 28
33447 7457 77
55331 12918 83
7430 13798 72
15568 44625 67
12455 55859 58
3383 46800 50
56178 6099 57
11709 14706 22
56304 56375 49
44857 48105 44
47825 20011 55
20786 18936 77
12846 24859 93
19937 40596 60
35765 42489 93
20056 57265 31
53815 49230 70
39614 9184 18
5817 2366 93
40321 55792 54
12474 41838 52
45775 14926 31
23842 46571 83
3047 31715 66
38162 17353 44
11864 3539 64
54222 1651 58
22390 8324 88
47748 44666 3
44120 57290 51
19093 25643 43
18072 53964 23
55022 51205 99
34305 32833 51
19666 49868 16
20706 3609 17
47390 15646 53
3028 54299 7
22391 39894 93
19523 3134 75
22793 12298 11
14897 43062 49
13095 15112 33
43566 37416 91
6562 25399 46
35641 49982 49
51195 7006 58
16306 47307 29
52127 12646 57
15761 49216 12
12123 28156 57
41571 45085 100
3347 10075 5
43319 9389 62
24963 38209 60
18825 32207 17
53829 28846 22
26068 24743 97
45037 27731 84
3439 493 99
14931 5912 75
20881 24942 51
20022 47023 18
55386 59107 2
35499 28571 38
17636 17131 11
29694 15049 82
27167 19669 72
24810 51521 94
35256 51961 39
5212 39490 40
10845 58721 93
5726 10512 95
16910 46234 64
54723 53692 39
7736 337 30
47050 42160 36
6476 24663 97
28656 55215 7
18722 5648 16
6543 40653 77
49541 8865 65
27612 18292 71
28573 47341 39
27868 12224 22
45123 12431 30
9574 42208 39
34344 33846 83
2502 35347 60
25661 43430 5
21419 47210 6
17016 46534 47
41526 20921 70
21753 37569 75
25247 5839 86
55229 18070 92
48638 18181 81
7810 43170 70
11778 28032 11
37104 12895 78
38602 35157 37
5946 9698 98
21370 46908 8
17022 27937 21
29900 37010 10
4011 12861 7
58589 45422 37
32751 8867 64
20299 17306 66
7730 13627 81
35613 19224 28
36968 32287 79
39105 48143 57
18341 27528 88
38280 34294 83
44921 55249 8
41151 14042 38
7389 59673 23
58715 71 51
54000 18233 53
14806 25288 49
18214 23449 57
45466 26429 23
56012 1470 63
30845 40288 31
54245 49186 90
5200 49328 16
30772 15920 31
40378 7812 78
19763 36986 21
46597 57679 52
37765 15404 10
35468 49169 58
11878 6888 60
35672 32615 41
54460 51093 49
8946 16115 93
48223 20326 87
58692 30703 81
29573 2177 28
9151 34915 4
32702 52124 57
57364 3850 71
41311 39401 3
53879 30618 3
56366 28061 62
23029 39373 55
47229 10186 78
28355 50964 21
52511 33317 65
44185 26657 100
13371 17931 49
20173 40788 11
11368 17408 72
34057 28920 26
59046 3922 88
24267 24172 14
32003 23487 38
56909 14254 80
33307 29241 45
25195 48714 65
4035 1981 92
25822 50778 11
2054 49262 51
24473 47323 25
4661 52188 27
19320 26552 49
20252 46264 94
22750 6115 1
26503 45319 41
13266 34943 41
42458 58153 79
36293 33151 46
661 42768 71
57270 646 78
8936 48529 26
9627 19030 47
13939 15267 46
20941 15070 75
11364 17210 93
21224 38787 88
19270 13803 86
6082 6801 52
34497 32641 38
58202 34811 99
35744 31986 16
7777 2113 16
45122 3367 77
48212 50188 61
36446 19560 45
28248 26317 41
9175 45510 81
22099 43327 93
56589 12081 54
30049 37714 83
5421 37831 51
45710 11106 52
44506 37461 23
31282 22491 37
32545 47663 15
41513 10473 92
1606 50562 54
41948 43320 42
23375 28890 95
26305 49869 78
57975 3583 8
33416 34152 3
30208 3257 57
53770 21945 68
12191 29417 65
2366 47078 83
15783 41898 45
54255 9300 70
34008 22559 33
40048 58103 41
8695 4926 37
51862 11677 99
7731 45201 75
1325 48925 23
19226 54528 45
45619 25830 85
28375 34861 9
50241 15391 80
10013 53968 93
17386 18666 20
9328 6394 71
40917 31520 54
41296 56154 90
44158 40651 76
19801 36067 81
20574 17599 2
31571 36804 53
34241 34034 64
10739 44381 90
49155 14046 94
53013 44359 100
39884 5380 98
58950 30162 18
42763 35219 49
13490 40679 6
4943 44768 30
26991 47966 73
26496 55619 9
46138 33400 64
27246 2301 66
47345 36726 30
30629 59148 64
22266 25739 61
45168 29150 74
11862 15507 97
37142 28316 80
59137 56249 100
44931 36009 72
47357 46177 40
53651 32849 99
39246 45419 37
58697 6854 35
13882 21460 53
42899 10112 92
47562 56261 82
31912 36846 62
58257 9534 61
25562 54199 44
17381 41182 100
17057 40313 92
12602 29090 70
45150 27387 88
28116 6938 66
32549 26194 1
59030 14690 19
43829 20936 6
53387 37287 3
36710 12663 89
12973 12068 86
2056 1985 18
3286 27080 29
59858 39524 96
28737 22613 80
19095 5948 47
51227 4260 2
225 59812 27
26650 681 50
7020 11081 59
2695 40592 68
26023 55085 37
44103 31044 55
50179 31394 68
31678 41796 64
59665 29197 19
2128 39915 57
51797 56291 29
56095 25102 3
33611 4949 34
48121 2553 45
19376 59474 19
46087 28587 47
23515 41913 93
19828 47636 81
16108 52568 50
49818 52502 44
49451 13809 39
57194 28497 59
22388 44847 100
25776 25214 47
44281 13724 79
14382 41387 91
38646 59428 16
15502 41134 39
41047 32377 27
33825 33625 90
39744 17158 9
33981 33083 94
445 34855 47
27728 47274 12
46654 55925 27
2836 46506 16
33991 2190 32
51020 30081 81
49283 4281 24
15547 13463 82
26174 32656 6
47011 54128 1
25622 37472 58
35854 44321 43
58754 41080 40
24823 58964 18
22167 53767 14
53265 37861 85
37209 48178 92
25262 17346 77
15608 25465 73
24841 10109 11
1381 11762 24
16065 34486 76
10011 50749 95
45815 29157 68
55399 22153 63
59170 17135 35
49380 6593 90
48285 55650 65
12607 57059 62
18708 5549 67
35604 23867 60
8446 51826 66
54179 27838 46
52525 28914 57
42888 32386 67
8477 59601 68
48101 44332 27
6304 18973 66
24298 10813 70
53375 9048 69
23669 41141 36
32564 33824 82
53187 35277 31
24673 53672 48
38618 7112 90
27493 37732 6
3019 53697 62
6598 32575 48
38036 46241 56
45113 28459 6
8930 28266 36
43444 54596 37
33712 53200 82
35453 24005 7
2850 56970 92
17339 58691 64
48630 9373 83
14837 12044 46
48024 36005 57
10440 30838 73
13891 59889 41
9215 50063 74
2756 20044 53
16118 37284 51
46301 23827 11
14734 23141 5
40581 48495 44
52482 7633 57
12328 45563 99
23496 52493 44
38345 30024 57
38238 4578 5
1315 55201 32
27469 31231 56
9522 45133 74
40167 18186 79
830 58053 71
18750 14449 5
38658 26475 8
28500 33685 5
16658 58110 49
4659 54307 30
333 22789 77
40947 27615 49
3792 24281 39
14286 49021 12
18663 12526 50
44978 59516 9
17072 24431 62
45959 49039 92
57483 22145 37
1765 53064 21
59240 34142 18
7264 1619 50
19857 49917 58
13948 31045 14
23699 25570 1
48433 51749 82
16798 9885 86
16014 26701 12
5593 7220 73
18510 45413 9
38772 9814 22
14181 32018 44
51616 19339 75
49490 43355 39
40919 40001 78
16311 44006 61
38389 21582 17
2676 49006 39
44565 50056 73
14457 4113 31
56414 5630 43
9145 24217 30
17605 9695 99
44845 28649 32
10505 55615 39
27994 18416 19
50353 33515 64
44300 19415 64
56048 27548 83
2347 11115 2
17995 7996 74
22419 38922 70
15654 17201 88
19385 48227 27
7142 41732 97
1846 4919 94
21382 12997 10
10577 9221 22
48981 24308 53
17813 23184 97
7530 52008 26
4345 49098 48
9842 29043 75
44146 3691 90
15900 35644 84
51804 12208 75
11224 53298 25
35600 30215 97
31015 49979 10
27086 8733 72
27325 1923 6
13193 834 92
12579 20807 70
12775 38338 6
10093 20457 59
3538 10322 73
42026 47817 62
40599 31884 98
27141 387 95
46105 5735 31
57539 46962 68
56589 42395 98
23805 35616 68
35036 33121 15
43240 45068 11
15606 54249 1
22076 28643 26
13524 55084 4
3272 42488 34
25990 28466 7
8568 12268 81
31668 17412 52
31557 45588 91
48022 55380 6
25964 33720 25
50137 31163 12
6923 25178 42
57502 9764 43
17325 54343 44
55015 27193 89
46424 13624 13
5171 47689 94
18438 29875 34
16086 24590 15
26797 1158 23
25441 51468 59
52003 3894 40
44467 2754 64
26804 14998 6
8050 12401 63
9731 5214 32
19690 47293 43
44250 47340 50
17262 16442 54
59640 36236 60
30585 53651 71
18967 31829 40
5893 6078 18
56386 6465 5
28627 17597 80
44814 34596 66
9434 8310 9
37813 15505 8
56755 57121 70
59525 31169 78
31580 15998 43
56433 24073 16
49101 55043 40
59871 41612 10
18942 3860 81
4435 16800 100
27440 44354 56
50602 54832 59
2143 18043 11
26986 40280 85
30654 46622 32
55706 50517 34
40271 31335 62
51105 11973 43
7648 52516 23
28208 42494 8
483 49405 28
19629 36044 67
49522 9928 97
38385 41100 52
58866 25479 8
1447 38507 69
47580 4532 96
53712 51507 34
3769 45415 56
12594 354 58
30542 15560 28
46458 44842 47
20450 22484 87
24597 10294 11
31826 34412 47
4153 57541 77
48375 9085 34
44821 37547 25
57708 33933 40
24260 56511 62
22448 19517 82
15784 50576 74
8247 28548 98
34727 13591 10
24773 5169 97
3309 24565 56
37930 16112 78
48494 1395 80
48603 39331 95
41730 36306 87
22808 25788 95
30793 14804 25
17314 28546 48
11595 8728 63
51146 17014 3
5079 12034 23
17720 52516 55
50546 50526 44
26672 12274 31
11229 56420 46
44445 52911 41
43070 58116 19
47667 33638 95
6570 33732 94
7756 40505 51
3100 22315 25
10113 31334 79
24810 5288 34
27628 44436 28
58832 17461 60
26226 30433 6
29287 28865 79
45461 15392 51
19769 9319 83
24990 39649 69
57097 15962 72
10626 39016 79
13890 33814 88
58627 53000 51
53652 44672 29
3712 7035 22
8612 1356 65
50586 11843 33
23691 18241 56
30221 1789 24
47650 55110 45
46133 49301 87
50839 52989 67
52958 47850 65
33233 26891 40
30846 2283 85
8088 32664 91
48460 55929 10
48445 5879 100
5842 25196 24
38064 20431 62
22762 22216 76
99 14594 81
59246 7215 99
5566 26350 26
26008 55363 45
47914 11632 96
9379 27912 23
21840 50734 31
17444 32273 43
35448 9503 16
43511 50138 91
43259 9857 77
17499 17793 95
47718 41999 41
58924 9017 93
29567 36411 62
52186 6978 73
10328 24212 38
34960 35504 90
14010 55482 55
8752 48056 91
59857 57294 98
35509 32731 83
16533 59150 73
9573 10683 46
26237 52881 63
47775 47540 69
28851 15365 8
21479 41573 92
39408 47596 30
12553 49458 59
54455 16400 68
17749 182 55
58226 39891 62
55450 4035 56
26677 24220 48
42025 3332 10
52752 37367 23
30565 48925 1
18239 48447 57
28573 40499 54
57994 56467 79
7694 57779 79
1575 19701 49
37889 54869 99
31580 9452 71
27265 11284 66
36672 29802 99
53943 51510 56
49743 49320 46
27260 30923 61
17154 3998 11
18985 37642 62
3562 57714 98
38923 56704 22
22112 36468 87
49600 51561 63
53114 50942 18
39058 19125 8
37709 57017 71
34807 19548 6
47428 5170 35
49441 7227 99
39707 5868 29
3643 25424 80
57751 11050 81
26529 48153 46
42601 53322 52
10109 8791 77
13948 39381 38
20181 43805 78
5143 33048 22
49993 10678 96
18717 3596 100
33987 38923 70
53821 47839 39
21848 21686 1
292 54872 89
20017 12878 53
30725 45675 80
11331 55918 72
30445 41328 15
30252 20646 8
21110 10062 96
59803 35125 36
47078 44126 13
33136 11108 96
17183 59411 47
22163 9188 31
47361 55760 38
14417 16127 44
11660 6872 35
15454 8560 1
26891 36950 2
40425 11840 85
23860 42794 97
47916 36850 38
50456 55436 70
9440 1774 52
46882 41072 25
55096 15213 50
54416 27235 99
27453 47347 88
19165 22756 78
34535 18991 63
2327 2356 22
5714 1547 98
4270 31988 98
22488 4073 90
18695 40193 61
22316 2932 13
48831 35939 24
33512 50730 64
10156 21554 70
30140 28174 50
38494 38861 5
46706 20501 85
32109 34270 40
8837 49294 19
53643 5849 44
26359 7459 53
58999 46953 100
12826 52428 70
39746 31585 36
24671 47480 88
30977 17393 69
9669 58126 98
666 52486 55
47127 22928 45
6781 36684 10
13793 6527 64
40179 37655 44
8135 57650 18
4981 28199 48
57702 47563 70
52799 56195 37
31482 5993 75
1800 54882 90
22018 38140 80
17871 27277 17
51227 34467 15
36965 53280 56
57196 12387 2
32494 22820 91
52885 56591 61
53628 22195 71
51056 42427 25
35193 47746 56
24307 53605 70
37057 26259 16
59797 5357 3
57346 20896 91
12036 15735 56
21516 34184 71
56825 10690 60
38410 50100 3
23501 17186 88
32467 29385 17
8811 3323 24
57110 24035 47
51688 46195 57
3525 4873 93
33657 39815 52
9557 21520 99
22375 316 92
35566 18250 71
5804 58793 79
10009 49538 73
55504 16176 92
47757 7008 71
23430 19519 45
58573 55756 90
28601 40216 22
56698 19130 6
6037 19653 50
49738 1270 5
19624 29632 81
10966 34355 93
34797 55272 9
50398 11421 21
38761 49646 28
30440 30503 56
53772 36579 54
57047 11794 75
38531 17690 60
22615 8598 33
10924 32187 11
6732 45997 69
13449 16093 76
37752 34219 66
22678 46674 61
30825 46465 40
41742 15519 93
18084 51613 30
37426 1757 44
30867 51436 66
14511 17973 32
24163 2014 2
23803 35666 40
27731 15625 65
51441 5919 33
32478 46340 55
47928 55168 97
15700 35383 61
14725 9722 62
48061 4684 87
4310 34670 26
32020 26010 41
36529 59094 24
9016 54538 17
4668 2186 27
34455 3359 29
20701 20760 79
35449 11527 1
54273 49309 20
14422 12971 16
55021 22074 64
41890 11076 43
3325 34291 9
38239 51916 98
35227 17461 93
59703 30298 49
11391 16700 23
2352 18578 14
14848 41103 22
50811 21951 54
8517 31077 57
54988 26857 65
38165 49203 6
708 40860 12
1961 19688 69
43026 1621 76
3343 55833 77
31361 35634 52
57999 34419 2
35265 30982 41
32547 15290 25
52733 7766 92
59722 56512 16
51827 36362 94
1057 11701 20
38160 57314 98
33868 1042 13
58451 20369 35
58212 34317 26
1771 37760 53
35628 58485 95
4734 3441 28
39910 3017 65
15681 12843 25
41671 35021 30
2235 6446 53
40940 8623 86
43282 5355 93
21209 19103 41
26252 21956 48
54875 42581 5
10275 24332 1
12714 40384 50
50630 18711 71
32697 46196 10
14670 50461 24
28557 47839 52
4640 5132 7
7756 13966 94
52417 53771 6
6144 18228 94
37004 38312 73
26483 16426 15
45717 21468 71
2637 21447 60
49102 32494 41
36124 11883 12
26274 16248 32
3737 19976 19
20671 24193 23
59231 10731 14
54321 22294 44
58284 8823 33
56119 50072 9
55053 31065 6
35690 10357 79
38259 52880 69
4586 7745 20
23604 17747 25
38907 13466 46
23099 54421 16
11023 37310 16
16692 28550 77
47593 49277 66
16384 29352 93
49225 9145 16
54010 37138 60
58695 47491 96
36153 14406 93
11311 58657 92
40228 5808 65
30838 22025 57
5456 24505 81
16807 12915 27
18080 30511 33
14747 16360 12
33149 10310 2
20629 40193 53
6753 52134 44
10624 22703 97
50826 17636 93
39479 54729 92
6416 36326 59
33336 29132 56
21357 52919 5
18497 1956 2
25991 7766 7
36641 56699 55
12129 45069 45
58614 58822 53
3200 50489 82
7382 11484 6
39368 31126 76
27762 59394 64
31957 33037 43
789 38512 44
3655 36483 44
44900 54304 28
40279 4392 20
32908 3521 12
44203 26965 91
32193 28480 42
51603 24025 52
16409 2397 13
45885 14295 56
13055 22592 73
20195 54631 3
14368 6238 49
1995 6646 52
5925 37296 44
26068 23243 14
54091 48820 67
33239 49842 22
17798 25221 53
53531 32125 44
24203 16019 72
40068 47547 12
52293 46831 57
12564 33873 40
48806 6280 66
51333 8887 81
33300 55620 44
7401 6931 78
17055 50916 59
40582 3468 70
20549 14226 16
54185 51246 72
52722 53292 72
15640 41273 93
55422 25811 26
30547 2074 48
41176 49601 21
21320 12027 59
11929 24340 11
49912 9427 65
27008 13872 64
19340 58541 98
19794 33217 13
12258 31643 60
18866 6445 64
20524 31208 33
47653 28462 24
32154 41965 24
11782 37106 19
48704 57913 77
58955 58466 61
46701 44556 59
33139 14257 93
3782 14847 87
4147 38516 82
11008 21300 43
16581 4399 90
44682 58424 16
45128 25732 69
18302 43685 78
19995 55006 64
41210 47416 43
24808 5980 45
16304 14661 35
14197 53133 92
33418 37828 25
46577 16452 4
5046 44786 54
5758 26675 54
55597 15229 95
4017 36796 6
16070 20729 54
12698 53805 55
28130 45713 44
42608 56565 74
9689 16961 98
54097 2354 89
7357 949 89
51740 36437 52
51583 33950 2
58265 48283 80
7708 54992 59
2439 42527 71
19788 55514 33
44024 22973 21
45743 45549 78
30947 47925 32
51987 2223 60
39052 33657 95
34677 38233 10
5558 41980 65
1194 52821 75
23792 717 55
49708 59034 66
56266 46760 1
28255 26163 66
53417 48457 16
35396 23791 35
58076 54217 81
46902 9292 51
51871 15341 21
58394 57339 44
59818 33949 18
30478 8843 16
36794 45069 88
31830 1506 91
24011 17871 14
19436 50558 78
14548 59056 36
21396 21633 91
45206 25965 40
1826 36539 65
34867 35540 66
34634 53751 71
37497 24508 75
750 22235 39
21454 17996 34
347 37648 70
47351 22685 4
53058 39541 37
40188 33236 46
37808 58760 20
9816 55075 79
15781 20800 28
47766 51284 4
46562 34883 82
58386 24491 51
52501 53047 1
51636 54398 84
5941 48673 18
4420 32061 51
32471 24783 38
44086 56438 64
3862 48748 58
55650 15251 61
20754 470 6
748 9325 89
15557 18728 96
49400 32313 12
12001 56040 64
49951 41575 40
14604 51946 13
29456 1655 19
45036 12187 22
50259 28215 55
2826 18146 68
46480 4942 82
24677 31971 78
2658 18599 92
9693 40942 97
20039 7496 29
20521 26327 63
5103 54092 89
39081 51611 3
31745 52465 9
27747 26240 63
3111 24681 97
31300 479 27
58546 42269 37
31052 48620 12
55792 18703 21
59318 6619 6
53575 46001 37
16469 12610 23
29683 7345 55
15621 36048 86
56967 53784 43
688 47296 27
38497 58438 49
46216 26098 26
52895 52361 78
48610 51534 1
25068 3970 95
36982 55293 62
37907 19968 7
23079 17859 38
48374 47376 82
54992 23399 17
19882 28204 16
57400 2869 37
57315 56554 95
38831 5296 43
34760 23487 49
9435 19867 1
12246 44233 45
37167 55514 57
7749 28155 7
2923 4777 100
571 30740 92
20551 54702 67
55641 50221 12
18449 55616 51
24526 17116 61
32909 42594 50
44339 12300 78
24951 4872 33
53237 6559 42
45840 59768 65
46444 21005 58
46266 14318 62
9052 36294 22
50902 33393 36
43141 56596 75
51689 6446 57
20850 34126 40
14939 29916 21
25094 25939 49
49052 24082 45
21928 9419 75
23879 26731 62
9 41494 67
11817 22518 78
8200 25044 46
14300 41147 88
322 29305 52
40384 30265 52
24170 35380 81
32070 11561 66
35924 33694 3
27521 20275 44
8586 22533 46
2448 44950 26
7003 30764 28
51460 8240 87
53040 37385 46
39108 48440 75
51089 51625 49
58494 3866 30
1012 59820 83
13908 30926 86
20716 44091 17
1893 5855 33
2178 57129 14
2191 26519 14
17260 30735 98
28026 52231 78
23901 53105 69
2337 57800 50
11948 8836 61
46090 5945 70
51340 33909 58
16 22709 97
58059 6961 28
27961 3340 20
58342 45063 82
58802 19544 27
27456 41739 73
45751 26994 46
16592 12414 6
46392 17153 84
7231 13668 8
40240 54581 19
26725 24505 15
2656 54274 30
17243 21747 45
57449 15392 29
23161 35500 31
13787 19271 47
52180 7977 54
22862 18254 69
42189 48551 86
11985 53 71
46664 8988 96
56733 21752 37
39648 57653 12
58669 53848 50
59007 21719 59
31998 2964 85
9754 44813 15
54816 30535 12
59799 25376 25
18098 31804 72
55058 25742 20
16140 39678 84
44289 8186 59
27692 46903 33
17407 5633 68
20271 48510 90
23865 56252 87
48028 59503 45
9768 17397 56
44430 59299 55
18811 29564 100
25640 20105 12
16032 57362 7
40314 1777 88
23287 37339 41
31690 20576 62
44781 59180 35
20920 27333 86
52899 28012 3
48498 54815 44
9895 20346 28
55527 21894 83
19405 25745 72
35714 38116 83
39897 5900 35
59772 22004 52
36198 31064 68
24009 23755 63
42207 45536 5
39267 59284 20
11702 20269 36
51450 36286 56
53984 5363 38
31013 27459 2
36363 19008 100
14949 58207 77
56031 30615 56
37233 6500 38
5178 7876 60
12005 30579 79
22576 30357 54
37184 48586 61
11629 46349 99
1471 34237 82
49414 51572 37
56582 14879 91
21361 46507 55
26631 52079 70
4144 24577 85
24140 13183 27
34130 33401 27
21985 40439 35
22290 2704 74
46468 30743 13
50539 43682 64
30876 32820 77
47526 1349 93
21078 1821 79
12509 51469 49
37888 13101 37
54776 38407 91
56918 34581 68
607 36999 14
41676 59616 24
17493 14739 21
6241 43171 49
14749 52268 55
41265 25646 64
7857 47381 81
2747 33042 77
49059 6258 92
38585 40019 17
38168 52187 81
43799 7570 87
39542 8278 32
759 20670 88
18012 38775 79
30586 9332 83
56529 27061 99
41509 3279 51
48893 8086 100
54965 42970 52
17687 55413 100
24727 6849 16
26460 20244 58
48537 39844 69
30744 55635 27
58065 46567 90
13097 8659 72
925 19102 35
46437 26599 29
23507 8261 100
19245 57051 9
34598 9383 97
40851 23255 12
29761 32320 87
49991 50645 86
25856 33169 5
54556 54147 80
45981 42063 68
3436 41052 92
28968 24969 45
49629 36835 44
37024 18925 52
54830 1853 39
33912 31507 66
27376 54337 8
34430 56809 38
48261 41946 80
22883 41345 96
5945 51538 24
47811 9493 12
7556 302 71
14929 25902 81
44663 53985 50
24094 55254 77
14183 57330 84
30592 8590 22
49847 17497 69
28439 1046 82
41466 25158 96
13683 14325 17
24867 38449 75
27110 641 14
20939 47694 63
4858 22588 27
37113 46345 58
50711 13941 27
49138 37415 55
20328 22069 21
4819 26052 19
21203 32344 19
58717 42928 88
19722 16607 34
53153 47493 89
13499 40059 51
20966 9207 19
52367 57238 58
36973 49864 8
25729 48549 91
41703 20311 45
44246 28909 49
38765 15321 85
282 56316 89
25808 19557 73
23497 24782 5
18253 29387 99
59804 38412 38
57392 16064 75
41540 526 1
44872 50570 43
38422 1993 9
4763 43342 8
57202 16452 10
37489 7010 94
14705 3229 14
8178 55263 55
44502 3942 80
32081 17219 55
49375 10283 70
22197 31323 63
171 31768 44
25842 57335 92
23454 25166 71
48541 1139 3
24331 21907 12
35137 10931 33
57348 30364 75
1648 17975 46
10519 274 3
17886 33589 6
24236 14878 99
11173 47138 82
4395 52850 96
8201 20322 5
46097 1943 11
33635 49236 36
51202 22918 9
38618 54448 69
44478 43482 62
48807 29226 74
34573 16425 63
35495 46792 56
57856 9314 19
27070 53837 21
10677 44676 27
35184 1522 78
51597 1284 47
46469 19386 8
35908 17809 32
59101 4419 26
43867 44997 77
32 17639 38
32395 16749 39
29407 55476 76
5372 49027 41
20985 17947 96
33667 26062 51
51463 18161 62
46238 3895 23
20568 32994 79
29112 53688 90
8102 19348 67
19249 48026 65
22083 57266 67
54566 44460 54
15953 41176 96
17177 59008 12
56418 24117 85
24537 15906 2
15266 10607 94
53979 46242 13
51963 52030 9
57398 1810 46
37541 44889 93
59510 48889 13
918 14563 94
59894 33176 17
40196 34218 58
36085 20410 25
38325 44205 79
14777 47891 5
17664 37709 95
50280 47282 89
58155 53 100
848 9886 21
1389 32484 89
53456 22927 42
42692 14180 43
3965 53085 91
17721 42056 19
24174 27022 31
44256 9723 90
16480 1505 63
24013 1561 10
24534 40799 57
23608 48819 33
41510 27580 12
44836 53460 55
50440 32092 77
20667 9666 52
46312 879 32
12718 25110 73
37646 44548 40
184 53917 15
4561 27692 26
16267 7365 16
32033 10741 23
35923 7647 4
33488 29526 45
23294 47799 98
3364 20823 55
23016 55154 81
19959 50795 45
17146 35951 64
59162 30155 60
12789 26815 57
29138 50714 98
2588 49930 65
52714 58264 22
228 41363 26
7247 6731 63
44290 52561 50
11286 49115 54
11086 50126 36
45879 10907 97
59710 38447 14
55674 9956 88
18699 5813 13
38436 28808 74
1006 57882 59
16683 20775 48
48362 3699 36
26927 36743 77
57063 17665 81
34240 55854 50
26501 7711 85
30400 48360 69
34154 6768 27
31220 32774 4
48342 36931 65
5289 30574 6
57691 40439 9
4870 16801 65
24628 8863 55
30603 32445 66
40593 52869 100
42257 42286 90
17648 4060 73
2806 17688 92
33314 26826 19
14240 33668 91
7334 44339 24
55637 11918 54
44393 4802 73
38958 58059 99
53135 47789 21
54387 56292 11
36787 40715 75
32927 49130 79
53756 38810 21
18502 50891 28
32347 55221 23
10140 11077 28
48540 37055 71
11914 3437 49
35141 42771 37
25826 11766 60
3700 35889 27
5133 52069 58
49772 5525 69
33448 28600 67
16734 25775 79
2972 56345 99
28672 21030 30
37172 19874 59
58131 8698 21
40228 36327 52
41033 6493 32
59271 51704 2
13503 18664 15
27216 918 3
50352 54640 24
11767 23021 71
5998 15924 90
35006 42178 59
7907 31177 94
21128 35802 55
3191 36640 47
42499 6672 98
49667 54820 16
38846 22196 68
21790 10712 70
58439 22120 54
48519 46765 36
7199 8079 36
22940 2098 67
37565 48307 36
42848 22877 94
31242 31596 54
57721 14593 26
39677 16787 54
6014 37964 56
58720 52882 100
40225 24141 26
25668 15825 72
51659 32254 84
22789 30711 56
25440 35441 32
22907 52012 40
36927 25026 84
13942 50079 45
42999 49488 100
27537 47438 9
39156 28408 67
15504 54424 22
48167 17376 22
48890 14211 89
39629 7589 49
8488 23859 12
49484 12980 34
42630 22688 22
8108 13545 36
19704 15957 71
41534 38158 64
49314 57817 44
10084 29371 52
45763 36792 35
40838 37217 39
18189 20602 27
49960 40898 53
50454 25125 4
1164 19439 5
32880 48903 68
35486 30278 64
42960 23605 87
56359 7462 50
34166 26921 66
22428 37149 25
13724 36489 27
32019 40322 34
50044 25608 33
55936 39110 32
57658 37895 40
18859 35145 100
28030 18955 12
28473 44234 35
30053 3488 49
28389 55893 37
28609 40058 50
15666 27096 88
7814 31143 99
53333 52217 50
18461 39963 6
13839 3082 73
5921 28473 62
21035 36918 95
12855 13632 53
43792 46156 16
10324 24030 9
50484 31815 42
30279 57894 21
37413 31207 50
777 9705 12
25079 634 4
18300 28089 77
58814 13410 22
49742 39764 37
28971 3450 82
21667 48621 95
12371 43157 73
25889 4107 69
27455 24662 18
23895 52661 59
30940 14666 42
44788 12417 49
24023 13276 57
15029 33013 1
4334 52940 28
12678 5744 86
30986 22779 25
46542 49416 7
19435 56043 86
50272 52504 22
50113 19299 34
28766 28318 27
748 50324 18
36861 24072 35
36168 13765 28
55155 43856 68
11895 27307 72
25569 55803 18
58699 23010 35
45548 38949 4
39185 27621 76
43798 13034 4
9147 13634 52
32422 23112 13
43035 12619 67
47715 57083 100
45240 41404 5
6874 50099 41
7114 17624 40
31882 17267 87
58400 5446 96
36871 2931 72
17198 57302 83
34386 47321 58
25914 11860 87
17135 28773 29
11756 32388 78
17457 35198 6
36905 50148 22
55301 28783 47
42977 53309 66
11796 55051 100
29735 31906 76
40467 25121 42
52011 393 33
15952 36869 79
40041 24208 32
33915 41162 82
52120 19098 61
10486 14392 78
15061 578 77
49144 37138 92
14159 59556 62
34806 53137 44
10081 45924 60
11047 26171 76
6912 48093 51
48653 50961 15
37231 46776 91
25344 26494 95
53133 28335 52
45214 4805 61
43174 28238 79
53833 28955 61
10169 42736 74
38342 52572 98
14437 19205 71
25571 50496 63
910 46737 73
11278 26584 70
6004 34228 37
42926 54634 65
52539 32677 27
18946 18236 4
28779 2548 1
13234 25404 60
30066 56790 70
34199 57023 95
57209 55801 36
30980 34956 69
11268 39567 27
44374 36997 74
51590 30497 83
52688 20657 54
19215 12749 79
14680 17314 69
21632 56446 34
40427 2041 30
12693 44706 25
15338 29719 25
30165 9920 21
29455 21006 90
16438 4744 68
28399 9871 59
9472 11940 29
34168 56475 59
8418 58704 83
32525 29875 88
15006 23317 24
33911 57327 22
54652 4991 1
32646 24000 37
51374 7740 81
38735 22354 33
26479 38391 31
1815 13888 46
36065 17278 28
7929 46052 88
27211 13771 65
5197 36729 84
55777 45315 76
58878 9107 38
50967 33905 88
7644 28652 30
35941 185 44
44124 54463 19
21028 45600 50
5453 32117 5
26687 59161 82
42731 10299 23
39984 50948 48
38180 10272 12
47613 24258 6
52777 55050 33
55196 9575 43
5733 54423 14
23366 35208 46
43738 50004 46
41100 16777 56
12136 22855 85
51226 30617 42
34051 35423 34
5053 49835 5
5357 40142 56
11119 55716 96
35297 45500 69
59737 8150 24
53244 45396 65
35989 7563 37
9112 27560 70
49576 29628 26
51857 32815 50
19191 54279 81
39443 3545 83
44317 29730 29
10664 870 46
24844 24335 89
39172 26795 69
43520 54340 95
55578 38012 100
46425 13656 72
46850 57320 31
33124 10371 58
45881 55451 71
38165 12705 49
26987 53743 36
16134 46692 36
1999 23089 98
31303 52140 10
54215 51006 24
10127 23796 59
9680 34552 50
25764 15478 32
43178 21950 46
45223 49253 80
48780 54732 41
861 41249 38
7758 27518 72
49758 41518 75
8523 27491 100
56263 5211 89
29639 11938 82
41846 22284 82
56824 40662 10
13804 11199 41
16881 19850 30
1924 24055 59
40590 49770 75
59352 48334 55
8682 53710 17
41995 44141 78
16638 57917 59
51960 20155 90
14349 37438 49
55146 10390 5
12894 58038 30
53194 55165 96
45115 9270 24
9900 28285 77
32213 37154 54
25920 32891 38
57467 10531 26
56318 52532 36
30056 5168 10
17255 7898 74
14230 25975 60
51680 25230 6
57253 24123 10
21541 52787 17
58667 44394 94
51979 55787 79
45784 14131 71
11192 56802 2
28522 55621 71
48281 45455 34
5907 7523 52
34814 23838 85
17876 24659 41
55216 36529 64
36236 45788 57
27781 30719 84
22929 50877 8
23308 6643 6
8048 42392 40
5589 15281 72
44015 46793 68
8298 209 43
55453 59144 56
27397 12233 77
41569 43698 65
54365 25395 63
35877 49698 59
32005 38381 22
28938 23823 69
17748 23940 48
41742 53121 23
25862 18185 30
9774 17630 96
43246 53003 10
57295 33055 89
51394 34625 44
37069 24589 99
9499 15590 99
38723 6498 34
48403 32426 64
42376 20561 94
46603 4066 60
474 45038 27
52245 22961 70
38420 8782 79
41380 29225 54
59832 36736 47
57157 28325 88
16195 42017 51
48652 56050 93
10176 37626 29
36762 37292 1
11714 26661 82
26217 14688 46
34377 29834 75
29212 55341 40
43967 9558 86
20345 55466 86
47652 26047 51
30674 21476 6
32940 1264 87
45973 8611 69
24122 28394 19
10296 46583 23
12878 47314 3
13085 31013 63
22797 54535 72
41986 8361 66
49503 19750 71
12247 57515 1
39283 38713 59
45832 33127 84
55860 42790 56
4651 24609 3
36891 10174 37
31127 48814 28
42887 3178 25
52192 5521 44
22550 22224 43
26268 33427 79
20602 27035 60
47844 51556 98
35128 51137 79
28876 45765 40
14596 33258 35
13680 13388 6
31972 14721 68
21981 22283 73
9830 45189 62
39626 34661 11
35329 59236 98
3269 14266 7
51825 24291 24
54573 447 18
12760 22258 41
46947 44121 58
14225 56518 23
12050 45018 36
6340 20053 18
18206 59708 15
11216 9184 72
32552 53650 82
53820 37311 86
47394 5649 83
34933 52187 95
18061 16550 38
56963 14760 33
46524 9172 81
34509 42691 10
34588 12940 12
20507 50494 3
1990 29676 76
30623 59186 83
13685 51506 38
54817 6665 90
40406 52882 32
20989 23400 98
773 7350 1
6846 41774 72
56489 56898 97
31001 18264 39
56698 11111 86
11573 44530 73
55092 43293 20
18876 44620 36
891 49442 77
35538 34556 71
48846 7912 18
42828 36210 26
29695 38447 88
32802 26571 77
56846 28613 55
7224 37972 87
4410 11106 42
37407 40938 49
34407 33471 75
4526 50840 23
5710 42237 17
6461 10458 13
3788 3702 9
50505 51373 31
22791 11132 34
23246 42175 42
15275 7211 49
9091 13530 6
20323 51200 74
11226 31500 21
47938 26089 65
30620 32224 70
11358 6238 78
44856 24408 79
47576 4120 18
57536 54864 50
31023 25783 9
27615 15247 48
49592 16285 32
11127 32980 21
8612 8386 28
6476 33112 49
17939 28686 95
15296 31958 82
36697 29606 65
26899 45102 17
50534 8334 75
25494 32975 95
45205 27050 73
15288 29292 72
19390 59852 53
44797 38729 86
56907 3473 25
8525 53338 19
49962 51904 46
12201 6518 88
38996 18385 9
29539 49818 79
30467 15828 3
32111 37123 32
29177 21327 37
48243 9460 4
10113 42622 33
46339 18246 67
48214 39342 97
46354 7054 36
17108 40441 5
46459 58180 37
44470 32600 67
35226 31402 29
3604 42599 100
43318 1022 89
39897 54550 22
7223 9739 87
13766 18942 65
47565 30466 56
35740 19308 59
42371 29512 14
10487 58228 2
26754 11291 10
54610 29705 27
47729 7897 59
12266 5570 30
18524 28502 28
47072 43480 97
4171 3460 3
45494 21112 67
25368 11831 35
5334 21246 59
44321 1132 66
43159 44402 24
8769 48416 98
32606 16316 46
9436 25932 97
27800 55266 78
19686 41489 52
36424 55291 68
30619 39596 22
51672 59920 91
51310 55535 68
5118 23202 41
29101 6144 76
54827 11460 95
46180 3146 29
18600 8697 93
40287 21641 38
28557 22089 5
31154 38879 97
1794 39559 82
20708 15814 97
15254 18516 88
40692 16711 83
29605 32768 23
51524 40265 7
38306 42225 35
1509 51188 44
1280 37035 38
27742 51372 15
43835 18495 58
49400 42831 50
14758 15022 81
20637 22791 83
47445 53416 44
31772 57931 23
16241 6335 7
45438 2250 52
15377 34927 12
28446 28025 43
55707 15838 66
42428 16494 82
18943 42422 48
41220 31228 14
45324 16020 92
3864 6053 38
13752 34617 32
13826 48932 5
21294 11613 86
14724 56783 45
48666 21445 16
54296 3881 9
41865 6721 73
46193 42644 34
26332 15088 44
54348 49313 51
307 23527 4
18261 45871 48
12509 6513 39
52127 14689 58
15989 5690 37
46858 49935 80
18009 22502 21
34331 57100 48
57906 35366 73
4244 43569 87
31101 59458 52
59763 33274 42
5525 46096 36
19892 44927 93
32570 16826 80
14324 5966 10
51114 22671 100
36637 432 51
6460 4564 11
57169 12906 100
48270 16577 41
20680 17036 14
2554 45871 1
8074 8705 31
30061 45052 46
24176 58411 93
33628 3481 74
41871 54537 99
14695 43561 11
17600 7449 25
32011 36290 7
7302 2568 3
26383 35014 45
58835 43484 1
52709 29389 93
58636 9004 61
29940 27068 45
18753 51260 10
2142 56101 55
11881 11746 24
39617 9669 65
10990 27450 25
53327 59386 77
26355 33184 66
40559 85 46
29723 8170 24
11533 3334 67
46383 47119 42
32184 32653 47
18327 39689 50
7005 30150 9
59193 37261 8
59841 5194 32
42367 40961 24
51793 31632 36
6725 6330 3
12508 14151 4
50299 29301 67
50743 41223 26
21151 45781 23
28458 3917 38
40273 42635 8
41551 1733 4
13190 6044 19
27452 39910 85
3914 13031 5
58613 46116 49
22493 7027 71
6072 22224 70
495 38040 100
5368 56759 19
34017 5334 49
44195 13350 32
35041 43442 11
25238 41186 61
31320 17891 82
41187 1105 80
13166 16797 26
53843 32149 52
30793 44956 18
2194 52806 22
27164 7367 61
32645 4514 69
54798 13592 71
22839 8418 95
27724 20545 84
28495 32191 93
8369 45093 2
45883 35407 89
45010 51767 50
30131 19327 5
44731 15880 90
45843 51800 57
7877 50592 33
45544 4037 48
2526 20923 21
5335 15039 12
294 532 20
59489 12577 28
39138 34882 63
32328 39650 8
42966 35158 19
33734 45140 57
46908 46895 37
17066 40573 51
41153 37868 29
36922 30694 75
24992 36881 80
8847 59071 53
48827 31612 53
52139 33260 67
52697 51573 60
59215 51566 48
55438 16557 43
832 52253 55
6282 47026 47
27566 18422 30
46153 1906 95
52394 31345 34
45954 58871 22
26653 1987 50
26484 38000 55
39695 34281 73
36176 53068 24
101 28371 65
41364 31802 24
46847 27624 74
32495 22219 15
12121 27164 50
6477 53092 42
55688 35906 31
31636 8975 41
29358 34011 52
21490 27552 16
55099 21076 92
58610 42536 2
26932 6522 34
38468 52398 3
10171 7836 97
49785 16100 94
51851 38369 4
54160 13745 1
16872 17735 30
49533 5826 22
32605 16550 47
2597 52223 93
55076 3256 28
2729 32172 18
24396 21074 57
34707 29147 33
39979 38749 6
20144 31437 6
4451 3229 91
44482 11951 10
18901 53602 28
58298 59674 47
4903 38992 75
11713 43805 82
49107 8280 48
28772 45991 96
52752 43990 15
33866 51162 69
23578 5547 78
53216 46141 32
2692 33126 88
57175 39886 46
50801 39683 70
16996 10771 10
50296 1379 93
26371 8577 50
26854 103 1
31917 4365 90
41387 44449 10
11182 59680 18
48025 44077 43
14041 37512 85
46269 41632 58
53996 38279 41
7929 23100 50
6579 42095 19
46695 41475 60
24405 29496 69
2717 56595 87
6695 14920 45
34354 51831 56
20285 33663 18
31100 52993 76
35253 19911 74
57511 59179 23
22547 54383 76
47873 52673 47
2283 4889 92
25437 41279 23
702 31095 13
45439 45806 2
30543 42260 60
44430 24407 9
39258 3032 23
26215 26258 16
39412 7255 63
5274 12759 50
32264 55172 98
9277 51871 64
1923 33882 6
50984 33681 9
57740 36797 75
17549 8474 54
31157 54284 68
18862 47288 56
14858 56115 49
41868 44030 51
50435 23204 61
22255 38467 68
51308 30929 38
50697 2721 20
5770 27540 61
40730 24521 69
15638 38439 89
40882 4953 80
699 57209 52
31185 35823 45
2685 24402 29
28284 11994 100
35435 17413 85
36795 17337 18
36832 9544 14
18789 58415 57
14772 21097 11
44565 30653 61
13153 50098 54
25843 45504 26
54151 52852 15
8711 41576 39
28973 35302 36
45513 25192 75
34681 21481 61
37691 59359 59
54947 50833 94
13174 18683 73
48585 4523 51
52914 17136 72
38673 20073 29
42761 25484 44
197 8269 30
47447 53427 90
5484 135 31
41869 24152 98
49941 5183 74
12771 53507 10
24578 7761 6
38609 49689 28
50471 21275 33
17215 13717 59
52898 34995 68
35926 48077 89
8632 29443 62
17962 13974 66
28480 37755 53
54858 23024 40
4344 13311 14
49127 18387 27
36497 48738 97
46726 47594 35
53384 1798 64
47997 43714 97
57677 50765 96
23566 14762 33
1189 33054 16
53461 31909 89
51362 15919 27
5592 38127 45
33516 10691 70
42016 35706 66
46438 14018 51
19650 40673 80
21361 31273 98
43881 34984 97
27335 48567 46
924 43396 35
4723 53459 82
54548 19446 86
51277 34847 58
7988 33328 58
57387 54586 42
17904 9477 45
42390 55231 29
9311 30805 73
14470 10042 22
29980 53522 99
18525 14630 39
8442 40251 2
4031 12377 50
8645 57942 78
51171 41808 55
20758 26083 80
57691 31061 41
24588 9108 11
56851 8947 21
10512 14604 82
880 5436 56
43914 57747 77
10510 14513 47
984 30187 39
24874 57350 39
29447 28134 8
14060 54760 55
23607 25415 75
39131 57078 24
15532 39621 30
11811 42904 94
31135 37682 73
29003 517 76
54629 49154 14
11420 21161 24
28938 59642 1
45756 24545 93
9582 23420 38
17739 49647 3
29416 3203 49
41785 14102 2
32476 57270 65
25883 59201 6
26361 53608 55
33975 48193 43
9164 56262 58
28279 37593 63
55510 46528 18
32211 24120 23
3945 1138 78
10872 7276 69
53920 27120 79
14957 44558 65
30715 37021 20
24613 53728 90
17656 36140 27
39042 51140 71
5172 43478 35
8488 23574 48
22181 36860 68
55416 52541 80
28761 28416 33
20748 6954 54
23790 37415 100
48220 8853 80
16497 19626 25
53637 5317 76
55334 58901 55
17143 17476 4
47430 44645 7
27014 14076 56
2214 7954 99
37633 1745 54
10971 51694 49
73 39366 47
25472 11246 7
8395 5081 28
10627 34898 69
27393 13693 27
40411 39737 87
12598 49061 24
9788 17337 23
31132 50713 42
57402 25954 6
50113 33068 38
340 34172 14
9746 33984 12
22711 40253 31
18814 41576 80
18479 695 84
17791 44607 66
27954 58191 64
38150 22497 45
57646 1317 46
58444 33874 23
39322 52671 37
46086 9069 18
10149 8700 21
31593 33163 74
7496 52394 45
24220 42740 65
27688 45265 44
3557 20490 69
6796 47986 75
40989 37731 63
36663 1886 6
47093 8833 1
41366 41210 90
56030 2993 30
56558 39338 6
6575 51297 89
46503 2246 41
4241 6882 5
24768 54954 1
6333 33836 10
25316 10788 46
31989 11016 94
20958 6046 37
47525 20326 17
44833 47313 73
3383 26064 68
43898 24200 98
28326 24542 100
42785 55369 87
42573 48570 97
23883 49339 49
31183 55791 52
27257 58414 82
13571 54532 19
43141 6179 68
31743 18647 44
14535 55813 24
6452 23094 25
4600 22963 20
50580 3540 49
54697 58921 98
57408 32960 13
46027 34138 52
3738 7780 5
46033 24091 59
5884 15484 6
27828 25145 2
26930 11669 36
11617 13258 49
50782 40425 59
31365 51428 35
30742 31326 4
53595 523 64
4873 5722 87
12715 46501 87
4646 10772 31
6818 29026 4
50951 12627 27
55338 34934 55
51133 10962 42
7309 12512 56
21993 23467 10
5737 5808 11
39293 31769 100
15301 26988 46
24996 17300 16
13252 45519 55
5360 2150 96
35147 50442 11
52903 51530 21
56644 15501 77
10288 7248 88
12390 3975 22
31515 31967 69
8010 16540 100
42586 19897 41
32985 17595 60
53152 41956 76
31758 53996 82
56824 5656 87
44883 35621 93
30991 51333 68
48834 42345 1
20097 55700 73
19545 32012 82
3183 33801 45
12182 19880 48
37371 20198 15
15742 53562 59
8820 14934 72
3477 47630 94
43782 55545 24
9989 41920 64
54115 39687 75
3560 18323 67
20810 20325 31
31117 3034 5
34871 35003 87
15977 41471 73
1461 41827 46
21106 17382 11
53618 3840 77
25775 49205 26
2589 26260 56
10210 8670 36
51361 795 92
11540 40015 58
48438 57788 93
11892 32727 34
25537 3564 40
18407 31741 34
59288 10121 90
12927 47449 100
11474 5105 3
46755 42888 3
54103 6997 96
16975 38951 70
29004 14083 73
15633 46918 97
36075 19730 24
25098 42878 12
30902 26442 96
53486 42288 62
11306 234 72
45770 39125 83
8717 53093 37
40521 19817 93
19141 17000 16
17271 15248 10
21180 35143 52
35708 19167 44
4671 21240 81
2930 24479 46
27813 5932 22
5147 16852 80
48255 1165 54
34276 533 70
17806 33001 43
52788 46997 58
21181 29959 19
31749 23534 24
2964 21549 48
18480 7599 98
29958 30443 11
31204 32421 13
43116 12361 18
15229 4685 70
31468 6730 26
2317 34168 28
32256 44685 94
39529 2719 100
13540 34236 98
5410 39921 89
4890 47285 12
50881 12096 57
3249 58366 75
39798 43309 28
16643 55253 70
47514 35025 8
3425 33960 37
50359 40182 39
11531 51807 3
24037 51861 52
43416 58961 29
39676 38692 54
48747 3527 26
169 23388 23
26862 286 4
57121 35152 37
28890 48579 7
20636 27684 77
50507 4009 28
48298 22636 55
14458 1656 12
20848 40554 42
27283 14552 52
6670 47800 13
13692 6515 96
40403 16676 99
53951 29995 96
811 45925 69
48781 9037 28
17252 53074 75
53734 12078 24
12301 54177 35
48424 50904 52
11831 59395 41
33271 19348 72
52018 17838 39
635 8108 36
2404 5620 51
7770 12894 45
24655 18421 64
44829 4415 21
36311 19137 52
2988 59232 78
2371 36273 84
54764 11430 59
23597 23147 21
24234 41018 85
32896 59519 2
14175 24166 73
52247 10317 78
17150 31922 64
36399 11795 31
58425 8303 54
43604 49122 25
45891 52000 60
48606 42497 52
41776 26589 62
27749 28358 71
52067 54220 88
52526 4494 94
18675 28196 83
11448 13703 38
44752 55383 32
48427 40135 91
34450 53184 97
8717 43387 22
40246 46928 48
55237 32510 86
31158 45469 81
30429 59399 2
6850 36631 93
15722 18585 53
56214 28515 13
59738 55763 33
23847 48078 51
3348 18678 24
9917 52098 11
19803 57031 48
58356 7096 69
56297 41994 55
20931 30762 77
58723 3125 22
26654 43603 52
15362 5183 80
5964 52893 58
45393 22117 69
52074 5445 74
1663 15935 33
55119 26283 60
20373 29313 17
52087 28046 42
42092 30622 99
44896 52649 76
12660 51515 40
30727 14002 5
27040 31781 86
50308 44857 50
19836 5661 77
56505 10595 27
17523 58096 26
38094 58479 10
55660 53776 52
36815 51141 18
25126 10611 69
56775 59320 8
13985 16591 88
51242 22111 11
36977 10172 49
48788 35943 49
38260 17405 97
8818 23736 39
32204 53346 63
3985 38009 97
40986 46163 1
31750 41711 32
34852 20906 3
39955 53539 97
16437 4295 81
19574 16653 59
55002 6352 11
14802 22125 73
14653 59238 3
19398 6331 29
6286 44050 32
59104 24999 52
7642 18099 17
9063 57614 15
1037 57433 58
11934 28322 54
14960 12662 87
38552 1929 71
37277 17800 72
37247 24464 58
57069 41499 62
23168 42918 74
59537 51875 1
2160 34688 2
20228 58185 97
29430 47265 11
26618 50969 72
896 51844 56
30575 58829 21
19376 34962 55
54254 10356 92
35276 37288 61
54218 19957 34
22123 51528 65
1211 12301 45
10769 54808 76
20595 12488 17
39683 5743 49
37158 29566 90
51406 16450 13
44417 31178 36
46405 31360 29
12065 8667 33
29737 58991 86
15849 52068 6
50535 19607 4
12451 20732 18
16631 13717 8
18928 59068 13
5274 16002 76
29868 8352 13
42522 36951 16
48726 41618 66
42209 10338 86
2798 25103 42
29212 58102 9
51329 332 3
59413 4085 63
49276 11933 16
6108 39442 68
7032 31096 100
52832 6962 73
281 33538 17
51461 16872 6
58418 23410 76
49925 49112 44
55855 50408 98
35976 23560 45
24071 47010 13
19221 27240 19
8771 41226 62
9334 43019 97
7674 35311 100
31799 32001 67
19347 36193 65
54039 55203 100
11910 41507 30
5179 31516 68
58670 58125 9
47155 14809 26
10562 58746 64
52530 49269 9
8992 25408 26
15439 21055 15
8478 25762 29
40178 39280 31
51911 6889 57
32131 21061 21
48973 10224 87
53763 34835 72
54917 2186 78
59077 18304 65
47604 19181 49
49616 51850 76
58345 9113 77
39873 44155 26
58994 39060 16
55591 36248 77
32263 32420 20
12892 49085 33
59323 16244 18
15099 19186 20
36322 54180 75
18315 7703 21
32452 40673 4
38183 56260 9
37275 46258 77
57191 30745 46
13796 38594 7
42752 58193 53
11307 8463 69
52451 29029 45
40793 38477 33
77 2604 41
27563 31139 94
56420 10075 54
53610 53835 2
55125 464 2
11744 3258 82
31024 12559 90
9103 33035 11
20357 35355 43
49648 6636 51
36469 561 86
21063 39393 14
20755 21720 2
13030 24411 13
27454 18723 61
55198 32440 20
57480 29196 47
10723 3850 27
59609 42008 46
44841 36435 78
27465 54779 81
50530 1758 22
50974 19906 78
41086 6127 11
40020 34848 84
49791 31527 46
18342 41282 70
47561 22043 5
38367 34665 65
44639 50409 3
17070 9016 48
24809 13896 11
34959 50598 54
46830 25194 69
21562 16977 21
21505 52383 57
33406 53749 57
48708 8709 58
19615 53590 12
45858 12973 63
31642 42660 11
34547 733 65
15407 6587 80
44223 15426 47
16124 22300 46
43899 33564 45
34791 3630 92
12935 8299 36
19106 9238 37
45172 4794 97
28063 2258 39
10157 20492 94
44012 2549 34
11490 2820 30
36778 32661 38
47262 50987 49
22313 55400 4
15402 23543 65
50960 39365 75
3443 4359 53
56975 21733 44
22953 21424 98
43821 11123 8
55859 30033 55
58801 42344 43
11957 9469 11
15847 59853 68
28273 18195 43
20753 34767 7
59200 9887 42
32976 58112 57
2245 44746 77
36834 6652 36
41143 54102 39
15618 1954 97
10341 52897 90
36341 33875 43
29244 19386 22
13639 32413 65
32837 2678 29
39845 40451 12
51519 41256 62
36136 12341 81
20173 48941 64
40746 10831 90
32584 30857 32
39225 17292 3
25831 15536 43
7325 56092 87
23949 4283 46
19558 32132 99
34662 1336 91
114 22701 73
40811 7348 66
50267 18850 20
59143 10263 13
46375 35951 98
16687 49419 36
47769 22129 10
49250 38818 37
11386 21928 50
8778 1410 14
24394 18196 3
22051 46633 50
6737 56183 53
37891 8223 90
25727 52188 79
8499 40455 64
43501 8878 34
37178 21168 87
43721 53184 100
5746 3241 56
48958 16486 14
1285 23225 96
18567 23062 90
41144 7701 20
52853 57186 17
58321 31351 19
40634 23768 35
11120 28285 13
43739 36416 2
44008 19163 31
14157 39999 40
25547 21174 29
39330 33465 98
16061 42293 92
13748 30506 67
50410 9083 68
13547 26849 39
16521 8012 22
40852 5873 50
22594 9040 91
368 1879 17
49431 5766 79
46262 48544 28
25805 53439 18
10724 8145 7
43535 352 70
28107 48694 99
36590 46144 83
57699 8676 91
54649 45884 58
27498 5657 6
53111 25370 59
1796 15320 99
48155 1616 80
55784 22192 24
46435 20380 55
24828 53009 97
4820 42469 86
35032 51805 7
55115 25316 13
31434 15352 32
12580 9986 45
40226 54434 15
55062 25287 50
4997 36317 68
10657 40818 48
52 3838 24
31893 17692 57
55665 4837 65
29741 24294 97
39198 42287 1
16655 27951 17
27892 34805 66
25184 53136 3
52218 10651 85
16735 34355 41
37567 56196 5
18555 13315 100
52778 58490 47
42155 35275 37
50181 37315 35
37255 22386 51
43270 35081 68
5602 45594 54
2021 279 36
50224 55044 59
33811 1709 81
29449 17458 95
22364 49319 89
22106 40499 73
18411 28531 75
25588 15552 11
15983 46767 41
5533 34227 56
57802 59705 44
41631 40573 6
4167 10847 90
21171 5745 36
17131 49731 68
48255 17240 31
48279 48293 19
15212 58860 56
3284 5798 98
32817 4443 27
20250 5845 20
35462 53569 19
26101 11884 27
17837 30276 3
9443 42071 25
31609 19310 75
17231 38613 94
57787 34909 62
44842 56786 11
32195 8391 85
6411 31082 67
36141 15314 54
20587 3035 69
47798 54276 54
52153 26180 59
41715 27942 87
17828 36140 99
52362 4854 45
22513 20866 46
32912 24927 6
29242 39484 64
20327 21606 45
47443 10453 25
49719 45404 28
47768 11930 84
3036 15419 58
40035 49813 24
14638 57607 29
25347 31700 3
30268 28849 99
52036 55515 27
40005 33882 39
5234 53998 87
48191 52984 71
55648 41344 72
2714 41619 55
52481 55813 33
44658 3883 77
3578 37409 27
10373 18474 55
15692 45755 75
19474 25658 76
28300 14850 50
29208 6216 18
28839 24462 13
33243 9473 61
16390 38841 67
20204 52617 87
1537 27324 58
10551 23294 47
47263 58262 74
39187 15870 32
26611 13602 74
119 59366 40
52091 56638 95
51411 30362 7
40663 19207 84
34770 46616 7
18376 2162 48
28398 41321 29
15771 15713 27
11096 41285 87
46051 46026 58
2074 8503 71
21230 36631 56
36030 56202 24
57876 11183 55
18278 32819 67
43376 17953 92
22344 12237 85
24571 31120 83
29017 26523 84
30306 19309 9
37706 32540 64
56836 26636 99
58069 25618 93
11847 36073 41
29735 26536 82
31137 43469 87
8965 57237 26
49725 54950 28
8954 15055 48
17390 12272 49
20639 36391 33
10499 29969 74
34223 49210 53
54719 56781 30
53652 30018 54
42034 34894 44
45407 24586 87
20823 26425 24
31622 4143 78
56562 13484 19
6292 5955 24
9907 10761 14
14583 5281 12
47126 57356 21
56860 17778 59
38795 36052 92
559 27506 56
27012 5405 25
55935 15006 11
10715 36705 32
11180 34677 43
17274 5017 74
25041 32139 37
26915 36047 35
887 48812 5
45888 42252 51
44269 16772 39
18940 30075 54
26796 42664 59
28132 8501 95
46869 15887 33
33554 13091 23
8997 54718 28
28905 38805 25
448 10554 25
21894 4743 15
10212 38300 85
6032 25203 66
53284 20651 1
34205 9447 17
50205 5101 63
30521 23725 2
58719 11134 10
15735 8204 90
28457 37526 8
40876 50753 48
15900 40818 11
15345 48588 82
22565 47816 43
33163 18860 12
41143 32625 17
43597 28436 21
1228 15626 8
25871 29182 84
10430 7317 62
18883 41442 86
23020 54141 55
57115 41596 50
19991 49703 19
1910 55883 27
10893 24952 71
18332 34745 12
131 52101 72
31237 47151 67
11901 25205 100
52038 27555 29
22182 11400 97
2270 34417 59
6421 40450 7
59260 21755 70
35643 17076 78
59436 37007 63
51756 42354 30
53191 39509 62
48609 2205 99
6625 27093 6
41633 53892 68
17355 15511 63
8030 40862 11
3817 28806 36
52245 34396 100
53423 53770 4
63 7104 19
2601 46598 15
22467 39293 4
20932 26242 82
17903 43389 72
4049 53201 47
54058 30011 97
29073 44922 15
42746 55424 87
9801 1878 86
18133 6120 98
27175 12628 24
257 6641 64
2032 26703 17
13251 16656 98
55660 20719 93
38049 8403 93
48697 48338 26
37306 33635 54
24196 13893 77
45657 32198 41
2303 51752 26
30809 6958 85
36838 50725 16
3364 50558 55
54171 46915 93
30460 55206 91
36618 4724 31
38011 34994 13
12533 40130 97
5032 45778 21
24068 32136 85
33784 35054 67
51197 12560 78
16877 25256 70
35804 12316 45
16281 36152 60
24022 31153 29
15635 28863 47
948 19565 21
45486 9763 89
6590 42424 68
4388 31701 28
56757 33945 100
28947 58813 78
17059 47269 58
8037 38548 99
16320 22616 70
26850 27339 85
42030 20293 1
11152 13729 81
57256 25821 99
58863 38131 100
32343 6401 69
24172 1945 22
2644 58313 3
59177 15157 40
23781 39237 64
57862 18152 37
2844 48301 81
11414 7892 23
28445 50630 56
9059 42493 49
36379 14108 71
36602 32005 8
1799 48409 56
56645 20396 72
52687 33624 13
34217 14337 59
34923 38647 73
17495 8737 85
16741 10654 74
24891 13908 22
46101 11715 31
51284 24380 79
29997 31735 90
35111 7067 39
28488 52917 87
28576 25403 27
35814 44088 86
45131 33665 3
27954 27237 64
35439 20278 22
57424 5259 97
23025 39051 91
17807 33369 55
12514 45185 62
21804 30558 17
35518 53267 58
45106 31408 25
42289 39297 99
13105 59002 50
10613 42786 53
46110 31992 40
48659 28384 69
12405 9075 77
30840 34242 19
45057 20285 59
46509 17591 48
59044 40414 66
40304 19942 78
11954 3260 20
50973 53433 72
49246 22193 1
5596 56456 23
39315 14239 38
58948 56535 65
57470 3440 3
15581 51601 86
3155 38691 47
38363 43900 79
39041 2931 84
29748 38515 4
13116 52665 31
11243 11750 29
19903 46369 41
47292 12608 31
4840 23270 26
25619 26780 85
1366 54641 47
19611 10545 40
7675 21314 33
29996 3518 70
56646 1976 23
36038 27718 23
45584 34734 19
55602 842 50
33324 58373 91
27144 59891 3
38906 45878 81
16928 4560 13
36752 9454 6
49774 17163 33
19064 58397 49
13148 54042 31
2629 45440 59
44796 49838 28
7943 13589 81
53817 6985 52
1767 9327 68
22890 8781 62
5573 42203 93
7818 30968 76
6085 47815 39
15171 6871 17
23540 32403 19
33530 27619 88
43452 15925 84
33844 18385 86
15548 7605 49
44956 12745 16
31732 50170 82
43691 10291 72
58951 3224 74
45761 11920 4
55558 52416 55
2947 27592 18
46620 38730 59
20186 19080 16
41831 42323 72
3785 11423 22
56126 23814 65
743 35188 46
46523 11358 91
1068 16535 68
45778 18611 92
8948 3460 85
49841 13005 61
43676 44048 56
8248 23815 32
14735 15889 72
21146 3254 5
59412 39377 70
15083 54431 45
11805 24463 30
53428 5933 99
7814 50707 69
29969 2855 44
17260 39212 97
50956 44480 30
9199 55108 21
35456 48319 21
39632 43910 41
11566 52838 56
35432 9720 54
48002 40953 72
25531 25482 32
46538 34724 34
58549 45541 77
6827 35898 40
18930 48509 100
19888 5035 10
40532 13918 77
52970 20191 50
22561 1825 33
26228 11462 41
23916 5995 59
32666 8336 33
34738 47129 93
40722 175 45
5016 2555 33
50081 45511 34
11697 46782 47
23909 34912 97
5150 30684 67
1604 23840 16
9797 2420 61
45182 39427 36
42045 25106 85
48112 28209 99
49595 13618 46
45423 5638 50
6269 55919 90
56070 12343 32
2417 525 13
19751 48706 36
30660 39141 74
13664 57628 34
32766 48040 17
14079 34203 73
7048 20757 16
20904 28725 74
22564 29964 9
28133 41406 3
56573 12618 97
28076 10282 58
5504 26397 25
51364 2611 33
34964 19449 5
22469 19559 12
18093 7466 87
10064 36070 80
40157 27208 31
52272 16855 18
53517 41866 63
19017 13006 93
56063 26234 9
10079 19886 12
25231 19657 30
50199 16741 49
26941 6972 63
30458 9012 23
26270 32602 91
40371 11329 17
49501 29440 68
16854 36605 47
37659 58044 21
54941 59677 30
51527 49988 100
46207 23090 34
14096 1964 59
17225 16879 30
48840 7985 50
47832 50368 17
22041 31582 73
36809 46660 75
473 15677 54
9271 54575 36
8762 6925 59
29814 49848 11
8305 52456 11
56984 3172 17
32865 43002 36
31447 7218 60
34580 28231 20
28841 7303 65
54081 9204 84
12519 30006 89
36185 37493 25
55728 4710 68
26265 26748 90
3772 13289 16
331 2269 6
34790 45437 87
59037 2053 62
49836 7854 46
56026 48833 16
45014 15263 9
9787 22365 24
43353 8212 92
2256 1265 94
3982 58814 32
25304 53828 89
19719 17699 47
5548 1007 65
4493 1570 87
505 27996 61
10670 13702 91
20565 11159 3
46106 54589 44
7308 55057 70
17492 37514 91
29940 26741 16
59213 41530 84
47314 56441 47
50181 24109 8
26203 11923 68
47483 47136 26
35565 2338 89
31501 24828 82
50130 51660 50
52368 18504 57
7507 21506 58
7682 20215 26
58330 23558 1
5259 3046 51
41981 10307 66
59654 36777 68
42641 19719 37
19267 59061 68
23443 33952 84
47060 10913 78
17196 43842 80
17148 58143 49
25467 50208 33
36068 40854 60
36365 35323 72
19325 18435 50
14925 37734 71
2746 3887 5
34232 46244 98
46278 19560 11
46082 46168 25
25328 39573 44
18378 26712 71
29172 18374 43
3632 32338 80
46412 45374 58
32342 22944 51
42322 55941 26
58567 3721 38
57389 56779 87
27888 59557 79
53161 30662 12
21962 6265 44
10692 55011 50
29888 30721 35
10822 36943 57
41824 45079 70
34552 18698 24
47765 16642 52
50761 25192 95
6989 39800 55
31474 55370 86
10378 39711 36
50362 7518 24
34969 19252 33
21068 1575 65
223 14322 26
34483 50998 3
47404 40243 92
15526 56369 66
27374 19285 100
38710 35210 5
56887 2782 93
8961 50248 54
8647 1004 28
39590 26347 75
48557 8646 91
24708 42229 65
48601 19900 35
53813 29903 42
8499 43600 71
14251 9865 88
42354 19136 48
40256 5142 24
32145 31189 43
47452 4164 48
42134 8864 89
12071 37712 56
33049 41212 4
44199 53044 8
12587 48635 33
24704 32048 66
23582 30497 3
33249 21939 33
25369 47434 39
12632 31547 4
30910 11764 85
39765 25539 72
27340 9341 73
37941 25690 15
57237 930 21
56562 31294 91
32263 47635 45
32557 40868 64
52977 29803 77
45096 58376 5
49644 12011 50
8773 46821 54
37539 28117 11
23731 51848 44
10407 16209 55
16993 25709 93
34533 10597 22
12718 18819 91
10768 17164 60
58604 36064 40
1686 34741 65
3241 45306 16
10436 55040 38
37292 21735 65
47365 32741 66
32333 24777 97
11146 11218 27
13673 28371 62
14722 49131 27
20354 52138 48
56956 1163 63
39086 26500 58
44118 59548 62
58905 6260 22
16780 39477 94
4731 4069 68
2713 36936 22
50699 43652 54
36247 20377 72
46346 29434 30
1277 20001 73
35841 59729 25
5042 47027 69
9898 2922 13
15879 2300 39
9554 21095 60
41652 57685 17
27472 27629 23
15798 11969 76
48616 9780 58
24623 46909 91
26989 24290 78
14346 15 1
12528 24803 23
133 20902 82
47818 11676 68
33595 23525 18
9462 39839 5
55458 59917 70
498 9197 4
32844 2819 76
35359 55296 87
37278 2165 31
48875 43746 56
43322 12587 81
30702 58328 10
2102 30256 95
47578 18734 15
46124 11728 55
30457 16724 57
7677 2127 14
56134 37137 91
2530 42867 6
7975 35193 81
21490 44862 39
25757 20455 43
6713 33955 59
9796 8051 91
34384 43772 45
58561 1365 1
10237 7050 95
51432 19563 16
26384 26916 12
39236 12717 100
9525 6578 56
39113 46308 58
43588 17732 4
56832 27084 77
58844 47743 47
36716 43807 95
58821 18995 98
37948 1871 22
45447 23435 50
54131 10940 29
5865 51715 9
9239 56881 4
37164 37112 10
40383 18382 79
5958 48063 29
9270 16200 40
32820 17472 58
4258 51763 4
5241 17911 79
55315 32904 5
46656 52059 82
3731 14092 78
15124 1995 27
8810 29906 74
42561 6423 73
43499 35712 74
22779 49802 47
29091 46255 48
24214 24312 95
32028 47195 60
37820 42934 94
7741 28682 64
4280 26638 90
37716 8554 23
9177 48878 38
20508 20273 67
41760 54341 54
48164 2001 75
39325 37966 48
24614 19483 47
54466 20838 43
11065 40388 46
37327 10478 40
56636 59439 96
3681 50304 1
57317 2015 29
24019 19527 44
12062 20174 30
56334 16247 61
49798 7441 90
31540 17145 5
52132 55717 3
55476 13529 46
10545 15235 41
19922 35890 28
38606 26220 40
5646 11928 17
52376 56782 79
59205 27111 52
10087 9897 10
15494 52009 38
42852 8528 11
16298 42810 95
55984 46491 46
4002 32170 86
13826 46607 100
5827 40245 59
12608 29862 17
13471 56516 17
49591 25871 80
46740 22508 52
24038 36347 63
54186 33213 31
57536 29934 77
6572 52599 76
6744 16109 100
2595 55251 64
25136 14200 25
8233 59562 79
12990 683 19
44776 10318 59
21626 41233 56
13764 13089 85
45803 138 10
11706 15469 8
1483 8304 8
6131 36716 11
10711 17538 39
29 3177 46
48745 24052 5
26968 25894 62
40992 42045 24
49424 11697 29
556 42558 59
37082 43336 79
18591 31941 15
26475 58633 27
38220 5064 15
7083 58446 44
12194 13707 7
8966 44232 66
35183 51409 55
22155 18204 77
36308 55029 88
32619 16618 49
10201 3053 53
7853 13096 19
58750 48219 44
22219 32629 78
33893 13883 90
33859 15591 51
35584 55258 63
18492 53610 36
23094 10035 25
28181 21824 34
41051 1338 65
52865 54517 58
26229 37383 7
3056 52536 62
539 50235 85
56179 6969 24
52375 33719 41
22451 10923 13
18983 1511 9
48723 12700 34
15485 55620 38
33803 5480 84
53353 10070 82
30564 54500 80
23808 15434 6
2129 26366 52
25228 44671 64
105 59418 29
7090 8633 64
10839 19298 3
42562 9131 68
29797 13193 67
14049 16311 15
47193 27233 13
26088 29764 27
51940 22313 37
6936 20738 25
40329 50085 50
28828 20081 100
51086 35902 98
56448 21876 38
26732 30630 69
30280 33102 34
6869 54950 8
55120 18791 60
5340 33973 60
57161 51769 77
1135 55075 48
1773 831 70
57407 35423 97
27959 31787 14
22397 30284 35
29975 17619 63
44494 36154 73
44879 46864 88
45861 33887 2
27422 53658 16
20877 34192 42
1263 31260 7
11314 5476 59
5881 11478 65
6054 44179 92
20503 31252 100
14935 16681 54
31856 45055 16
36343 22362 60
17366 4563 98
43715 56062 43
16710 47524 56
27667 1524 31
38360 25773 22
35962 40432 58
44839 51665 5
8074 6193 62
21778 6914 18
50100 2105 33
8338 22302 25
33309 34819 25
35466 38820 24
29314 24996 60
45422 59251 96
41765 41299 34
44711 4808 18
38890 35751 66
9875 59808 77
17718 19887 85
6757 38694 65
9286 15458 58
37065 26790 29
43506 35480 65
43011 54447 51
55426 32874 24
43047 81 10
6571 20515 96
21786 7675 34
23898 55924 91
28750 13518 30
16648 38074 11
22420 23078 2
32934 27436 56
57659 56472 94
33332 57696 42
14941 17229 78
48775 3157 54
57513 34936 45
18320 39060 93
8947 42143 83
46546 249 49
12363 1564 45
3654 56459 87
34013 33796 34
10782 28910 25
38968 14687 60
42423 21260 36
13254 22418 84
4261 25978 82
18305 27187 91
16641 44379 90
58313 12561 71
168 15912 45
38261 29887 96
14434 10841 68
36989 46361 59
38736 4913 83
57867 37341 40
14364 50036 29
19832 27863 69
54791 43780 30
23736 6380 84
33852 22536 48
10023 19988 70
51877 52352 98
16259 40682 6
31996 907 21
31238 7711 98
33031 31945 95
43718 53180 45
20203 50745 58
9064 3995 45
7809 26135 14
9314 3602 88
52426 27447 78
29070 26819 73
33063 27985 9
51132 1136 65
38254 37491 91
42386 31337 71
43503 10173 29
33367 9649 15
30451 13708 84
42292 17321 58
2880 42855 94
59409 43925 18
49878 10661 36
2612 33727 31
26444 57590 59
28896 46300 29
10671 24066 84
15396 15642 13
32192 6843 35
24169 1154 21
47225 31031 95
7397 3163 42
11740 41078 11
41028 35718 99
52277 36650 54
15733 45806 66
14009 58519 77
13848 4921 77
27833 54200 39
28529 55612 13
1418 41309 76
2237 22486 79
39630 30600 86
23850 54371 2
30371 29936 57
22862 47607 9
53645 7203 54
43244 54246 68
21316 46960 80
24084 8308 43
30459 3669 55
57186 28319 81
4415 58191 65
9411 21355 75
16743 52660 92
36426 15190 37
53537 14789 40
58233 22829 12
20520 47396 52
12304 6884 34
23087 14942 88
36845 28717 93
1902 58798 39
48160 31525 60
32067 33544 40
43043 8646 42
12327 29142 49
6460 19188 2
9877 59470 45
34614 38501 46
13425 59867 78
5243 41638 97
10836 17180 61
47083 45195 77
41304 18987 7
25208 56489 50
53932 29919 14
4506 13403 14
678 9590 91
41665 50502 64
29311 5533 16
13795 31683 89
26615 19829 75
17219 46915 13
49302 41470 12
28578 51574 20
51033 31070 3
13889 31092 42
18648 42123 52
50018 54839 2
33684 19126 75
10714 30350 69
23728 40641 65
2161 31467 29
23421 11322 20
4404 25421 42
32448 21976 39
53364 58945 73
24603 54850 56
12799 27910 71
4733 31853 83
47505 18067 91
13610 41837 45
28211 7058 18
54295 46198 77
59647 50291 25
25375 46836 50
6170 55835 42
43376 3767 57
25023 47639 37
25489 24520 60
7737 16012 36
23048 59197 96
38152 27441 41
10927 18372 93
9398 3309 43
21008 43458 13
22424 56277 93
47066 12008 63
573 12905 87
42281 57657 82
53760 9899 75
17895 7296 75
698 27032 36
40569 21832 24
27586 5349 53
53577 38542 5
22641 5536 98
25888 16867 81
3392 36983 44
27689 46239 94
28123 52765 33
8140 32078 53
47294 26771 40
20367 27856 97
33166 49442 84
46067 12450 42
7826 30755 23
42434 12469 84
49610 34991 14
19048 32546 99
32952 10396 95
8306 2976 38
12958 18427 9
57048 51746 96
40086 40644 77
30959 18476 18
46858 45401 23
26684 54927 37
56100 32956 31
22050 20532 38
25085 9339 89
44635 54826 63
20658 3149 56
57263 45753 36
50086 5179 10
37519 13363 74
29260 50436 32
23790 22192 79
23340 7901 32
28730 31961 38
33597 35031 49
9128 34028 59
35435 8438 5
47577 44186 93
16471 35664 62
19108 19580 88
3594 51994 51
20486 12601 16
16723 59102 100
19192 37926 35
20732 34257 67
40625 21203 25
15738 4633 17
24641 53594 21
39556 34055 26
46484 42279 63
57456 3099 45
25635 37412 11
26966 45803 50
16811 41429 20
20020 56839 47
31606 49997 72
47273 2391 56
36773 34247 55
59852 37590 46
33331 18659 81
44966 38143 34
28959 11741 55
21003 15664 54
13856 18507 11
32437 22777 46
39538 55790 4
12456 19738 68
6046 48639 100
31462 26716 36
31300 41129 91
357 38948 86
39627 51438 99
7189 48032 7
43941 10274 71
9297 48576 63
51491 23998 44
3802 53054 72
52386 54196 35
25552 53358 70
238 9587 40
5583 24682 52
9798 19826 82
8323 1111 66
55409 52068 94
21314 32126 25
26532 34546 12
31417 29927 85
7067 38515 9
49647 50549 17
43971 29670 22
42149 15408 67
26627 39814 92
44441 40534 44
46554 55556 25
41662 4054 23
40696 5435 70
5362 7744 1
42194 25940 81
59781 52621 53
54899 33349 69
11509 26400 2
12548 56069 65
4463 57638 42
18634 9253 29
59246 26682 46
36645 55687 30
18503 29972 15
4862 2185 44
9871 47566 19
8922 54613 35
11064 31816 28
31984 29786 52
280 26778 24
2411 39844 52
49740 53101 27
8989 30501 13
7813 4250 16
12838 12780 4
186 25043 1
19769 4896 4
52522 29824 98
21444 6354 29
3692 9405 59
21718 19071 46
42147 17006 55
31394 1086 80
49710 56469 32
15492 40588 39
19016 20468 29
14137 28030 90
53467 28869 80
17710 17174 28
20845 22915 37
29084 54440 11
12344 16486 49
49345 39120 72
173 14159 31
20439 40998 11
30622 11655 74
20388 54845 53
17843 11955 1
48872 27598 37
15060 16491 61
52986 6029 5
4020 16245 51
35059 35118 79
25967 17302 58
18223 9449 31
55506 5372 19
10457 39198 85
3791 33085 43
1601 33883 59
24443 48594 44
1020 3314 7
25557 35053 80
43222 7516 3
59579 15217 10
47453 32072 83
14464 18419 33
9751 10480 11
15377 21190 90
57620 49257 57
58621 15588 39
39531 25639 9
4311 58297 30
22429 32407 94
50610 25587 16
37364 2567 73
49871 578 72
33862 26512 57
58082 45992 47
36343 13164 6
54809 32359 40
40712 11824 54
4124 18959 23
53294 39349 40
20256 34761 48
9127 33780 33
15899 7428 59
7764 4021 25
44025 17683 4
39969 8245 27
36351 47120 65
21620 32694 80
14281 11272 83
59698 14391 86
12672 49654 66
37336 26033 57
57394 10708 88
9418 59081 57
28096 51183 20
42013 9521 48
37165 17781 79
23929 49029 37
36996 3130 85
17509 17689 27
18527 49274 24
5532 35411 21
2262 28840 57
2326 12782 6
47138 54930 8
50591 17902 8
14731 27998 12
32806 35916 88
49573 54394 8
34288 36123 28
25242 24337 97
33499 16492 73
41610 57341 39
26118 7116 45
19384 34016 21
54848 28373 45
58139 28699 70
15166 1055 38
13150 49764 64
59726 12513 27
20784 39140 17
16621 9727 58
27687 24148 13
12524 13472 85
2037 21310 76
57086 8993 74
22821 14771 47
17792 43509 21
7860 55190 7
30226 36948 55
26637 54049 34
33389 49003 47
33315 59164 38
48106 41550 85
2097 1323 16
25580 42432 77
47080 18498 76
4767 31341 36
24977 43606 59
48097 57422 87
30261 45064 79
39069 9083 5
12865 49968 95
14587 23863 50
28350 25006 34
55658 11949 37
51498 52518 2
5411 14292 46
28050 50109 23
9914 40761 76
25235 9882 22
10118 13584 93
20481 12497 63
9148 791 72
16222 29652 52
34663 36284 62
48237 34065 1
28214 40274 2
23971 40008 5
33797 57863 51
20605 46297 13
36405 55449 78
39510 38914 10
49321 27490 49
45451 56270 52
20571 3766 99
23625 1024 8
18599 58426 98
53408 53557 43
34512 1144 20
40763 39294 35
7146 4185 27
20081 7046 64
56046 10787 54
45840 147 23
1994 34524 5
13027 33496 95
48108 10347 6
29898 13617 68
59429 16087 87
2508 33363 44
23990 22781 56
25648 6990 52
25734 10161 9
31065 12558 64
45998 6961 34
21425 37078 1
10469 8919 21
58515 53513 87
29099 31649 10
36193 30927 94
25000 2200 96
7477 35999 71
19171 19117 50
46439 9032 66
43915 52273 9
12801 31719 46
20748 51281 72
28146 6070 46
5215 44741 24
53170 24547 91
44741 42473 55
33854 2179 10
17674 12265 39
30667 3976 2
47654 23925 40
47481 42579 56
5457 1783 13
44107 10865 15
47908 57558 1
44968 8205 60
49745 38756 89
49525 7985 5
31474 23481 81
4546 10092 76
39330 33498 61
34906 18412 70
28942 55701 95
26021 47254 36
16991 8096 17
840 36265 34
54650 6506 44
28172 6941 44
23466 13723 62
27927 40878 67
56430 12187 93
38868 58278 24
47132 36063 39
39462 32455 20
6402 45966 36
538 41186 56
45609 7949 64
23696 35140 8
32939 14468 46
24244 51386 84
25305 2541 15
18554 17783 98
53539 42973 66
48755 58681 16
6560 20177 70
10507 47884 21
4830 34844 39
671 35812 70
17235 4785 67
40229 25755 3
32698 8368 71
35988 9800 3
39026 25247 80
44364 32990 30
15745 3091 26
33724 57176 70
36669 37801 74
59507 46410 9
9067 40303 45
19541 35783 84
27054 2345 86
22593 59612 77
33707 50424 62
58537 57532 31
53704 37838 78
4425 39704 37
40782 33956 32
50678 2058 57
51810 13986 34
33698 58580 42
14922 7815 74
36128 37244 95
32646 2086 92
40003 51451 23
50629 32391 70
37701 45686 18
53265 19036 50
23202 4539 37
27310 57551 6
25650 44387 88
3999 39061 99
29153 58849 16
33206 41 66
25835 20578 93
1865 43185 78
20174 46199 16
2220 34778 92
37791 24460 100
3750 46457 35
30474 29654 49
13862 46087 67
8870 49659 39
19251 48290 2
50440 39936 43
40944 36122 26
51292 27376 61
25007 4343 71
49016 2436 78
2637 39097 83
31295 37791 90
13647 7176 77
50117 360 49
58496 42879 69
40726 13134 61
38402 28926 11
35801 8899 34
51157 52022 5
46662 21515 91
3619 27989 40
46881 43030 95
59146 59455 64
16731 17015 82
27734 24249 11
36796 31710 41
51822 44791 44
32388 44264 7
24680 17173 85
29189 38320 52
7566 20183 83
35749 46828 25
23365 33006 80
48742 56704 48
35663 34982 70
14427 24598 26
30059 24366 32
18543 20830 47
9732 22622 71
36923 44592 62
35814 43133 70
17753 41299 46
15152 25553 77
37591 37882 12
8021 9575 29
1707 31993 17
47675 17598 80
53967 26729 4
33741 17504 60
12496 29266 95
24224 24596 29
48931 40519 36
30004 48605 31
25708 5095 60
17038 7532 61
19707 38463 49
32171 20702 45
43982 38999 21
44826 31887 61
52745 35354 83
51559 7046 100
56544 26634 92
16236 57261 24
10768 17147 80
35953 4617 3
6499 59386 86
41910 16764 65
24907 30553 34
37079 1341 70
11186 52339 98
25530 43644 66
51 51197 93
26279 52251 37
47679 28707 93
21412 57894 87
55411 27834 99
29780 35199 58
37439 32743 92
32303 6013 73
42726 53745 38
17451 1685 33
52447 48778 84
40130 27681 99
47240 54678 63
49583 30312 3
51972 4576 15
58263 9613 13
10187 54088 35
18831 58810 74
33183 14965 69
36297 48727 72
37081 9693 82
20911 31627 3
54712 16035 82
16948 22075 13
33868 16725 15
37624 6316 77
47407 6398 74
47840 59331 69
57357 56135 23
33760 27412 49
49385 10126 30
9450 11876 34
28972 2550 90
49578 9457 2
32477 25700 100
7354 24757 47
56931 106 94
611 47730 9
50643 28282 1
53097 51552 25
35375 22028 41
13607 14278 64
58121 55505 17
12930 10820 31
809 24384 55
47583 32408 93
52429 12822 22
10213 5362 79
8778 41827 2
6782 36471 9
43902 38287 45
47900 46689 96
14329 53787 75
56929 50696 8
43861 29054 5
25021 57656 12
48678 3072 86
42383 6758 89
47970 17825 98
34069 44839 46
41912 16972 25
8902 21943 38
5252 21429 8
59888 59900 8
22849 10821 14
22100 26788 83
59255 40519 83
42936 47113 60
54240 475 3
25392 28806 66
43234 6248 49
8950 28742 26
36072 23915 47
53786 31451 46
26576 46953 17
3476 17731 54
50336 31319 19
14093 31258 6
11471 10874 98
8075 49393 64
15343 111 93
45498 34897 89
27435 15497 34
27166 39155 95
18520 44583 12
21273 33701 96
760 34360 68
50285 38205 61
10690 34761 17
37443 41137 98
50804 11447 54
44863 16398 16
4921 22087 100
5195 34149 12
52478 32857 65
37298 7380 34
8807 29055 47
34439 27099 2
2949 31186 44
25246 57059 90
21899 11636 11
36573 3345 56
11768 33929 50
34987 53495 79
49727 17441 73
50898 57822 60
51906 32522 83
4218 53506 86
43302 7824 37
14384 51348 16
10059 53561 4
33333 16832 100
13449 777 74
5293 38741 42
40116 18538 67
31268 13661 20
1705 50281 99
14208 11810 46
48936 27912 29
20378 874 28
27677 52813 16
29943 42271 35
50573 38708 19
28383 25172 54
2287 17856 54
44916 30709 96
19761 13215 56
43273 37459 29
36209 3588 91
35180 55357 56
38482 15556 57
53186 23938 73
55084 45331 89
47077 45127 90
19471 56381 41
28899 7015 72
51458 42215 94
32947 48240 13
41326 48964 72
21983 55838 63
56082 23230 16
49896 43193 17
7469 34776 73
48577 31004 67
15719 31454 95
8131 54465 48
36745 16313 80
29083 25081 8
22163 21013 57
42108 28755 3
9068 51425 32
51551 16009 86
14105 31071 15
10999 21420 63
5529 22484 92
46894 4358 88
57232 32454 79
1779 18286 51
26606 12445 32
4065 59887 98
17635 2614 17
29322 29145 71
56354 35290 87
36883 11411 58
18579 10909 87
23602 54044 42
39347 38496 2
54923 17559 40
13732 59716 56
53353 33154 96
37230 1480 91
28574 5675 82
41527 43694 45
38028 56157 60
56290 39377 68
57949 34248 37
4038 50010 71
48339 44570 13
14453 20664 98
36852 47606 83
43656 29270 66
14631 17665 99
28110 21896 74
41581 50835 44
25899 43326 56
54639 46496 9
35616 2757 41
912 45471 52
38249 4912 49
53856 57569 8
44520 59826 100
22103 34922 71
12216 20104 11
28922 24723 82
56060 15100 40
34679 59265 27
27838 12758 22
40589 37983 90
15622 20249 95
40949 3931 19
4799 4403 87
17118 30476 22
57297 18442 79
54111 47574 68
50992 5776 64
39292 2386 90
51520 42456 95
30471 46899 32
13825 2337 61
1327 19684 12
53632 5496 87
22704 31614 66
48887 17899 49
18107 44082 55
15487 57195 96
11596 46229 22
24565 25538 10
13394 47824 14
47831 16240 45
42245 53082 3
21519 25245 94
5812 32930 76
50841 7030 13
48316 20055 13
9961 7762 26
35449 54310 5
48907 58435 25
48908 8339 19
35004 30296 82
36594 47520 39
38064 53233 79
22049 38255 53
14016 56013 67
36456 50384 10
5140 32729 84
36808 50910 53
10928 19121 37
57869 46299 100
21548 58734 47
48138 3846 35
25885 36434 82
42433 11343 66
57648 52438 59
7854 52976 62
50622 2023 59
9753 47655 61
214 54026 94
54437 23262 89
31828 24627 34
37255 11707 32
23197 49524 46
7825 33966 87
59001 8466 11
47578 20251 63
51462 45135 12
6591 2365 96
12368 28454 20
29412 13481 38
7470 18732 67
24327 23470 78
857 15087 70
14539 14421 33
52660 16473 51
25255 19311 51
42728 41114 1
41441 4534 40
44709 9944 83
34812 41003 73
48383 43566 37
48517 19763 99
33667 42808 83
37373 50317 13
32405 15658 2
58161 14787 7
50362 58673 13
54638 42095 24
27413 17449 91
43412 29427 49
19227 56921 66
35790 57644 30
15881 10925 13
44788 44596 48
15566 59209 56
48529 48711 90
57631 59487 31
14316 30617 80
36978 40735 25
5316 3782 60
41145 55078 22
57026 6175 95
17473 45003 44
58948 17650 60
752 57694 80
14235 41565 41
754 41249 1
12236 39518 26
30563 34691 45
28860 16129 57
98 27935 94
22984 53987 7
54081 19453 62
54345 6784 18
48534 42439 3
54843 37040 66
56146 29228 24
13467 39768 28
55691 43988 91
40829 37848 57
33531 1405 67
22865 3461 37
34410 36522 88
47093 1797 70
11803 55252 90
55079 37876 3
37539 18505 94
14173 35398 1
57823 48934 27
53500 10455 42
48943 41793 25
50361 52062 92
38078 35452 42
19259 476 83
9122 14863 7
17946 10582 6
18571 3994 27
15101 15291 68
31663 6834 48
1593 34357 31
12924 16784 96
6203 48991 77
55565 57795 4
33497 14447 1
57368 6311 46
13598 6530 65
16294 43670 26
19657 3410 75
240 18556 24
9582 35993 46
54386 25361 52
35873 25664 27
48039 23219 46
50161 51737 51
15176 31397 29
53208 18085 74
20255 19103 83
30209 3422 5
19539 58945 86
18014 59905 30
48982 29499 44
7868 37793 83
48081 42803 56
31587 3235 87
43789 32503 19
34532 38900 14
45685 45862 65
26982 23727 72
30194 47130 66
2430 12719 71
41169 39137 40
21143 1605 72
4966 15644 64
39553 34144 99
52201 46467 39
51829 34006 3
45581 50193 24
15364 34112 34
39805 38579 15
38314 42391 51
20320 59751 63
36547 40572 46
8523 31286 94
57787 37358 47
20210 2277 6
3664 59094 30
55870 21409 49
32334 20385 43
20367 41691 41
53243 1217 77
19675 32804 15
10733 38171 99
22911 12652 83
20996 18459 100
1642 15007 51
48450 55284 22
7570 35409 35
50047 15841 87
29950 39089 85
17599 31604 60
9146 8652 81
42622 39338 3
39259 3641 34
51981 22567 64
53918 11252 99
17515 11291 80
30302 42421 9
41875 25518 14
53812 23564 37
7575 30114 2
18699 25927 81
3312 31444 79
5240 22868 92
56987 35763 68
19493 58072 98
8705 6128 1
214 56768 79
37675 51387 73
40255 32930 28
15045 49733 70
18784 291 32
22346 44288 51
3473 6950 59
42268 20950 91
29838 32571 98
21286 44554 89
36770 35326 55
45345 6347 100
6887 15361 5
42526 10399 53
11574 13566 78
1261 45005 8
37072 59207 3
57857 36019 43
41479 9027 16
57037 49741 37
7308 29794 28
28295 25510 20
7212 44416 14
31366 11950 45
44441 44112 20
36132 40839 8
4399 46844 48
26159 24631 40
9685 56805 51
5751 22924 20
41733 10027 58
7821 19571 9
1411 20035 67
30959 38589 13
48147 38145 31
31418 39193 19
55526 29689 29
58524 9707 22
7639 47194 59
47761 8496 69
4269 30582 47
33888 36802 28
38814 21247 18
38113 52830 47
24297 35245 7
8184 25934 46
30854 45736 63
34248 18202 11
1620 15488 62
56024 1831 60
48017 41501 47
47511 52781 64
26246 7952 24
8319 27109 25
27923 27572 87
48836 4804 27
15954 28215 33
6324 34385 78
11875 45264 44
38009 36671 70
10071 41127 2
18535 43054 88
2575 40965 67
43140 48944 45
15639 41879 19
28177 57194 52
7040 43314 17
34952 13402 63
4836 13066 65
11765 5393 29
54567 44447 49
53826 31714 54
33452 41684 92
13838 57101 85
15031 58551 91
36196 11763 45
33553 2606 10
5509 23284 18
11913 35745 90
48259 1272 75
57848 29207 30
31874 19013 63
35414 57064 24
22435 7935 22
59199 52442 56
1646 49897 58
20802 3806 11
38293 51378 55
47308 55358 67
51513 51288 66
35527 57988 40
37599 26265 2
21056 23506 24
18149 36727 23
33561 51511 70
14272 47348 33
42318 29740 96
7969 5538 35
55085 31152 48
31316 26106 34
26497 18059 31
24248 21725 35
36998 11526 41
17313 13652 91
34651 47687 67
50875 45863 65
20879 5914 88
59871 39080 76
27334 25288 46
21627 20972 13
17044 23750 76
14439 40465 88
17917 24268 18
59523 31410 66
10098 51688 11
39952 51131 69
57164 3140 98
32857 5449 60
16136 36890 9
37997 23613 64
16388 28264 15
51204 37620 90
26127 47194 44
25649 22504 97
49700 31109 77
44353 58218 51
2551 1949 7
55797 58572 2
14253 56034 72
39172 1406 80
47503 26643 22
10648 26372 9
15707 59196 1
39599 9968 47
40861 5687 67
42134 1766 22
20332 2069 85
26016 28796 74
47147 54856 24
1901 28246 90
23990 54937 60
16700 13952 82
8222 57746 18
7232 42381 35
57500 50282 51
8784 43793 55
5170 15295 63
41904 56934 99
1096 6246 10
7676 43895 99
1354 4695 86
54402 27172 79
50394 55987 91
45859 3494 13
35743 14562 63
43975 6267 23
9858 40762 8
33961 10127 59
21616 32580 5
7544 40879 81
34600 40951 23
23652 41344 56
47039 41313 84
3537 12706 42
19904 16966 72
19396 25729 48
19935 22755 74
52844 46556 92
42982 39652 6
30199 44174 1
40813 38161 12
33069 42951 100
2339 36587 74
3213 33575 58
20191 33983 26
20942 20096 56
39210 10548 42
22162 51518 8
34676 915 35
27367 2630 91
26664 8387 83
27188 50922 21
43420 30621 82
12309 11855 42
29716 23130 61
58117 19217 39
22227 43673 44
31001 38302 48
32623 26344 32
16549 53401 83
34909 6308 59
15539 37753 22
58765 3045 85
26115 57197 3
19722 6765 7
56765 46024 1
19649 14115 75
3717 46979 40
55025 53695 15
5380 34108 73
11209 55329 30
47010 35572 62
11928 59459 21
39606 21576 33
43902 25607 28
5148 222 38
50039 19197 58
23658 33990 4
16880 39762 87
28566 50128 85
23449 44346 77
34779 11437 30
32948 24766 88
32836 15934 63
35874 54919 64
17711 33962 24
35961 3142 73
1792 6589 34
6705 48233 20
41733 50754 23
33907 28219 72
45826 648 13
22802 15766 73
39056 51391 32
12166 40437 96
19633 56225 19
20409 33972 23
49723 52912 26
8567 52074 98
25115 28259 40
53044 8067 42
39162 7443 22
12304 39121 70
533 7254 1
32603 28220 61
41833 30919 4
6407 27349 1
8979 48900 28
58229 43936 21
38181 24559 3
40691 32374 17
46311 58463 55
51210 20611 32
44936 18999 3
31289 56685 55
33886 16720 3
1771 38612 22
45377 44039 39
21616 24226 35
6177 9728 3
7631 8590 51
48523 20756 100
30393 42712 19
54905 31376 35
43188 42423 10
12189 26230 95
22682 9399 66
50590 40668 7
29974 33377 71
42194 49627 30
25220 33506 75
29846 25462 92
58101 33211 74
22301 18968 3
26299 56525 64
2684 10605 62
31356 4033 41
33056 33631 67
27162 21513 92
15897 9377 73
36904 55882 1
41076 909 74
7967 37563 24
1246 57417 53
58243 41642 36
44104 17771 86
8359 31842 22
1498 59494 3
35815 22333 69
3668 34005 63
42506 44151 86
48246 59146 22
46356 54023 49
57820 59687 93
38129 5768 51
45019 17550 18
56859 31659 96
45701 11313 52
39509 17842 47
18499 29531 59
33993 5801 50
15073 51274 59
56305 51423 73
8615 43507 68
47913 21835 33
42187 44408 24
37572 19896 91
3915 19776 61
43435 835 85
41860 32211 1
5506 58015 23
53406 40518 4
17845 11210 82
54955 44880 73
29254 40608 60
15617 23046 2
50312 18694 27
5629 55600 18
22783 1082 24
30166 13923 57
36001 9730 21
47363 38591 92
20566 16733 10
40535 31329 63
16022 56652 60
29808 52053 83
31457 4531 46
50544 20257 24
11899 57785 76
53863 21878 61
639 39591 7
1552 51811 19
39638 9008 61
23504 24543 94
43827 51159 70
9378 226 56
27905 25791 42
14667 21917 76
43528 55742 19
48648 47330 8
54974 15600 54
12453 31233 44
49490 1849 18
2638 53698 36
49785 19542 1
39312 6621 84
684 15661 18
26875 22237 23
16316 14450 43
4733 8328 76
6007 27469 92
23909 44013 78
38640 29851 74
57963 52679 4
10323 36447 9
48698 26160 92
32372 14774 97
31646 51830 94
19953 11740 11
47912 12741 53
48671 11797 98
27818 27109 93
3331 37894 78
6222 59508 45
57406 20918 98
57360 35400 29
30123 3520 96
54215 1466 70
11316 55900 48
624 8127 67
52857 49089 55
3867 5836 89
37080 43583 86
42202 13833 23
58556 6922 57
22575 44656 1
48294 4217 41
47415 34472 8
31326 23887 33
38376 14038 97
49231 20165 71
59360 33053 50
34792 2503 62
14453 7426 23
21504 5373 2
55839 21159 100
28708 2544 100
53561 58285 100
40271 7823 92
10482 46545 76
12521 48031 90
56471 44100 39
53783 18766 32
42978 30472 30
14034 48193 54
30407 49093 54
30164 59619 49
48021 50381 91
7723 41541 79
47935 21584 67
1167 22888 44
38760 56734 100
26339 9387 4
46373 51013 72
54860 5029 27
24537 49538 89
54632 11255 70
24561 50753 6
51220 48506 80
33241 1666 38
36101 14459 9
20218 30032 94
4500 51049 52
7509 48753 8
56265 7894 95
29236 56690 57
5217 9943 51
36784 7435 39
30068 15441 54
54373 46 59
32107 52327 90
46224 3233 78
41820 31321 94
46467 12070 53
33500 12223 4
24554 20000 26
27129 33082 99
16347 37933 92
20235 14927 63
35695 38430 39
19741 2532 94
34340 10118 76
21162 49204 25
43433 15809 29
49138 58263 88
49045 23985 31
52709 11781 16
2039 6233 8
7041 8572 9
8109 11489 75
21600 52891 83
54509 57344 57
23688 37812 31
28337 11689 62
18932 15764 39
25850 40700 94
37390 27809 44
18263 49411 56
50970 54091 15
31088 12859 24
42705 33412 64
24854 38627 46
37459 20092 33
34216 54425 91
45562 39840 89
9600 18874 98
38553 21597 99
3913 30148 90
11848 28581 3
10479 14674 77
23069 43976 99
41644 46034 2
53619 33518 32
30676 37273 90
18762 36206 61
23744 10663 33
4530 47498 57
36589 33492 96
47653 55026 17
57282 44240 93
49190 17080 47
37923 20018 19
41127 30594 18
10500 4175 99
46827 57057 70
31591 39885 49
35476 49198 12
40305 37602 30
21105 16733 81
9750 54895 98
28477 49983 2
20069 56484 33
31991 37721 39
11004 10791 67
39725 48607 81
39972 6573 56
10490 4163 68
39604 18334 47
59315 407 35
54766 33582 21
19737 57147 60
22431 43300 53
39598 53540 63
48801 39898 33
50897 45827 5
2901 58231 74
43454 33675 100
12064 58054 70
40781 384 90
37698 54773 26
52469 29294 42
34351 18188 54
58404 28654 99
43778 21634 11
36333 15852 36
34326 28222 26
55905 42032 54
53055 22177 24
53983 20441 71
35686 5751 11
18130 45220 89
20157 10993 26
35105 10302 74
40335 55351 13
24535 435 20
41765 51839 53
2449 3527 26
12861 58716 47
40932 14130 60
34363 56889 30
28652 15990 84
37681 31666 73
2465 27089 47
42214 7443 6
13534 54506 72
16516 6861 94
23416 5707 73
21457 19784 25
17686 48347 91
34972 3813 98
49365 54308 81
40414 30990 90
4474 51528 5
10842 26108 92
35619 29525 26
48033 36386 87
22444 24967 16
43370 37299 71
47023 21865 67
43796 54516 65
47316 22371 31
4422 13104 66
51616 49244 43
36929 22804 50
28635 51529 73
55219 20391 37
34177 35924 58
56185 42656 97
273 3901 23
52114 10770 64
32982 43719 18
9679 51950 99
19654 55785 66
15762 31206 52
44753 17611 14
11678 54036 87
39398 13288 49
28016 7704 63
34109 46398 94
5635 48979 11
42995 35643 33
26816 51977 97
12814 21494 95
26583 58118 79
47549 8789 10
34899 4969 41
29704 51989 79
42475 951 8
33982 3525 58
21860 48791 98
58303 842 18
40234 25991 83
9013 41429 60
35039 23719 86
40570 46723 71
12628 3011 72
22273 27194 1
47874 14921 94
10784 38563 84
7888 23873 97
6451 23484 84
10285 59078 55
5975 37568 54
52756 31340 7
37776 36215 63
23750 38155 24
31287 3543 15
48293 19665 51
21947 25981 46
23881 31598 47
41643 5138 41
55367 11749 78
55603 154 13
16541 36409 51
15566 18101 12
2100 46645 16
26614 41555 25
28766 49357 70
26555 12350 23
18816 29847 66
52131 8861 76
12491 57928 100
36772 48965 44
1955 19631 42
2535 33678 6
36724 18741 59
29664 24831 16
16684 28467 25
24564 7437 30
43366 59334 31
42120 53624 4
23911 54547 27
11658 46382 8
530 40281 34
38623 24928 83
21224 44114 73
21671 22407 56
3405 6876 15
57127 48624 55
1340 38334 66
9259 24611 51
34443 19516 83
40536 43942 70
25903 50718 4
28620 4787 20
35584 30488 41
25458 54694 79
18482 50566 85
38223 22415 59
56708 55551 97
50683 13206 63
42750 14160 47
12412 46728 52
34562 58593 90
16149 42212 34
11055 59727 17
38271 39691 73
28859 30992 34
38735 4093 71
35389 1169 48
30042 35501 44
17981 15261 31
45104 53431 20
26361 12903 37
23191 11454 29
4030 19239 57
116 761 62
7024 24885 76
20630 28982 53
34197 39525 87
31468 42144 90
5076 4391 93
36015 50090 59
17676 29215 19
38414 43400 89
50647 51343 34
43836 10155 53
25283 33172 73
22583 42999 20
9925 32384 64
28797 47593 100
27280 1571 57
6044 17877 89
38483 35220 9
12722 31002 45
1090 2030 46
23967 26911 97
5295 12821 10
22850 615 49
49018 32542 77
27891 17293 79
21754 36463 39
24520 37666 48
7668 57313 1
41389 9683 64
35225 37999 71
1877 4096 1
59446 56519 11
46374 42012 46
33613 10918 76
13036 59834 73
47980 26746 89
40687 20134 91
15034 21830 56
32199 26166 62
51827 56240 44
33810 40241 80
55210 20045 19
32069 47641 97
37336 40300 88
7305 57967 24
1156 12030 34
32636 50712 66
37723 9835 36
18282 56172 59
19506 50942 23
49635 15435 39
34992 7197 48
37404 11944 89
36928 37470 36
20042 59913 79
16516 42115 90
53559 36395 97
17440 19182 27
12561 54045 48
44362 5070 17
53787 27712 88
11698 7624 40
19743 14163 2
35580 29289 70
23624 54751 67
43239 1273 74
40801 19824 91
19027 13791 87
57338 51784 35
57199 26113 37
16107 38798 25
2375 9001 83
12896 58242 91
22146 33726 18
36249 4155 5
11031 13107 34
58631 12308 38
12841 21486 24
8558 24962 10
35350 33124 81
28064 15634 38
41172 16139 62
3097 31136 85
54728 20131 70
32435 14113 31
13854 26414 58
49076 12885 16
159 57933 52
35797 31528 14
29514 37508 57
28930 28385 33
16662 24249 60
23578 55927 12
58456 29784 43
22615 11813 75
30762 29407 50
25377 17310 10
55891 23347 60
33486 12766 67
20662 8994 56
18572 45054 59
58348 6897 63
41647 22456 59
55390 38731 60
48433 12920 78
21523 21625 1
19905 269 33
11385 9578 30
462 53578 26
47132 17485 75
16957 25921 12
5511 16771 74
19676 44780 66
13773 21500 84
31128 4297 83
45212 54903 35
43456 58272 44
2296 43302 3
22980 44914 83
41244 55582 56
11202 41596 98
17831 36211 97
4555 54180 75
44486 13232 91
43102 46896 19
38367 57883 13
31251 18961 13
6802 34171 59
21734 42054 79
40380 34968 70
56813 15979 26
8803 51424 36
25054 24014 35
310 48397 81
28158 27350 21
39978 34025 92
9428 13988 80
46636 51640 49
8802 37080 9
12808 5937 73
35295 59220 11
26967 12240 9
7226 10750 71
26255 32732 82
16885 14608 44
643 23268 80
56481 9839 9
34693 49653 64
58035 21708 76
7467 10424 85
16751 10596 4
33177 51389 97
9051 14487 71
12796 34629 48
45717 15499 37
19982 17631 67
43094 28651 85
54406 11053 33
10430 39613 70
18277 6430 49
36385 10311 65
24456 15983 71
22757 7060 13
27860 54467 3
1406 22419 50
31976 20137 25
54076 16633 75
54353 38973 90
29071 39166 29
20669 23695 94
17914 56298 32
42792 50513 80
30450 33670 14
89 3754 63
17319 3008 100
8145 1939 59
25089 24572 83
33375 11041 4
30348 56107 22
16907 28704 22
13349 4547 22
43087 25819 56
56861 5787 26
129 23210 99
26469 46821 42
14110 14334 15
52536 4195 60
27949 19069 83
3870 55821 38
21362 59681 45
50288 39145 93
28454 7844 79
41199 50926 36
34612 55439 20
20183 25478 81
35966 37405 89
44919 43835 27
5636 26918 4
59511 15815 80
56773 51161 92
6584 47360 63
26451 53568 31
1148 55803 52
1261 38930 79
21823 13415 89
55327 8309 85
524 16439 72
637 26082 60
28986 54166 59
24812 36779 31
47392 14132 89
6019 49708 51
11608 34766 9
24637 51736 70
52598 49972 82
45591 13283 36
52645 10179 46
51734 43524 1
54470 30836 95
33907 8650 63
6317 42090 65
3031 32101 32
3239 23646 81
34290 21155 99
41063 43445 25
7312 6109 34
29400 6576 33
16419 31886 10
49675 56015 56
59347 32574 89
50279 40 30
51485 41009 92
26360 58450 40
40434 45800 20
8308 11956 55
44032 3656 86
53270 42220 64
34689 47258 88
34117 49489 44
41270 23405 81
10840 55047 100
12864 48172 82
53572 6428 99
4097 4158 35
57484 34269 1
29715 5832 68
8352 44436 26
37441 21837 97
47370 39223 71
49914 53663 42
40994 30508 8
8702 35345 46
17730 21661 66
55354 17360 96
18250 24910 73
5883 30235 73
6702 31639 80
35309 39351 51
49267 50023 43
58433 4934 41
49513 23346 75
33562 50964 56
49248 37991 3
55580 11751 80
10365 53396 7
7815 52202 80
56822 44336 80
13467 12917 78
16911 42964 37
9063 59377 54
20137 30189 56
12274 30962 64
48763 5003 82
49286 18810 9
49975 25572 72
56408 41137 25
35731 42252 28
58748 9724 4
20990 14799 30
47020 1322 65
26144 54729 59
44096 9978 67
6852 32637 5
13579 59330 54
17145 3516 22
35698 56197 12
14506 11264 64
30210 28008 1
51812 49637 76
46176 43391 66
45582 12739 80
499 19444 17
51965 53798 33
6433 7877 52
5769 26407 65
6438 49263 95
16624 48319 41
33181 35670 80
51505 2971 7
27226 34008 61
32121 38270 62
50316 16556 89
37549 44738 93
7451 34319 31
39899 8021 61
14700 25017 64
57156 9211 76
15599 35034 36
34384 31495 54
46982 20907 28
10600 6224 4
18049 3458 8
49697 33088 81
24129 29854 86
47481 15473 17
38864 14204 65
38398 38285 25
18243 57357 72
18670 12898 26
47777 1025 1
46343 54411 75
14218 45574 32
37266 55372 27
53352 5844 52
9094 26167 65
19414 4765 43
7600 11630 13
21451 14204 48
29614 32316 64
56992 15069 16
55847 6796 97
19371 8437 52
47024 15858 90
17957 30526 81
54119 9416 18
20218 23129 55
25301 54788 30
6298 2285 13
54664 37355 30
23150 59759 19
163 19458 69
51346 6104 88
30925 58888 64
55528 55061 55
59114 921 82
11990 58325 19
3189 48976 75
37932 27179 76
7072 10778 81
7093 7364 94
17767 29256 41
25787 52375 82
512 16451 28
38940 55680 97
5910 49428 26
24644 8142 42
47397 35639 96
15358 13950 89
53647 55587 56
16606 4987 22
44044 5976 50
28530 32988 32
14207 8732 13
45822 45399 90
47613 33162 83
59671 12765 36
14630 24271 51
52544 15700 1
26355 37419 35
14352 22753 8
10879 23638 36
28457 58771 32
3896 4453 71
10117 32091 41
10372 41335 84
26157 38540 40
38308 59678 87
28504 21777 98
56522 48221 14
6372 10201 85
33661 42138 17
56352 16999 33
8392 41432 34
48680 24461 11
28096 2208 41
40903 53809 87
10555 32607 61
26015 38705 28
52699 14038 77
42363 31779 88
57223 36012 88
27561 27436 97
2998 34624 68
54842 20318 27
10541 33447 5
35080 17792 57
48455 38622 14
10543 29267 3
25470 48558 68
42804 45428 39
23384 39205 66
56626 4372 81
33289 20951 67
31006 4428 41
4485 9674 43
42003 51090 49
32617 30047 1
40683 17534 95
26012 49715 32
26317 40424 61
58216 791 40
23511 4683 95
26737 15183 35
5027 33078 25
51352 10388 50
44295 21245 74
29221 6845 94
51846 37019 60
55121 13145 93
55893 21728 54
31597 32209 43
41535 28833 81
38062 34746 12
16821 51095 70
4081 15374 92
58720 20446 79
27312 42400 33
59469 57996 9
15249 34158 61
40206 20458 85
38388 21611 76
15023 45870 35
21731 7326 91
37496 22021 5
2218 2361 33
9762 3840 91
54505 5669 84
7002 2669 4
10424 6325 19
41332 41989 49
10705 57457 82
10604 25566 7
52175 45387 79
30310 54467 44
8757 41517 74
47629 53179 69
1617 29803 61
19222 6313 35
51582 39107 97
24855 28489 34
8365 45011 67
33472 3474 2
52384 23735 18
35810 15839 68
18592 16443 55
6352 35471 33
32681 46759 44
32509 49310 2
53166 50378 99
8355 9791 37
49473 24689 51
11379 20443 90
9109 3921 34
15948 44189 13
11131 19678 67
58869 24154 47
23787 41092 47
30783 59174 19
57425 14694 43
56427 27430 86
33773 17377 26
57461 5823 23
51213 7927 8
53387 44018 58
10974 58297 21
59331 25273 17
14462 33647 4
10057 8301 96
30380 39045 10
34434 32479 95
54071 59863 22
26125 21635 13
26578 903 76
53974 3299 16
53402 46521 29
37637 51543 63
30840 7188 73
2315 26244 25
6708 12868 20
31660 35726 59
36089 18232 39
28421 792 66
12714 47670 73
43266 14955 16
20188 12108 91
28136 21354 89
26346 47330 53
19579 34920 64
53451 10286 18
11851 4246 52
57898 50059 14
47308 39284 85
40405 34889 53
55166 14720 8
26358 4124 30
59067 17757 91
38272 37676 8
28629 31406 83
21712 19157 60
6789 12972 88
22468 4867 61
5897 52210 48
9933 55217 95
248 25493 17
19480 44194 63
45672 56572 51
36497 11560 14
59270 57924 98
17297 39352 81
2792 2419 88
45436 27310 5
57661 4813 33
40623 38084 47
886 40388 27
9486 10240 75
50705 25448 30
20766 13149 43
54203 341 63
14846 25209 26
5163 9571 87
47018 52431 40
14765 24341 78
35066 41843 25
47805 28581 61
15276 11819 49
46016 6459 12
54728 48074 68
29232 14606 78
40024 19495 60
53257 5962 42
3512 26154 38
27377 44961 49
1173 4588 1
15384 59830 46
941 51404 25
16500 24178 34
48808 15636 96
50687 51457 11
34304 42680 100
56276 53403 21
2484 43895 66
52741 52466 55
15756 13510 37
11615 21802 50
58974 54005 47
5846 36481 15
10573 40224 4
11852 24813 28
55967 30147 80
11222 26528 87
59853 24957 90
55652 7707 53
48233 30302 11
39285 56148 11
25739 54004 46
37406 12917 77
2768 36310 38
59066 18895 18
26519 47662 23
15615 18318 8
45711 47517 3
54231 58305 95
25960 35290 93
18259 12107 68
40036 47976 31
5346 9685 54
23145 29214 22
23826 37253 66
2682 23122 79
44040 12737 56
24081 55450 60
5416 128 28
37692 24232 92
13478 7691 27
42040 5036 16
26820 4511 18
54177 55333 95
45299 52176 31
40004 50991 53
15579 25669 18
5359 496 92
30726 14056 10
31677 1230 87
54763 43592 88
58823 10747 60
37492 1163 78
49722 55435 79
24536 18614 99
56539 1343 9
3694 31044 94
47100 41753 60
11452 17342 64
50206 4807 2
46505 34369 39
56837 39900 95
47438 7779 93
15996 26008 22
34474 39504 57
14882 46462 46
37889 15286 41
14733 29625 46
47812 39786 80
18346 18308 85
27236 46838 32
40247 379 55
49297 46610 62
6531 41331 13
17785 27369 18
6913 32733 23
33535 54862 72
3313 2397 19
436 34402 26
40944 42891 46
22952 2579 79
36633 52759 21
46434 22043 2
53868 8507 16
57671 8387 52
3116 30799 27
12417 6019 58
40374 9700 20
37006 23740 16
54524 44450 11
41911 3713 65
58919 40882 40
57279 44562 98
8876 30543 92
34984 15471 81
18176 28118 31
16637 410 67
25336 42903 10
29127 40807 84
16609 52317 43
17463 59511 28
37428 15804 46
44428 6376 50
50261 40207 47
56714 47006 8
5950 23640 82
20497 31215 18
32748 35872 66
52603 10306 65
15916 24012 92
32296 13604 97
3173 22002 15
43671 32002 98
17502 52578 8
56920 42226 3
45923 30044 81
23194 40353 25
15919 31018 86
53735 44789 25
44633 32404 5
56718 2020 5
3092 31724 51
39915 51809 51
33467 4735 93
43522 15450 17
49938 27248 93
48783 11317 85
16649 24118 84
18117 49989 58
18820 47467 52
7862 11266 72
40997 20920 65
12904 53560 51
34730 10360 96
41447 15831 72
18306 40176 96
33570 55839 65
33139 47153 46
19332 36825 36
57483 46145 14
33980 21807 31
53796 41690 1
56718 46823 61
40479 33679 74
44169 22009 33
52404 42649 42
20825 31257 26
42606 16071 61
25138 3209 66
39073 57888 9
55703 5176 35
28023 47522 7
29127 29369 86
26326 54477 17
47916 48640 35
58992 2008 67
34706 23657 59
55508 28331 69
16988 57042 46
30503 994 21
15853 16687 24
12211 40124 24
55303 56573 14
11174 17404 20
4824 9168 27
23548 15134 12
49382 58971 48
28243 18948 63
45716 21337 84
29596 311 100
19660 47953 81
43767 490 35
35594 43606 34
14827 32089 51
36847 4115 97
59590 31271 55
42505 55052 87
43419 32708 57
21607 15596 49
4471 35422 82
21051 20403 64
38701 16530 92
54981 57987 8
9809 10535 22
38767 54112 59
17774 52300 81
34064 11217 54
42452 13140 51
55361 41448 2
35270 23245 31
48303 36952 34
14203 2369 40
58737 17793 8
23288 30723 21
43918 8787 79
5009 22945 22
36979 48448 15
18649 23300 99
50796 50717 61
53437 12647 44
9542 845 93
41899 11976 41
32519 56282 2
13736 31837 63
37162 52970 74
19609 12993 87
7561 53904 32
59400 25363 48
53548 35244 29
35822 39152 31
32830 5952 95
26753 5404 72
5705 40600 38
46059 350 99
47051 40171 49
28801 32084 25
48545 3938 97
14738 20717 76
22631 58561 60
50997 35478 11
12884 58727 41
17090 33759 52
54651 14567 71
42196 53105 31
45805 11457 70
12651 55645 41
55484 57065 46
27901 31542 80
16217 53215 31
52054 14367 52
1430 49285 28
44439 9684 66
27143 50648 73
56743 53063 21
7650 1477 57
26321 57633 13
29777 43079 76
58000 57487 94
10171 45408 8
3543 31527 14
39546 42352 80
48522 7682 15
40110 41972 21
42915 4146 77
46039 31651 43
55463 20516 68
56190 45903 22
16726 29372 89
40087 30953 9
42838 50430 58
327 32350 31
34153 49512 95
49337 46912 89
38022 18522 65
2287 41252 54
28865 31030 75
50171 36463 31
21793 7376 48
22933 589 20
15477 25499 14
28712 10802 67
35596 52305 28
40756 41202 68
45981 43229 66
42224 16133 82
58792 13099 30
29104 52059 60
30347 9257 29
46331 54631 70
23766 38021 42
24990 35999 67
9703 42876 14
45719 53441 42
8068 30658 59
9492 40717 52
54427 51364 21
31293 56919 41
48806 12925 45
44087 10882 61
54066 27162 73
2507 29924 30
54012 10578 96
33182 17299 88
17253 31755 18
55299 10583 85
25231 16043 28
53526 33699 73
49894 40922 99
6355 54687 77
38347 40168 55
59410 57679 69
29763 33225 27
51834 47307 22
17548 46600 9
55833 20631 19
9993 17653 27
1036 39085 27
32446 31618 30
28420 53032 39
44299 42011 93
24533 58943 45
19980 42853 99
16940 56073 17
22558 2377 17
52307 45325 28
24885 9622 83
31711 25851 24
57075 35130 49
16914 19659 75
30808 20444 58
55878 24245 63
14743 44386 1
14266 41065 77
56834 56554 10
27388 23014 75
37266 17936 92
12441 26807 59
44850 13697 49
49188 43377 53
44588 47879 62
9100 3973 59
36182 44061 42
1720 2702 84
25791 4043 100
36722 29024 44
35009 45245 32
35484 56213 45
34686 34483 27
48563 2829 99
47798 11924 94
16782 41408 20
50329 24310 7
44886 37201 62
3911 15559 96
1567 44816 66
39130 20557 8
38411 49829 39
20690 3822 75
50762 29960 93
30509 49960 23
45564 49551 31
35966 11329 69
15162 8840 41
39819 6910 82
17733 56911 31
28399 9339 50
51007 14968 62
23215 27140 42
23803 29668 84
21923 35487 78
560 21992 72
33414 49967 69
34747 48615 62
12589 19694 94
50539 50929 40
12318 57535 12
51961 5974 36
20713 25682 53
3179 36056 85
36692 54253 18
6947 40316 66
42748 51934 93
30915 8311 40
10018 39126 34
9924 40788 14
14338 50198 58
1651 12905 28
9303 16848 44
12893 42011 9
26920 38853 33
54926 17553 68
19441 26367 39
47392 25167 83
41139 43868 28
21082 33313 99
15875 23253 56
43296 23834 5
16524 32882 13
21092 1606 50
53182 4894 10
40199 36863 8
2814 39150 33
12554 21253 80
25433 24682 46
37448 11279 23
13282 13678 21
1935 35849 92
34767 36339 64
24406 14655 43
56587 23545 36
37674 44714 85
48304 50847 7
56315 25736 60
42152 43369 99
32492 57930 35
18642 3358 67
6723 18197 35
28493 3150 45
22509 17894 87
58564 29654 43
33673 49129 35
39847 24229 3
33533 59496 94
27238 25264 20
39331 7647 15
7602 17893 98
57409 23204 70
45913 22439 97
45601 58610 35
57896 28593 48
37247 49539 24
2353 49976 86
39824 9718 37
19014 37399 44
26779 49534 39
46559 54018 66
9859 193 91
59578 26056 84
13188 2998 86
5545 41454 27
57928 49709 89
10900 24171 63
34448 23379 31
24077 30871 38
27047 32937 5
9281 4461 99
46337 4856 30
56258 33020 86
18769 52475 19
8459 49220 63
3529 16280 98
201 51095 81
42378 52298 27
22480 26395 96
19551 50709 8
9256 11474 61
39030 48327 32
27618 36202 75
38499 57423 83
26759 45615 17
21929 50818 56
46684 46215 32
24753 231 65
17379 14361 72
57000 57871 48
12477 23216 67
40356 34388 91
868 1143 33
21991 31587 51
38877 31278 41
48249 53889 9
35536 18386 44
6517 52748 34
31833 58701 24
33688 23917 83
9653 13994 22
16661 39024 6
51289 20699 40
45568 42758 62
32761 40915 15
12319 28435 45
2059 22191 28
5093 31742 75
10132 947 22
49347 5319 94
3077 14225 31
38702 47865 21
49042 16249 9
11908 43711 9
50775 43402 54
1600 21589 59
47564 46945 3
22787 40531 67
54370 42398 8
29090 44725 17
34726 40593 40
23437 22093 57
45748 24719 92
23201 50251 99
21996 2044 83
3756 20289 63
27917 25347 80
2126 22493 88
59545 27370 97
58979 20470 27
28542 3236 14
25312 55601 27
20871 47177 85
33807 618 95
39233 21396 58
5904 38546 45
17514 30356 82
28024 31717 95
658 55313 38
438 11470 13
48198 24647 50
13435 42799 62
2732 1859 52
33019 39650 43
13733 24114 83
40975 29643 100
27517 48512 87
20710 46942 91
566 9918 64
47456 21391 6
326 1226 80
43470 21703 3
58607 16144 48
20100 17565 64
37028 43737 65
27729 8792 93
14034 2790 1
54986 38974 53
39686 46357 20
26457 10978 72
11295 268 85
42574 47275 87
19060 55442 29
29393 34157 77
14750 3956 19
54190 41450 43
56119 51549 62
48420 52626 30
33058 5008 84
8758 13292 84
40873 7439 26
57408 8408 22
13319 14800 59
32582 43468 99
14242 34512 68
30675 12569 28
20895 7412 19
22989 12093 61
37861 25616 18
29116 5250 67
45464 41102 28
54497 53051 90
56855 23529 94
27291 33027 69
41418 6768 93
51793 1339 31
32919 58177 18
6196 1139 78
57496 26838 71
954 19579 3
52750 27769 89
57922 57360 45
18556 54154 52
26830 2889 88
51841 21599 84
5678 57579 82
25320 56781 4
11522 14136 29
31572 59218 36
18434 27341 93
57531 51508 15
54472 22948 54
39426 18047 85
10530 42310 68
29268 26564 79
12753 50896 26
44502 43783 34
31563 57792 24
33761 3152 29
19289 25863 37
34299 36556 80
38513 4235 64
35368 54237 2
22065 7335 33
43912 55827 44
54169 49711 90
3106 30877 38
45544 57830 96
50778 191 4
48179 638 71
14287 47327 84
18509 27323 93
46135 14259 44
17138 4639 68
15932 25212 36
55616 49610 41
26839 30661 52
13198 40462 12
54325 39901 43
28586 38998 80
16092 2495 79
51044 7476 69
58645 18682 75
55073 12316 17
42182 31908 92
45180 23406 96
41142 31694 51
35191 21057 1
8955 21687 10
30967 50677 11
38284 13093 100
38725 53924 40
51067 1811 27
18649 53982 30
18282 50384 41
25348 56546 2
40486 13131 17
19519 43090 52
22677 1321 31
8796 36181 35
51920 33925 92
50709 44557 28
9991 21629 49
51870 55248 65
40296 59219 87
18201 46807 69
11648 11128 9
50326 58277 94
33572 50417 98
58724 50266 2
9647 40342 98
22489 34023 41
26617 39894 86
18193 44266 83
6911 11775 91
20388 6403 35
18697 55498 85
18200 50258 55
59823 24211 68
39088 43013 43
56523 44388 7
42764 47032 80
2971 16714 96
16363 29703 73
12009 15728 93
26285 6985 14
50025 24864 96
23732 34504 10
59014 21881 62
28545 15780 100
23236 16357 73
13813 22438 8
11042 50895 26
2480 51277 71
25267 32993 1
56929 27911 34
59392 20663 5
56567 2101 32
16488 49020 53
38977 24414 14
20886 48287 40
26890 23077 38
23690 21536 24
23961 40538 40
9081 36027 11
20790 19772 56
28006 36418 78
7510 31050 27
13886 979 94
39044 22234 60
19158 12226 23
37494 14561 20
8769 49659 30
40056 23848 63
21471 59 65
4437 18230 31
49608 12026 1
36195 58820 20
763 37387 78
11832 34792 9
7531 12139 21
1435 21768 77
48346 17804 64
26222 5307 24
9862 5042 72
30672 31210 70
50796 52994 14
44522 39817 28
571 2749 27
995 45448 25
5985 3981 52
45589 46442 57
41274 25449 7
18315 14966 62
19414 20875 56
12727 24401 8
26198 57733 64
4606 30014 6
37173 56059 36
47494 29874 7
32102 6010 56
12435 34800 8
41917 11438 6
30328 39758 20
17787 24460 5
54674 27461 16
72 41049 88
17578 55420 64
52864 49320 82
30393 29749 52
25073 12665 33
42318 31965 38
50188 46385 70
48281 42291 100
43872 31940 83
17179 5659 84
31948 4840 94
26108 53814 4
48341 48746 94
10199 45160 5
30753 48851 3
48489 38581 10
3952 7904 31
50905 8524 3
53045 5342 29
26936 51623 94
20436 41300 71
28463 18446 55
6212 45791 4
4948 31939 55
15205 15291 28
31464 44721 79
43299 24741 20
36868 230 82
54292 20389 75
49966 37407 4
43042 48432 78
17147 19407 14
18112 1553 22
21899 17736 79
31972 6048 73
7057 13522 98
44683 25989 68
27753 5174 60
44415 24957 75
5343 26648 24
41491 46743 38
51778 1293 50
3408 56019 79
38481 59681 24
55894 22485 25
9691 40826 70
25534 58046 37
10967 20632 13
24820 50834 42
29623 44662 41
58275 138 17
29208 26472 9
36436 34251 9
58954 27470 20
37009 28617 59
3049 27328 81
43773 35687 53
43985 51902 100
21382 43313 80
53540 34073 86
35062 18199 11
58915 2740 16
56956 26976 23
39222 30875 11
59675 59641 74
17489 18916 1
49062 42576 46
41802 31869 11
35990 24483 80
42137 16629 48
13480 9832 13
20640 40386 83
37663 41261 21
42850 24519 54
43212 2748 83
33320 6265 5
47560 58267 52
26573 22220 92
46585 2671 43
20780 29229 24
48177 973 77
15830 35597 4
7889 18555 62
59103 10694 61
1603 17844 36
33924 34683 51
58375 6000 11
55260 9533 39
33556 32274 8
2899 34520 8
43162 30688 51
41694 12598 31
46972 21637 50
26385 20444 57
57890 13383 88
19677 247 88
35465 51901 35
26328 13998 18
9423 26913 2
30188 6907 56
17722 5605 55
12360 58613 2
26157 53647 98
7558 16469 53
53812 50429 81
25265 953 91
59274 49133 100
34401 22930 83
35719 59668 67
8139 42755 60
2028 40210 12
22118 29238 28
25904 19035 35
46720 13726 20
49580 2380 63
2484 12816 19
44771 24932 43
45980 17901 54
22443 52124 14
25530 26798 70
55200 6761 26
31335 1658 100
49002 24426 49
14715 14605 46
2355 19554 80
57678 42734 26
19100 32082 11
21213 46341 53
19283 57215 72
37397 43565 81
32897 34233 86
34779 3416 7
26180 52091 23
5874 32213 17
5610 58213 98
57445 31547 29
33142 28785 84
31451 13682 1
15334 35205 51
14753 50572 59
7319 59005 90
47972 4084 88
59541 21689 9
32719 30390 37
40196 24815 72
50617 37962 82
46287 46767 58
24884 22873 90
12943 11528 98
17075 47156 17
31959 11804 20
1196 48749 29
21248 883 37
7111 47301 78
30865 32069 90
1540 1503 26
25807 42795 17
32767 20140 14
26388 55320 62
49195 12213 60
42652 4999 68
30018 51300 11
25735 37047 26
33248 31771 25
22991 11711 97
59342 40568 63
19402 33633 21
24849 29053 30
55166 23296 86
24022 19078 32
19997 10267 18
33889 37190 27
9042 32699 28
57615 43012 36
32864 54160 28
4806 892 88
17132 7256 63
32193 42179 16
53777 15395 82
24915 8262 95
33384 605 81
42108 15315 51
5209 4456 42
48891 18228 99
43943 57369 13
361 1367 44
19669 50141 60
22540 20108 76
41577 6899 72
41752 36378 25
52155 457 59
23656 1790 90
28915 2261 9
54852 40565 97
14039 50468 43
31307 42961 44
55583 51865 58
55218 14035 10
25042 18075 56
39405 14432 99
45310 36853 22
4174 37722 76
52319 20867 80
27765 9599 44
45472 33025 63
730 14625 29
34133 1965 35
12159 26273 66
136 17527 46
25122 23551 72
38782 43704 73
46981 58942 80
43486 35901 18
48884 38401 52
53528 19805 1
14683 37748 90
43047 47211 28
38669 36756 39
27575 53747 31
9136 51959 39
47830 34774 18
37244 53234 21
15554 31 40
37747 32916 21
16963 4776 72
17821 8555 74
41430 7510 69
46816 34945 76
292 48873 50
47342 7563 23
23674 37779 96
39345 56065 59
32748 46211 68
50443 29462 21
10905 5847 63
43839 45525 73
28636 26070 75
4132 34235 94
4253 56479 64
22863 26533 85
54636 56849 71
23962 46792 38
3327 28077 89
14431 8162 7
26043 25803 23
37896 14300 54
38269 46649 42
46855 12275 62
48473 7651 75
41423 15019 72
41368 30149 50
11187 52750 96
2464 47941 69
4827 20778 18
43508 28935 24
57262 25449 100
51748 28598 31
53735 299 75
33253 46290 44
27303 29781 59
21769 53989 40
25140 14145 90
17654 27095 16
34229 41062 10
49025 6251 68
16324 6622 42
10393 22132 75
10622 12995 63
38563 34576 53
34672 26505 36
9178 40347 26
56262 27477 18
21679 35994 21
50673 3280 8
15710 17368 69
6871 15446 93
49542 58255 45
12315 57807 90
8688 55259 32
46906 1416 30
36439 3089 76
12181 54682 4
56577 12721 51
22805 11493 93
26432 17582 92
38152 37028 31
32780 57956 90
43069 11643 62
25792 4336 50
19359 51960 35
44952 24622 42
42249 1515 54
33120 29014 84
49247 41549 75
14024 29118 64
37629 33369 17
56722 52365 38
36233 43081 7
46456 40576 22
3794 13390 58
37786 32765 19
26646 21653 75
44608 38149 87
26860 55690 18
59422 14372 13
51013 57902 99
14128 4528 23
57534 21774 33
4803 50467 61
3727 23832 24
52933 17913 22
56528 25144 78
49473 15199 52
58322 12986 96
72 6212 23
21685 6520 85
48532 42666 72
53424 51991 69
26040 18 42
55567 55551 97
9557 40509 65
6150 37043 29
42010 58580 50
18998 6224 69
4265 45476 2
17023 23098 76
38472 45807 100
46429 13022 57
44064 50682 22
13958 13986 78
38918 10184 31
7540 12066 66
50094 14961 52
44989 32393 68
42028 10830 90
48154 56064 18
33901 550 39
9234 24234 44
41923 1982 80
20568 48157 4
54450 47073 81
58505 34753 23
31784 29567 74
25838 58457 58
29718 50600 40
46332 55145 81
21477 58275 13
56289 55019 64
54894 46705 73
25106 7098 28
42657 11706 75
39068 56225 82
56266 24602 6
55046 54317 88
26214 48655 9
49228 32954 16
33000 57150 94
17641 53206 12
9962 9679 29
41559 30873 49
52359 13220 17
24480 27859 10
35448 26677 45
331 13171 31
12886 22515 58
42328 9105 42
9749 15599 2
19532 45748 68
47544 685 62
9274 30757 26
44866 29437 70
41219 32459 29
49737 30671 22
9531 49977 70
50183 33572 4
55371 21505 24
57645 53627 24
32734 9888 84
59032 15804 59
53231 55719 71
55595 5929 89
22829 50255 13
27916 18440 75
58788 45631 45
49584 23097 34
50794 37906 49
5228 51985 51
24316 13970 18
33468 59074 82
39230 18378 9
59138 6009 22
23187 17287 93
2861 21806 41
40699 46482 22
33491 9703 54
36972 34088 18
32325 7307 65
20855 5111 8
51923 21202 21
59391 27396 53
50026 43007 92
12113 53682 30
6703 50061 66
32137 59039 14
57371 35279 17
46576 40629 59
10445 27976 32
28000 1542 6
50331 33378 96
6167 9824 48
29621 37270 49
20376 37360 76
59418 28950 42
10459 39470 50
9355 11854 5
5812 31575 60
55290 41090 27
21507 22359 91
15767 57682 57
48216 40125 65
45989 52878 64
24823 3294 94
7077 47323 50
57717 40339 2
36940 52883 10
16260 10736 91
21043 32252 11
48905 47670 2
46021 3122 24
45541 55407 45
27880 35855 74
33 49849 18
15492 8591 35
34287 45961 24
30724 54182 45
40199 21000 11
18395 30270 69
9972 22765 55
14389 39216 88
6920 12928 61
59866 48468 75
20995 54025 59
16633 13782 70
35701 39302 92
8020 22874 43
51066 26747 39
16400 21376 54
30519 52633 61
39707 26802 34
47743 54828 96
17558 15102 37
38644 17772 49
49565 2811 22
48405 45838 63
55519 1432 55
23480 6395 20
49728 20780 9
32921 43204 82
4138 53154 74
21254 39247 79
41046 5412 64
43703 26728 90
2179 54453 56
1444 28937 47
14416 40485 39
4050 45738 67
24740 42596 75
58385 11164 86
44843 54246 27
31635 48810 82
44037 44997 38
1734 1736 14
54156 20783 46
48158 11293 45
29243 47708 3
42056 57133 75
44810 26678 59
11553 28252 58
39960 5987 11
50330 37119 76
42983 58556 49
38534 28335 59
38311 27787 15
40286 35239 66
10116 22462 79
16 40555 5
57340 22798 27
7994 53950 37
54300 41648 4
3124 7153 56
10295 48237 89
29830 3588 98
57044 23174 59
18642 29954 72
42346 36092 100
33710 32979 47
42709 17029 23
9717 6424 95
9878 53191 15
12309 9498 99
18329 6170 41
30902 55012 32
24975 34465 63
39930 16272 51
34838 44969 16
44134 55336 65
23331 51135 20
55077 21565 24
35603 54872 72
51109 49322 25
26766 10038 40
17640 4353 57
37652 58818 18
32989 58481 19
46130 55589 83
48605 23275 4
51015 26907 15
28229 45270 12
5199 21675 16
7983 40778 67
32524 26249 74
30336 20304 100
32974 29778 22
38492 20617 46
58383 18444 39
37199 38494 74
57726 46685 91
15239 6556 65
43468 39640 63
24549 12593 13
39908 9556 37
55554 54492 95
36306 31367 54
50946 13475 99
1511 10958 19
21570 21855 56
26898 39484 53
57952 31990 65
56136 49032 94
23730 52491 14
22943 2176 49
27705 14507 56
1708 24165 35
30995 49381 72
4976 10570 4
51473 30685 54
36390 27124 37
21564 8608 88
59624 52942 90
35131 20078 21
32218 19033 37
25827 13759 39
16264 2416 62
11181 8346 82
9236 14096 87
57557 31020 55
18351 33545 26
50222 24790 88
52473 44153 75
34612 580 58
18963 46246 45
1058 56270 87
55135 16698 67
5332 35179 54
20350 11236 17
24574 12847 61
15587 58920 11
3597 11193 28
49342 26590 84
5006 55537 31
54935 45365 17
38564 42992 64
58880 41389 83
20506 30338 9
4058 31644 65
883 51858 63
20832 20567 2
1974 13249 80
26790 32515 80
20024 41674 82
36693 12967 83
20972 24897 66
31604 12423 31
56579 49270 99
11704 39337 17
3346 6188 23
48257 46768 69
2876 9576 89
44391 32229 84
10358 14752 20
41069 13327 5
38016 57662 75
51784 20889 42
52923 59770 75
23498 40042 13
819 24271 29
26255 43629 21
26829 50883 54
7746 24731 12
2331 3896 100
728 47827 36
51087 46251 95
23056 39794 75
14850 3429 68
25755 33334 78
23363 25289 21
16918 41913 13
31121 4150 21
16937 31486 82
54477 14169 6
42812 20072 72
23332 7727 92
17824 31669 24
27100 19484 16
31568 49357 86
10150 13178 91
51690 15558 52
35582 17727 20
54259 47592 85
38117 6028 95
18272 2646 73
53692 34389 18
9312 8110 14
42441 40434 10
3289 17774 58
24030 2976 9
50132 35733 3
10734 48019 41
21130 49750 100
26142 28837 19
58493 17643 56
4551 14656 53
31166 23741 35
43362 27426 28
53583 56858 39
22067 42167 22
3390 46966 10
22351 42436 6
46230 20758 92
22676 31132 50
13304 27231 36
16013 670 69
23993 54498 14
24107 13147 26
8828 29601 46
4265 45844 43
9928 46678 44
36226 56194 23
46487 58831 79
35079 26647 47
23417 58265 48
57184 47495 46
13187 59029 95
43100 27649 59
21704 8986 36
6678 59539 87
23037 3222 45
17318 23482 85
55344 25678 92
49874 83 22
5689 39153 79
676 9936 15
59408 33072 40
40784 20152 30
38232 13666 9
15779 44772 14
27602 28293 45
27631 2254 89
33530 42625 37
12877 17185 27
23269 22553 2
56136 7172 74
7991 18832 51
7999 55486 18
52992 31607 67
14710 3744 49
22587 59504 69
55196 19255 68
54997 9043 57
6519 36229 41
16874 35354 42
55137 34167 20
30467 38842 51
28850 22731 79
41024 4477 12
47942 28690 55
26628 867 16
28024 20543 43
24620 34599 22
12855 54431 52
29910 12367 85
15175 44052 93
21716 21007 42
17252 18065 93
33609 27651 11
59480 8613 89
38030 47813 79
51073 58841 63
48277 18386 53
48280 30166 90
8476 32018 59
18297 5646 44
8234 22130 52
43218 31537 61
5409 53162 25
37789 11569 5
33874 15778 80
19353 40506 16
27637 22786 37
13538 15356 51
53379 14502 37
58951 13287 36
11541 7575 13
33779 5065 84
19319 53823 95
50621 12673 44
59167 30632 80
762 19143 47
32381 56753 29
29044 22662 52
56350 56280 26
28677 36769 33
39776 3972 25
18528 53080 35
13704 2957 43
3574 27197 24
721 21685 5
30745 33208 26
25510 47058 30
54266 39424 66
58171 42020 57
54436 28540 21
37925 42093 91
43018 56132 96
612 17517 76
12264 21474 52
56835 26586 63
15203 18189 20
52846 318 90
40379 25138 41
1325 15183 65
24081 10676 87
29319 4721 75
14284 50700 22
25895 43078 47
38703 32963 4
28715 18553 16
23963 47736 96
8515 5382 52
9175 54395 43
18587 20567 51
49080 19257 47
4950 19033 97
18944 4964 2
44079 34137 29
53937 25290 67
48692 35624 5
17519 10425 57
10873 12744 14
43925 36173 81
45265 41590 9
28244 27797 48
44702 19360 67
15123 8616 81
25085 57432 41
5582 19808 79
33867 56182 17
31899 49632 64
56447 4571 78
55410 24580 90
48813 14074 19
43922 40789 54
50506 7839 90
47383 48170 14
5383 10972 13
45341 55823 95
46254 18337 15
4218 46132 1
9424 19865 33
19120 14273 21
33127 9854 85
9327 50741 15
11349 3708 70
3002 14059 94
18471 47875 74
516 24306 83
16769 3961 37
6905 58555 85
58050 29515 47
10466 34921 27
38036 3095 26
28901 58031 71
3940 31852 67
18598 36106 26
1080 40172 76
52641 53149 61
47241 33517 90
50263 2472 61
31142 18044 81
55864 5063 72
48818 21021 64
25114 49612 19
48547 25415 49
16793 23670 94
23686 50232 55
36698 24410 27
58837 2549 88
50580 42049 28
20652 27019 77
55594 54078 87
7816 50379 46
47657 47038 8
46729 9177 71
42895 42373 92
2464 16870 78
43436 9635 84
43739 45361 87
33721 32797 41
21353 49799 83
13926 21294 77
38956 26129 48
26245 10431 57
28308 48206 78
44228 54836 91
38095 50766 97
40955 8753 60
19194 2188 75
17860 44739 46
9071 16678 78
13269 20594 47
40927 15684 71
23723 47278 100
7785 15239 55
51154 13968 61
56 24360 3
17906 10304 32
20233 11758 81
36694 2623 16
54471 35837 38
51511 19436 25
57214 33234 68
29905 27018 12
45829 52966 75
48200 48716 44
48902 21111 77
45620 1593 64
48970 21537 1
32828 58513 63
28680 2092 100
50098 16289 35
37064 4215 100
57781 15379 93
5361 11186 9
25084 6882 29
58493 52678 7
16824 14371 44
5514 15167 6
4856 29700 48
49950 9364 40
37429 41585 28
39712 39458 54
47974 46818 51
15604 23438 85
8870 40245 42
22786 46222 76
5783 14308 76
53480 42376 3
12981 46118 47
4613 41571 8
52365 9246 72
33242 20675 97
43883 25850 56
28288 22992 43
36037 57373 11
43493 56636 42
10977 47710 78
49532 30224 15
49982 10173 74
40420 55952 8
38636 25234 17
8445 8673 30
13559 15903 62
40557 40859 79
29962 38008 9
6164 45991 85
44042 14376 8
53211 4156 15
41789 33471 29
21942 42021 44
48340 14508 40
47519 11250 68
8312 9889 13
18701 4775 15
45621 31262 8
59119 13351 18
41758 37988 74
15223 33643 89
972 11488 49
21211 42585 53
36494 28622 91
39981 11426 58
10203 22695 93
45796 15946 78
26303 6247 100
32749 34335 20
19278 1552 44
49291 33849 7
34140 40502 38
17121 3574 32
50450 53401 15
42772 24525 41
4860 22849 77
9473 32027 87
55023 54028 50
16946 2675 50
46615 18680 36
13233 51772 49
50400 42131 86
41951 41500 10
21549 49596 93
19168 37104 37
7392 47864 97
13460 50975 96
38597 54475 26
10351 11175 38
48180 24540 59
57598 37528 85
28810 49235 73
45232 10713 77
26076 24346 80
29006 41537 33
27750 2781 18
16179 54117 51
26606 4363 92
4882 58471 48
50672 38570 46
2486 28281 90
18269 13509 72
55120 28137 80
43269 47922 55
44019 56457 40
44765 1892 16
17051 39648 31
51487 18962 36
36069 34754 1
48918 8097 22
22756 25258 67
18888 4887 24
52197 58512 63
42719 25122 32
39056 37320 1
39131 36053 46
7678 40840 33
4346 39987 6
48874 53831 9
25 23899 37
14561 56049 52
14652 28301 40
39891 24074 14
23056 34113 71
16090 17578 69
33450 21674 30
29066 16140 96
33602 59554 50
49929 49055 12
37224 9850 15
37750 58168 30
12505 8230 51
55157 39494 32
53993 43205 83
3386 43926 94
9089 9915 1
51241 11925 1
8162 9737 39
29086 43443 89
57835 16062 61
23508 28718 99
13326 30898 60
20286 10125 2
39801 59563 81
26241 51801 34
52494 2121 36
52281 35860 47
14443 57323 90
12566 57388 81
46471 4022 15
33192 828 44
35227 22904 36
58421 10659 90
24171 16230 59
5442 51799 66
44609 44046 94
5479 16582 25
14043 46928 83
6595 28549 2
56776 18217 71
14335 15869 75
9580 43749 33
50300 59754 76
5899 44156 91
51149 39434 14
52089 44646 76
53740 46321 37
23745 53118 42
9192 38828 25
48940 16536 93
58004 52521 88
56193 32688 5
50896 29633 83
56651 27971 48
17068 9672 30
14216 56162 3
2987 18779 72
21644 57571 18
26814 29690 28
36051 52870 70
19564 23946 9
18442 45031 23
7706 31569 76
4254 16525 98
6558 44509 43
19917 30527 2
18345 6841 83
13965 12931 54
17238 6355 100
54611 40144 91
49370 52162 90
40908 50341 35
54233 35133 51
48587 27538 100
17474 54082 92
45460 28014 59
37624 55193 61
40351 26179 64
22057 22922 79
58827 47477 57
11065 36441 62
9973 1333 13
45947 46785 1
32955 49421 71
30277 48110 51
12336 31616 32
9173 53438 55
45145 50938 7
38396 12532 86
41060 23538 47
3401 22068 41
41032 13067 68
4976 52972 78
50345 41357 17
10671 6226 84
49166 22730 80
40501 21762 22
33590 3274 95
48952 13129 6
41217 33310 61
37841 57465 52
25357 7781 69
34654 55741 64
2667 10537 28
43605 56993 35
19052 41153 49
48881 52634 21
19342 20355 36
2628 41865 68
5399 35656 23
28595 59276 85
1111 4040 83
22856 5406 71
57220 14807 37
51649 14041 87
1126 7688 23
38405 9911 19
56681 45968 81
17445 15122 1
13191 43045 66
13156 18031 64
41085 19455 65
8467 10681 91
35729 13604 71
40598 31757 67
58002 28062 94
9748 34124 22
37088 10707 75
14201 41361 91
717 3779 3
20065 14816 83
894 17863 30
59460 31930 25
36759 49446 67
55530 13224 23
8270 38625 80
25598 36803 35
27678 22830 91
56497 70 30
33340 25306 74
25184 19068 68
4357 36903 20
54199 51739 61
28191 14065 5
36251 12568 35
22109 27438 20
11691 39068 13
40027 30574 82
26690 46668 67
19127 36561 48
17874 39202 22
35813 33947 92
31101 24908 21
20576 52102 53
31608 24926 90
57669 11322 58
36596 17813 6
41250 35399 22
47977 58950 83
51041 45339 95
16132 42271 40
30892 9559 39
2200 30990 12
26834 43258 50
58866 38185 73
35773 45617 32
51765 174 66
47316 37313 74
41328 30127 39
50925 58840 51
11999 40432 37
10324 45728 69
40596 39288 91
25808 5184 25
39657 13469 22
42938 58300 8
1175 34009 17
57286 9070 13
26435 24749 94
21551 4975 56
49079 31395 50
57101 21654 10
23304 45886 96
43383 28623 60
25497 20858 83
55584 11263 20
34577 43003 31
30786 27033 58
16846 19062 7
43976 55357 77
22235 55205 61
2740 3350 33
11308 56712 70
54126 5351 95
44307 16053 96
9220 18847 30
35976 55930 5
2446 45195 55
22018 16101 34
50564 29297 88
13459 5759 20
35773 40429 25
37717 5487 74
35793 6288 5
7033 24552 26
9394 39600 85
57120 16163 11
587 56106 73
35578 50861 69
54001 33483 21
9901 46136 30
45869 37614 69
7783 44052 38
24024 28269 96
38500 6068 13
53481 54189 70
35800 56339 33
15088 53255 99
38701 4904 86
48027 17644 42
50532 8147 30
47733 5587 15
8452 8259 23
17779 37480 70
5498 17442 18
35727 20425 8
57353 12279 61
17276 3165 2
9340 24557 9
40873 6318 65
43415 28659 57
48651 47638 96
53409 55103 56
6421 16421 96
58079 30143 76
54577 10543 90
21209 27986 3
51416 20993 17
4736 35129 4
30498 5786 68
50190 53598 52
25725 41562 38
23041 44010 2
19864 40238 64
13399 19773 23
24979 2666 56
56439 38573 26
52791 55870 88
3077 22607 50
58913 30460 82
48662 43893 86
17848 4438 20
25185 29113 54
959 19467 3
50431 14133 80
15925 21045 83
51550 5563 6
45394 31629 55
47181 17835 5
48971 56226 51
479 56549 55
39935 38455 26
25918 16971 98
33175 29539 55
11015 57612 26
10998 18015 52
31727 256 62
29329 56587 27
46934 11374 13
33775 54367 79
2170 28330 68
4110 12814 82
11972 394 28
54547 15439 75
19258 35559 24
29097 7789 94
499 35038 13
17644 34292 82
56001 12940 75
18777 37054 29
16543 29671 40
24149 15115 27
23053 36930 18
39159 57929 28
56323 36775 6
26803 15623 33
24141 11384 77
39313 13055 32
9994 2767 86
12753 40909 24
18040 8756 84
16728 57600 65
34748 11265 38
52858 9291 46
14080 57666 76
4328 12347 4
51015 37168 45
23805 40090 75
26688 49055 76
9096 12518 31
35905 48121 92
28775 33831 69
4865 34671 32
54102 13528 100
8366 1744 50
25383 46613 61
43819 3933 87
13778 6001 15
35527 25097 12
19840 54221 29
18574 4861 20
14073 12810 57
55971 10884 34
15803 21865 89
50105 21449 35
6284 58566 35
1718 51740 20
2795 8809 24
55699 50402 56
23403 46045 96
4087 11700 82
11444 3308 48
48946 36755 71
54805 3061 41
4667 20101 100
30303 33085 64
25303 26086 91
16492 12138 70
35838 38337 76
59538 36155 26
20361 54145 54
47556 9333 60
32482 7337 53
43717 6859 8
58942 29543 11
29337 39235 10
34139 27960 81
37343 17786 48
1083 8390 52
25763 36276 28
27501 57529 58
10875 35256 95
30906 39220 51
18685 32848 49
31062 25322 19
40276 22955 10
58552 35228 30
28178 55563 48
27399 11461 47
10514 55892 2
32764 56379 15
13251 37500 69
52686 59384 44
27656 24027 36
42302 51026 81
1772 39241 73
6612 51275 91
40896 46817 87
37876 38141 16
54090 24853 40
26121 26754 73
37465 27296 3
29469 17004 19
22603 56692 77
41506 49888 31
31680 29045 47
17504 30930 76
10188 15464 24
47399 37216 67
49695 54780 12
23150 23407 87
4211 43060 21
28294 23751 21
40602 27569 3
23927 30129 18
58309 3109 59
11795 51455 65
27498 8687 2
30357 7659 80
7379 19680 70
8844 44965 69
1014 22195 32
30759 2805 91
23777 38291 26
16147 44133 81
48786 25213 27
11932 12130 83
3321 49786 95
38094 3927 52
38434 56344 28
19449 46364 74
24760 19504 79
14825 45254 8
27142 36477 95
56747 10164 82
20512 22826 79
26596 48500 58
20742 28739 74
27202 49804 29
46850 58553 81
44654 59070 35
29485 36948 95
5669 56150 55
46300 51112 75
5911 49412 23
45503 5107 9
11694 36765 14
15337 28870 34
59835 11250 94
1075 22180 55
29592 45311 38
36219 38118 96
23257 4289 77
26044 16595 54
12879 47683 52
120 7447 55
59072 5681 83
39776 41290 72
15168 39702 97
11568 28598 85
15085 39437 83
32281 28104 16
48092 46062 20
33557 46065 63
47394 47371 81
47055 7323 16
51493 18996 4
27805 30733 4
59025 57477 4
3276 47149 99
10389 33768 3
10805 33422 88
7003 30061 51
11437 24675 76
26562 52557 78
8858 39062 49
16525 41520 91
54109 45580 95
46191 17897 85
43053 23378 21
49814 25384 65
57917 12942 79
21272 52498 23
53177 51220 2
20051 40481 39
39030 8957 76
44580 50083 91
17587 9704 34
13965 28105 2
15933 9242 2
59911 13194 89
1856 43249 58
52825 2372 93
37125 16883 72
35582 34814 91
4374 7934 52
6418 40489 90
43556 45053 68
39249 47727 57
55181 10612 61
22877 22347 90
58725 57343 60
6175 59311 26
2285 12137 86
36604 6633 74
59904 9812 98
23656 51010 57
41903 16318 11
33544 47822 38
12787 6842 94
12184 8754 8
7656 55993 93
34876 42234 90
23289 49975 9
11956 26722 32
25004 30540 53
33394 30888 41
2245 32572 88
58527 5050 70
32658 3622 41
4054 4980 27
22233 9924 4
51853 12320 46
54741 7280 49
24966 6939 83
44556 43310 77
29835 24454 85
4288 43557 87
33346 57367 5
54265 50585 100
36962 12942 64
3747 31445 16
28756 34319 96
43290 17612 77
37427 29493 8
41817 11756 35
9754 51080 32
1908 32808 44
15578 55927 7
18641 28291 12
35464 28629 12
27163 48751 36
55347 22368 60
3663 6117 19
10687 49378 12
49678 34147 73
43867 8734 88
50280 27805 35
26078 45163 69
43203 51014 44
58612 34201 7
845 31414 90
14664 46159 57
55392 35979 90
2878 36212 3
40470 54347 96
49993 42218 86
35204 6578 65
11228 40762 69
45417 26809 27
37661 39192 31
7963 57637 48
1893 12777 18
15604 13583 51
52856 22746 40
25866 9931 68
23845 37471 97
22725 26152 49
47623 30890 28
43150 46974 42
49839 7348 80
23108 15540 61
16703 50654 53
15149 58519 56
17998 21700 88
22745 17834 79
23297 52275 83
33894 31779 53
48315 1195 36
52133 53124 82
53241 2171 30
29807 18709 68
23198 23328 81
56588 8215 23
56294 20971 44
15268 29333 10
46590 48335 25
35129 41796 19
30698 46888 29
58609 54044 57
585 31832 64
50325 28073 38
51454 40254 74
49086 49707 73
10952 1815 62
25891 1851 87
43720 52340 5
51682 3575 50
59695 12281 4
16610 4046 14
57633 57316 38
22888 6704 93
17541 51997 13
26706 47883 37
57216 9624 53
56555 27744 39
22379 55227 56
34517 40869 45
44792 24532 73
5923 46581 28
28793 53011 60
42995 49584 31
34968 3273 48
53961 18306 52
42721 48696 48
57264 26969 50
48296 52252 67
24292 5158 21
27858 7049 8
29233 32906 20
137 57246 85
17514 14370 34
55709 15682 59
37146 24832 11
48336 36214 27
20171 12685 28
58808 34190 53
5250 58317 17
18102 8278 89
24313 37197 21
23354 40468 7
35984 30089 13
49302 23377 25
27825 21635 52
33259 25550 78
56603 5645 19
23791 15125 30
4355 57389 29
43571 17284 68
40711 36832 95
12288 2490 20
18375 55662 90
34145 6071 95
3338 19374 58
38475 42609 92
47192 16395 22
40604 42094 2
26939 50700 69
18905 1741 5
31953 10559 6
39955 15173 85
49690 8094 26
51471 49379 100
18793 49193 66
7502 46919 20
30821 33314 24
35880 8502 47
25432 9690 54
54824 40248 36
39288 4565 19
43185 20026 80
24142 10258 42
41449 43335 45
49401 32142 36
37314 48872 3
36062 54447 42
36139 25725 46
2208 43068 63
20149 7256 52
9465 37283 92
37594 12220 18
16336 6517 94
14017 55121 24
58331 50095 95
32031 12205 1
36373 13303 85
59819 39851 64
48653 49379 39
48006 55390 82
42315 40864 54
36764 4952 97
12945 16637 20
27583 53752 94
43972 26212 16
14520 51585 2
28886 39361 93
54043 421 80
3408 10825 39
52173 35138 9
13284 57071 34
57790 32898 92
10550 28781 50
56480 2252 46
1973 3417 88
25480 19052 100
40117 30773 69
41786 56340 47
50297 54220 16
33241 16258 61
22749 25685 40
13263 32044 65
4151 14105 14
35589 54761 4
56137 45607 34
54630 18857 83
41963 14342 41
6150 27015 40
3020 24199 19
43351 16941 99
1496 32134 97
56198 31685 42
38225 4296 83
4349 38919 36
54306 51269 1
52559 47066 88
1817 58997 42
18548 48205 10
16775 445 78
58991 25845 71
58553 14328 44
29774 8853 34
52471 26595 31
6608 2563 3
6501 23422 38
13906 38811 23
50719 10589 21
46815 49041 8
1884 12058 25
11141 15184 63
23819 25589 28
11829 54083 22
50676 25533 86
56909 15194 36
19624 15176 81
59884 52462 82
58075 51837 3
46368 56002 33
5000 27780 85
34378 57974 35
6720 11199 64
15153 20199 91
23133 20129 59
52557 43092 72
38430 48861 20
50919 20831 51
19363 3812 6
6634 44694 81
13365 11112 15
34508 12511 14
33473 42923 38
47128 16576 7
38727 46132 6
2526 14401 36
9405 9364 71
53745 52656 29
39668 40904 82
7828 33370 6
29141 50956 72
21626 35987 20
57966 31057 100
5456 56755 50
23871 45999 49
51795 17630 64
48242 4851 46
55623 29414 42
48103 30283 77
13301 56650 53
29901 44966 91
54893 27603 91
10348 58861 23
27939 9766 13
13292 50241 99
18842 39432 31
2610 32021 62
43726 1198 94
22506 40140 33
53656 3774 17
22279 2096 25
27189 9941 41
43122 34758 31
35927 512 93
24754 36158 53
9474 47379 83
44133 47808 52
44248 47454 41
30837 11873 85
40134 35541 72
9285 57926 37
6457 56002 48
26561 19106 81
18583 5025 14
45332 2442 9
43524 30903 98
20960 51643 82
55953 58729 23
51174 12993 16
50668 4833 76
55300 48554 16
48083 40877 24
42341 43541 11
5369 44770 71
11903 48887 86
54256 51826 52
1043 33273 22
30728 5058 84
2686 11305 15
37785 6993 58
8009 36828 40
55663 20219 42
37659 56843 27
12909 18892 27
15472 53056 70
42025 40865 37
33114 3332 79
5288 48390 8
22429 12849 30
19002 382 70
28535 38303 96
44667 52150 45
23965 7755 77
13225 50855 75
50112 39934 58
34582 55446 3
26868 42198 96
35243 18108 78
44090 35063 62
24343 4690 8
26558 26147 92
50183 35695 28
19290 14633 2
27048 18116 69
21681 55479 67
52665 35850 71
24156 31430 17
34627 16842 10
4188 18035 23
46623 7886 20
39649 1506 25
18492 51726 26
6640 705 31
39255 19993 89
41822 56855 47
24925 40921 16
14983 53833 67
9031 16460 13
57606 36126 44
26025 26954 83
34660 14845 45
58994 39597 98
14818 9009 36
10914 4585 53
55007 44914 71
36001 9593 91
29436 35124 44
43260 32022 68
26449 26613 57
7842 45087 47
19978 22752 52
29607 31730 73
31363 10793 25
29164 53185 98
48090 13999 37
43642 3057 76
7630 17648 65
4971 47073 25
38985 53083 41
38601 37636 82
41855 46708 19
19169 14975 72
22687 41793 59
38894 25648 93
859 56220 38
14171 23813 86
8511 17776 45
11190 8213 81
43288 13967 10
37020 47164 72
141 33372 9
32932 38131 52
50127 10818 11
11533 4131 46
33520 48003 87
2202 36693 94
55975 25573 5
52034 1419 68
30142 16893 69
8195 17623 95
39006 13867 62
3848 34862 70
11849 52623 38
37657 41990 56
24705 37258 24
45290 51625 61
34802 55872 23
19362 11204 92
14759 36394 74
38897 24732 44
12948 49362 5
31119 54597 71
1756 20955 42
22743 8921 35
41704 17706 50
14774 49797 60
19185 42163 28
21809 42165 72
20927 42787 12
21104 1699 26
1780 39595 60
53155 35755 82
18914 25665 20
9307 18200 88
26126 29306 78
50249 30576 51
53579 10716 17
43324 15807 74
10305 4829 34
38794 37828 49
6358 24730 20
4024 34408 21
33432 6918 42
51791 14717 59
50671 54247 1
55283 27257 65
14538 13851 36
41667 9003 20
17234 15856 59
5750 44352 10
16589 42753 64
16584 29701 28
36514 25365 17
1873 10563 66
41579 2516 99
47014 35404 97
11977 5633 30
13203 41413 2
58861 52404 34
31557 34389 26
58540 9534 45
52549 1492 6
44874 52142 35
50254 29755 5
2010 59513 23
41995 51151 54
44063 48533 6
12278 58103 95
14423 56771 42
32489 21643 3
39533 28739 64
4604 44508 97
15608 35089 52
18114 42294 50
8064 3939 76
23180 57658 99
48364 56600 85
41840 16670 92
39495 57358 8
419 32689 16
51211 54867 47
44832 37468 75
53664 16787 44
4620 2975 95
13587 42188 49
23122 14045 80
19663 22945 74
20579 8214 100
14154 35553 81
6305 53448 10
38575 41560 24
25417 2980 37
25329 30945 89
551 21262 54
12438 2103 20
11879 21452 87
45520 45690 48
47459 14170 76
55987 48453 17
39424 38643 84
12111 38318 25
21070 49979 76
38147 24287 27
16105 7009 54
59882 13173 6
49423 45938 16
42530 35769 55
28578 57097 32
32023 9271 48
37171 18597 5
2434 7519 42
21483 21343 55
31379 29089 45
26170 278 30
16466 8930 53
45927 12342 100
46707 29467 53
57972 51285 9
48870 28758 99
26984 50482 13
20163 416 20
1967 22734 17
2960 24992 13
22099 40339 23
9933 40489 36
54362 54817 72
7548 24637 52
35308 47375 32
21135 51700 72
56882 40233 53
11345 2808 62
6699 37151 56
55420 47849 39
8608 44297 84
52100 9729 28
20892 21746 6
26701 34749 62
10215 4342 74
40591 15350 99
23006 50808 88
12736 16131 79
53886 34471 90
2010 43137 73
23049 8052 35
52389 50982 67
59251 30880 31
21234 4914 81
11743 17047 1
30267 28892 97
31713 16538 57
55401 18439 62
30137 6615 21
58011 52408 35
30627 27848 7
55695 17686 41
31685 18033 80
55773 35378 91
45025 53709 45
7295 16817 45
49316 37334 48
55735 44472 98
49259 52083 30
43338 44613 26
37158 29785 66
37159 57309 84
373 12649 48
36984 12007 84
4622 47407 6
27242 28393 54
17290 20010 57
8766 4173 73
43020 45283 99
46763 25746 16
4359 49268 1
1640 9156 23
10293 16238 74
57753 8775 54
9790 10834 91
9119 39341 94
36331 48761 44
35458 57681 43
19649 46789 31
17580 14839 64
29568 42352 25
2569 53457 26
38024 51098 69
16532 2299 73
29996 38654 50
2863 40348 26
41533 14814 68
37328 56009 36
48971 44986 84
21437 11338 62
19314 25746 98
38511 57709 78
42495 5313 58
6261 37835 87
29549 40092 95
43871 38218 67
37334 41920 44
47538 50351 10
43943 31278 41
10300 6999 41
19014 44700 93
47506 40841 31
20224 52380 43
55586 30158 76
16213 20375 81
52041 48273 48
29463 50452 74
40098 3589 55
7044 16808 8
3075 21759 6
26399 56564 22
31837 19538 100
26520 14958 12
25906 23020 27
8534 59198 94
14956 53447 24
32651 6728 57
4293 30914 39
59318 5509 23
37992 31930 17
21056 20013 42
9035 25314 94
9525 52727 11
2 46561 22
49706 1469 34
34903 27406 30
40790 15338 80
6930 29410 2
23409 55673 61
25849 48262 69
42757 19710 77
25959 58640 14
42662 19944 59
51896 42399 18
31489 29047 90
40671 40702 18
45523 53069 30
14891 47415 16
1942 45764 35
59513 15947 99
7847 15344 28
42610 52948 28
49746 10592 84
10107 6276 14
18139 41101 55
45266 22941 99
43283 51156 8
34277 43341 10
11839 28897 97
23771 31516 78
3515 43680 22
36440 29780 14
23767 42279 88
50234 38876 40
10104 46455 53
7201 2629 18
54385 9401 60
10917 35480 96
50390 28501 46
2264 48730 59
37895 25258 51
49959 9229 65
35593 3725 51
47962 46188 50
18530 44070 60
22001 41457 39
36930 57596 29
4401 26702 55
16413 53279 19
54178 20822 56
28723 44747 98
2204 39986 71
31647 3808 87
9456 16591 71
36216 53717 39
16537 27619 6
38498 25302 66
14741 48504 39
48272 47157 98
47072 7346 26
34566 56052 51
58795 37978 15
45487 35508 57
21206 31491 47
58966 34635 92
51563 37591 42
23432 54688 20
48877 12080 4
36585 675 10
36006 13860 70
43759 26539 27
7479 41250 72
51057 29342 20
19061 18729 18
4705 43937 71
19759 42074 54
53957 17818 50
15084 48021 86
15278 35446 2
16584 29756 63
36012 33704 46
56449 42384 90
55037 23799 44
58443 25707 73
56520 38176 70
9264 7299 65
21845 13603 19
59876 56958 13
47520 6566 97
37766 44266 85
59807 27982 66
19935 1012 16
2106 16869 35
29380 29713 56
53481 59501 100
54363 19630 33
38592 17152 85
13651 34668 71
35391 58587 47
28605 50852 97
47192 13936 50
41838 18590 64
23849 18885 42
24633 9373 25
47616 30652 61
15093 16343 51
10363 46417 2
14607 5220 8
5060 25712 92
33164 25418 100
31707 38383 31
31436 59336 64
49778 18475 25
3020 22669 21
13691 36503 16
57533 2363 89
7976 8891 24
45773 5408 34
26651 55598 3
20981 22531 62
48516 19083 92
43000 34636 11
16899 44404 16
31175 43706 6
54949 1559 32
28010 13439 78
47542 24170 46
50734 34276 29
22645 14075 47
26072 32697 27
1592 52439 57
11941 35201 56
21631 18132 19
56864 25513 58
46424 44092 75
34083 51607 10
58526 51942 37
7413 48004 93
56934 44249 97
48764 43860 72
5595 39189 65
18296 47516 49
41960 14988 81
33870 59132 20
40779 26940 25
661 22819 13
21397 1557 29
30372 32995 38
23474 9761 66
54093 38849 98
42048 7275 27
14950 37232 16
14422 8160 52
23461 57414 2
18369 5237 50
30317 8849 15
13688 50749 84
35216 55047 57
355 22780 91
23302 4590 49
35982 12374 4
15834 6035 63
7445 15884 36
22373 26484 8
2809 25162 50
15294 44738 100
18560 4287 66
35706 58246 70
16534 41580 35
10452 42495 66
24304 18568 9
33632 37017 80
48380 42178 3
5440 45157 82
27632 42158 13
51887 37311 34
58916 47152 19
53240 25656 23
58908 43850 54
55197 15406 8
3079 46118 35
15418 31276 50
52199 27359 18
56156 16677 22
1756 39150 3
23969 49821 39
28138 27878 54
21915 6921 28
45812 1087 22
40291 50427 37
59376 29434 54
12624 58066 30
59848 50403 39
15105 15335 69
31565 1472 84
20027 53907 80
50273 55520 52
52534 18004 36
4970 27555 49
55996 14835 14
23943 47217 96
59522 19894 10
5734 36076 31
51571 55705 61
28807 29782 55
4855 17100 55
19341 1585 6
56238 28483 13
12623 48379 92
56394 16654 7
54933 4680 10
15991 35662 37
47412 31815 11
10746 21822 8
33800 3734 46
34585 55050 63
2552 39755 83
31678 47137 98
58480 18416 15
46302 9850 44
51536 33815 21
30913 50035 98
58770 20387 76
40319 7652 66
8216 53228 19
50289 59696 18
13557 6650 76
32053 41705 79
21227 54032 55
3508 45983 12
29776 32906 66
8025 36268 85
49187 13294 49
14138 26290 13
43673 33802 67
39303 54685 35
23140 34503 66
43268 28905 67
15287 25679 83
30064 18625 86
13943 2534 18
48552 20968 50
21232 13334 70
59717 52437 8
24376 25760 52
4332 20318 20
53797 31111 64
13114 20572 100
18713 56430 12
44457 12047 16
58664 8402 87
10646 38070 43
56303 12696 53
19979 14326 98
37156 41558 1
5363 19429 9
5962 43137 32
7596 4510 23
12818 16030 77
32512 48772 36
45901 38845 36
29079 8922 13
767 3048 92
18511 44680 11
45013 44334 93
54501 4053 95
8455 33374 30
17579 52517 48
37354 37346 75
59301 4044 90
24377 36695 85
44237 36725 69
55044 46882 21
53648 23060 46
5491 17842 84
35479 53195 78
22231 52442 100
43808 50947 23
23058 20315 14
19542 57015 83
15627 55837 71
13565 22719 54
5037 56708 14
18802 53048 71
51003 45024 91
34235 23524 38
7349 17378 34
36660 17560 50
53223 55779 17
36554 34382 42
13558 12819 80
55349 25060 36
38721 38830 29
35597 14679 23
6975 41806 25
40633 2813 8
41259 25025 83
57388 9139 65
45284 59555 81
57094 45565 27
34474 14730 27
49553 13531 77
59254 40916 15
54663 20487 38
56279 52949 75
31411 12503 35
34515 25706 39
55011 53054 85
7099 4340 3
41224 13259 82
46569 10826 2
34980 41666 84
21150 31422 63
33762 1075 48
42502 27025 31
52778 42022 47
51327 54757 14
14597 13813 14
5175 14001 77
29804 53906 16
30693 51408 96
50111 52725 59
47791 41495 29
16961 25836 11
27485 9990 66
32931 42789 84
52205 47326 19
48560 5068 82
23694 39175 67
15712 3101 59
54143 11035 67
39010 45124 25
25930 17258 37
54936 15890 45
11380 54600 82
21346 55503 87
41200 56623 31
43139 53749 18
55898 31216 8
46692 7041 99
495 55393 39
28740 24412 59
14108 45433 62
12966 28309 43
52880 10843 52
56979 45659 92
9187 57694 59
9377 24496 56
8879 54711 29
22165 39701 3
51641 22950 36
54346 49791 29
45957 44375 48
18613 12292 75
55267 11214 66
41280 34158 4
17503 42893 9
50375 32702 79
58575 15206 81
54381 1605 23
50810 8767 41
35385 18615 29
46872 10110 99
37553 53853 86
11056 6815 51
38641 2061 13
55544 17703 43
35799 8303 58
48685 6243 38
9263 37664 37
32519 24551 65
28088 1573 81
7472 3203 26
12858 47359 7
30413 2318 23
56926 19898 69
48271 2598 72
6851 14742 48
41712 15834 61
15572 11231 22
34610 58787 29
10878 1426 31
35010 40070 79
16164 52420 26
42802 38564 46
35008 54159 19
48777 13652 74
30855 18065 71
43395 14094 54
39522 45607 73
23462 55957 94
21445 14352 34
36455 5142 40
29089 2065 80
52700 27039 40
48642 30794 14
42822 51686 55
5036 25450 71
29216 30448 25
39730 27155 20
38867 38793 55
12650 41394 39
51677 8097 28
48225 47808 20
2963 10628 19
48126 17997 60
25972 31092 85
41265 24415 12
48398 16328 17
25806 2783 97
49330 38296 68
5019 6487 7
21024 8110 16
22137 54747 38
21767 52956 58
59247 10526 22
49626 38572 9
1532 29617 68
54058 28745 38
58697 42660 72
31223 51185 81
52070 52538 42
45157 16626 77
14310 6050 77
51719 17820 70
53531 23370 12
8793 25708 16
26588 53488 68
28324 31176 85
5071 5475 53
56648 20153 87
34458 13628 17
23125 9536 79
5977 23548 87
42879 2837 83
39524 47846 100
1423 30661 52
45399 38315 26
15864 2708 65
57824 46285 22
12131 58244 76
44146 43608 85
56893 974 23
42485 58956 73
58019 16701 21
157 31891 67
36554 44986 61
44314 50655 98
23696 48976 25
4459 56549 33
25899 3212 24
5756 12909 79
9298 10621 29
41644 30175 48
22427 43556 56
22560 56163 6
30204 12434 42
26003 21244 10
29121 51063 32
42581 17233 88
674 40816 28
13570 59707 49
28749 29986 12
55950 44854 61
33103 4693 59
57187 18987 12
51886 58857 17
21662 42599 71
6821 55800 98
7753 10934 88
51375 33507 86
11873 40629 34
23653 12225 97
34417 34445 72
41020 2086 54
55378 54241 95
55835 54006 92
44621 8912 98
43733 26625 19
32593 31313 46
58279 37940 59
29837 51903 10
30946 52263 67
44000 26575 45
27764 47781 41
29589 37888 48
24813 41061 36
5297 40325 28
1621 18491 93
10837 25761 36
21446 20998 10
48767 18260 84
59503 24051 61
5953 52877 79
23057 38801 30
50311 9904 11
27250 48775 36
51126 15399 53
6084 6127 98
7252 48397 76
22396 36364 86
26316 49264 43
47632 45288 66
21036 19986 91
11860 23254 27
51646 41830 95
25693 624 18
32699 42113 80
44631 14737 31
20276 56890 76
37912 6726 49
47991 25575 96
36563 7550 24
41001 29255 62
35306 20724 83
4182 6188 56
8088 51848 11
37795 26545 30
29199 7811 16
28098 34820 30
12911 8228 15
59087 13145 85
13253 31819 87
110 36588 85
42350 36954 63
25297 4027 97
24281 13840 60
48609 12016 51
9989 44076 72
34636 18086 47
19289 908 62
24857 59816 50
54312 27368 19
12896 32516 27
3100 8486 1
44113 2152 68
25232 2493 99
15130 2593 81
39778 15206 14
38283 58509 31
12412 8938 67
10563 52026 8
15394 44031 7
17235 44584 38
32182 15845 17
51073 3329 95
35933 26294 68
58088 13848 51
33992 53545 29
1065 39019 84
23030 5777 3
32627 24274 87
44711 3101 69
37904 48049 28
59149 6987 71
58753 15280 22
12501 29634 2
46834 18360 45
11902 47774 97
47016 38598 29
13973 43325 65
18073 29273 69
6422 29708 46
34798 25001 23
26990 32035 40
8364 42832 22
16829 45301 63
12486 29513 7
3556 27611 19
9290 53123 97
30116 17557 22
56017 56928 68
23402 30641 81
5550 57664 49
19196 46366 30
28609 6896 98
9126 35203 54
26539 42956 89
13018 6791 71
37785 35418 31
13400 30541 57
23413 11104 49
50377 3724 2
29878 52182 62
36876 6121 62
20709 20849 67
49629 6485 89
9758 41584 76
1254 41431 86
57772 35391 2
15535 54019 86
19486 37423 24
51351 28122 2
33812 14948 95
54080 5825 74
14332 5291 20
26609 16691 29
30295 11500 73
24151 52086 62
55353 33325 29
42686 6971 94
24377 57784 4
4611 3936 58
30513 34065 70
31674 36105 90
55069 54268 81
47220 30500 8
24898 55867 100
49855 25057 76
8427 7290 55
19691 51657 80
38934 50551 34
31183 3693 3
15311 53259 93
8069 32538 79
2780 37356 61
19628 32511 66
5942 224 86
54040 18745 35
6313 22413 47
54507 21015 27
50393 30738 72
34509 30887 21
54810 9250 89
23913 26740 88
28249 28924 9
52436 25920 42
23429 27901 51
11309 48912 24
54503 51397 34
46381 56607 74
3636 46707 84
29610 41556 71
58332 30390 51
21718 34457 45
43711 43754 61
30397 6552 94
25913 46543 11
22397 35914 74
58391 37685 84
5607 29876 83
50028 38615 12
29385 2690 17
39483 38174 41
45782 6451 20
14873 37755 16
4650 50146 5
18226 11390 93
12248 33563 92
57017 44168 8
49151 17401 97
55825 39388 10
46268 40825 78
7412 51108 94
44139 39674 74
52835 48560 23
37806 41578 45
38089 38413 97
20606 3264 35
49523 9185 10
12192 52543 84
28171 40326 97
27239 46750 33
37442 21282 73
15520 34179 33
21621 11460 66
51814 46247 42
12679 30108 3
34007 30935 76
4206 23360 66
45290 15910 5
7622 37110 14
34004 12883 97
22003 58378 32
2057 27595 44
12611 8128 75
2821 11365 93
38491 24148 23
6900 20055 79
8614 54794 25
44523 30307 56
14040 48948 45
58524 15753 68
375 17401 25
20778 39178 75
13437 6675 80
56590 7733 92
48483 13493 53
36825 40834 34
54688 108 65
12870 24316 57
35936 22012 19
52393 52366 91
46074 1487 47
20669 59275 41
52012 1177 87
57755 51886 51
37905 40915 57
53643 58411 76
50907 47551 5
35596 23892 19
22773 54774 25
18092 33885 38
42938 50614 21
43131 16847 59
10131 26977 28
47500 57211 26
44393 7912 99
56930 52063 93
20464 11797 71
42863 47173 31
15924 24489 65
36707 47478 6
53048 19409 7
57455 31165 14
59864 45201 4
10826 43695 62
10869 32369 46
52003 38459 42
33839 35140 84
18683 46393 24
17989 10937 34
58373 49693 52
42998 10151 50
28859 12299 48
50763 49110 81
46891 16175 82
56807 39182 33
38479 54922 53
44060 10564 55
3415 33379 91
43669 12104 74
16669 24029 35
2962 15443 72
11663 50738 32
37665 48629 53
47286 19834 82
45988 55902 20
58172 34390 57
36317 1157 76
17456 12439 50
18318 16880 81
13870 54217 34
19999 1159 72
11268 16542 91
35315 50357 83
51371 13568 45
14176 37365 64
45055 44378 77
52964 51473 91
42968 52641 43
54570 56178 20
35735 3393 82
29766 29368 80
18771 49087 42
41682 45010 90
26438 50074 31
26188 25051 78
23754 8814 16
44387 16895 30
42988 18844 14
57030 59033 99
2487 10885 98
35831 53550 75
21178 2642 36
45611 47919 53
19933 3745 92
12070 44017 64
18681 21973 25
4657 14610 88
56311 14441 61
18622 14653 9
53838 31895 89
11946 1292 46
45251 43066 77
24355 4217 54
47125 59082 40
58283 5630 17
40972 23312 50
4716 24999 2
50611 30162 47
5901 13872 10
16989 22842 52
5495 33702 62
27176 49683 27
28263 55286 57
16932 18368 43
13493 27680 72
23206 5652 12
45677 59626 3
26275 8405 44
37936 50224 66
975 27709 57
9178 34555 98
37376 12302 58
9593 28528 89
43814 32581 24
23670 9643 4
25567 29522 54
1742 6696 86
43150 42738 57
23241 32232 81
55533 543 79
34296 25329 38
5101 54279 92
55717 58877 54
59516 30674 56
59010 50547 2
41164 54717 28
12898 56047 51
14565 23038 13
7444 36576 15
49 18828 60
6327 24048 23
34446 28649 66
18267 58162 57
26292 35631 31
12465 57328 6
48490 5991 74
37625 37234 82
58135 30263 63
9420 30375 51
49506 26035 3
5655 6837 37
19903 53384 92
40320 8316 76
34398 59558 34
42986 2897 51
44697 38983 57
14817 24032 6
912 2000 97
50085 13615 14
5365 7121 59
9146 14808 72
3202 35272 80
46493 25023 85
28153 53417 43
4562 20959 78
43940 29970 52
1733 17257 6
16722 51667 31
35685 4351 39
37002 9176 23
28262 31063 65
34688 44178 78
35403 16432 92
17344 38277 53
10252 54134 7
29508 58666 65
41849 32346 87
47464 49552 37
97 12869 30
15466 42101 7
52133 14826 54
1242 8756 58
9857 34361 7
46228 36111 49
51813 54077 93
51913 35364 22
37733 53694 68
11420 9176 15
6217 51585 96
50496 10506 74
582 38237 49
53465 36589 81
48778 56740 70
41948 40223 6
45999 40524 61
664 28802 49
40605 37018 72
48035 28362 18
41821 40202 89
3767 20449 50
33692 45189 2
34511 29224 76
16006 26228 17
4181 24900 44
3678 21736 95
49273 57759 44
30101 1791 46
7915 39141 88
7304 19612 77
2184 44820 83
33443 57087 22
22127 4367 14
46400 39216 25
19273 5061 52
7542 31578 24
37883 11677 69
28354 40786 97
2043 34534 34
56325 20821 36
50823 15090 24
40194 45214 70
47797 43205 72
13892 25240 37
57650 10960 62
13602 51844 100
43153 13805 45
40789 16157 100
3318 40239 29
21349 47827 34
33341 21348 33
50237 17990 36
26128 22916 78
52597 40946 97
18817 29064 30
52325 18524 14
52209 54361 54
55295 20904 23
34288 42892 94
41082 36544 24
38006 24128 50
30714 18640 82
15786 36630 27
31493 54988 29
35705 25572 94
19353 59036 56
54191 25088 64
12730 50898 13
17032 12221 68
54007 51033 7
36615 46646 59
17374 41342 54
48748 46371 55
6463 48000 13
47518 44979 33
37773 4072 88
55463 36288 70
30097 44790 22
74 31780 26
58179 338 51
25854 1840 91
11975 47988 38
58119 34911 26
42338 18090 18
33998 32007 2
34032 53413 83
53825 19994 58
46279 44977 95
9282 44598 18
49972 12914 53
31717 27639 33
50068 56915 2
16021 10951 17
17646 36039 88
8148 10188 10
1295 52479 18
30770 15151 97
25522 47998 98
11856 15838 46
12183 49906 82
38980 12879 20
44483 8482 40
1282 196 46
54228 40866 54
49995 41384 50
8831 2839 75
45809 16798 72
5736 15098 77
13983 8420 59
59224 36567 35
51055 21638 43
26136 8718 89
21113 32132 97
41809 10565 31
57168 58108 62
42611 30508 56
5912 15708 98
59713 8936 41
44810 11056 2
8057 26715 17
59407 53328 38
10294 26403 96
59157 51648 78
51217 57459 92
38767 50619 73
10355 9689 66
6997 59024 42
52585 24191 78
17102 58246 50
37093 44399 60
36729 24729 67
12710 10650 33
47835 43061 83
52158 56133 68
12132 14016 80
34985 23017 43
15375 26077 92
33312 49348 97
27010 6112 85
47809 49354 50
30436 20041 30
58340 39144 76
43932 54312 95
12728 42301 93
24106 28146 38
15468 45734 9
54937 37555 52
31864 58294 74
7520 44609 93
18463 58885 94
13656 13504 56
49056 47299 3
29659 34583 4
2217 20885 8
20800 3629 84
31159 10727 43
17157 28829 96
8894 3886 60
10717 55926 53
33703 55338 28
27643 58323 64
17760 14365 100
38470 26515 53
34740 2728 27
20860 55982 12
2216 35381 41
17027 7661 80
58534 25785 33
12278 1624 9
18053 46640 96
48980 13418 19
15080 32282 20
52145 9659 56
53640 55405 95
591 16639 78
54534 4564 44
16054 4018 7
55921 45256 59
28720 36244 61
45323 11378 70
50950 6005 80
6390 25961 55
23455 2585 12
23415 38935 3
50321 31121 95
49793 30731 30
18032 12711 53
26674 33042 70
13823 36509 66
37154 8386 36
56884 28783 13
6559 32420 97
8285 52843 80
28751 797 82
11805 4540 1
52852 56798 70
41229 51100 28
24743 20971 87
23682 44033 45
36636 16795 66
40847 7615 79
20594 7162 15
47052 22852 99
24033 5817 4
3969 25453 53
45141 51257 49
51634 47264 1
1001 21395 40
32266 37475 32
4612 18242 77
16892 22879 88
13808 46967 62
59600 23408 65
22366 45953 4
36634 11826 58
48521 36344 13
4379 29416 49
50909 23455 96
6436 5547 94
23159 26202 13
8203 10355 93
4075 39779 67
44152 837 7
38764 26803 18
8950 51286 80
17585 46895 95
20194 46512 48
6624 24643 58
38746 33976 79
46904 29125 67
14782 16227 75
42818 17860 35
31877 32538 24
5328 53276 62
37026 43995 80
16645 41428 99
31232 53681 93
15204 22801 22
22755 29734 99
19670 8546 86
57411 26852 17
32177 29111 5
12497 17839 25
7138 11720 54
10641 5796 92
12856 44492 41
28582 6548 72
12074 34866 61
42413 49189 37
42714 3288 29
48250 28160 91
11385 37166 8
28587 18560 31
34342 35438 8
14314 6235 41
3522 19185 32
33917 38882 45
21077 46887 10
32790 28172 26
25881 37815 93
1180 27154 94
26943 52172 36
35103 13585 67
52805 31511 1
35895 14540 19
34986 9237 49
51231 2796 82
56672 36335 61
57135 40279 93
36772 6521 14
58680 40234 57
49292 52163 63
40062 56010 3
43702 8916 44
32400 33229 1
22091 1184 3
10880 25620 71
30829 20275 23
50277 31875 82
10261 40457 76
48278 32074 13
48604 24566 52
50691 22585 5
30642 2912 57
21732 39290 46
56695 220 32
25666 10845 10
32031 30604 95
33248 58405 90
9291 29571 43
1027 38333 97
15164 32326 46
46766 16923 1
33459 13836 96
41907 11927 27
43220 51407 82
12057 45377 39
7283 14158 90
38273 37825 4
45931 57644 14
5480 41874 24
642 16051 76
19868 31061 42
37488 15793 24
1278 48337 67
5544 51383 51
15672 56321 38
15574 46255 90
22654 53585 100
25142 17876 3
20589 20033 6
11155 34878 43
12217 33435 87
51456 28883 14
3220 20266 28
56158 29891 92
54186 25556 76
45033 56501 11
299 29030 99
51935 5540 24
23880 4965 74
26276 48667 10
21668 9892 11
3118 59522 32
53051 6797 70
21820 38492 76
38838 7034 56
43894 1686 79
431 12679 72
36296 36957 35
59711 31494 81
16816 33355 79
46597 8630 91
42329 10283 13
33537 3563 73
7001 54826 38
56753 19317 21
20298 58793 91
15933 7181 75
4033 45302 53
32446 41417 1
867 18939 5
23366 58520 30
41513 28000 63
7504 56733 33
54644 19303 51
40649 32531 21
38360 49324 84
49105 34120 91
25193 38421 4
38862 38530 53
25413 15029 38
38806 21287 70
20949 26353 67
51051 24206 52
38316 1628 5
21891 10472 35
7140 43971 90
695 46998 71
42708 11332 72
51996 39286 82
35395 59700 67
31501 46330 98
11396 54741 61
13343 39706 35
3787 4131 5
32060 21259 21
9646 21094 36
4307 36838 16
57232 4465 59
11984 51028 74
44982 19776 66
23820 40733 4
8037 35626 19
23096 8698 26
14849 5424 24
44355 31960 13
5164 27613 51
36028 49008 10
39064 40968 6
6551 41570 41
39098 43725 8
9563 30788 38
7564 36727 68
17084 37977 24
41728 41689 42
4959 18053 5
51619 41208 77
55264 35040 97
41108 38485 40
58021 26973 19
34194 29523 31
51338 31962 9
49516 19379 74
33259 4275 89
31811 13061 45
16355 59308 68
3592 55702 37
18764 30176 31
6944 43827 82
50479 29907 31
33040 54283 17
21610 6055 40
50093 56011 34
31729 5301 100
2082 47846 93
14981 36488 58
19451 30849 56
42441 20287 1
17925 16370 30
55828 12044 32
53028 43610 8
34025 14574 55
34374 14170 28
13762 15082 51
50056 49128 64
6568 45654 62
34785 57881 46
26318 29344 29
6555 9294 87
8072 43744 6
3245 49617 18
52313 14248 79
7092 45108 75
38390 47512 78
4058 13653 79
22705 41349 37
34251 15609 38
28884 54069 60
39397 14636 1
5138 5400 27
37693 4745 89
7492 57707 46
50596 46137 24
38833 41511 51
35055 25293 5
3814 10664 86
23095 46770 58
55841 15638 47
25170 35645 16
14493 19731 73
59256 4957 82
20726 9940 89
12554 54070 46
53175 19804 72
19023 7217 39
48174 45980 40
5623 37129 52
28944 19771 30
24863 20214 21
17208 34809 67
30878 47939 50
9939 22005 86
17621 53197 3
59670 44184 7
35334 22795 54
19344 24736 81
27804 5124 56
35008 53887 59
19681 12897 40
14014 36319 23
33483 32088 59
9736 16238 18
31854 45874 10
4989 57456 64
9750 3268 43
33968 8317 17
35885 22154 27
7071 46665 4
21223 4603 32
45372 42482 81
1385 49289 63
21721 11842 70
33405 13808 72
51370 15041 46
40357 23335 30
41251 9633 12
13140 55761 78
46819 42156 85
39750 9031 65
24286 47581 57
53683 40888 87
28465 34560 28
46714 44350 87
26037 48631 10
30635 42670 73
55617 34900 51
52451 20839 8
1410 33970 67
47013 50637 59
32083 28607 74
37460 44458 3
44242 56612 47
58390 53134 6
38841 17604 66
14 23808 64
1433 43781 63
28272 39534 61
6614 43708 90
51488 12741 42
51682 44818 19
39799 15724 44
13230 54889 29
5460 19807 57
54724 3131 71
5441 34129 8
41683 35303 17
10369 18892 88
1173 57798 50
42884 23120 37
26466 36205 51
47234 18078 95
35473 4398 10
43168 54813 94
23707 48668 62
54491 6480 5
7707 12403 42
30881 9948 49
50184 56004 14
8848 2546 24
22674 40355 32
41525 2900 29
18028 23991 91
28418 12877 33
787 32283 13
1930 38657 19
10991 5223 89
10984 25562 4
39485 39690 59
21114 51105 75
53534 55542 20
21937 33220 27
18545 39466 8
3688 59822 53
16690 770 39
8691 35791 68
46029 56338 57
32209 42206 20
53535 25683 78
26820 5072 91
17129 17758 76
11468 58594 28
16174 33013 97
2774 12733 14
43812 22744 70
51724 40016 35
35163 7460 50
38271 22406 39
59125 46702 27
51265 45994 86
58237 46881 83
43802 47731 89
2302 48163 38
33129 51502 71
22176 39397 26
45431 4627 67
34407 1224 49
16464 13922 88
22584 15086 85
20973 14227 25
44840 1769 16
33921 11905 77
47145 6963 25
57449 8690 93
559 44101 97
46592 3071 69
59297 5996 42
4499 49451 66
58804 48657 98
53523 8726 66
5255 1591 57
7705 43960 65
46892 59683 89
27079 56864 7
55169 41990 10
4803 33101 16
48363 11038 39
49127 3529 86
41697 49623 1
27895 41322 12
27962 8494 93
47204 15694 93
59722 46171 6
9708 22333 11
13385 14089 32
20151 42002 72
18964 6403 52
36540 33116 53
51712 32693 79
36690 34875 28
2437 1660 58
24658 2846 86
46039 35935 43
40966 16138 93
14769 39464 62
18333 4827 28
26938 29744 58
1308 45382 27
33424 4036 76
4644 13885 66
21229 27535 44
4655 10453 16
21987 29397 91
26869 58381 34
29489 34118 94
46870 15616 60
5481 42551 13
36933 10798 28
52381 53258 72
50307 55883 9
22720 45267 44
47135 28103 13
41130 27704 18
211 49631 9
46406 15200 36
25177 39321 84
23290 55173 42
5297 25151 91
34595 12614 92
44835 3633 37
17203 26376 85
25552 6966 69
55629 48245 91
6569 20405 60
46652 46288 71
49625 28038 8
2659 38026 71
13574 48187 59
563 45674 8
47457 44566 79
54488 50352 90
25086 29988 64
39167 41123 82
33866 46370 52
55112 22182 67
12310 5670 43
58914 1827 21
45707 2937 68
3258 5913 98
17193 39757 51
44102 9185 74
54735 41736 20
45279 9438 62
21852 11810 4
48348 57516 64
3920 47333 56
20677 25357 50
33337 26422 37
45372 51279 93
43970 5909 12
45385 34300 35
37845 13831 80
55070 18285 52
41369 48412 2
52298 49563 3
513 25332 67
36950 27843 6
18658 9523 12
51742 23298 63
49793 56799 17
39154 50225 66
15962 47710 26
17448 1987 36
19617 7125 79
59702 4470 76
17230 40421 51
36975 24462 41
15212 53038 57
28534 17973 66
25388 12369 60
22110 38844 26
43016 59753 24
32624 56939 79
21123 7998 86
16730 556 76
31817 7411 70
46547 18598 22
24478 27313 58
41193 1178 1
55765 146 33
57715 3074 68
57229 1069 12
16683 3391 90
15127 53957 47
5929 26045 58
58813 56675 59
1912 56919 93
14369 30538 51
45044 1589 13
28111 29948 84
2432 30452 19
21313 24572 3
33333 6670 44
47632 8374 39
4834 8553 51
8113 28182 31
17795 30550 47
12335 33130 89
59606 31272 64
50538 47532 81
2548 40747 17
52340 18471 29
24768 54902 13
21977 27184 14
33960 50419 28
2622 58894 28
23148 58249 52
12779 8657 35
57030 49070 71
56363 12735 27
49986 20347 98
31903 18589 7
46253 56964 14
48428 41630 39
13304 51966 100
14418 17868 32
38197 51311 71
40729 7669 1
8536 16011 9
15729 37878 35
31239 11389 42
35878 25475 92
57201 50983 13
30139 4938 6
25197 10761 60
7063 29379 31
32418 37669 86
15669 19963 89
31553 43413 88
57349 3671 46
14343 41768 2
51046 18237 16
9384 6977 71
9144 14668 76
48181 48317 57
54263 19102 87
20180 36960 33
12560 18220 98
46083 8856 28
13033 53742 98
56651 41789 68
26901 11447 40
55739 33787 53
13979 52631 72
47267 20328 66
31698 19713 57
45420 6036 87
11338 7249 50
57966 160 44
20502 30955 53
14475 610 6
45295 55028 88
35872 39313 52
56728 43716 88
49544 27755 67
46205 54961 91
46605 47806 73
19428 41536 80
31954 6207 2
17156 26461 57
10592 51426 41
369 40824 78
26553 45211 100
2246 28661 58
4116 23286 55
5614 3292 78
19638 48295 78
999 20182 2
22716 7269 48
55186 40341 55
39171 8347 76
53732 23104 96
19503 245 1
11254 51978 11
46274 24039 12
27104 46814 10
9244 29909 46
25461 6052 6
57808 10946 38
38393 32464 17
6256 42608 52
42907 7291 35
55204 58378 18
28848 135 19
57714 51256 21
52438 29859 44
10467 18455 6
15094 158 60
43291 335 54
32611 22505 76
26448 47699 62
46621 28201 73
12625 51809 2
56886 35497 40
53196 638 66
25358 16652 41
38286 10093 44
30113 56675 74
56844 28349 36
23593 39367 1
46183 25433 59
34981 52696 89
30008 8522 96
679 32866 66
58130 27613 76
36271 47950 56
41883 16914 29
28994 33934 77
53801 43783 74
957 28518 78
19532 15974 39
33007 41232 25
36758 41888 99
31793 9053 1
6574 6031 73
8801 46258 25
29011 35857 76
22091 25233 74
27393 36299 63
44237 52341 96
40771 47730 70
13539 13978 57
41367 18989 72
30788 29190 48
6677 22890 73
23108 23927 23
13077 28877 10
50900 51028 86
51620 16038 17
43686 29632 37
40929 54584 35
18782 12140 26
5489 45451 39
7725 3582 34
33490 53197 67
17179 1409 62
26373 18289 12
30499 17771 77
50824 3279 6
14548 55889 29
16512 48789 21
45380 11309 54
36581 6420 6
33994 9502 16
10661 18230 66
43014 30949 69
54164 5387 41
44991 31441 85
55211 32429 5
59704 15092 80
57788 2238 66
55465 34115 94
17506 35648 66
59593 43143 43
55300 11393 17
59457 21020 80
38072 38419 92
14441 20331 40
24241 45332 11
33705 1086 53
7901 15158 3
23483 20099 65
35200 19280 59
22149 36207 18
3098 27130 15
54072 44552 37
45075 12675 36
5715 44590 15
3216 37622 87
49212 31289 95
46005 25594 81
25489 37769 55
17528 55467 55
50756 6762 47
36358 15879 49
37508 16789 85
39273 18906 57
32119 45502 50
58261 33896 40
49504 47101 90
53931 27352 91
36249 195 32
24136 4852 94
17943 42242 2
8721 9346 25
14603 9437 8
23957 34307 54
11612 14134 92
6687 52962 57
24812 33357 55
40349 1067 83
13613 29857 59
5218 32992 32
1710 20600 17
28184 21649 99
40203 20801 70
30851 1759 74
56010 36610 58
11089 7755 53
22546 49415 2
22562 19732 32
38058 39884 2
50323 59598 75
25086 53410 28
32713 12455 3
4146 7556 11
30200 43913 92
59568 19358 69
43700 40652 46
33123 29987 13
14214 37275 59
55312 38055 93
9576 35521 6
9607 9367 3
15214 59022 10
9286 15491 17
23315 49936 71
45655 33358 87
37089 30660 29
24075 3955 44
57022 24749 81
30281 31109 12
22711 7396 13
18052 4393 19
12467 34077 93
25804 1289 1
45104 51460 41
14046 32789 51
9407 29374 59
32380 29203 17
34907 43622 27
37010 28728 61
42704 41318 22
24259 54350 70
19537 53193 45
26695 45626 75
6605 32573 73
67 57022 92
43910 15973 11
27723 5511 42
5779 37297 63
23987 27105 12
17994 28680 53
24656 48080 20
6274 8255 1
50882 22040 24
13814 31782 21
39289 13677 22
48542 46848 58
58302 1929 14
17162 52460 27
51417 32656 19
342 8380 100
50203 2651 13
56703 37639 27
27804 56255 45
52388 40155 86
9494 31331 89
10180 53006 90
7562 10760 28
15622 14035 97
26666 38328 87
51083 20728 80
20418 2349 55
29643 27638 60
21148 11386 19
50299 43122 72
51466 38532 31
29435 16126 44
17481 50658 27
40451 19547 49
34548 51534 98
23018 25241 4
46917 49830 78
12175 1399 8
20074 13183 57
39715 1097 98
53917 57651 99
29638 29560 59
50129 9743 59
26714 46575 37
14769 36412 42
18014 32786 27
16599 48117 55
52918 39868 14
20914 22221 99
59655 39196 84
10501 20268 70
34095 11610 97
29558 34376 86
18826 56388 3
22600 24657 91
8342 22002 69
54266 34769 52
51157 56670 25
41014 28853 83
41372 58528 53
58049 53823 14
23324 50876 12
46025 42459 62
15612 10773 43
53325 47081 39
2482 20649 83
41304 25969 33
27909 24181 71
47753 30624 70
22994 41090 10
11581 42306 57
22580 29069 56
49597 36070 47
42771 20708 94
22433 50628 65
2130 12156 45
5884 29760 22
18063 57720 38
13582 37567 20
30353 40412 81
42377 1466 91
15544 17683 38
53138 18366 42
4126 11745 12
35257 25598 91
30378 53263 69
24145 11966 71
56238 14970 87
10647 3736 55
33568 29380 63
7949 35533 42
50194 9840 2
33543 5156 92
23866 21694 27
10300 43585 39
2479 16968 33
53205 13110 21
37701 40575 47
53273 40410 25
52314 57517 57
44568 19814 80
13489 15293 85
26169 306 46
13411 10853 48
27108 24247 14
39770 52904 31
54690 18264 8
31182 7555 96
17282 29999 33
32272 45617 18
31778 21797 18
23142 26874 33
46981 29705 98
49578 54599 69
33117 26909 14
51236 5253 14
55786 37797 44
20281 15990 37
8663 4686 37
29353 40282 3
23121 36775 40
42829 6981 49
27512 3677 44
19825 44044 80
48712 59622 71
18198 8501 74
5995 40650 47
5806 40200 11
10020 9310 67
50076 11095 46
10099 18959 4
38258 47471 67
38726 24776 8
17983 56642 74
3904 9691 81
54386 49041 21
51930 31339 83
6221 7378 84
3805 26543 61
32890 18078 35
45979 3412 71
29133 38858 53
50036 35895 21
18885 17331 29
10886 46483 91
467 13714 98
20820 44643 4
46404 50334 95
48035 17676 32
11084 15846 97
10438 27902 43
47303 51668 31
45118 26394 97
1058 43360 37
11678 2213 37
49822 46599 95
50784 12817 77
36751 24498 8
8492 57242 89
36170 57789 35
28092 7009 34
30708 48725 46
53261 12543 57
37570 40381 37
43584 7390 52
17741 5017 72
33969 49450 91
13079 12049 27
47162 25581 72
22321 7656 90
7244 50240 89
59333 45869 73
32374 39085 12
37959 28011 35
14557 32270 16
47386 39842 69
49109 46752 26
35652 24840 87
59421 12213 95
33442 5876 71
56942 26894 40
9952 32242 14
26198 32667 84
14521 18025 80
6485 10178 41
3970 33565 32
12180 24719 52
4119 45610 10
24206 36473 93
17753 23698 38
16861 50545 38
8296 29708 60
58120 38571 63
51678 4929 25
55462 27133 95
54540 4458 87
10167 19796 71
40802 11441 56
21931 30145 15
16585 631 94
23708 59280 89
9092 20505 71
11370 35316 20
19210 57098 55
17273 33704 91
4971 50226 65
148 51024 71
56005 13040 25
56427 21199 68
1227 55000 63
52627 22414 25
47393 49486 65
32257 19931 32
35137 376 93
38610 7869 83
47600 28887 99
19010 17688 95
50932 33059 12
9758 9516 5
12765 19940 52
27408 35467 77
15187 2705 56
3531 24025 96
24212 13488 28
12789 30036 3
20346 25839 96
42387 52435 39
13451 24724 24
28740 15997 9
28180 15425 45
53259 23127 85
35427 19113 33
46643 25953 6
84 18310 92
20707 5797 62
50802 54962 86
58766 54557 39
40297 6353 23
46073 11594 95
14247 5800 22
32630 37392 35
37573 10410 78
42600 37568 92
18777 39491 77
56817 41834 79
54583 47231 18
3874 236 35
15562 44382 18
3022 24547 26
25179 45818 67
15156 2104 93
41201 22891 46
5849 29447 23
13558 52196 66
54943 9600 60
17917 48142 30
47699 35341 60
481 14801 94
5857 42314 100
24765 32818 20
57865 39514 13
9641 45061 22
16232 38871 20
34997 16699 80
5429 38782 78
11640 14893 43
46073 30663 1
17038 4620 41
27489 11006 87
21628 29977 23
1303 24445 6
9572 14233 43
59909 54361 40
48855 58372 85
17977 26377 24
54433 40471 66
21368 23419 30
19736 21341 10
16474 23151 7
9089 5974 12
58442 2700 6
46903 9819 82
23868 2256 44
40547 33869 64
4377 59879 34
21768 57439 54
54291 1546 24
43757 57124 37
12148 42126 67
13355 13738 45
53958 19859 92
36115 47608 35
54713 12397 63
52719 39318 100
30525 41156 40
31960 26950 49
10068 48981 61
15560 35568 96
47965 47324 47
13909 27785 69
31938 5794 3
24368 30613 76
10456 40865 78
24395 35387 38
27941 28178 66
26639 21368 60
49905 6428 29
8982 55083 71
55661 44619 17
53246 7187 50
17378 29871 9
47565 2323 90
1036 26243 55
43190 26185 8
29612 35223 89
11245 30016 84
41283 18187 55
28281 51899 86
13337 14744 40
47744 24756 31
37612 8666 37
54301 1933 69
4527 18052 65
34061 5469 44
54389 54188 13
24211 6561 32
3377 36262 86
26100 24365 36
6249 15975 19
50290 44543 27
26293 38125 66
36968 14497 51
50994 2259 32
47149 11488 87
39699 37607 16
2164 66 9
52589 43618 37
49483 9528 64
4254 12354 4
16649 44114 12
33359 51097 99
2771 11230 61
10292 14496 46
49346 43434 38
10116 37980 10
28773 954 50
56789 58742 40
5571 45022 8
29327 43675 27
18593 30702 71
11075 27618 81
36580 35207 22
48347 52926 11
35362 23824 87
41157 19001 59
13954 28250 37
22975 1041 66
50610 45894 10
51430 33352 93
14831 1742 16
8188 39874 30
38221 20038 82
34620 11202 67
24944 47160 59
53042 28341 3
20341 40190 33
58430 2996 99
8720 44087 25
35294 42348 8
25472 38653 35
58897 38520 71
29085 51884 3
50739 178 28
50452 6740 50
1403 32902 74
29464 17510 82
28401 41577 22
38206 36466 75
59656 23528 10
51533 44560 52
18794 12016 94
27282 47555 14
14756 17950 39
7597 48624 63
59851 44657 37
3941 28998 17
13 16609 69
32044 44539 62
20407 41836 22
13700 44073 81
4955 19811 77
31978 23348 88
5136 39967 55
24860 1329 16
34615 26624 18
9357 38164 79
24805 4645 46
16339 21639 15
25664 53661 27
44510 7121 46
43712 24053 13
26770 35029 61
16100 55038 19
20658 14256 2
30326 25454 29
51462 53934 10
52998 19160 78
18352 11635 24
13185 44185 89
29301 49919 74
51035 42993 61
42172 28537 33
15922 54657 55
31463 45682 8
6949 17333 32
51294 16332 98
45242 26811 39
17580 29324 98
17865 31399 40
28996 52010 79
30608 41278 85
38539 8225 92
17548 35109 29
6334 13712 20
23504 42283 35
23600 51263 66
8617 29167 71
48365 40720 77
12479 56740 15
48798 2941 27
34096 25710 11
38685 8678 65
46529 47466 76
27041 12763 37
48314 29932 54
26538 35711 41
50270 34456 62
55639 3321 20
44059 38669 99
29189 2199 46
35633 43723 55
36071 9191 96
14725 5632 76
19426 28507 85
50027 2109 96
6125 3379 76
45208 41621 91
39151 19651 87
2871 11373 84
10709 51446 26
51606 18451 57
9818 42910 94
55741 46749 55
40986 37241 58
16923 34815 57
46764 8 68
36642 35248 31
10879 15001 13
7330 13010 16
2868 26240 13
51965 7452 36
39988 2197 37
56571 16742 26
34800 17334 15
43389 34823 12
28050 28382 67
18739 24741 17
683 16265 16
1475 30168 38
13496 48493 1
2769 38601 29
25450 39644 62
24968 15842 64
53445 22262 73
2111 42945 1
9002 14923 10
52809 27903 86
2545 57874 82
17907 16243 27
44384 37136 67
47261 11331 21
52606 52874 65
27915 3382 25
7469 54218 42
25336 8555 67
39674 56815 32
40683 24011 88
54963 56066 35
48910 13958 77
13671 38901 28
41696 3197 16
6654 2138 91
1524 40328 96
55586 16374 46
43650 59682 73
53125 43617 16
48938 27212 55
52806 40768 57
50424 55559 30
28845 7191 47
27414 6641 15
10380 54846 34
57868 19454 21
46503 21034 2
23261 21332 2
54377 57605 47
55329 11868 84
54112 33153 40
3341 54863 61
412 57875 75
50752 39028 58
47745 36481 25
17470 32922 86
23013 59648 42
59451 15833 83
47836 25020 70
26602 163 20
56263 51396 68
43615 1882 68
10759 47015 52
37854 24049 85
58165 5783 93
15637 22588 5
24282 19800 76
28364 32375 87
31385 983 55
40872 9792 87
25844 27112 47
34315 38217 50
32540 47236 17
19217 39410 63
2149 3874 39
36047 25858 5
9430 12014 97
57329 11784 44
26644 31556 92
5519 44287 84
15713 49571 97
33578 37262 71
33560 47135 78
33987 23520 82
45746 4607 37
33744 4138 75
37575 15106 69
58011 26761 4
33793 20878 70
54602 4452 71
20973 15064 61
38899 17516 99
6373 21478 1
53807 52858 8
29556 26193 62
16300 7505 70
21788 53731 52
54027 27306 18
45919 34666 18
10448 49485 98
48268 42764 86
51533 31245 81
9670 9536 36
30987 43404 27
14299 30246 43
22178 52422 80
22914 23139 14
29796 7091 13
9072 28213 89
24299 53793 57
43404 30000 2
13368 43814 78
4932 48566 44
36746 25589 10
5981 49309 4
5828 43104 98
43938 14445 18
18212 13463 7
31577 50817 82
35261 39149 68
6422 54771 23
46892 54108 28
8603 15715 40
15198 13622 94
36739 57477 71
43629 58662 61
10703 5447 64
3895 45493 72
4913 53818 66
40367 13619 73
58436 52708 51
4321 28244 36
11693 57337 23
8559 29610 6
11922 46108 29
55459 41727 44
31645 21969 18
16185 55241 78
12707 39463 2
34621 16759 91
1727 6892 36
3395 31005 1
35417 4066 17
23912 51138 82
2159 14707 100
33600 43751 23
386 30419 43
56699 56256 73
18637 29754 19
58676 47029 91
5822 40567 19
18229 57755 22
40757 34771 40
2241 35680 90
50205 54603 8
7690 54763 31
54896 38415 9
44453 47169 30
34244 10136 61
34173 51447 65
12585 12863 2
39035 2219 19
41641 22527 10
11552 56326 100
18199 10507 77
48547 26832 77
49537 52405 100
58284 51253 37
28414 37991 37
57198 27839 72
50403 8032 73
35784 55520 2
56659 31579 53
45742 41725 6
46444 18365 80
23795 40750 70
48959 59500 79
39311 19616 83
55495 8747 100
2207 22710 67
3282 27467 71
39866 38290 86
3120 52378 31
13564 31215 28
10247 57416 20
44335 24065 58
22190 26156 88
58659 50971 83
9960 2313 54
57154 29841 47
52831 15727 49
25865 33687 91
53327 56513 3
3403 43398 76
42262 51679 54
50012 14206 13
3147 10703 8
33520 53418 68
11428 16330 90
33296 32164 92
28369 34879 96
3587 21948 47
1702 34329 11
22885 25686 39
46016 32363 49
59064 6771 9
58211 55887 23
56974 46048 27
6928 54205 78
29058 49100 4
14240 27408 69
27262 25780 34
39025 31089 14
21569 59919 16
48681 30800 18
49003 54778 36
36979 55352 83
5011 48395 37
40594 52511 48
50282 26864 79
15063 5910 61
53830 1168 75
5917 13607 1
54021 27069 32
10461 27219 30
20466 8133 32
23260 10847 19
19474 12596 3
46584 20049 37
31630 46648 9
1429 34499 39
8712 56663 26
52615 43740 53
6832 6134 61
32726 8040 85
10569 55756 33
4009 1207 16
5333 2589 34
32608 10571 86
39269 43225 28
22630 35517 56
45737 47028 17
21411 46535 64
48066 57252 39
15150 25599 38
38484 15325 46
26776 52047 15
24328 16860 56
56040 27537 64
15456 37183 22
50915 35853 59
48757 1510 81
12539 7037 38
48480 15785 39
59502 37143 61
19365 20679 33
40013 48446 52
56767 28113 24
17197 53173 84
43290 7834 11
58232 30242 74
12147 24972 51
30514 47047 51
24263 34071 33
39835 18047 3
10259 9560 43
17830 49241 41
20147 16424 79
52472 40274 43
38956 55003 58
33476 20968 12
47659 32030 9
16408 49970 99
32146 36328 34
10391 48724 56
47560 627 46
13313 15561 29
18437 31134 60
32924 39660 37
26244 19510 86
43256 2995 4
11861 18972 51
30291 23331 84
17834 16614 48
42180 33238 53
11301 54167 25
4961 20034 26
12629 53471 17
48231 20987 2
55424 53887 67
51900 24517 7
24394 31138 24
8420 5692 19
26853 29304 65
3557 18523 75
2731 24029 15
198 45644 56
38906 53262 27
45583 28777 10
22404 17153 86
7221 39780 24
59767 58422 80
33674 45754 62
14375 54433 61
50122 24475 53
37058 1443 63
39655 7429 86
22718 42658 52
15484 4403 24
58891 37331 55
35159 38893 6
31143 3649 67
45902 24943 16
7512 52382 24
27420 38755 49
2302 28119 57
39993 15063 73
33337 8348 56
520 41758 7
36404 45518 5
8650 28045 24
57378 56049 77
28873 55750 81
57034 13209 59
59216 33747 4
56192 29670 3
50533 28809 18
49762 30152 31
8814 25532 18
5892 53047 1
7297 54174 7
44717 36409 57
54577 34438 89
23428 59580 82
49514 3528 25
45591 9392 57
17234 49786 33
42187 17911 76
33954 38162 80
40067 53768 73
13482 41755 70
52715 1384 28
25150 24761 59
41385 31003 60
36874 6227 50
34189 52568 50
48603 36833 75
17116 34317 91
43488 37382 29
41898 21727 72
17519 33426 34
51930 54520 47
44182 30313 45
13507 55781 66
7693 42006 21
45598 3207 59
430 39939 16
14291 53049 22
22644 34062 43
40217 20470 45
36393 42559 18
25617 31331 80
54814 43045 78
31171 46676 59
53170 55679 65
58119 33706 23
54276 51379 60
20616 50981 62
46309 5685 86
7935 47611 58
2330 10179 74
53513 44373 37
36611 11942 93
52228 42567 32
21475 7873 23
16029 22664 57
53087 53097 94
44670 13117 94
56766 56109 47
33004 42892 31
2319 46715 16
21640 6409 26
18823 52841 78
22997 39128 75
55144 30627 69
2130 10523 61
45217 24466 90
33202 53330 32
4172 16868 77
49640 36703 66
31191 2494 83
31509 54127 34
5698 37667 70
54314 4754 62
13332 54664 5
18438 5675 93
9790 27736 72
11354 36291 37
18991 43866 42
45545 37045 27
52564 59263 26
38425 52525 91
54567 2870 19
58359 48161 82
23590 36208 59
2369 13939 67
45872 2356 58
18540 52573 93
37584 17817 54
7826 11538 100
46944 2574 64
53304 11753 43
32058 3018 51
4413 48665 85
48929 42870 85
19815 29025 29
13969 13545 41
43803 48773 60
4421 13819 30
47941 3301 23
34404 37053 2
41757 5504 19
44527 17539 71
44207 399 16
17117 18074 97
27667 8452 93
50793 12032 71
55746 21817 19
58392 20951 22
34824 3957 70
18011 30174 10
22064 39179 65
12367 21772 30
22614 3065 53
36484 19222 28
13305 57716 72
19172 24020 21
42699 16115 80
50328 57721 76
48825 2396 96
8173 9994 12
55672 3827 84
17740 56690 27
46200 24696 14
16143 53889 35
37609 20824 42
38125 31497 98
37401 35002 42
23831 56867 15
14327 57316 20
24266 55737 80
4432 17608 1
8929 41227 67
238 9983 73
9147 39126 58
22037 26278 69
14663 5043 98
52888 43640 54
725 4537 39
2926 33747 9
9134 53356 88
35116 18999 94
31798 30310 52
26455 16334 92
48184 10729 48
36173 27014 26
56534 53694 27
47133 35111 62
46955 21421 33
41130 17129 61
50017 35029 39
23633 9011 39
27276 53023 19
30468 14886 79
55231 7832 25
28359 40960 53
53511 31808 46
31380 27963 2
59888 43351 81
49398 15083 53
43748 10454 18
40102 57826 61
40107 36659 48
33845 9283 33
8834 9387 28
17744 48826 90
30347 1553 40
49715 54041 39
58622 56327 20
45662 1894 6
38268 16843 24
33614 44127 54
17277 48964 40
52513 58445 18
35528 53453 90
7313 43788 80
50989 33976 91
40918 41548 50
39456 29219 46
11229 30855 44
8047 10100 49
21167 57893 65
29503 44744 74
39607 9148 2
23348 24080 52
40064 43594 5
53537 29433 68
33897 7863 76
56404 22118 100
7876 58069 77
51835 31305 36
48569 7963 7
19562 26393 34
48832 48406 94
24420 18626 87
50907 31948 53
1454 31119 56
875 58688 29
55575 14720 31
1703 27812 59
2023 27893 49
34723 56299 12
23335 15311 21
50451 41529 25
45348 14513 62
11821 28055 90
1944 4316 58
53438 57533 30
42297 14465 97
58662 29925 39
13430 42128 62
30346 48664 17
18402 59134 2
56054 56212 4
5230 14229 90
56277 53834 69
4262 43636 41
55526 12837 92
20621 21871 66
25011 2639 11
44676 53369 9
49691 51317 43
54167 16206 71
24797 48320 46
50314 43591 14
3507 3868 94
50585 26585 35
54184 45030 100
43365 4448 60
51307 24387 57
38567 31801 29
56365 13331 68
21038 44939 71
58816 44475 62
4572 22314 58
16676 37801 93
7568 37768 42
25965 179 62
26246 36358 49
44537 22835 93
59667 13935 24
38908 14288 12
47250 58625 7
17592 20418 54
20738 34807 38
21315 26751 91
14883 24780 10
2406 43696 32
6883 28853 66
54669 30088 36
28217 52415 95
20201 42358 85
15219 54673 27
2899 39584 98
24323 24264 5
33511 51543 64
33727 12970 39
13421 12871 93
18198 58491 31
50372 45830 11
48478 40708 38
4321 26483 48
36810 52547 36
51288 33100 33
48333 31226 68
22247 13686 98
1260 26318 66
21380 9181 5
41452 59284 24
24892 12334 76
9162 37418 61
43514 43554 7
3239 51865 48
52724 57160 86
57041 17128 27
7852 36941 93
40122 50415 59
11084 57591 29
40161 7222 66
3336 43117 99
51990 1183 29
20555 43647 16
30654 20814 7
14693 51365 79
47607 64 7
56314 19548 35
35770 59585 56
27405 23218 65
39441 19534 61
35758 50488 25
46760 5562 84
52681 51031 29
56117 51172 48
5539 24464 11
26369 45827 87
4125 46728 21
46046 47435 3
9614 36490 31
1599 2571 41
569 42685 81
22860 3859 26
36263 53527 7
32780 56629 26
37273 33377 90
43627 37724 4
52065 1246 13
34081 1057 87
52776 14960 36
29507 22620 55
3443 36638 75
21284 18655 30
22660 4789 8
48797 8774 20
18921 29251 6
48449 32110 36
51824 1876 25
42159 52037 21
7595 31693 67
1875 43088 86
41841 29124 79
45035 12507 37
26325 25337 29
27623 57906 72
43813 28706 47
51642 29762 34
57548 38566 25
56163 846 33
49915 48968 47
38069 35707 42
23609 45259 24
58032 53586 86
41807 11985 14
35931 32124 17
12411 39250 77
901 44905 96
10555 14489 97
29188 43626 95
26349 13821 64
26656 12300 31
36573 38214 99
37919 18201 9
40282 59663 30
12659 51626 52
53120 19153 54
12968 59113 72
11661 26335 73
43554 3618 19
53512 47978 95
35606 38843 88
452 9905 14
53614 22733 32
11456 50563 48
40156 37197 83
23117 52976 38
47587 10973 12
27718 15490 1
13343 50182 22
21280 24223 17
56530 44180 19
22539 8159 57
20087 10606 39
13491 11160 24
14748 1220 66
40894 32840 47
19105 20092 8
4587 28721 14
49617 34914 76
43897 47694 47
30785 19643 27
51182 27577 48
49038 21476 76
3354 7649 91
30153 19854 86
38366 10849 94
57454 41236 26
14358 5510 77
12804 33758 30
13812 55978 81
42349 18158 32
17642 42415 61
34369 21698 24
54321 57793 92
24738 8937 24
35949 30581 19
768 33222 94
37545 57051 23
45808 24631 94
27846 17243 89
10546 56666 84
45556 6557 84
6394 45762 84
2006 15787 47
48515 28353 81
55444 40455 6
27529 37890 96
39219 19306 5
11695 4026 90
10167 25205 52
25492 25613 42
40118 55979 13
11671 55408 29
28254 36864 13
33693 25453 71
37662 8439 4
55049 15051 19
32801 10954 21
3674 11825 36
39254 24018 10
32912 29098 66
1038 35823 12
11440 46863 3
1006 8833 73
5322 3871 9
2752 58651 88
21891 48166 17
59332 2804 8
50135 46311 70
36411 47860 53
9648 14114 44
4630 43303 16
48124 17295 57
16950 38850 47
14577 40446 14
14050 43 6
48279 16101 8
17324 25996 15
38510 42249 11
12711 45348 71
18094 26510 5
8674 14465 27
21198 21658 8
40800 13959 36
43862 2401 29
20423 59764 45
40392 24338 54
55670 11755 83
42173 33224 85
30102 38435 3
30695 42982 55
26787 29668 47
36575 18335 34
34656 14019 53
11421 4427 99
49441 49022 73
22721 21424 23
51493 49435 88
43564 46201 29
38920 12420 32
10467 28308 21
1442 2376 72
12066 24058 28
1836 31168 54
46287 30631 66
57977 47405 40
52541 6868 47
30428 17964 88
52362 11848 79
48518 44634 5
13301 34795 35
47030 17061 85
16504 29341 99
53696 22136 36
59277 19530 13
18115 55667 40
33199 13572 36
36546 54659 99
10810 48623 23
18651 19951 16
19367 53280 53
3920 29985 88
39515 32041 70
23717 20399 5
11453 37318 3
57100 54202 11
39441 5212 52
24305 34701 60
31868 44422 93
3568 43095 80
58001 38595 71
1064 1842 21
22387 47723 28
17951 34738 62
10349 1313 20
57608 3630 83
30996 27550 8
56035 4111 30
5905 10929 31
22308 38717 96
51075 34772 78
18118 21403 72
50435 46050 19
36597 33286 82
27922 51622 67
18558 44811 96
28267 17935 67
9565 10049 70
36382 45468 38
164 57459 10
27457 1296 2
14679 2562 99
15178 28886 70
51868 20021 19
44405 15187 45
45071 7273 67
11609 48988 25
1297 4255 10
45016 11719 44
5251 28997 21
31106 31702 64
52558 28280 1
10800 25906 10
54707 43417 98
26738 33053 55
31308 44825 15
36391 892 33
57610 28965 43
20468 34222 18
44394 13426 40
48202 8235 60
38837 34020 100
29424 37203 6
59371 31294 59
57429 32809 86
42948 40721 87
19762 12359 95
17265 49429 47
55122 4503 75
58266 45568 52
17212 43833 73
17403 26855 29
1340 48585 51
49177 4760 73
9003 53319 69
57130 47963 87
43392 26486 21
56993 11869 70
59744 5943 48
51192 26836 42
33251 1031 77
36789 51881 5
2359 1202 21
881 22530 89
30736 41706 40
28423 19922 19
46003 52835 60
27433 48462 84
58496 3201 20
17957 49142 95
43085 31538 29
42945 38334 10
22582 40174 13
27319 31647 32
55294 16113 55
58709 43365 10
9917 50857 84
8971 54257 20
48378 43522 14
11372 38313 50
42422 14424 14
35379 34953 77
51023 3977 29
46237 25544 70
26850 29845 19
29401 44876 13
35078 17175 32
5350 41693 95
53582 2321 75
13158 549 70
48136 24782 93
1225 49713 46
11638 22507 50
4894 51009 7
39014 6411 26
34229 42534 42
50593 38505 4
17525 53665 28
38284 31155 55
10936 33423 6
16831 11880 82
39790 22747 16
8199 31555 58
21518 19004 74
50567 40504 8
42464 7602 30
6746 59028 1
38873 54683 92
51008 27005 62
11431 14089 44
7314 27383 60
11590 57158 100
11716 51556 83
33318 50124 73
2657 24544 28
27859 57695 99
49728 25979 31
27679 44740 59
58590 24485 66
32569 13205 59
36947 18168 19
3696 32108 60
20486 2901 9
20005 3951 3
6508 59576 36
38231 56891 6
59258 47633 67
44545 52933 38
41351 29753 78
19568 7266 97
38380 29972 4
43188 5478 99
40442 15150 84
6300 24977 44
29394 56935 69
6396 37949 44
44799 10321 88
32157 8227 79
27756 53029 45
29923 30062 9
22551 22915 95
26671 11550 99
4278 46677 31
43005 4195 55
43662 33488 33
27571 50486 79
6726 23838 98
37983 21538 6
17279 32832 92
9322 12262 2
42336 24036 46
14519 59290 71
17882 12523 10
34646 46045 50
39304 23376 63
58670 8803 64
31931 27898 39
51428 11975 49
25237 2296 60
7439 53757 13
59012 10133 12
48730 52495 80
37316 32652 11
13143 39917 45
10209 3010 61
18103 16187 79
39037 14283 31
58515 43041 41
36635 24097 73
12919 21944 92
48823 51337 56
25080 12581 10
36417 42291 83
26639 42534 27
56139 57821 89
19051 15323 99
39264 12754 71
36107 12600 34
7150 10232 38
13295 42724 78
3743 1778 19
32764 39175 82
54807 57732 73
52609 8988 46
15204 26896 71
59097 5482 33
43073 46541 48
29919 38555 51
39078 11683 53
6525 28807 98
19460 56582 70
38146 50926 91
53518 43454 83
29478 57517 55
25966 11069 49
20858 29441 91
39435 46770 20
51342 51330 29
27845 16097 44
2801 26702 23
17671 24126 36
19862 38388 40
59918 19341 35
20964 49792 43
27076 21062 84
9675 28322 48
14012 37131 82
6552 47782 98
49277 427 66
1694 58357 49
42251 4470 41
11477 59451 52
40600 29967 68
56906 41449 55
58803 12506 8
28428 57860 51
28561 45153 20
58384 48175 16
5052 33246 44
19580 29187 64
54001 25248 41
33388 56502 41
24759 4706 80
16930 26408 3
53790 45996 5
16522 54801 18
8653 27708 38
44943 1653 18
52804 37713 96
52820 27261 53
13672 32053 55
25217 28205 68
17242 26698 92
4140 20870 50
1279 35825 25
2538 8905 73
722 26093 14
48086 24004 20
2834 39471 31
18977 53793 97
181 42665 15
59314 49066 57
6894 18508 33
51164 1023 49
4550 25082 40
24539 54891 29
31603 36723 91
21801 25561 85
35974 13769 18
28474 45763 58
812 6668 60
51941 53361 96
59692 48546 48
55961 33523 22
8175 45303 85
42597 36442 63
9411 46795 46
44747 23922 35
10809 46055 100
50722 17275 24
41875 38486 49
29358 1215 62
43480 46874 86
52055 7039 63
46957 57693 39
27819 59088 97
3404 49781 56
33785 50215 59
16693 30789 18
5194 45255 11
44511 10279 61
21805 24075 35
45679 4336 40
31359 4972 19
25517 10068 13
42741 6917 1
48094 7542 56
17622 32019 68
46873 9886 69
48417 21706 45
28595 35006 27
43834 8932 98
56548 31956 38
9393 50472 28
14865 59093 28
59483 43884 39
9511 53901 87
51776 36609 23
22759 22580 48
51129 19807 72
54110 36645 66
21329 45249 28
45091 28367 41
29537 5021 34
51999 31345 72
34728 44507 20
11840 34058 93
52567 49865 55
33527 4494 33
18978 14972 4
20818 8903 17
12609 46617 91
59643 19034 14
50986 42364 51
15556 30591 41
4595 12356 37
1674 48721 89
15776 55472 16
5330 33941 18
12204 48282 17
7016 33174 14
52785 57280 80
49870 34109 63
37440 19316 27
22638 46015 52
36060 14867 51
43619 55640 59
55266 5268 11
57684 18665 29
5680 989 54
54818 13137 94
9789 12866 40
51025 46253 78
28962 6370 79
23241 16005 67
45050 26170 41
12812 24203 66
57718 24553 50
32692 55414 63
7358 9035 31
17363 37853 7
5121 1565 26
10665 33094 53
13417 7964 79
58735 27078 96
13370 26289 13
43067 50677 18
44062 38106 12
48868 27082 63
32315 44948 77
41437 28075 94
3029 4666 19
17294 46458 100
3148 17535 96
31488 53714 92
32026 27056 39
10156 31641 5
16592 33908 27
18140 7152 88
48010 36537 83
58806 38246 51
6484 29430 43
39555 30512 72
5322 3875 32
35339 18059 23
32489 32274 60
40585 38567 81
14188 52892 12
33565 43102 7
58064 33738 19
15308 56387 5
39642 53901 68
25812 32670 20
26589 14238 8
39925 4986 1
50448 26972 92
16621 1763 55
52109 23611 47
49426 58205 63
42039 30787 100
48949 43229 32
6280 48766 63
36042 50825 74
29709 30892 70
21233 44105 23
10557 50820 35
6892 50536 97
56745 16459 17
42266 1596 49
10965 26437 56
41850 34640 54
17379 20609 38
8470 53142 68
12932 11301 79
7195 31838 34
20090 14054 37
17984 31939 35
22903 18797 32
38298 57244 77
2504 58287 1
49084 30529 68
57428 58845 74
52924 9719 100
6691 19402 75
6542 9902 61
53952 42293 7
21291 45142 16
22387 40522 5
6391 27464 5
19735 59202 3
34756 21149 37
9787 44692 58
15620 11339 9
21697 21555 49
38307 44983 94
58509 22901 67
1536 8639 91
46365 20460 2
27974 40068 24
7480 12902 89
28805 51254 80
30815 25591 83
16978 44546 51
23051 2004 44
9222 25590 23
40021 20477 49
53419 36894 5
12077 52240 82
7468 28311 67
53963 55072 6
14670 7614 92
12090 28913 92
37600 1016 48
49857 21308 68
31488 40732 28
38603 32616 48
35283 3251 86
17464 39767 14
46260 47842 53
41277 52889 89
57161 47332 80
56568 56508 79
41045 33128 100
17682 55726 93
58785 31069 79
22947 12963 34
45722 25147 10
30486 31349 94
46448 5742 64
14624 36262 15
49974 15284 7
43975 32860 94
4955 16742 71
14236 44241 9
37749 55375 72
47641 27670 67
40341 55253 2
14736 18512 83
5639 58274 72
12720 24792 59
35945 31747 33
21307 2467 22
50979 24487 21
38802 35929 83
42997 53127 39
57042 17324 31
32099 1244 20
1755 29911 67
40954 40332 2
55141 55668 90
44524 18603 66
34475 52565 90
32389 2081 11
25493 52823 73
29010 53485 10
21407 57089 81
66 52612 76
33608 23513 6
57334 47994 44
22875 17993 19
44561 31144 99
5885 42533 77
11589 3325 99
58702 47107 68
49063 50239 96
51777 53447 66
37408 12840 39
58034 889 79
52696 46146 65
56461 15498 78
43262 30112 56
1356 59342 7
55932 10976 6
13665 11302 89
44094 16982 51
1382 8210 14
10332 23006 44
31029 52551 2
43861 47369 62
40082 34914 29
10562 37108 64
22754 32325 47
18790 58086 19
4080 20432 81
24004 29384 43
20158 47718 32
55293 1997 46
16066 3491 16
7878 53984 89
27532 55431 50
14752 16423 69
19614 41473 79
18257 12715 15
1934 3181 13
50528 15702 78
38018 33715 51
4689 18717 57
12570 8810 27
20662 34173 32
14421 15196 12
24480 46654 74
23855 52654 11
27107 42331 68
46068 38730 19
42715 58200 8
2891 39261 74
5058 44528 6
54490 28052 97
17963 34411 42
16000 9671 4
55939 5006 74
2042 16337 33
45379 5782 8
3561 54953 84
54445 53389 73
51392 46175 55
51221 59176 70
32163 21375 78
11865 59760 66
32754 12694 80
23342 30401 17
8923 23359 51
30895 26446 35
12613 34198 42
2423 21910 37
22160 15070 90
46436 31284 51
40663 41165 98
30387 19295 92
17410 26014 92
40317 17924 92
47563 34222 12
17680 54701 74
24229 6012 28
38082 9211 60
51999 30226 91
40072 4983 8
57819 13630 10
2578 55265 9
9900 41385 28
32050 49412 96
10106 13029 37
34841 59369 96
6469 42668 69
2651 13461 56
27020 1160 10
54516 41026 42
13052 33614 45
52311 26468 25
59190 46553 17
18114 59406 32
46440 44272 40
21288 35985 42
45123 24236 31
50065 30628 99
15598 25 26
34448 34053 94
32371 18965 60
23598 52772 32
22336 1835 33
36767 47004 85
31129 31659 54
28729 28263 21
47843 2022 37
28575 7169 28
53579 25770 30
12097 48461 68
39835 9838 53
43280 42842 24
30346 5430 70
54527 6568 95
51233 22105 62
28962 31653 12
38115 7483 45
31759 43969 3
11287 41298 19
23298 59434 35
21826 22133 88
34736 47288 45
41470 55868 77
52507 3227 32
55461 4636 97
46017 6341 64
48219 49815 76
7771 26963 4
49726 40736 29
34441 8351 99
9034 13182 23
55992 42087 77
23134 59719 74
11777 16793 66
15586 59836 17
56492 16280 12
3293 32081 89
7233 29880 12
59697 5767 50
41808 16299 83
17520 29319 15
43383 37920 29
22046 19841 28
53664 19969 100
27182 48550 8
9112 51259 2
30982 12098 10
32610 45285 21
26796 1235 29
4924 23680 7
48618 41088 6
821 28412 56
25452 16077 69
19057 21692 91
19425 36967 16
14087 21525 63
24017 40240 66
21439 39476 99
48871 59911 79
29968 2742 100
25282 59771 5
12031 39196 11
24301 54942 89
37067 46489 5
31217 30411 55
42222 55758 29
21008 31032 48
14237 50751 16
10106 52490 10
19720 23960 97
55593 1417 59
7026 48263 68
39395 11378 46
5838 21531 30
36183 6774 96
27388 8683 7
51261 11534 18
9503 15792 71
45499 31325 21
30798 4938 73
1212 57841 25
51439 48857 17
2046 7023 2
39570 30534 38
10077 53588 90
10036 24628 36
22763 18461 5
4530 226 36
24964 16758 100
27170 56057 25
59438 23770 81
14476 40020 15
58904 50466 75
3623 44201 51
47465 27706 25
37809 39464 2
5506 14162 8
9976 26967 66
14498 8382 6
13595 51443 42
14402 10235 24
9381 43364 26
19312 21582 78
50694 47886 25
30216 6560 7
4352 52049 64
21676 1214 23
48041 1597 82
59536 51321 13
42362 14549 75
3789 2905 99
37854 56768 49
9479 37333 33
28405 21569 42
20076 51202 50
44495 14646 47
40306 48324 45
21597 48842 100
14296 24850 92
35 15790 99
1358 14000 94
44984 22619 50
53095 42076 23
599 58995 88
8645 44778 83
50080 28637 4
52959 43129 79
17395 22270 61
3377 5075 24
42133 20590 22
15333 13134 73
21827 12904 17
47621 40462 85
53624 33658 11
19823 15553 77
4384 24300 6
12984 27823 71
32739 36167 90
14594 39301 45
27800 28187 80
28733 30420 54
6566 28934 72
36624 49677 4
35981 11986 93
31404 1946 74
46324 35005 3
36330 59834 95
4500 23490 46
28343 22736 57
51388 44526 28
26184 38548 41
56378 5859 57
17555 47847 1
22120 13020 78
29411 13120 21
32985 57028 2
39686 56084 88
56043 44614 73
20836 54057 34
14336 4216 31
25396 36708 26
45345 10492 16
7204 39124 2
57578 54385 38
11302 40959 99
24819 30918 20
31765 34323 19
22240 51838 22
45116 262 77
37303 28251 7
13899 40097 11
42457 5544 43
22379 39757 79
53707 4807 26
39618 13935 54
31412 2782 25
39317 55496 12
45976 11823 63
17063 51937 56
9783 49161 80
39342 24930 19
38077 10695 45
46314 17784 92
32586 24375 29
26009 9778 12
38179 55931 64
24718 10420 87
33128 51663 33
4173 50054 24
8054 44046 50
28520 4492 54
45858 7029 75
47824 13577 31
12769 53110 63
30490 42816 16
31059 30991 94
15454 20938 6
5603 36031 95
31848 40132 100
41867 14440 54
49923 21580 92
14404 25101 50
16004 18798 87
48209 24798 33
13011 2600 54
8640 49626 43
58586 4727 46
46845 42054 54
53407 814 69
24418 45162 79
56503 44232 12
7797 1803 87
5814 56349 35
13890 27680 48
46786 15263 47
19867 38100 7
48921 37543 25
12955 10119 8
56008 39304 83
42476 26549 91
27980 20772 77
49295 8715 71
29883 51324 76
17905 15968 73
22727 52732 84
23464 34653 77
54650 16383 97
56008 30236 86
13035 11514 28
5116 33862 95
42437 44535 81
12854 21469 27
32294 10539 49
56006 40588 62
59033 4194 67
37195 21745 74
38490 3821 77
19087 52566 47
49876 11846 30
1026 5207 99
34880 19549 19
57354 42627 94
56299 58147 2
14355 11014 43
2513 8118 86
14014 19523 74
5197 53079 99
45008 41731 10
3661 38518 13
39582 51061 18
46001 47720 59
41463 46160 99
34996 46389 33
26057 14886 10
1014 54179 62
40231 17065 22
24454 39129 85
28413 20284 74
33490 59037 82
58825 2342 100
33072 10595 34
37072 14579 50
26622 39846 97
577 23250 67
48102 33584 100
21356 3838 99
11064 22805 33
40475 4962 14
19238 15427 87
32164 49837 92
3225 43359 57
10735 44631 1
51079 30839 44
25308 47363 94
51927 22837 70
35555 29565 73
44276 36620 95
20271 27146 74
16410 42442 23
38274 3842 48
54706 57654 34
49816 56194 100
53972 32370 95
2182 33844 94
252 30248 98
49806 26426 67
57488 8897 8
8566 19567 100
3462 28206 5
6436 37809 65
26899 49908 33
2685 42785 90
33585 6814 15
50067 27244 27
21350 30125 15
56754 34601 63
33485 10225 90
10448 25802 49
39523 10235 98
53603 22494 31
21995 49678 5
7290 47012 62
32050 42805 22
30804 37985 69
47223 55212 20
41915 38707 74
28563 19806 5
56769 28510 90
54410 6773 10
48879 18186 78
18592 26187 56
599 22522 7
16353 18079 28
49353 5471 26
16111 29204 7
50297 40308 86
57386 23327 69
39854 49123 59
22434 27879 21
49230 41851 90
38280 35983 8
617 59720 84
12138 34462 16
8250 42143 14
12633 18929 78
45928 11194 3
28197 28257 29
37685 31046 30
43486 55070 98
48825 5099 11
45663 24197 33
9926 30043 95
46323 20017 43
6573 32899 22
29788 49948 93
1414 46570 32
10191 39168 30
36555 7702 8
35327 36034 61
32957 35087 15
967 31995 33
45732 58474 91
5495 42984 73
20745 57091 89
41628 45522 7
6279 19521 70
23732 23314 83
54913 32510 77
19418 49927 51
21269 1649 2
12916 23086 29
19043 42577 61
13179 30534 77
28812 2511 74
46907 18623 93
49496 57258 94
7909 19949 83
35094 42607 11
28720 8589 4
16019 19925 75
49851 8573 60
37836 8966 100
52225 24381 1
16320 5564 49
18122 34136 53
25508 37708 67
52115 12053 82
37039 15269 29
59673 26028 46
2034 35964 21
12359 30536 2
44399 16581 90
49953 43546 39
18797 44961 92
1223 49956 25
34603 23198 20
4882 12707 69
20050 31154 14
25852 7333 19
6003 52957 32
37038 29481 4
13201 37350 89
23896 33361 65
34686 55815 100
23391 37199 36
37545 26854 89
2751 4247 54
48533 58986 18
41104 51708 73
15445 42793 20
35576 34980 45
41204 18596 60
38204 29023 60
49053 14798 29
1833 2144 1
39090 31810 37
9324 51921 61
2886 30392 16
19926 32767 37
6693 24420 20
28042 53976 97
32787 13734 12
16155 31880 48
45217 32354 89
57233 14287 21
18970 20717 83
54270 58663 93
22653 49790 19
16080 43593 26
29879 29952 87
36312 38145 15
44277 18038 27
24101 36105 79
22664 1197 48
17948 11684 53
16368 24863 53
47276 41546 62
18097 6940 7
1611 2338 6
6467 42722 4
24487 16600 19
10037 27279 33
7387 36783 29
50499 7202 19
37579 41295 58
48306 11816 27
54934 38442 88
16221 22769 93
4318 31879 31
9872 52218 87
49754 52668 9
44477 2914 3
57198 50930 35
19983 6231 90
23516 49005 55
6977 2846 92
10693 3376 91
39061 9338 1
48230 50880 43
45658 24461 74
34789 35195 23
1114 19785 16
4812 35828 100
20415 48815 41
29552 6899 96
45441 44224 71
18682 9643 56
39253 35900 50
9663 4972 11
54808 21139 46
56247 59729 47
9995 44690 88
50732 41861 11
52742 52429 9
51032 48388 85
51326 4052 73
55155 58255 80
18468 51053 67
42129 19457 2
43724 52461 77
33625 2038 80
43530 46236 63
27730 25577 33
29541 14228 5
16428 36396 62
56963 38974 93
6879 14620 5
4303 38361 72
43840 32405 33
48194 22782 64
46684 40459 34
43004 48993 85
38197 46217 73
24052 3166 32
21256 1518 7
14210 19870 22
20433 52066 75
15678 6186 22
37781 15397 10
35101 42043 7
4252 25753 68
419 28885 99
26028 3296 91
58985 24294 19
21885 41094 56
36675 58053 68
9497 21127 30
11812 20483 96
7697 59257 11
14743 12294 70
17722 54356 51
1005 38480 45
6958 38550 14
59472 37144 70
32817 16273 66
413 32283 89
19070 36901 8
6500 28874 34
33047 57543 86
12660 56761 98
48210 13471 6
1554 28832 63
20187 820 50
49514 30922 16
23630 5922 8
27279 28838 31
33848 7069 89
26958 19513 90
22005 18508 63
839 24102 48
44324 17717 100
2786 51078 48
9848 52570 17
17906 25391 92
16794 34088 94
42036 50761 10
37528 34056 79
45853 50526 83
32056 31118 79
54216 15136 74
7537 25986 64
22077 11739 93
42643 38962 30
24287 34840 22
24202 45355 33
14809 58035 55
56316 34336 76
39554 30352 1
42766 2841 90
5943 12312 1
58672 19798 32
28424 2489 54
16895 42702 56
41978 15976 96
10996 57149 64
26189 36093 12
55670 32647 70
9435 45210 32
13257 31225 65
1384 18626 97
33019 9484 27
37063 10582 8
52289 723 8
53597 50035 73
15760 47396 96
19015 9468 100
50680 32792 75
30717 27795 71
19427 29199 92
14295 54626 11
47030 17969 57
10838 45948 9
52399 13683 12
39608 8055 1
37622 19209 87
58876 31245 25
41353 20091 100
11699 12463 11
6952 34954 90
23362 22251 84
37993 25982 56
1824 40445 45
45947 51964 27
9596 40069 97
34195 58423 43
33271 9221 26
37449 19526 58
1219 26382 66
53860 28529 11
39889 43191 21
46525 14310 60
37163 34149 16
59214 38276 7
24839 28940 90
20197 44875 47
4385 37218 49
40368 38976 84
15114 9274 18
32785 17117 62
33832 11900 87
17077 24848 78
26396 30415 72
12090 29767 95
51696 11239 5
25566 1018 97
13756 27322 8
41598 26598 58
21821 19243 99
45697 34544 100
36946 46173 30
34397 30017 7
59759 18532 9
16424 41987 81
24559 45179 53
9940 21218 39
47060 54615 7
42416 23987 99
5083 12397 63
7408 38166 40
46941 41499 79
59820 871 39
21864 35019 23
44917 26054 67
12182 54998 9
19965 14851 91
37425 47648 92
45247 15193 34
2885 48297 9
21791 25476 48
38368 55005 77
42902 56763 83
4738 29951 2
49687 29653 99
59402 7503 44
23964 17740 1
41400 44990 81
58093 52973 21
16889 50178 2
58448 59163 63
57116 51665 44
4056 54538 60
29585 43104 1
19326 35753 79
55173 44630 80
30666 189 53
1179 5858 41
25340 34631 69
54352 57081 89
52890 44010 66
12786 39451 50
40688 16261 82
20086 53847 97
7946 9428 31
54126 10192 70
43479 51594 62
30275 43127 69
44292 20559 72
53480 27607 23
38138 56585 53
50124 2727 24
25647 5296 5
49354 41033 80
30263 15930 72
30459 5131 66
28943 1507 13
32531 58860 29
49410 19536 6
15683 6521 44
43906 22899 21
33558 2183 18
10329 40961 55
11809 56912 4
38288 6769 24
53542 22343 66
24794 8338 40
34418 55315 78
22998 41622 99
4476 26173 68
4509 9084 27
5586 4200 2
54253 34431 6
18153 37325 78
19063 31301 29
35978 50474 29
50278 34875 89
48015 52031 86
31391 940 29
21551 20504 69
27717 11559 58
29037 7833 52
16808 41874 44
46743 13081 43
35680 23753 9
13245 50236 76
9532 34675 27
57003 48579 84
56406 1513 86
30812 56729 33
54564 46342 39
5516 31871 56
58291 35493 89
23343 16131 76
35133 33257 7
23573 38590 46
43110 29005 18
30306 16819 36
22230 12653 63
46559 53934 77
34627 56750 21
7672 35305 90
40001 40518 44
16212 54162 88
39308 32329 71
15911 58536 69
12851 32931 28
7882 33905 18
50339 35955 54
43662 53732 60
29046 2720 42
22202 1600 80
21546 6361 32
54500 58160 38
16853 55827 52
40761 14865 8
10143 6015 33
42532 6681 10
53119 21283 14
36321 24653 41
5695 13429 51
17954 15863 100
38624 13306 37
57462 18165 73
39975 43514 83
23495 13121 86
31763 23228 97
30528 53888 90
4522 43523 53
39225 56917 85
305 40064 23
10303 9549 32
19435 11350 54
17590 50997 13
47452 59645 13
44370 30865 97
7478 30719 43
4707 1580 3
44903 17085 2
50733 21793 70
56278 24617 94
36872 19502 61
58488 2531 50
23818 48638 92
16743 11138 37
35691 49086 19
1487 19860 13
27030 10336 49
15849 8378 9
37107 50784 56
43422 2672 96
45811 47537 29
13661 31242 40
27076 8706 50
10061 780 87
13538 54880 1
58088 22059 17
23691 32257 27
34277 44629 58
45785 41239 14
10267 15282 86
7792 8073 49
31071 14296 50
27266 53165 54
59072 12747 80
44088 52297 10
31471 30906 2
22663 51858 33
42955 28143 6
54836 39619 71
32768 49367 50
15139 19068 93
26533 20186 4
29470 45964 16
20185 12797 32
52180 51417 26
9370 26518 90
49748 20650 81
47602 56453 45
33226 50604 83
12219 7053 5
23618 11696 9
39966 20606 87
59349 22490 48
14474 50774 4
14666 14395 10
12328 31773 60
8760 38262 16
30255 54193 86
37652 25637 78
24930 40907 40
35317 58363 92
49714 47071 24
51471 15901 74
58153 42012 57
5152 40772 14
50705 26155 62
15128 37595 24
17224 1106 56
3637 44047 10
56877 18754 78
8609 28794 2
13506 50305 55
15172 10994 29
34452 29468 11
54461 54810 15
39051 6505 68
29304 36741 74
14973 3277 93
31484 45491 19
44021 7278 73
10765 1326 77
7195 10111 63
7787 22137 79
7864 25910 49
40004 46638 56
41107 50911 67
38222 1754 1
40006 36714 12
30874 28946 30
13963 55378 99
20506 51163 99
55632 52160 49
17879 40262 87
58156 43602 36
41812 51300 13
28297 7859 64
4132 50078 45
20256 4885 55
50059 22062 36
36726 39827 89
45650 35187 92
44145 35977 90
42083 29075 85
55791 20983 67
37712 46594 52
34178 13258 12
26162 6856 40
55406 6783 10
3501 15043 100
16076 44661 42
53683 50684 98
17765 37984 75
13700 44464 49
26875 32532 29
1440 12185 77
16096 37094 76
11723 40399 88
51675 26979 84
38791 41895 52
34348 48697 40
2016 6457 73
36644 11963 80
19091 8129 45
39951 40805 93
48582 16586 73
58897 10599 98
33891 31108 35
4328 30986 52
15475 12913 10
25697 10956 62
25053 8917 56
19024 10215 12
9602 6612 57
16466 17079 48
1348 26565 48
6098 58747 15
13064 14322 55
36974 59163 79
12124 3524 67
56766 10614 85
45765 48463 15
45984 2101 17
49147 30708 82
36591 11473 46
35418 26065 51
23316 57348 88
5206 31059 94
47863 51508 56
21305 55541 69
34480 32115 46
29474 55177 8
10387 59847 70
33230 48278 61
50699 41366 86
9273 14803 88
6343 12578 82
54176 32578 44
55037 15965 60
51888 42353 38
11547 18213 83
6332 23852 15
494 41419 55
35045 48123 21
11485 814 52
7547 22498 96
26597 54544 48
52377 45044 15
244 55531 91
30553 47283 52
45116 52579 42
32169 59388 18
24280 13364 84
53242 29159 15
15509 47788 80
31471 57696 13
15247 57070 87
37730 41030 91
4631 26534 4
36449 35084 93
11787 10112 32
3533 53462 13
38353 15351 56
59609 48817 19
9000 55018 21
50505 3795 32
19268 58627 50
34381 34203 85
5122 33661 37
49142 18288 34
46865 16244 76
1250 5460 14
21096 31684 72
45613 6487 52
12100 10511 60
45955 33227 33
53947 22098 15
52498 52703 70
50521 2785 47
45773 20446 54
12192 43086 7
16455 56695 57
24110 45701 45
8682 3772 68
39848 26957 73
8245 33331 45
50327 39829 83
37079 33134 35
1682 33410 16
5260 54309 69
8172 13969 59
46079 15499 35
26103 35196 29
31493 32448 17
54944 21737 57
53910 41275 80
5155 53945 87
50848 42347 30
23229 53288 12
38557 16761 61
4342 31722 9
46841 2912 66
9137 27674 32
7793 18887 57
7509 10963 1
27990 50463 13
57734 50341 90
6272 45489 56
57622 11845 15
43938 44669 67
47880 6152 37
1839 34620 37
52296 32612 40
41149 21482 95
42303 19650 31
3319 1897 87
48790 2935 19
44202 30383 68
56712 36767 81
58003 46174 94
43977 27699 66
46959 28996 98
4736 6039 32
52624 1082 72
9413 44964 90
9078 41444 54
41649 46349 79
45312 9999 22
31743 36548 90
9846 25797 51
41055 29961 6
19920 53832 34
7135 6617 61
32712 35075 7
42925 42361 76
25905 19000 74
40523 28047 79
59625 16121 25
18954 14071 23
20428 49688 11
48102 16587 90
18 40628 51
38142 7536 35
6039 21333 11
36036 11833 71
36179 500 35
56468 24054 1
50401 12057 69
42342 33441 79
51929 667 26
51529 33338 31
40226 33355 91
49890 38163 93
55204 40336 49
40861 28254 37
34310 24881 91
1309 15417 97
13576 24397 46
18688 675 71
52928 32097 47
29966 46568 19
11749 27757 73
6066 20847 68
25644 37797 47
33152 1147 75
47115 29280 50
23830 51384 17
53385 5102 97
47004 44167 37
46512 12802 9
7459 44023 84
22678 2029 45
14819 40463 62
20334 8655 59
17347 38124 8
17137 19346 34
13098 17524 82
5337 42454 4
32089 3606 96
16205 9590 78
36614 27453 71
1856 54369 30
19821 47988 70
46970 11990 26
28307 73 37
30441 20747 7
27536 25281 96
58736 56264 70
51048 48632 3
31005 49562 40
42235 42169 68
48989 55490 78
31984 20627 3
16876 29830 32
36352 15307 86
31116 15111 87
23680 14903 31
12520 44157 52
45633 18789 26
5371 47624 10
33839 14302 92
11222 22186 54
27131 24246 19
23207 56502 36
35203 44683 77
4074 40284 73
7148 7773 27
7358 22818 37
55312 50548 26
13976 544 45
27451 37308 88
7593 47799 60
12394 48043 13
57114 23365 56
48429 43697 69
5576 11503 35
30625 8106 5
53776 36517 29
24832 18575 66
40079 12082 76
12346 57915 64
45084 51840 71
17955 34403 44
39121 4449 90
30844 55643 75
50073 6367 96
40052 40510 37
29363 43112 9
27286 20842 17
14781 54275 71
18313 10107 4
35721 12619 94
17193 40032 35
49181 21364 61
26652 40610 74
13109 53888 52
52286 31975 63
47472 25513 96
50631 88 37
52266 22277 76
24953 35886 16
42419 53942 50
49547 50787 71
58632 8508 70
32666 11668 93
59234 20908 70
33478 31461 28
3174 20058 71
5741 31751 67
28985 38246 44
49463 22926 9
4624 36763 26
44595 16906 48
40453 53956 73
56006 53108 30
5619 8141 1
34946 49349 84
12220 29921 86
26525 55914 19
48425 10435 93
41221 38861 35
6465 46746 11
13217 19358 47
40973 14982 85
43277 28513 14
59517 53359 65
49278 44309 28
58558 57288 87
30689 34383 5
1073 24374 2
54648 27761 48
56322 20638 63
20519 12375 79
42136 14805 48
42489 40213 92
49591 58293 16
57098 16593 51
32153 50055 16
43474 40383 71
16401 43810 65
2854 32351 66
40987 42052 8
35373 29426 29
25387 11551 49
26280 34424 52
22459 38478 97
47269 31932 79
20190 30974 81
32901 4094 85
10680 23558 2
42792 32875 48
45319 43742 7
29757 53386 89
28491 45760 65
13506 40338 2
55697 17566 18
9395 23237 25
27996 15389 24
45017 48408 40
12808 34245 81
8979 25491 39
55028 31 52
51629 44060 24
42050 53392 91
47 28086 52
48790 37634 73
7417 10396 54
35639 22674 43
11786 42824 96
30012 51747 35
19276 14152 90
58615 8401 65
58715 26781 8
9625 41018 96
41575 22772 39
25660 23624 13
18827 57774 84
51708 48426 71
18125 43174 1
56380 47244 93
38722 11206 28
2590 33153 36
13152 57159 70
59085 58400 59
39930 17680 21
36527 59838 26
52345 22729 58
6409 4456 96
9777 48276 22
56889 49554 94
56967 49919 80
21717 35122 65
49530 57510 50
25929 37012 73
48906 38222 39
25605 5082 40
57243 29186 42
29955 41113 91
12298 38547 38
29680 50202 76
40207 25495 32
34170 48352 92
58972 19816 33
33433 47309 100
48592 6926 51
52450 42601 68
18034 44103 60
33647 33936 28
55132 30606 30
51200 58370 42
58502 46843 85
7130 51271 68
37782 50092 71
37526 40892 41
47813 8886 61
3801 1671 19
33481 30430 58
31967 16354 93
8675 16927 5
21021 46889 95
45952 28619 29
26372 43022 93
24073 17029 5
38731 40463 15
39543 34101 73
59603 57636 65
50225 21838 1
50555 10230 47
17092 52947 63
25556 4480 6
25917 23422 97
8302 27894 91
1442 37864 90
16360 53340 47
504 17667 11
33390 47225 52
1389 2483 98
53630 44814 58
49183 54591 59
59355 38445 52
38398 30108 60
41690 50850 21
15522 30260 75
28596 10371 17
26427 20844 42
47950 55377 40
26556 26243 69
54663 33247 79
52594 49326 69
13776 39985 91
50140 25119 90
27463 54300 27
8898 42132 60
35827 9101 67
55103 9526 36
26417 14436 58
28066 17039 53
48055 31168 53
9918 38616 100
54413 27123 15
10278 27165 74
15945 39545 70
24919 50215 93
53965 21356 6
38912 42176 7
55515 19836 33
11310 5883 89
31756 14578 64
55865 49561 5
46642 35286 3
41011 37122 86
46939 56111 39
54444 987 89
50546 39962 67
19035 47919 31
45310 14221 41
58380 50573 56
3659 18321 100
38208 49558 89
56736 26260 65
52015 59480 76
44825 35918 99
23290 11558 79
26282 29806 97
7971 3145 48
46808 31664 5
23279 45238 5
46811 36460 39
13556 807 69
28919 9804 6
34346 40235 60
35953 35912 25
45601 50668 34
4038 47955 91
59843 710 20
11445 3513 29
41050 38051 46
14846 38122 49
53490 46860 68
23983 29706 41
3310 23827 9
5688 28505 20
10742 44434 12
30569 49888 66
704 57863 47
44792 22423 52
48965 57877 48
12249 47401 64
31571 58225 50
7329 25910 10
26272 52402 99
40066 18604 8
48784 34434 49
11622 7440 11
38474 25731 31
33232 55677 36
45695 47300 67
40401 18041 72
30368 6365 62
17998 54912 49
30060 28338 68
17551 45555 39
19685 51458 77
7830 20711 10
6417 46024 83
48310 41781 56
45106 2364 7
33028 6811 20
43823 29880 32
25525 40030 75
26225 10896 16
36553 39712 40
53109 2442 83
11379 59441 86
46815 26308 71
7322 43072 33
46236 46497 27
41862 17241 61
2328 44437 8
14773 47975 67
13133 49581 1
31719 4090 67
12845 5932 93
36665 25120 5
30615 9916 78
9471 15671 17
33090 34737 41
9543 13288 60
53660 41899 97
54616 29650 60
8 28561 13
50886 3880 89
38478 57749 33
39875 23076 41
55497 6541 68
59316 10138 39
28043 14558 99
19961 59346 88
14871 13048 93
37858 10870 59
59098 52945 70
137 19810 20
2583 57189 68
1676 51113 23
18120 47224 36
11937 33366 18
40781 44454 49
38365 57075 22
57241 13500 68
50755 56167 45
25494 3672 24
9369 3013 54
41128 1694 9
10231 43128 18
54501 49054 15
6385 27522 83
56279 6124 6
43885 4548 11
28716 3374 83
45854 7282 48
52147 56643 98
20554 20424 84
43315 54699 91
36739 27116 25
21684 459 31
34078 7092 67
8629 33448 92
54837 26816 61
3612 4059 76
46030 33278 19
43309 7202 59
8377 43136 97
20526 32302 35
41930 39 61
51945 56710 6
1625 19080 16
6752 23452 84
36457 17898 42
19689 12101 90
6392 13837 48
42569 31829 10
26772 10728 40
50426 29428 54
31429 47131 95
48062 2444 58
40871 58393 50
3808 47031 26
4718 30355 4
14020 47331 91
57068 28059 62
35906 39457 56
2358 18754 26
54367 263 36
13034 20222 47
32410 32651 89
35608 15830 35
20379 40621 71
47368 10561 4
53615 50309 11
16454 46611 78
7362 59201 52
22554 50887 69
45581 36861 50
9869 1535 37
31212 47001 12
48693 35560 19
30671 12158 41
51694 3923 16
45120 25637 19
6226 25558 49
14992 14778 64
13019 18096 96
34176 41771 8
14113 53715 56
10323 34238 20
9842 23907 51
43978 38890 53
21436 2191 26
8519 54372 51
42751 7105 59
11781 37267 52
42874 44495 7
58834 44089 12
30954 19044 49
59322 6725 93
19728 27637 29
15894 6497 13
51159 8419 62
44954 36166 14
47619 16688 98
35655 39883 85
30441 20764 27
17019 5412 6
58559 34132 18
37780 9199 5
6928 15714 19
18486 52807 26
34976 4290 45
14982 17301 58
48581 48330 76
6724 37842 54
44193 18111 9
58988 34529 94
51928 11519 13
44252 53360 47
42734 37139 62
6344 56772 94
18784 27231 53
8777 39189 76
37623 40070 76
2211 10965 61
43332 39918 20
49397 23018 39
42343 49335 94
18693 40231 88
44653 16918 17
17374 34280 42
23683 18656 15
11144 4257 4
16973 35863 32
17562 29474 44
26367 38219 12
10980 23610 81
17561 31746 94
29792 45031 81
16355 19056 50
35846 34027 79
37738 52996 46
45105 12899 14
57136 8164 83
860 16707 21
8226 40660 67
44041 44020 13
41744 2615 19
25505 44559 86
46604 57946 63
5548 6111 44
29178 27783 16
8708 50906 57
47068 37188 14
23915 18332 50
2664 41956 67
57201 9324 14
47097 8179 77
23947 50688 71
57013 36438 89
47823 23910 59
29820 20062 3
8252 11540 87
49436 43089 46
2823 24213 24
29079 7186 44
5396 38195 10
3876 39864 71
47470 4584 39
56641 30683 52
48782 40990 16
42350 39445 13
3863 27057 18
15459 58880 98
46959 15503 96
5132 50335 14
43726 46062 13
48625 12468 29
227 10832 52
54329 35909 44
18011 15857 78
19504 2535 43
5420 23649 24
23214 18884 99
2379 24005 64
15958 49566 80
51599 16792 41
10795 57377 59
50358 40824 2
10266 27642 29
45974 19863 53
16321 46876 17
58034 47140 12
21430 27152 83
37908 36637 58
23550 22608 68
46646 68 24
14791 35478 24
18835 53642 64
31891 33408 62
28076 8677 98
47619 42864 98
40855 19393 29
37328 16307 20
29505 15789 49
7586 24188 81
53766 167 84
53566 49322 61
24312 8182 80
29050 37840 30
35599 10689 40
3616 44206 51
36158 25430 2
3135 52879 76
33551 58713 83
14927 50376 88
4860 25553 8
25602 6817 5
21207 19586 99
23396 40888 6
3009 32665 80
47266 52562 36
20683 22304 1
36000 34175 1
42509 18612 42
49200 31193 47
57529 52934 73
44380 26566 88
50643 13707 53
12740 31517 61
30198 10085 91
58918 17385 22
34940 12295 53
11717 57226 5
50364 11037 27
51928 11605 74
43574 12293 80
34447 39586 40
17766 19129 53
22717 36402 86
10054 5043 9
44693 22828 31
46942 13819 41
10652 37315 64
6333 25223 50
4315 15655 5
2871 49110 26
12574 8713 16
56577 29836 100
13075 20422 66
1881 19179 72
13163 18123 20
51578 16279 13
17220 7434 5
25946 15445 6
2857 40390 41
42022 620 27
29177 25484 61
7394 17808 51
35654 44801 35
30527 36546 94
16810 2989 36
50883 57235 85
3709 30636 45
49404 30259 41
9361 49987 65
30084 9249 90
15458 7847 39
13017 4944 33
33166 16020 79
40496 42971 29
48922 15785 97
9047 31731 22
56621 2025 89
46866 28376 18
38924 37821 67
7130 40813 80
18742 44684 57
48863 45680 76
53425 31689 71
38656 12876 61
8565 26224 61
49316 11467 73
29310 55131 94
22984 34975 95
10814 14832 11
7980 33081 66
47960 471 30
59444 53055 99
826 14980 80
43237 52538 72
58013 10994 78
5872 42427 8
50366 20834 71
21893 52236 100
51150 38033 17
31346 17512 36
15701 29777 68
11113 53198 10
22144 46637 78
7165 41550 5
7087 44178 91
27249 45257 16
19306 31706 60
44137 43991 15
48793 23190 91
32908 42317 26
32583 56749 41
39860 36557 24
4191 41113 57
23952 23581 76
29997 11472 5
40744 17210 42
55089 40265 29
44534 43275 22
13362 6600 38
30822 16001 5
49171 20632 33
17526 43226 79
47830 43165 73
2626 18901 73
22013 56527 52
15141 9391 76
52787 45489 19
1708 47599 50
44745 37262 71
51610 37097 6
53563 7163 33
21637 56265 96
8819 47502 85
9308 41335 80
49019 27412 59
3760 38880 14
37135 52783 13
25073 22110 88
24770 32775 38
23364 2985 83
38051 56787 69
58324 31953 92
49048 51893 75
56228 27967 38
10799 19390 28
51750 53737 85
3759 11283 29
26181 22111 76
45456 27758 12
3616 58472 7
54113 59135 69
34821 21856 83
42161 6739 69
3276 31489 25
34694 50218 98
47872 27577 44
13865 4208 59
8525 18326 42
42112 58974 38
11058 13907 86
54260 52610 71
54394 10681 20
22452 1937 4
46344 23467 90
25992 52966 88
55472 34537 24
14321 25895 91
38306 35288 69
17387 15749 13
44583 37915 40
32721 12752 81
22775 1484 50
12742 54257 62
33203 11882 58
35025 4041 17
18861 2775 24
12644 8987 83
51415 35439 64
8383 56866 60
29871 46971 86
37938 56492 15
18219 29572 37
55142 35194 45
33815 7207 79
57984 24942 74
42325 40937 89
25341 41236 76
47554 8862 74
22795 51564 64
47984 52724 70
57009 59818 25
52726 49802 60
22722 8463 37
38513 21591 16
802 27966 78
38627 59205 1
30870 30292 30
45269 27735 26
16352 2706 93
42834 59815 9
2509 1583 9
34063 43044 48
56715 58909 76
23780 46067 14
4719 51983 33
34631 28093 10
37585 38039 62
35142 52086 65
22899 26884 6
32631 13473 21
12046 23689 42
44673 51634 69
37017 58106 42
22986 15895 52
56030 3012 95
23340 26886 56
7586 55001 71
30698 33110 85
57474 57563 26
42544 9725 92
29196 16554 39
12567 58740 44
22587 15574 87
25180 17622 14
456 57589 38
48939 41787 6
16790 14351 5
56902 14433 65
52600 12137 50
44176 37990 88
34408 15500 64
15949 32745 89
21128 11945 27
26745 39911 80
23088 31149 73
5448 31106 62
56239 22 39
56933 59393 70
42119 22602 72
23713 14641 89
13125 49410 56
28538 26948 14
40925 47861 79
12562 46389 37
33017 46787 1
10997 19754 90
15309 48113 30
11203 42468 50
23074 24096 88
16816 55676 90
12541 55053 75
16133 14400 44
14618 7855 50
45670 38813 48
31593 20809 30
48421 36887 90
19433 20015 60
59079 30345 59
55848 931 50
47222 55234 67
42331 58884 88
9 33501 29
9676 29710 48
29847 45821 21
44080 30678 15
27315 28524 2
11923 1360 92
35778 6910 44
55816 2635 73
45539 53696 45
11887 53592 53
40881 45854 51
2984 27842 82
41702 55814 42
28540 9033 76
12605 53398 1
475 13542 25
36446 17087 20
7626 47228 89
46284 51735 1
17778 13000 73
8174 25855 98
17358 22274 14
4014 56954 43
23357 26727 22
27931 56965 45
35973 2408 65
23882 504 12
6156 49082 32
2746 40096 59
6264 39631 75
5651 23933 66
1727 46252 18
32259 55818 7
35570 57642 21
30498 53352 73
5871 22177 81
8551 46162 3
4610 21282 60
4081 16804 74
18993 26290 91
58797 5290 9
14365 44909 61
23377 48556 39
50540 51539 44
3481 3105 18
1390 3739 24
38875 41886 51
31141 47579 6
32843 37148 91
29841 13546 45
58721 18184 93
18978 27957 29
35027 56514 96
45513 40181 25
58872 59666 42
33487 48345 99
17828 26446 72
58572 54430 18
52216 43214 62
7835 7677 58
55560 1762 76
58867 42005 23
41426 37744 98
2004 9638 10
42626 49779 39
30689 19056 8
43837 48458 20
522 16729 65
19701 28264 99
40784 50601 69
2624 16576 88
16562 7818 69
42703 14066 1
18736 809 83
59187 40662 17
13345 11223 9
41292 52242 9
39653 36054 33
31286 29527 7
8109 32736 50
42336 10737 1
58743 14955 48
29684 42413 88
31851 23887 29
51143 37444 75
26039 5788 15
29906 4848 44
5545 1664 16
43549 32328 13
20580 25536 100
57822 31551 93
13802 41398 100
41438 59777 82
49396 51815 61
46190 33924 86
24302 36165 33
53412 54086 79
55114 10406 70
15645 35336 54
39777 49672 94
3342 12988 55
53773 25711 34
28527 26653 45
38898 21404 29
53249 27792 20
15386 38287 17
54503 30106 59
502 57946 29
49704 49030 32
8473 9044 74
8329 5347 94
40525 37560 8
2817 12528 97
30842 5623 70
49335 21593 79
7225 41202 98
37880 21427 2
43980 30879 48
32539 43903 51
13698 49668 40
25363 29733 14
31017 59837 72
23839 48452 21
35040 54328 31
35185 41780 19
18460 53091 16
38088 26266 62
4951 14391 71
21567 18693 42
43567 50627 40
38250 24342 54
45154 27468 42
51936 9692 78
37081 49921 12
2956 40703 53
28380 32032 63
35588 40770 92
12115 57484 81
34828 27715 13
39681 47155 34
26659 54904 20
5346 59358 13
27885 11549 87
17094 21888 34
26401 4692 81
19709 3191 20
6022 32330 30
38244 48257 26
6215 30088 1
55543 13224 26
35165 46931 83
37874 14655 76
32632 22579 43
36192 17425 59
18430 14460 46
52636 13693 97
37235 22614 36
21188 12743 85
8620 37027 17
34136 35881 49
42146 2888 54
9757 41349 70
46041 13039 45
32417 32686 33
20821 44379 96
40378 10043 97
59315 11724 77
8189 49141 14
22281 47772 20
8618 4273 49
29131 47251 75
26567 24444 36
28436 23000 58
28107 32000 20
6525 30479 11
55572 42388 78
59364 3444 20
40625 46870 64
2515 43034 58
4272 19329 58
21309 36279 21
42851 26498 78
49809 19496 37
36125 7344 25
8026 45235 73
40095 36138 46
58343 48476 6
57197 2486 1
56157 4622 55
56342 50480 62
47909 44188 82
45405 45369 11
31970 50367 48
15345 2272 82
24065 2112 4
9132 22477 20
40650 51275 54
36132 32369 86
9776 2874 2
17919 1346 74
14264 25694 9
52204 9350 63
13186 44138 47
6836 7209 18
53066 22788 14
25670 59125 60
18143 55609 86
51067 58578 66
34295 30517 85
55960 7561 45
21761 45183 55
23616 41101 78
38807 23688 79
57267 31469 52
53999 30774 9
6399 143 22
51770 10552 35
40610 45323 45
9841 38514 67
57707 54225 83
58706 18949 94
43843 24603 45
34087 5996 24
21144 59313 46
58923 7069 29
3085 45054 7
19182 3433 49
27051 39970 82
34292 7494 25
38575 52675 84
39158 25341 19
59631 31847 99
49679 24477 44
19583 27153 8
10055 29213 6
28902 15611 84
59556 52739 30
50182 38407 63
17944 22540 37
36793 53108 67
3905 12809 73
38657 16120 41
50335 56154 43
26159 47622 53
22629 20078 92
52114 49090 74
40438 9200 68
59340 21122 19
48264 55746 72
44497 11818 60
3831 18637 6
26165 31623 97
8309 11177 49
13851 42447 82
46538 22548 26
17763 6322 93
7537 8648 17
37237 36086 82
28415 8019 2
16370 54553 6
34599 9385 43
40656 29921 7
30304 6305 41
5969 24352 54
4375 3793 47
22038 23217 47
34199 12474 34
1533 33641 10
29180 39931 84
48553 44629 26
27794 48699 53
45680 2513 47
11441 2519 18
55209 22179 56
7184 31398 66
5428 16285 44
12478 38209 4
8893 26045 67
40074 10204 61
42865 38476 2
21417 55750 29
25385 53819 13
373 9093 93
24285 22213 27
35213 53164 94
42410 37988 39
26713 17123 46
12644 34874 87
546 40418 7
13784 50805 29
54593 21418 71
53237 17109 10
8970 37264 92
41975 3262 1
24714 52303 77
34000 32516 64
24922 27424 87
43008 34644 80
5418 9981 46
12357 6187 36
10147 43282 14
3493 27534 68
44270 23659 10
18990 45851 73
35702 19648 99
17 42110 4
34876 57837 50
28486 36425 67
7547 199 56
59582 56090 75
42077 36678 41
13353 18458 15
52257 27968 33
42522 39176 8
27694 21705 8
44665 17880 27
43911 59750 62
44652 39233 73
58772 50446 97
3842 57516 36
26932 33299 21
12120 3989 82
5339 45923 73
49201 50746 62
25709 42767 63
19961 39104 40
18724 52845 93
39280 44737 48
33038 27016 92
59839 34592 23
3799 932 8
53248 24723 29
53544 241 30
21398 41763 21
13223 1704 21
34524 48393 28
59810 31990 56
12172 16295 27
25922 54722 85
14414 47278 20
52465 14697 35
40894 11983 94
20499 12562 47
48165 13464 43
46192 34039 60
55491 18788 66
19712 22790 74
43954 25673 24
17999 2235 71
50995 3728 100
5062 53541 46
5880 40607 58
14299 28483 38
43433 36582 48
40996 59216 20
46307 15698 84
19511 34605 18
7124 31373 96
21036 32121 84
50133 57610 81
20546 58958 9
57972 41397 51
3845 11153 83
28303 35724 12
28430 7174 71
22950 18135 11
23479 58568 14
25617 53466 41
46985 51065 44
49751 12446 54
48543 39645 2
42312 5232 48
48353 7268 72
5512 35305 59
47660 52105 4
42199 51619 90
7301 59008 31
26893 25163 62
48558 17569 63
52064 34720 48
50447 38929 12
35366 36824 24
25673 58726 43
13156 19078 68
5466 29554 60
53759 59230 20
20899 21798 86
25721 2034 5
47267 50278 36
34086 3199 68
44753 48573 87
36962 50478 99
28301 10131 66
45300 21026 12
2933 18373 39
36402 10401 91
28311 15552 95
7508 34121 2
37959 15347 100
24646 33683 28
21402 19170 88
14220 47116 58
3267 4279 23
23782 39877 53
30449 39445 6
4690 4859 94
27863 58486 50
7704 3729 25
21220 47459 24
10919 7724 13
30968 41025 70
26175 51654 50
55239 19946 90
1388 10961 43
44161 51414 23
46878 12912 68
28406 47061 92
18579 28525 32
46609 41922 95
39820 19468 75
37434 55425 87
7483 52480 24
58976 35768 84
2052 51860 69
43896 41854 14
24712 34768 55
11392 3107 69
13580 3502 28
52227 31117 1
688 18764 10
662 23383 37
8023 50715 96
27275 14716 57
50131 37933 99
38680 2920 4
27711 29508 97
44035 50808 27
34843 25926 95
26111 43543 53
38220 7779 44
6069 18265 56
8349 35536 98
44869 50302 39
16559 13763 9
34589 4174 3
43584 40982 34
17455 40494 29
5825 45305 42
38576 27728 99
51461 31756 39
57882 26452 46
14917 59540 48
43852 4322 45
55442 25970 6
18412 44585 25
9443 23934 12
21767 42664 82
24870 56037 2
29862 3092 75
23965 56809 10
30960 46697 51
11880 55591 87
12305 48508 23
16412 54739 18
2617 57530 31
48659 52488 47
46688 31821 45
40630 10743 1
39965 59421 41
58872 7076 81
14455 9217 75
16718 35819 47
157 52355 89
3139 3548 13
14319 28624 27
19508 48640 80
20442 3390 28
3156 17558 83
30487 52558 97
3601 29151 18
44096 52684 36
1730 22684 36
21910 21011 55
38647 20085 89
45032 6138 69
48037 52977 94
41288 34498 26
49469 6368 99
26777 52746 7
15077 34805 80
2744 54557 75
10568 55351 12
24883 8389 5
12480 8075 13
49517 25514 17
33708 1654 100
40303 37792 65
37445 50363 81
2989 49880 11
10874 12616 23
37740 56125 33
22503 58170 24
41459 2563 15
12287 45485 39
22738 3994 78
5967 30862 14
10145 59645 11
45771 36210 85
26614 44414 77
19967 4197 53
23963 48871 70
27693 24432 83
18888 42930 33
22496 34437 6
25500 46446 99
41412 22740 29
8032 50314 8
2527 8615 60
54610 34762 48
34040 54324 48
10466 26280 86
12726 32335 19
41242 23908 66
59129 29222 6
49894 36903 60
50927 58936 75
13000 6867 46
3748 42833 95
11766 12882 23
15515 22999 41
52244 12849 53
1838 45170 99
18956 30470 18
24144 170 27
52503 11675 65
4680 38229 2
48618 10900 72
35218 52816 5
45944 32734 46
18054 17677 27
12610 19561 38
49088 30896 59
17606 25004 26
18462 19218 24
25053 7543 64
44878 17545 12
13828 3516 63
33362 4703 59
18253 57623 75
46493 27421 74
31597 9762 96
22861 48441 98
21979 19507 9
2869 6143 99
31100 25377 49
59282 8834 98
49487 29742 58
45233 18665 57
35744 46774 10
12746 33261 24
12823 50845 82
58503 59430 14
55796 54100 8
33908 8772 38
50295 59199 19
5393 29349 98
3012 23280 39
9252 45480 36
726 31340 90
8968 16366 39
38432 32626 80
13996 2410 48
31029 37953 63
6632 12072 67
42574 23677 58
43553 13658 87
44828 7506 85
43162 12317 46
11319 1100 87
38071 17167 45
29590 11479 51
30686 9726 46
1967 27999 57
14353 28362 14
59061 18831 50
23874 23933 95
3138 18517 36
7840 38827 7
40704 28151 28
25254 9389 8
50493 19270 23
24872 47821 30
51517 41582 34
10823 1145 94
32004 32235 12
37492 12394 87
25959 49748 42
41063 34428 94
5647 44369 48
16392 44909 47
50553 2738 64
24905 49187 55
9973 29367 37
55343 40065 27
59779 20752 16
36526 11920 88
32863 38869 57
53272 42783 48
33888 45499 90
56142 20094 100
15795 46183 84
8018 11002 87
46823 35171 79
34822 52358 24
2797 54465 71
36080 52687 68
52935 9637 69
14892 8356 56
22646 14345 42
58037 30626 84
34718 11834 98
2729 7386 74
26037 17170 19
43066 55931 8
25207 45016 43
6090 4446 14
36927 20247 1
31049 24086 16
7321 7471 39
56143 46992 28
31621 13373 70
12671 14362 11
20771 19891 32
36119 12209 40
20245 23065 86
23798 32206 1
25020 30515 46
1994 21443 92
15669 19214 37
56962 51840 94
54504 12670 73
21775 54682 29
2297 13385 79
6307 46782 59
22878 18185 34
59773 18291 38
34468 32710 100
15409 22278 7
56051 57669 61
16201 50877 61
18662 1420 73
33318 7718 54
6853 48195 6
11978 32700 8
55323 37655 88
20290 31478 4
3271 17717 26
44268 13090 19
57361 18907 25
18155 46807 15
30013 34125 67
30243 34579 72
140 38014 34
3035 34202 13
2557 13892 35
54416 58042 48
57988 7287 61
1167 41023 37
20551 35110 86
57794 4658 38
12218 10547 98
30911 50928 35
45570 17615 99
47485 52898 11
38436 26333 63
53777 46018 22
8680 9822 82
52567 57383 5
51683 27713 35
57111 49211 6
51887 41896 64
44612 16379 97
59689 40883 55
45515 51397 24
6748 56235 95
51193 9431 90
12504 48254 46
58142 41718 72
15540 14164 46
906 22425 77
28287 11143 39
47969 12111 39
55139 37225 100
11179 23756 30
59431 40367 4
21115 5992 59
4282 1109 74
41017 28817 3
7088 52085 25
4966 1891 18
5145 6695 58
17560 4963 4
47691 43296 50
46570 4794 55
29693 47411 14
42193 26387 95
11521 12197 39
33062 50359 13
9180 15269 33
22746 53150 46
39953 51321 74
1902 43015 68
14709 56152 34
36448 4796 84
37227 52550 35
21444 10104 91
18029 32527 7
42618 47645 9
13476 8519 17
40380 18076 56
13616 23369 46
52348 1093 12
46848 13298 4
18859 33645 86
36323 59124 52
15745 21245 61
16030 31073 20
16080 59420 3
16329 41785 38
24351 17866 60
13937 52872 97
41343 26264 69
56647 11515 68
15503 6089 53
21323 12985 97
1372 28831 78
14524 20288 3
36205 9256 54
18459 25887 63
26132 28845 69
52859 51627 3
9005 54506 51
39050 19142 8
45193 26858 65
47975 52329 76
5550 29349 20
44440 22726 12
20310 45665 66
55480 9421 36
5171 48414 61
32812 37579 44
56306 50928 24
38570 44910 31
20518 53301 90
31764 57670 70
1439 48512 45
29110 30143 47
39656 33152 93
24408 49106 86
32630 54888 49
12425 54049 72
43712 36928 56
49261 30584 58
33985 3490 64
57496 44949 39
4885 41047 17
41847 42749 73
51801 9280 31
7173 23834 34
35276 20277 5
10080 36880 77
22088 50162 11
40606 21977 71
36302 34634 40
11334 13013 27
47709 23476 1
28157 21054 5
48028 30646 23
36061 20524 99
36026 22912 14
31404 41522 45
3748 18197 56
31624 44980 1
28714 6833 97
45427 14276 65
57212 20688 2
56744 19345 28
31147 16788 77
42379 58409 34
31537 57238 84
25964 54294 16
21111 10750 43
11958 53755 66
44209 43687 5
33046 9941 22
35479 57501 71
50783 37469 62
24257 58289 3
21215 31285 39
10428 17989 57
29041 42310 61
4051 34091 36
5724 50777 45
56243 3076 89
54971 26574 38
43909 52694 51
11578 16358 73
43010 6275 67
32431 2201 67
33251 58054 51
19220 7970 22
56965 11057 17
54089 39876 90
31357 35636 7
34463 5423 34
51637 57490 93
43723 44007 26
44764 8448 60
37083 38784 89
3666 29745 12
54753 4433 52
23319 33071 20
38687 37715 64
11429 24492 58
37170 4709 66
28858 23972 80
42380 33376 75
29910 47215 76
15158 45091 98
25189 11832 37
57366 41527 30
12280 27191 32
22024 50750 24
55100 11564 42
34343 19929 8
47948 24085 88
4515 9805 13
21925 37118 43
25469 48570 45
20245 38752 43
45194 28396 30
58352 28994 20
52459 20886 66
1196 19257 7
20496 30765 5
18673 21150 18
10146 14044 41
20837 1873 30
18992 13799 19
29193 42873 63
10642 56917 23
19957 20357 85
29258 8398 80
1213 45167 63
20883 16354 53
32231 5208 91
37319 16900 98
41361 26868 100
15447 19773 16
20563 36459 53
22073 54885 26
22623 47829 34
1266 32940 59
7639 13064 9
50389 1067 1
56403 40275 12
44704 14976 27
33167 34264 17
8549 24121 85
57855 41173 59
13601 57120 32
58726 15852 37
52006 58469 9
26357 20828 8
56210 1378 12
6070 39622 5
28255 21972 75
1586 52485 50
46 54347 6
50068 38778 3
28007 33842 6
10529 57973 87
52367 21838 19
36325 26225 59
23005 28045 90
35893 46614 67
25215 9348 25
34079 49699 15
34135 55971 55
58303 47601 37
58176 4203 36
38347 32412 44
55926 51575 3
7361 1712 80
51725 2395 53
15129 37605 84
15354 36180 56
2093 49355 37
36718 28989 87
422 23875 39
24862 19767 57
48906 1715 30
56850 57712 43
12523 52263 4
9988 8475 15
30994 37711 89
54446 2497 96
35347 27926 61
59757 38990 6
35667 52569 98
23991 20532 32
51361 47882 35
25018 39109 90
41815 28900 52
32882 13012 72
25921 13379 96
12200 56495 74
22377 51039 51
7027 11273 35
52318 48375 95
22844 49172 58
38524 51580 52
34427 3974 73
44791 59801 49
1049 35107 16
28469 12136 57
23153 53726 93
29076 16651 6
26800 54966 21
10893 52128 3
43923 34565 89
57327 53393 7
14729 7979 78
38096 57145 25
29556 15588 15
28481 36680 3
35848 57503 38
48538 23246 73
9202 58078 40
28791 20517 73
23858 12950 69
29974 53753 43
18040 13323 71
20934 34710 57
21085 9976 27
48649 824 12
39692 55290 10
19501 23078 93
32061 56819 24
59545 46952 40
30117 55263 27
24816 11616 85
45962 59868 82
40877 37098 68
40524 29342 37
50284 40940 22
2948 5618 10
28707 19942 33
17113 24424 67
33463 7923 49
12571 59475 11
4002 41308 37
50498 12468 80
19740 45390 59
9472 46751 47
39763 6435 37
37687 26306 92
23773 35571 72
36872 57523 30
41182 31910 27
33603 40089 2
20032 4826 82
48735 27278 38
758 38520 11
19608 44258 98
29693 29854 47
9634 49684 23
26239 4893 61
46799 56515 63
51967 34952 43
55974 1867 6
55538 39797 63
6965 31383 80
14565 26380 19
5057 6057 100
57942 54137 74
17083 54123 44
45024 17707 1
3560 16242 36
24944 24976 79
25968 56997 22
12691 6021 74
30209 57092 30
3777 24551 85
12177 21587 15
28340 27773 61
45215 28149 6
49349 45039 86
1283 43631 64
1678 196 12
27986 57844 17
1259 6341 17
46070 47850 92
47812 18397 93
14397 20624 30
45366 44238 44
26088 37695 76
55885 42542 37
15629 17446 5
11307 53041 14
29201 20416 32
22427 34374 63
31599 10796 35
50765 31197 67
2473 56210 74
17645 34206 30
59700 35660 77
41027 21748 30
36997 51424 8
26166 24790 62
48415 26783 87
4679 5997 26
13469 49173 22
39995 27362 100
4286 22654 44
38955 51382 36
55561 36503 6
3341 23976 2
36314 29355 16
20736 22143 11
58883 53118 42
9558 47468 84
12537 7180 65
25776 14150 85
22624 5665 79
15892 28037 77
55970 47377 38
38583 42295 44
19174 32395 92
25713 49895 42
46384 22747 34
3176 51215 42
47769 29548 87
37995 4899 61
27200 12149 57
13255 52383 59
32096 16288 100
53398 42665 6
234 19072 78
9974 44093 65
8997 47184 9
59351 3343 51
43256 28534 77
44533 12766 14
18060 1878 55
1522 4375 16
57011 13816 60
4259 15760 21
38839 4490 13
46643 29169 72
56434 43641 95
33928 56484 95
36656 27227 38
48299 46739 100
3816 53855 83
6210 24477 73
49625 31352 28
11273 53214 100
201 27077 35
40613 21173 65
24546 57697 73
25546 36756 36
39048 57190 14
59787 34559 5
48274 11356 19
35554 4823 33
39213 13740 66
51327 3847 36
54755 43475 47
54191 41261 70
58521 9233 58
30086 3614 55
11955 45867 62
10270 36892 66
25686 37124 100
42932 22667 46
34345 35671 36
1074 29984 96
45524 14194 34
16899 31196 2
31651 24426 50
56960 42902 92
25652 49641 86
44963 27096 84
30866 8262 28
18998 33329 49
47067 15121 24
41637 51683 18
44744 44681 89
14259 1888 29
23293 4299 92
7448 19811 42
40619 23875 95
20155 52560 48
53700 8249 61
27375 22414 86
18447 53873 42
6812 14732 56
16679 4198 53
7555 46857 24
45553 8894 6
14708 10757 18
54027 12050 98
5875 4235 100
57105 21504 27
12045 11432 69
56857 5988 68
49878 1236 4
44777 58350 44
10744 29611 45
1277 9561 32
11312 52949 93
31383 10635 50
44341 53222 73
24204 58760 96
52714 27816 17
35621 239 10
30785 47837 86
58548 929 26
17384 5662 16
43241 49634 37
8161 34189 12
16983 13457 58
31497 52004 82
14761 59801 33
24230 55487 50
10306 6947 75
11406 32449 31
1590 34859 54
15610 19124 34
44519 43352 15
57300 56797 23
37406 1584 87
18894 49408 58
46764 52968 43
31772 43294 40
33368 49212 61
16308 57854 52
49506 22542 66
17590 463 32
48308 55017 19
26900 58890 75
23261 48852 82
45419 21239 73
50555 16938 81
9051 863 16
47381 2307 21
33785 30496 23
52926 57225 38
54587 50458 9
31346 57836 65
48332 1407 74
48741 48427 16
1906 28275 83
34895 25104 98
52803 8914 81
29914 10749 43
37308 11651 44
47591 50690 23
46725 32585 10
57284 27657 81
11238 30583 4
56248 28500 69
56104 44211 38
47732 40821 25
36127 57499 33
37130 18325 97
5326 38368 68
45160 32877 32
29019 38332 21
55542 17273 19
28712 38461 17
9276 18667 3
3358 57828 67
30914 51308 32
32972 23084 53
29587 9517 28
3366 42915 34
49364 55982 61
31443 38753 21
22260 49030 98
32152 33778 26
26842 50061 56
8130 6414 28
4491 21103 97
36060 53609 53
15546 53924 96
40392 48866 98
22851 5277 46
39303 37942 97
58335 35917 99
14127 1274 91
44366 35378 69
36507 49064 22
1711 54661 81
53040 15568 77
22816 31628 18
58405 48065 71
37198 37537 44
52853 16392 81
34207 42990 64
19726 4212 55
1534 30201 39
26478 25261 55
14370 23120 91
17652 4417 85
5878 44902 86
38172 34572 73
45529 25298 50
12895 40078 4
8812 46558 78
24490 53975 84
22520 35523 72
29417 32944 78
3861 34590 63
50553 31881 19
16270 33114 98
22272 53522 46
58522 34771 15
5662 38126 99
47271 59623 51
77 43682 42
21188 41305 74
56537 38835 16
1362 5018 3
2621 1509 87
54073 51328 14
5690 50913 45
51803 13313 99
55879 44333 11
30150 30580 98
13857 10491 73
9350 31735 39
3944 33942 24
17661 18474 89
16068 6494 2
52060 4083 75
51014 26977 98
4013 30389 10
52222 21144 7
16949 35162 90
13937 32101 81
34415 41770 68
35469 35264 66
16953 53278 34
43777 24991 100
48848 53802 30
13366 48291 89
17458 20156 91
54336 38218 68
45574 5493 92
17847 50795 47
15438 10382 20
38678 32952 54
41257 17624 1
3598 27245 5
15449 32673 2
8726 43124 82
1599 55377 56
13113 46671 68
35393 27944 45
9608 9495 15
38691 53867 51
26495 19950 49
44253 18144 97
27252 55829 55
1351 38235 89
49001 39610 77
57575 8165 7
1300 30449 84
7102 27989 42
35957 52794 1
20681 6984 71
16075 12907 44
16690 22501 84
14928 3401 59
20895 56833 28
206 49036 45
16386 2636 59
5376 44593 32
16518 47633 41
56971 29368 8
7860 25063 14
17604 48535 75
33847 12330 96
52854 49476 10
9846 7879 59
58694 11470 53
19964 56016 56
45468 52653 74
26256 14901 96
6488 57460 99
3110 49952 55
11572 58188 79
46709 45257 22
9606 36131 59
15399 13852 7
22047 57300 45
9793 11366 61
42788 13567 44
44701 9475 74
12270 21756 2
7637 17840 37
10044 34221 86
25166 8689 18
31693 37402 26
21256 25756 24
26398 3751 1
50508 26006 96
4727 55440 23
2826 51547 92
40935 47940 28
24522 49572 81
26486 3530 44
8241 37611 54
16641 48292 32
27523 29049 65
4341 59258 16
6168 21646 83
56457 766 67
45167 13457 26
41977 53260 60
51823 13749 81
58523 30429 6
1976 38406 3
4826 3058 76
13697 25219 52
36024 56462 30
31163 31917 97
11929 25592 61
34759 55797 23
3817 58709 84
34869 15897 23
25066 26709 78
18129 22807 91
10633 55711 27
41792 46593 38
46208 55117 80
41934 14289 13
48070 31483 47
12391 31060 99
21546 37487 3
15180 55585 58
5059 47315 40
7500 12176 44
52649 13664 55
5589 5385 83
5321 12242 20
57010 53734 17
34114 47930 43
8510 34882 1
27221 5793 31
4105 35738 29
35869 6671 16
28579 38378 81
1297 40362 62
30796 37647 60
23215 10732 68
43405 6979 53
23110 32567 32
9413 528 11
24720 22282 68
26554 41185 27
11783 25754 60
5645 21613 35
57023 55189 58
55944 51910 4
979 49883 56
20711 56918 74
24163 42432 65
17352 15871 95
54590 5100 23
1717 19524 1
8700 12851 80
22774 57512 85
29013 34456 75
18890 53769 55
17627 35410 29
20031 2373 23
10395 47897 69
40014 16680 77
44265 10260 59
6200 45835 3
33146 52075 64
19315 31617 3
31913 48332 64
28390 22697 47
44858 11539 27
11280 24961 12
32306 44176 13
56114 39133 32
3638 46112 68
51510 25496 72
32848 40959 83
35432 42636 31
17197 22358 61
49152 21260 19
40013 24816 49
53427 26715 41
7059 56885 93
26684 23363 34
10253 18358 10
35139 13512 97
8984 12576 93
21833 28877 19
45037 26213 42
59916 3476 91
23182 16215 60
33509 33716 22
12933 49658 61
25693 9097 91
21075 27945 34
40272 39716 73
21359 23562 81
7623 6524 35
5717 31532 88
35556 28929 83
30218 16253 16
30734 9567 93
7621 18515 23
5240 2075 71
55894 58354 64
29488 5789 23
46878 35339 14
11008 54135 26
12825 7583 48
21322 38667 55
17977 22085 34
52971 41064 6
26075 39593 3
39031 24686 55
13725 12413 62
19587 41940 27
24431 8541 65
54676 31254 17
52818 50358 20
2641 19370 38
40420 25298 81
21576 16658 45
53144 15906 3
24685 21617 43
2412 20360 11
13855 29078 96
40338 14272 79
35977 22206 4
20189 13680 100
52588 32039 90
44235 45892 60
3741 7849 5
29284 23639 3
6395 15246 83
2906 51221 71
42642 39299 59
26079 31844 40
46712 22595 53
22666 9808 7
33393 29007 99
9925 13143 38
8033 47961 32
3640 20387 3
22933 35545 84
8516 30183 65
34169 12642 45
31122 23456 89
46000 33779 56
56872 11529 89
45630 28416 2
21521 20080 68
39063 4636 78
59423 48977 80
56204 14044 91
8699 23273 35
18443 58442 6
28867 34492 41
4915 27346 37
50535 10894 8
42313 47603 37
1449 24940 67
10982 27277 36
10797 23712 18
53256 21586 37
57087 37252 92
51170 52181 70
57954 54945 60
8996 44240 71
5092 7377 78
10827 28778 66
23432 39231 92
26851 27401 77
9512 8703 86
1634 37803 24
10350 31172 87
30760 39516 14
39271 5116 76
44413 54788 27
23436 48076 4
37152 28520 74
43996 47859 92
42745 24931 76
1364 58046 7
7347 8461 8
54251 3827 35
59415 8220 21
5432 59675 96
5126 34452 98
52324 36074 61
34024 58024 91
32269 29152 68
26232 35120 24
18098 37003 94
47611 18281 21
45789 9912 78
35921 38639 35
28554 57437 31
22159 31178 44
29128 43194 16
21487 1559 87
33104 55965 43
11001 39187 69
35412 23477 39
50012 8000 79
10082 23890 48
859 56224 44
34424 32342 21
52136 23740 70
50144 19452 76
40159 38205 1
9279 35756 37
26601 57872 51
23434 26640 15
11094 27596 78
56680 20956 15
20916 6038 2
16979 40242 8
6614 2080 12
46351 58427 83
10941 14451 12
49318 16012 43
32012 55793 31
19544 25420 75
38292 39679 97
17350 12901 90
59717 28332 13
17052 3240 81
29103 23100 77
46032 20353 32
52271 15020 79
14029 17097 77
35425 12783 54
55129 4485 52
30074 33971 74
9644 23592 98
36728 17278 85
13332 8696 44
56707 6425 34
26597 39740 31
43084 27945 94
26811 11737 38
16275 42168 14
58234 43979 61
32492 53764 5
32090 57979 87
37060 15274 28
15119 33653 32
10180 39537 2
44783 32362 74
36075 40655 19
48900 10409 40
12085 52931 62
50212 58218 12
48589 34750 65
43056 54139 21
55056 58420 12
21799 17968 65
35416 25782 97
34232 26227 23
22569 57426 21
17891 40754 73
21710 2282 99
34019 26602 56
27192 31371 98
1627 46348 83
58526 18710 51
54554 8036 70
57228 18890 8
38708 41587 32
9025 55475 86
36562 4717 31
56181 22345 96
16365 26709 70
12645 18781 33
2936 30256 22
54188 30404 4
44313 22568 56
53257 30994 4
51904 37958 32
8807 40906 1
36869 27777 36
24556 9944 47
25077 56196 98
57466 52458 83
55936 8080 28
1488 1581 22
13537 43930 87
17701 36116 95
54963 44056 77
30988 13443 42
52197 15755 99
21961 5239 8
12923 51148 97
3579 57146 32
23555 18549 90
39849 22340 61
7571 39339 71
102 2083 86
52380 50600 82
29663 32554 16
27445 303 65
56983 46477 51
41166 8634 88
7589 43424 58
4942 5417 44
59657 36127 25
42361 58012 57
3499 22918 27
26263 19383 59
18727 21834 41
47209 37059 6
6450 50338 66
37316 54120 32
8630 7742 25
36812 27744 38
44247 38759 41
389 12058 59
55673 31507 35
26262 6820 76
12521 6222 93
5244 25641 19
55934 26608 81
46496 6648 78
58565 51452 75
46938 55242 53
38068 5061 1
20893 44478 20
12179 52297 54
48062 26493 69
7535 52356 53
41594 43936 45
29162 17741 87
38022 33458 86
46096 48922 32
24484 40749 42
10660 52213 11
3363 49873 56
57794 10139 29
41199 24973 93
54036 5936 14
20432 7698 5
5278 22263 11
44641 20343 2
26633 2104 39
34588 24725 22
14167 4049 92
35058 42885 8
23782 19700 53
59727 17435 63
15734 26445 10
30894 8685 22
16555 42235 13
45853 54011 77
47906 49545 29
9077 25131 14
34030 1050 57
46801 20197 35
10449 53296 3
22149 30901 46
23220 4681 38
22411 15840 26
27297 56877 8
51208 2576 67
16450 32544 29
59435 40162 72
50010 47413 44
53969 53918 98
28163 30388 63
386 47354 58
27605 50319 63
57756 52504 21
45526 28843 78
53230 29347 27
33009 32002 81
13093 53374 30
43211 56560 26
59863 45446 84
6822 57895 4
25752 11997 16
24610 14379 71
12921 7026 93
15944 7017 76
48359 10852 22
34413 15489 54
6433 736 73
2880 45308 17
14081 1535 58
18656 39320 30
58334 28799 59
5222 30480 74
55385 35489 99
56452 40902 96
52944 39938 11
17804 5381 78
3184 58708 55
8569 32275 82
57961 36599 48
59218 53498 81
49598 16509 54
1001 42379 90
47854 581 74
55240 53099 87
12664 43776 14
45571 47637 11
58183 10489 57
50411 5672 97
32349 9745 10
17491 44846 83
23388 52288 87
19827 33822 52
30333 24532 18
35175 39811 53
36329 6956 90
58441 51954 62
4845 51198 47
32245 57930 7
37551 56223 55
36222 43516 36
22393 30078 34
55684 25448 41
51295 37679 7
59306 23553 99
36831 10812 44
22127 17712 17
54873 332 32
10078 2866 72
23903 24793 17
51714 37359 8
28265 36893 50
32880 25332 69
22680 18646 50
32442 44632 25
17211 34715 28
29122 25788 55
46666 21988 86
4300 2561 51
52583 54381 14
54230 46621 94
39904 36451 8
4512 19859 8
13026 18638 70
23076 5065 2
31490 27948 1
59087 1952 84
23262 57735 28
12793 46779 56
39097 37699 1
48726 10552 54
37535 35451 19
38006 16282 80
6510 44364 8
42962 7738 1
54210 24067 62
17662 577 40
5695 33737 11
42470 3153 66
11828 14215 69
21085 10460 4
52685 25839 80
3201 15200 42
7820 19030 79
54901 5526 49
31219 21405 87
42767 28417 43
20243 46498 11
6804 16703 75
45527 2372 22
30678 3685 43
30905 11300 36
52082 2834 3
43361 47934 90
8575 33622 9
48942 36534 57
9058 25789 85
54704 36247 19
23097 53218 79
30286 59870 27
20270 1032 80
44809 23800 70
10023 2073 9
21158 26421 55
20789 4582 21
26034 5853 16
44299 39830 68
28887 3928 60
1662 21164 100
44785 56437 89
6592 4988 1
23920 48998 5
42817 59063 23
18390 14964 28
32900 8885 21
25299 46856 20
18429 17524 10
47528 36124 91
30442 22320 6
69 8610 14
54798 57742 16
8449 2559 12
41823 43081 1
53838 43746 36
49851 29480 64
13535 56868 86
15289 10460 86
13426 18602 46
1339 13807 95
5805 20089 72
12463 6086 46
55576 58558 10
28023 59821 74
39718 18845 28
58357 20917 87
5166 53320 26
53468 39761 68
25662 8932 88
25857 440 91
47237 42640 25
19764 33579 96
41323 41213 24
17419 34928 14
29957 51992 66
17874 16620 95
56021 22754 16
19821 41359 1
6675 54945 95
44987 54338 32
11882 9475 26
51421 21393 25
45543 33237 33
6183 7401 98
11383 7689 59
32532 13530 82
47205 37381 64
46853 19475 12
8070 6787 42
5324 7116 24
13497 25684 89
19446 27139 60
5399 39460 82
29117 23157 10
51554 33270 5
32610 54156 56
29262 57367 31
33435 10579 14
21733 8017 86
44239 57297 100
27977 39047 1
53756 46631 75
16199 1903 88
57230 34395 79
36623 30456 18
7962 7140 23
57391 58899 14
51733 35684 20
24135 41067 66
41593 13998 48
20728 21839 38
50657 21335 49
12281 24985 25
47409 55980 94
36713 21843 80
21225 27568 91
45531 29408 40
52540 57368 95
19279 43970 42
33963 54530 25
47414 23957 96
24689 19838 89
5167 37516 88
21324 40949 30
42107 7100 2
55048 57895 36
16416 28040 14
31368 25321 41
7382 54242 60
19478 8066 7
50480 41852 43
39072 28078 69
25296 23506 36
26174 35268 45
28618 25635 80
21741 44807 73
50612 47735 26
7025 8897 50
937 55164 94
56604 15412 80
42716 1775 24
56477 59564 87
50349 5126 19
22818 47791 32
28049 59773 45
7263 44996 21
7972 14543 61
45775 41971 34
52646 30366 57
48509 55611 66
23462 34470 89
13293 42906 84
35057 1832 8
57472 35834 23
2100 3843 89
22140 34399 27
15306 34678 68
58975 10102 98
23439 6357 51
22967 42372 43
54012 43962 2
17488 5594 81
13202 36657 8
22424 35440 94
44491 11913 56
53015 24528 49
37768 27042 69
56491 5257 55
46613 31606 56
9050 26887 2
54949 30318 25
443 10442 64
59560 48335 13
284 27247 67
6848 51697 67
27925 56932 8
45435 35038 53
14341 27822 71
40760 10309 16
54815 46427 88
21608 31285 74
50868 53434 43
22571 35463 78
30950 7499 38
13511 20429 81
48849 37340 98
11439 26194 26
21930 20205 78
11178 15095 54
22750 7784 33
57991 36528 3
41303 5568 93
10439 49963 44
6453 28949 46
41779 56632 46
17137 27633 94
44104 829 40
39695 7464 4
25985 31966 96
18361 53151 91
57298 13126 87
15747 6081 27
12575 1731 20
57088 29198 64
31130 29800 67
19133 8815 62
57206 17670 82
53239 60 17
31906 42624 77
13631 58450 41
51912 927 63
38642 44489 87
23586 6033 41
21243 20612 45
56797 12375 65
6176 5104 92
49112 4314 97
41390 31068 81
58268 9910 61
2472 8976 33
51919 579 37
37833 6953 18
50571 6467 27
10780 33944 88
18812 2696 60
36133 53394 83
56385 5879 49
28125 27909 97
53956 18522 90
49364 20539 42
43042 2505 2
34846 1823 15
25005 29749 27
19440 27122 15
42195 59470 7
12493 49534 86
37507 9937 38
11426 3273 51
31368 47112 64
1299 12798 28
59448 36196 95
47914 8893 9
11233 45825 93
18275 21322 66
56197 29623 99
15482 28736 33
28409 45227 10
58251 6988 99
49325 47052 39
2866 59552 62
29283 10329 55
20149 58444 27
21507 36342 16
44873 43764 37
12302 43210 76
8116 12743 93
22737 9956 72
685 25859 47
24649 54172 10
50568 2015 14
50034 5616 27
55423 38937 83
49674 56791 11
24853 31413 70
29446 11545 74
40361 45797 99
59909 44496 93
6791 5517 55
849 52206 41
47358 15988 86
28059 42837 1
24951 43475 32
50370 53894 34
26824 38322 64
14301 41362 51
46592 28437 13
12303 37023 65
51017 43203 53
22973 38585 50
57303 46869 33
52743 41889 6
40911 46395 12
32203 18715 5
39886 59385 82
39883 24481 20
3375 58270 92
48317 4237 5
41431 24582 26
55989 22412 45
44696 20333 53
24350 13834 12
25885 51399 4
48115 13436 49
34942 22632 64
39112 20411 6
54130 13806 24
23916 19853 99
11940 27263 97
45383 42164 25
40264 4405 92
43990 10886 12
45678 58973 58
17317 36467 51
3599 41141 27
26779 55133 63
13408 31987 85
10884 13929 49
43071 34153 43
9923 8563 71
5472 52219 26
4063 8631 13
41074 1724 53
13600 1935 96
17930 56887 33
56477 34604 42
51223 29309 66
11100 54855 33
43374 43521 1
24222 19856 66
969 16767 45
10546 43451 54
34204 22937 24
45308 23249 92
35786 7179 10
8366 53994 15
29501 18191 27
11888 7425 76
21153 8177 7
14234 25109 56
16760 16292 70
12118 47598 84
12709 25983 85
41093 58217 97
2494 29039 44
13349 4400 19
46131 4977 68
37291 28167 43
17500 17664 46
2966 11266 8
20801 56908 80
8345 22407 99
26741 1469 76
16800 52112 85
4228 17422 57
59830 31429 78
39211 36908 50
8090 56415 68
59615 32062 83
28150 13957 20
23998 36330 69
42987 52364 35
48835 2907 22
59904 19503 63
26546 15854 39
33129 15704 19
24100 37989 6
10436 364 88
36878 28685 32
17625 15914 82
2903 9563 7
52826 19522 56
21255 18036 14
5779 782 31
54050 14482 40
25782 3856 46
38751 32183 57
21660 7339 80
56540 54540 38
52801 15013 77
51480 34466 17
34674 28632 91
57325 38939 59
29947 29787 24
22613 35294 96
14355 9631 10
3852 16905 37
7882 25740 3
34650 51755 54
3831 10682 72
9912 42486 36
57592 46485 88
14633 21518 56
29884 10769 70
24368 23946 29
25476 27474 96
55223 9672 92
39569 45065 80
38241 45483 47
55727 38949 22
18239 217 90
47488 21965 70
46529 20622 61
32032 49590 20
12991 24116 1
49022 6276 23
57217 54428 100
40911 12078 83
44457 27226 60
13630 3055 44
5267 31620 33
21938 10349 35
46127 36867 48
14887 51783 89
17532 52301 87
26111 53649 61
21903 2644 47
6316 51944 64
13786 37277 30
44005 7782 63
46804 53258 66
33335 13492 67
23235 6766 3
43093 58024 13
40051 15744 86
23876 11586 8
33303 17053 22
9194 1008 85
38936 18746 63
47885 45600 53
30003 5827 30
55557 35921 83
26552 28619 6
9711 24369 78
21664 18448 100
24780 20172 11
32706 58674 46
5488 59591 8
21197 6690 5
22112 59118 35
51298 47728 77
53591 10241 62
34930 26914 83
46950 3755 42
18604 13746 50
27900 21012 95
4863 963 91
58650 20254 95
8713 49932 89
34080 48500 75
439 45603 17
19369 41819 74
20977 58435 15
8434 20467 1
14726 30792 40
2475 35440 77
25486 33190 46
36806 42086 66
2136 14556 57
28993 10154 40
52529 4786 66
48451 778 45
41206 10380 33
1603 46164 14
15124 31252 24
34115 58008 8
15405 56833 57
20808 12664 95
22657 45273 94
1317 21700 64
41080 26077 18
53452 55747 26
29054 51512 1
48850 15371 98
15477 44874 15
57960 25663 16
40812 18406 66
22735 21164 3
20003 52688 69
5992 769 46
11898 32300 8
13391 21065 56
7747 35348 39
43031 8548 33
38934 16508 54
18757 40563 73
21365 47109 63
59026 32461 41
19484 31736 37
51021 4542 38
3825 49459 41
21054 7853 45
48013 41954 63
17088 36231 66
21414 7584 48
58389 43736 63
56470 53439 33
23431 20619 82
10016 2606 54
26300 14682 95
21120 37239 51
6764 28590 3
14011 25601 21
28677 17798 11
49840 24354 72
39792 54255 2
34842 27597 19
37383 44392 83
42682 15945 82
52154 4855 94
19748 50792 34
22985 31218 5
42520 46241 25
21098 7178 48
12669 28568 86
20581 923 99
49244 24527 59
3925 14566 87
47778 52171 24
12130 56474 98
30594 30353 57
3253 37784 49
53611 33781 30
50023 13547 60
44713 12536 74
28182 7690 75
47473 23491 17
25789 36163 80
50958 25502 72
12696 19274 72
41876 47153 12
12092 27258 89
21165 35271 100
22652 5271 82
56901 38522 89
46490 53690 25
54666 4861 90
7540 17174 100
25016 14571 68
33675 33624 76
7574 22325 68
17533 21442 64
18945 23083 92
9717 1689 76
54752 25030 82
32078 52836 91
42408 51415 76
32730 38498 88
42528 6913 31
53189 18056 74
55287 500 34
40975 58374 43
56147 34042 91
43533 37901 29
37968 41293 14
40229 15650 90
24003 25957 19
37042 19173 30
27371 47238 89
26437 21642 95
270 6581 87
3855 52458 43
54754 57460 7
17696 1005 90
14581 7683 95
46586 20720 96
41163 45833 9
8453 57594 50
20831 45111 23
47227 53492 74
53159 48385 36
41456 46723 12
59506 20408 15
47570 26319 10
2970 1181 17
8228 41420 33
17510 55646 62
56762 26999 24
11638 13286 5
4280 2452 24
14173 3089 80
9858 48398 64
53675 16109 52
30036 25720 80
53125 13107 20
1499 13153 53
10401 47909 29
5039 9476 2
17535 19531 40
18919 2459 90
26961 24729 21
21001 44934 48
17304 13736 16
1271 45452 92
54865 3227 67
37530 41919 90
55403 16514 91
39375 124 53
27326 14683 33
23771 37162 60
53362 21952 38
57254 6595 19
32788 37829 2
28925 32781 28
38605 33288 44
4383 20333 96
10315 46336 80
54479 5298 9
18529 22000 17
26313 26330 58
4975 54959 60
11 56642 26
45322 13973 13
43192 52492 43
26527 10144 42
10076 13727 95
53396 20195 67
34265 54734 74
24971 18643 30
36499 35787 5
7522 43948 55
58468 11530 41
389 20427 92
11410 1127 3
28039 28384 6
59248 25394 99
2903 41484 8
26218 20014 54
38135 19707 2
1299 58608 56
42340 20329 10
45728 1539 36
11746 24767 55
12253 7395 74
42332 48090 69
36069 57487 7
42613 34652 4
49368 39054 5
4005 53275 39
9095 20636 52
58338 1091 31
40956 6762 21
27090 37942 50
28816 33937 56
16889 43268 95
14672 16739 84
25681 1073 66
34481 27789 2
22872 20120 19
43920 22598 6
30030 5741 43
42506 45860 61
22827 57479 48
53750 25374 13
26980 54207 33
20796 41398 19
57968 51714 2
26604 39568 45
59379 27304 49
35371 16197 89
1045 43917 20
47263 24887 9
56060 40793 81
3151 56168 83
52239 18211 75
29130 51439 64
46450 23260 85
17573 53780 24
47561 8588 49
47025 21479 22
28667 59149 94
21292 46865 89
47888 18244 74
46637 17291 26
48150 39752 4
49855 48642 48
54725 14275 19
52789 52119 6
31505 37412 43
43927 544 66
17589 16439 30
38119 16590 61
31407 26665 73
7010 29752 71
26067 21528 47
51492 32508 86
17935 9227 62
58244 45761 88
22403 53316 57
41677 8290 72
27051 52110 52
58083 42126 82
42688 11164 14
21779 36220 57
21862 41289 17
44549 50070 39
46615 16845 91
37120 40333 25
39376 55694 93
19107 25128 63
43321 45987 72
7103 56628 16
6914 11532 68
33502 39666 54
56921 53458 21
4866 29543 64
43305 4285 94
15584 2469 41
45020 46717 58
45121 40595 12
4790 7093 45
30680 25445 87
45380 58744 53
59766 49732 84
21762 3886 42
35098 16747 47
2228 31725 54
47930 17718 54
10674 26 12
50065 31979 34
47943 27902 57
16620 48802 23
38078 56906 4
20974 19797 95
57585 37116 11
48046 40839 16
5660 38848 35
27007 6233 92
50701 25488 85
4642 48695 35
17767 58710 79
2500 2725 72
3892 18594 13
968 752 21
30405 39291 98
37838 41115 17
14419 11062 4
17387 43663 75
25290 34160 52
50686 153 66
32249 18767 42
40427 2762 91
49426 27767 16
16696 48613 15
17430 14004 95
32949 40302 49
43270 35499 43
14030 40997 51
42969 11150 38
47575 50764 34
3889 49999 5
34465 25986 30
48000 11508 50
34746 52169 21
33409 25954 94
31870 22157 96
29379 26678 2
57189 16876 15
43144 20741 67
28625 36953 40
39799 58025 31
59731 14924 73
908 45322 13
27017 16881 36
55003 11610 74
21529 969 100
56330 1550 57
11632 19356 77
57497 52145 52
25487 42666 30
5960 23738 55
47492 13907 81
48590 5888 80
40931 24762 91
51060 34496 46
26872 2499 68
16349 44014 98
5854 16407 25
28954 34432 68
46722 56874 5
1054 45877 33
6061 21403 5
40356 57152 19
43091 5564 57
54178 36929 68
4076 2547 81
15161 42005 97
17586 18454 86
43041 12363 84
36329 8960 92
31578 51807 40
5678 15860 23
37945 49537 47
10032 48141 8
12325 45158 67
27223 57427 97
38927 24311 56
52494 35313 49
43334 2115 46
57401 10716 100
47657 43561 3
40802 31241 87
34370 52217 88
47276 35496 20
54030 22362 52
31807 48403 59
42001 33556 44
3316 38754 2
3096 14123 76
5395 52135 30
6776 53359 67
21937 391 13
27219 53394 2
9453 43589 91
33476 23572 27
51794 28021 7
6643 59767 75
31308 34981 13
8746 46783 96
57469 16454 86
22901 26120 95
50185 53380 12
50735 15984 6
55794 32545 31
58827 46806 14
55167 10617 65
35368 38095 11
54758 57818 77
55643 59262 74
23553 59879 34
19074 19091 2
21777 17211 96
28983 5560 83
37675 29746 65
30872 34752 33
7423 46871 19
52721 23028 17
2920 25282 78
52190 24564 71
26197 37260 79
45488 30699 40
3714 56281 6
43560 30352 98
27312 13267 35
39195 48369 90
604 30015 69
3536 10803 63
3190 11995 94
42662 13485 39
52916 3807 10
16444 9087 17
321 11422 52
57138 49797 17
9074 53814 7
27361 49168 35
46407 1793 13
37222 9158 52
58754 26322 86
46280 2986 23
17836 4644 84
8879 51895 36
18858 40638 7
50590 43349 29
565 45557 78
46459 56344 20
32879 10527 95
22651 55249 27
41723 34668 2
54665 14217 17
46363 42678 20
31480 20722 39
17357 24427 5
40328 55669 51
1302 45741 38
36254 56922 90
50541 6010 78
33664 54192 20
7484 7838 6
51958 47614 59
19968 9740 2
57291 32065 29
58800 18902 51
5262 19972 8
6501 619 89
22087 25976 83
47851 42934 12
45546 15236 89
1869 47618 17
771 2863 94
30643 41350 9
17681 39896 77
46588 684 32
7119 21696 15
37284 57312 15
12191 53266 13
28861 4701 94
28103 10398 79
19189 43642 25
44833 42929 29
49419 312 99
27581 19645 95
13676 37068 79
31362 51664 17
32905 29603 61
40815 42557 100
49902 16443 64
33205 47708 96
25896 40194 63
12911 31517 81
43425 54795 90
6881 16168 37
19085 17423 20
15219 4180 37
3010 50137 11
33583 33911 67
46451 18805 76
19781 9072 85
34279 50294 40
34155 59828 52
2810 36582 61
6942 12698 66
17071 12699 16
53496 43500 30
42838 59849 96
54719 33871 27
13835 8972 81
49947 2041 55
41584 11852 37
16186 5902 89
23932 16822 99
5202 41268 4
48901 14353 80
48542 42015 81
14919 44013 74
54015 11009 59
20052 23463 57
45532 38642 3
57953 7917 74
21579 36613 2
27463 59007 44
32392 25457 38
12284 57932 41
56307 47056 65
43929 6358 74
23642 34293 63
11543 46188 91
19263 29886 37
5585 23903 75
51248 44250 64
46223 26302 75
42319 20624 16
16484 12076 64
1076 59320 40
39544 55768 91
708 3017 38
55902 8872 19
39214 36195 36
7861 33979 13
50343 57993 22
48073 59636 34
33670 7904 34
33522 10335 94
30350 15936 59
15184 36421 96
59172 38356 1
53022 27429 8
31348 44793 42
46175 21614 83
42532 37291 82
29322 1927 77
35011 22114 34
45646 26425 18
7144 49984 63
23660 35839 93
20970 18694 71
50301 5864 66
47983 39370 27
12787 42857 43
37198 45349 17
30416 48941 17
36805 13751 17
56720 18640 19
55325 32329 45
43671 42723 88
31227 1808 56
55688 927 47
16557 55710 34
33851 46443 34
28710 44962 98
30247 11760 87
51861 52433 37
17611 5963 49
51238 53598 18
44216 51938 56
50029 39974 21
33562 16368 38
20537 7239 86
24920 52613 89
6687 24105 8
51756 49455 3
46647 20295 45
23292 46122 10
48407 27067 74
56826 22098 58
37762 55517 32
1422 31246 29
37207 11456 62
58826 11564 60
35209 59826 79
38348 55818 46
44699 37181 32
43455 32894 54
45655 32514 96
38724 31307 91
47667 47356 39
49257 15668 44
58005 38700 96
24646 6698 44
52274 40062 57
51772 30937 51
983 55710 82
8375 46741 26
46739 39272 82
40121 19412 56
2690 14493 32
2773 40701 90
34615 5192 34
15942 9393 47
41801 18347 41
20060 25046 40
42311 54223 85
17769 35821 24
15133 25950 22
23371 27322 62
16740 6448 1
3033 46418 89
5513 4317 2
32166 21790 88
13199 33607 70
21600 30485 42
47953 17172 90
29575 51792 64
50792 9179 94
42864 10709 51
20358 51375 64
44960 686 18
39494 30363 30
27368 55319 73
58149 49798 7
46810 1489 85
43761 56185 59
18606 20519 57
29316 47726 16
56637 20633 53
27003 9937 77
59755 57406 25
46025 49803 38
41973 54735 7
34347 31304 57
7289 15737 62
16395 51082 7
13375 59499 29
6204 47923 31
23145 55419 26
21807 4744 93
58878 27570 58
5309 8437 56
29074 37512 22
56161 26080 89
34422 24573 14
53140 28079 96
39218 23410 14
44466 39826 44
12722 58559 3
27380 49359 39
46461 5314 62
16820 29465 70
51069 11562 60
32133 41753 73
7942 33266 18
16752 34910 71
10515 33774 97
9331 27329 8
1666 30048 93
32064 59902 30
52666 45126 28
30616 37899 51
45562 33489 58
1272 11103 56
27739 20946 61
46119 37783 34
52895 58965 43
23039 28176 6
47841 18364 99
40636 31105 22
57971 9619 17
1640 22769 48
32757 18658 50
10376 20167 59
15357 19656 98
6836 47671 30
30614 48953 6
12724 86 20
5560 57886 62
28183 56930 80
26654 52672 68
21872 53617 95
45079 15486 62
21792 48011 22
31796 12708 38
35195 55529 35
4711 27350 4
40019 52450 95
11373 57978 14
18166 38489 48
40950 54327 64
1291 30093 17
15899 8588 68
27158 37909 43
43677 18007 67
10550 58052 95
31184 38722 56
37886 17437 34
18929 44531 67
50955 22512 80
52808 43821 38
25659 23333 100
42877 31038 31
54204 49701 2
41553 12682 5
54633 37186 81
32796 856 13
42663 56419 87
31653 8165 2
7967 28302 34
32305 44815 98
38830 52107 90
37041 41675 97
40998 3733 19
16993 8980 86
43953 30019 27
13494 19970 1
58907 12385 1
35852 33458 84
12380 54067 19
31040 21964 17
47719 27248 91
34044 56067 76
5326 14177 51
36776 16389 46
58599 55723 88
58460 11712 15
21264 59473 28
9445 30403 95
50485 16875 40
26383 12588 30
48756 14696 61
51633 12045 67
462 48995 7
45277 38106 37
15451 49482 91
13217 52391 91
21567 7421 15
14924 2398 73
16850 45627 37
9986 35024 86
4737 21017 71
30244 48885 48
15191 32509 4
45500 51959 44
8524 41110 100
25822 18310 9
12836 39287 90
17228 11340 42
9609 22957 50
19156 36406 37
51727 3380 59
48116 26410 14
59185 20206 38
9260 1276 54
26362 9186 1
1668 23942 46
45367 13719 6
30254 7157 23
56267 59143 29
37887 48443 85
25949 48232 90
43771 6245 42
34931 57550 71
4621 52628 3
7475 2243 6
55 16954 3
42174 48499 87
36576 28610 16
38285 7585 64
55840 4400 11
11624 36856 54
33782 45365 26
45350 57067 70
40755 48093 5
58245 14435 27
33595 6880 45
46476 16854 11
33808 22422 56
5861 30653 53
59846 53923 45
40033 12637 45
8248 35142 66
43347 22853 93
22714 27030 28
43450 45053 62
19325 36261 40
48315 49775 31
2339 44431 97
39956 928 23
44729 44695 23
40242 43950 75
10152 31030 17
9721 58382 60
31116 17249 94
29889 54304 41
57102 49290 61
1518 35092 83
18809 42567 35
51968 14711 97
40222 42688 12
33577 26598 20
49210 50554 32
41128 49756 30
40258 6211 63
18624 33219 39
59721 1044 61
55382 22998 40
36426 49398 100
9482 41096 47
19879 34497 45
35941 32855 36
1642 22291 49
34459 14348 27
18915 26490 7
56553 854 62
20419 36480 55
32996 37141 28
14348 47582 71
28122 31988 82
19970 29233 67
58783 53302 39
1549 14986 17
15429 22367 7
56760 36470 2
13271 52017 72
46893 21974 77
2031 35197 84
49834 34920 52
13906 56814 57
48675 13498 90
52786 37174 28
48421 17268 65
6141 49531 14
23061 18979 7
7618 5024 19
40967 24697 88
8177 29263 34
21273 31152 12
6625 20162 90
42419 35734 36
37872 47139 88
42044 14699 34
10897 164 9
18324 52913 7
53130 28159 72
30388 45334 7
58510 40870 76
57403 54251 96
32137 37499 4
20723 489 45
48985 44837 4
33335 53107 5
26085 12647 99
53089 44154 70
27875 20170 20
6380 45284 86
7686 53871 99
57538 39435 18
44197 43386 30
21416 20294 69
10395 59574 64
4540 53899 21
9124 24998 51
1781 54522 24
31399 58223 88
26380 57345 20
33371 34325 35
4841 2599 64
4242 15738 35
30328 59282 49
18452 2454 2
32130 30172 77
51833 1462 21
2147 31935 3
35288 20845 90
43552 47704 12
55222 7410 16
59604 46602 87
17861 29065 53
18234 25034 54
3248 46091 57
13322 794 6
47002 52967 4
51016 5559 36
30275 46827 6
12345 6213 30
41940 34695 45
16746 12493 29
57527 6730 75
22114 56230 83
3800 55994 40
54212 16234 90
39735 10859 97
56385 23025 76
14783 16548 50
905 39223 44
32135 35007 64
26901 10979 61
48876 4015 77
53137 6214 76
32778 45752 78
42061 20000 90
16405 8881 12
34351 37099 42
54560 6288 18
15174 56160 2
19899 21042 47
9197 11071 60
57083 56933 28
38169 21906 93
13729 49886 97
19983 26750 91
18782 17710 19
41235 54832 52
7481 56825 30
54418 42890 33
57951 36283 78
47590 26592 32
21271 31899 65
23105 13940 18
6933 12720 1
32502 54997 78
15120 58839 19
10483 28596 34
9461 33302 68
38098 23579 52
9929 48752 2
55099 42638 72
16990 28091 87
31151 33535 62
51702 41405 51
52496 18057 38
3523 42273 78
46913 15978 57
20402 26633 88
9592 20261 27
33819 52339 81
50698 30293 44
20250 15610 15
46103 46004 7
27174 49362 17
6427 59770 39
2444 5507 23
55062 38243 74
11205 18431 43
9602 22093 3
44905 22713 77
55946 38088 53
39959 12873 17
30526 54182 50
53365 41264 61
22672 36661 55
17112 20177 96
25055 34798 17
9860 44499 60
19639 8306 69
44936 17166 71
7621 7956 90
24182 43090 39
20057 53721 62
44581 33425 23
35251 43448 46
52013 44974 47
33069 48038 59
38664 33111 23
15336 19757 45
33272 37313 39
38211 2038 42
2743 37910 38
26694 16021 17
55281 42991 96
32964 33805 78
32597 35986 71
17637 46832 47
17194 17868 43
29415 47202 40
3282 39833 28
8276 51393 19
9162 44889 71
39077 37525 50
42744 16446 36
3477 53844 73
15913 16433 69
48773 55344 60
36229 55618 41
49369 33796 21
4261 28346 38
5795 36029 100
5088 44934 84
42275 4544 11
53932 7762 74
52805 14917 99
1419 13587 12
34745 51970 71
56052 27824 21
22187 27558 14
37251 27666 78
18689 59444 30
28139 25442 73
24927 51589 23
17434 49488 54
37357 35940 8
56271 50207 75
36971 14525 62
8136 29517 49
11572 50837 43
2189 23491 41
2602 144 32
54964 29405 96
40335 20888 31
7342 58801 30
11341 14477 25
10970 52387 12
26411 55624 67
49963 27485 74
15818 37050 87
23183 56725 27
26269 45548 84
36988 10248 91
44785 3414 48
3160 37167 16
55264 58933 23
26516 47620 37
42118 24082 75
229 53521 23
51758 53037 99
39688 25434 78
32738 27278 82
3771 1523 53
52554 28085 32
20531 29041 83
30423 32156 58
23395 12559 20
3180 50428 96
53638 58291 61
48179 9154 60
22524 38698 21
16192 17583 19
36664 51790 29
216 42455 53
21010 57919 47
55138 57572 12
53363 14969 5
43991 55036 70
1542 49118 91
19389 6610 19
10767 7426 44
12648 45387 14
12635 10688 24
22572 29469 21
35112 26782 81
388 30290 71
46681 12768 55
20364 57807 21
46242 6674 45
37193 46711 63
43032 41795 26
6685 57842 37
27126 39742 5
15676 46099 39
8358 8783 71
52804 47428 15
22399 26215 96
46167 24332 29
30956 14581 93
12109 32822 16
51282 50292 29
40389 13172 10
21657 46324 56
427 13111 8
2967 953 62
7077 24573 94
19554 16678 24
32143 53078 60
47516 21274 96
25869 12763 44
13396 31674 20
42847 29798 13
14464 37678 25
8738 27078 2
21623 46127 26
18920 40188 35
6859 58987 38
57801 45434 63
47221 18952 41
6283 27432 7
59083 39462 85
57872 9406 13
13233 24156 84
26750 7790 77
31256 37511 45
17684 44343 51
49915 19954 23
28612 53046 49
21340 53804 62
53689 5997 92
32162 16231 20
1206 45726 17
53623 13997 30
16684 12601 18
21645 2351 80
15322 48007 12
11376 48459 4
29806 47584 79
7137 4623 83
33330 52757 44
36368 8532 91
42909 1444 30
1079 1307 77
44758 46993 55
44543 46159 27
36501 30010 16
10346 49058 74
56144 1179 85
56644 4968 5
2733 37529 44
20674 13648 18
33461 20816 71
30409 23376 55
24703 15170 22
28867 45276 92
40296 36197 90
46272 22675 3
34146 242 47
26821 35438 21
5584 58249 84
39693 50123 100
10485 4256 83
15468 51517 100
35954 52548 76
50355 17497 22
53606 45519 34
22583 18269 75
40008 38254 100
19998 27987 61
56505 25436 8
44254 3908 13
49548 43360 84
13590 24484 86
7170 11970 88
16405 36376 51
53575 14504 66
41016 34697 83
180 54740 62
14853 22987 79
25698 3575 75
45836 57489 10
2628 55368 93
3469 40160 93
41416 11496 40
51224 51476 75
52797 56985 2
16070 49113 41
22053 5063 14
59329 45078 59
59777 51996 90
36280 1531 51
58931 37515 18
28237 18976 15
30336 18194 32
50948 3426 56
43348 35874 66
54232 727 51
7216 24713 61
6823 3786 72
44912 2078 48
52886 22920 48
57939 59868 14
38826 10166 7
56407 3550 98
38122 57976 73
39344 8154 14
54059 16117 91
28065 50640 84
49887 53853 76
19161 42492 41
21524 41325 38
23988 41481 93
45897 37051 54
27511 4897 3
34349 2755 49
43688 48635 16
46447 38079 63
50788 6061 15
29034 33612 1
40354 24523 81
34245 52758 48
40285 44571 62
13800 32535 88
25731 51343 71
11658 7953 73
21914 32589 98
31255 3208 27
14691 38972 10
10924 4809 65
41362 34712 72
29192 42981 96
5160 8428 53
53543 14542 39
14857 11223 2
59011 49425 60
41370 35983 20
12381 37976 28
32678 20139 78
8493 49916 89
57273 21636 86
6104 307 17
24933 28278 55
16189 25790 95
28671 54957 41
10653 56089 42
34732 9120 37
47915 40391 17
46348 18299 27
9910 13898 91
40869 57462 17
33508 29817 36
8178 18203 17
48870 21066 10
28031 30156 91
58056 21230 18
51082 12227 90
28323 22524 12
35856 9997 41
45049 44773 11
23380 6830 38
22086 28083 52
56570 3330 41
14598 52396 18
34333 23674 85
9363 57537 14
23429 5341 97
37500 50145 6
7438 3022 19
42859 31791 38
11257 31022 51
45490 20967 27
54645 44360 11
56389 59628 4
37910 15631 13
57688 24847 49
41915 20335 12
18353 8636 58
29452 42556 39
21473 10022 49
32728 16622 25
19238 33075 92
13283 33737 81
39692 57480 97
13044 10391 25
6297 5653 44
14560 42576 3
51074 31054 69
11349 53854 66
42146 33713 68
27345 49089 15
38400 47000 9
9574 30778 45
21706 27569 49
5055 30801 35
56152 50386 10
39658 34528 80
34043 34105 19
15408 2177 79
46676 29667 84
57619 9183 27
10194 3903 23
6981 51152 18
56734 11105 94
41438 6932 12
17606 11515 21
33995 37004 71
36735 17540 28
19366 9342 32
25996 19338 76
40795 43177 99
28503 11712 82
22799 9379 15
47752 32404 7
1611 40755 75
42308 32755 12
16284 28597 95
33199 58071 84
30556 50096 99
18542 5556 82
32599 25225 78
41791 49516 10
893 51103 71
59592 11139 1
50318 39406 10
41823 46126 1
13512 6534 16
28204 23802 74
645 21694 55
44955 31503 96
27982 30191 11
4192 39851 92
40034 16058 69
40759 41246 71
51130 13406 7
32918 27585 96
47097 24605 82
51711 9562 32
21815 17695 75
37984 53208 97
40878 37381 87
58319 25280 91
24961 41528 97
48072 41668 61
32558 14336 28
17517 26844 63
36444 12454 77
41506 17001 17
29148 15792 7
14568 40066 55
14167 24146 91
36174 25750 77
21442 34522 25
29787 52824 41
13240 5871 14
36958 29810 70
11370 50901 37
56013 34893 26
32119 31012 33
7485 13767 10
35409 1590 8
14376 19031 58
5854 32306 89
18131 42647 85
51674 25076 51
57604 5603 2
56123 46168 54
56631 28402 7
30083 5528 99
12440 3615 29
29228 4435 67
29497 27600 98
12133 20537 26
12114 42591 61
14043 9636 71
6120 39001 95
973 58938 39
30477 39022 79
30406 49920 42
11644 25858 77
30170 31818 19
9530 16969 10
16706 19875 11
59843 1965 4
25720 47599 36
12962 33827 45
11604 44409 92
27041 10289 23
44677 29769 48
36545 38634 10
2873 45074 1
48793 31140 71
42255 11344 83
23027 38913 1
54366 32671 63
22515 33722 56
41365 4592 8
5828 8404 99
25149 58290 48
38406 41468 98
26755 47108 37
40247 28580 34
59558 35694 89
3228 35351 32
52198 31611 14
38509 31696 67
33996 17833 99
52322 20797 6
787 52192 33
33629 29257 61
51893 17227 79
1485 53693 8
14688 30551 13
30779 29093 78
33881 21079 82
56424 51570 4
5524 49682 14
15438 18266 60
54206 24066 2
17988 59724 67
22293 5285 67
27773 26415 16
34208 56023 95
59086 24746 23
16589 45229 67
28056 7117 51
2051 29696 100
45801 32348 39
9852 12774 38
25574 22391 59
53949 17584 100
12964 40151 21
33597 49445 11
10309 13560 11
19981 21999 85
9273 16638 27
38466 9883 89
41928 26439 46
10028 13074 43
46430 21605 86
42382 12416 46
19923 15440 68
6631 519 76
5365 57688 49
54122 1883 69
8750 26510 71
57607 3080 37
56046 30040 94
54818 50996 48
46724 24357 71
44873 12426 41
41685 42858 10
55516 6256 64
47167 27023 93
10120 10701 69
42926 56132 64
37981 33532 53
7212 19879 42
19230 20812 21
3492 16856 52
37253 44286 71
57705 11499 90
59181 16430 24
36118 3535 30
41832 10889 66
53728 26843 74
37497 19244 63
4517 6452 49
39394 29881 44
33154 12666 9
27272 34270 23
48425 11484 60
55957 13394 13
29822 38372 16
51270 22921 31
53931 8576 82
23214 21127 8
27247 409 19
37649 45152 19
22254 57743 11
36913 4880 31
45344 36776 17
10210 57931 66
50419 36834 73
53385 53050 64
4673 12780 97
25401 57719 18
17349 46157 10
32713 213 42
11919 24549 51
40678 31575 46
59122 4996 28
32923 47235 44
4221 16566 87
6141 12097 2
49035 35771 79
26474 56481 58
24397 29731 51
36126 10509 19
27251 57248 80
51358 41356 77
1473 57673 21
6114 54512 28
46659 47995 12
22770 28282 61
43753 58659 64
36577 7065 87
55608 16126 78
8204 18037 46
59425 48055 30
45479 50846 25
14209 6462 91
12577 15106 84
50027 41421 44
2654 58990 74
41163 5764 82
26059 26417 54
22815 34359 11
20927 58129 5
47034 28429 9
39522 4032 1
42851 17614 36
1151 36557 2
6192 21431 49
23866 1622 27
57758 10897 79
35879 33904 54
49047 34423 49
9949 54543 30
55491 10280 60
17546 16318 66
1925 16190 78
27040 3991 73
19105 12784 93
14763 31072 95
23362 41824 26
42996 826 31
48951 31332 97
59581 26752 100
36272 49570 71
19193 31574 31
41551 45731 41
28274 16554 35
51486 48633 80
37088 34285 87
30996 2609 30
24350 11020 48
20792 13979 48
33283 30051 49
53688 1226 62
36164 58731 67
26774 44490 88
43984 7747 72
56176 46867 15
34416 19109 17
28051 49628 32
41837 48936 63
10757 45305 90
18041 36791 31
36040 3690 74
59875 45429 5
33939 23565 41
48474 28729 58
1002 48471 85
53535 2648 40
23035 22311 61
4031 10462 38
37085 25833 80
13239 39184 56
9200 15046 77
52259 33032 11
11729 1959 28
4984 44329 12
51685 5215 44
40758 11549 18
20698 17088 41
34900 22608 10
57945 44083 49
21360 20996 22
5891 22437 48
25630 56826 71
45156 14277 100
42085 8211 35
58859 44277 33
3198 28144 35
22447 9673 69
4722 25998 21
57140 55964 84
33683 35746 67
38514 455 47
10404 42900 21
49082 3542 98
57179 12422 45
5497 21152 42
24215 2035 1
52901 46347 97
12760 25744 36
14640 52198 23
8393 5448 27
29165 32341 43
16396 58849 14
33049 22328 99
53684 52600 81
15729 44455 63
2321 161 82
41368 12036 70
21831 23822 26
22978 52962 18
5401 56017 4
16246 38652 47
58014 50999 100
23725 42773 20
52630 2477 16
8339 1447 35
40488 16832 10
8544 38456 6
45050 34817 11
59052 6991 40
14705 59780 79
48356 49705 50
51127 26336 4
25669 51181 51
13870 14658 73
10949 22508 24
7693 18179 4
54684 33308 100
20743 36270 69
42921 24758 16
3797 25313 18
4995 6345 38
54803 30161 48
3193 57096 97
55832 56870 2
3972 32480 55
42418 20560 68
21033 53034 8
13196 30988 91
24008 31609 70
55965 36053 66
53227 27764 97
39136 11314 75
57165 30873 85
18207 23171 29
18151 48283 26
20380 59632 86
38017 33138 52
53499 15725 49
5984 44694 23
7635 52370 40
54954 59375 67
30710 12499 15
46902 16340 36
35043 34786 63
22573 2532 84
23361 44679 71
59062 58843 91
40243 815 2
14512 6483 7
52291 41459 80
473 56250 31
37563 25528 65
4148 56709 54
3909 26441 8
39000 45339 73
1415 46358 64
57222 13255 68
30311 7196 44
33856 46492 4
672 25501 44
59900 58625 35
29595 23650 27
11911 31356 55
35234 31565 99
24378 46182 39
32091 1837 57
55142 35068 60
21025 36011 66
53084 58617 29
58013 23529 7
23232 15641 70
52295 6491 30
39157 10869 62
2967 39024 61
39115 16819 89
34484 48066 25
41670 18752 69
22632 35554 47
37952 49258 64
45232 45973 8
53998 2582 45
31047 18744 18
53053 3122 87
43359 9797 15
2141 1355 89
4333 25080 26
21588 26949 98
27887 19387 9
52 11878 96
20997 7419 99
31924 56039 74
45619 45784 84
49477 59518 82
41680 47695 51
43775 24940 57
31452 37263 5
57599 50847 59
22906 18188 74
49977 52627 64
36560 29516 30
15788 4140 16
3149 51270 84
46801 3189 28
6479 7856 58
852 25832 9
59542 41276 97
582 22389 39
54805 25116 68
27966 53744 76
16806 6209 57
7383 4149 70
57873 55354 86
47610 6962 21
18021 14830 26
23042 5899 11
21853 26293 92
50783 14647 19
16151 30329 66
15731 9351 73
34593 35213 57
10367 24502 8
21312 3500 62
26458 26167 27
42196 49734 9
21557 57386 34
20259 32267 92
1632 11531 94
8654 12603 15
12828 3413 55
19214 18568 31
21099 17733 35
24179 17812 60
41604 27835 83
25207 30156 62
18702 4675 3
32321 7638 57
49551 4101 8
6604 22514 93
44718 24298 9
17248 37411 21
15606 54744 22
40218 43208 8
22160 53390 33
25371 16749 57
45327 58730 19
57559 22870 58
25925 44830 49
17489 37657 43
25535 28965 39
36445 58223 57
13335 28760 56
44515 22609 2
8633 16775 44
24476 5077 2
25238 35841 26
32249 59367 40
12684 54464 92
59745 33351 67
56567 22736 87
37220 48940 72
45395 241 55
1045 48163 12
18280 33519 97
3320 11736 19
11576 16804 78
52563 34386 1
38322 51398 26
46216 26017 14
24958 16319 49
45982 31198 95
46572 9313 100
57647 7275 31
17677 12022 71
42264 15490 48
961 43742 17
59048 40495 8
4087 6682 51
58912 9316 22
11875 46547 88
15270 26149 84
17912 32751 75
40580 10471 87
28226 57876 36
52254 56137 65
40562 26356 42
33920 25519 9
28930 35782 12
19342 39132 36
53641 9623 49
59368 37694 3
42550 41060 51
10159 10817 79
8185 42378 21
26206 649 90
26190 43198 55
7393 51609 83
41811 41285 96
11562 642 40
22052 38989 51
33693 34068 49
53860 28955 86
31041 16059 49
9290 46423 53
30529 30832 28
52722 28328 10
20065 20044 67
52270 13929 54
34501 17089 15
40029 17725 71
1854 50044 69
37324 6806 61
28979 55396 23
46219 3621 3
37694 18550 87
27002 10811 73
53459 44978 46
49716 27399 55
15109 42021 55
18137 15832 45
47689 57514 32
3500 51267 96
26080 42083 52
32366 51479 68
39474 26156 74
28379 42975 41
32171 48214 16
59803 16957 18
38506 18049 62
56778 11830 53
39042 46240 59
38984 46397 86
39364 21263 19
40558 42434 99
29181 27230 68
44462 26296 91
42957 25653 100
3353 727 81
27437 2474 15
23657 421 1
20291 8746 27
48404 8443 53
17292 29662 76
6866 5761 48
10818 27402 63
42795 47251 45
25090 16055 6
19022 31487 10
51203 52243 63
58799 29843 74
9628 51040 33
13195 57244 83
46379 34828 91
42980 52447 22
49228 14491 97
26152 37286 84
53119 14755 6
30011 55331 77
31782 20270 42
39328 1098 97
37632 16565 98
33689 50216 54
57 12716 50
52120 13850 98
20248 3585 18
29973 29080 51
33947 14731 55
55054 4952 13
43358 42615 16
42201 7296 10
43659 36103 69
25411 47682 20
21362 2432 73
29856 59297 86
16926 13753 28
548 44129 45
47749 41291 42
17832 49371 40
53601 56085 67
29075 3076 2
34755 13478 57
39306 7223 80
49019 21013 8
21324 5947 41
23891 25667 3
53878 47681 47
11611 40443 74
17536 37544 51
44197 28186 91
58107 34099 91
26642 35968 99
38572 29141 34
19368 27929 19
52304 41721 29
39228 13846 48
34579 26783 74
6696 36422 4
7598 13371 88
6118 8181 5
20913 24383 8
27601 46565 2
47255 20813 54
54054 8049 12
13616 30243 62
1848 16049 67
12408 37094 42
57897 16421 84
17307 43058 48
7156 45029 4
40832 40040 98
14357 53868 85
22146 23337 86
41959 14084 67
26454 12195 82
7167 34687 36
30447 27431 52
36108 26805 42
6742 25817 88
15327 27995 59
40045 51403 96
52020 53067 84
16461 52076 37
32667 57041 52
3930 38770 32
32414 27333 58
17638 10860 82
22324 56231 16
43701 22356 71
11517 54341 86
11394 28941 84
19842 1258 40
1996 8743 37
53302 3779 93
43632 39164 99
37669 29540 63
14119 3508 71
27075 34215 76
966 19590 98
29001 52552 43
31800 38458 63
26324 29521 3
18413 36642 8
52143 59396 14
13102 7004 57
41119 4977 32
53452 4057 99
38898 34944 36
43578 48919 40
36800 4117 65
59783 45243 45
26489 17305 73
34565 54672 80
3198 1468 71
7462 55819 32
5190 16757 18
47663 11020 33
3611 49703 66
57703 42153 37
32208 44999 25
11412 36949 87
19466 54396 5
43439 29621 59
46120 42784 33
6200 28169 65
26724 40270 2
23708 21853 27
51042 52533 24
4098 57290 32
36753 48606 4
41357 10640 4
36458 1352 99
38050 19321 26
52842 329 85
21760 18725 16
57904 3124 81
19172 16972 30
36035 40631 70
51773 42566 45
12454 58632 27
19421 46235 68
11220 5599 13
35732 23184 99
21114 27871 68
31194 3208 87
40097 40732 88
23824 53663 70
13266 58910 85
5452 45121 67
44935 11546 64
4226 39769 65
25581 9702 80
30826 54374 15
2257 1979 62
42525 32402 94
47157 40677 75
57811 18531 66
3913 1829 18
2793 53576 10
33291 38619 71
9226 57436 30
25495 43269 32
28871 5574 52
24761 39103 77
52986 42974 87
37296 25175 25
57913 5608 40
40260 45212 11
30776 59269 28
32991 45165 94
54828 9765 41
21378 4084 49
50200 30234 52
12513 2481 72
45155 56216 83
44932 44734 28
49699 58828 19
2645 42195 33
43335 11050 65
58547 6550 81
43123 39495 5
36 46227 36
7086 21449 92
28927 2095 56
13720 20835 89
2694 43437 37
58870 28987 4
35176 54183 37
17972 49280 5
15613 10440 13
44306 37369 62
4100 1882 5
48254 12128 13
1104 19528 90
7680 42111 2
26487 54323 93
23519 33052 8
33719 32987 24
39409 42062 48
28556 4645 99
18112 40713 100
6857 55880 80
3470 26119 11
56541 7122 76
4204 12795 93
36419 57148 100
26334 43160 55
26499 48962 12
33074 58679 6
4207 39092 24
13628 18218 56
15182 51001 59
9012 960 4
5956 58282 60
27102 55915 92
4148 29981 82
1413 1704 32
20253 12792 47
8890 50153 42
24389 50914 39
47458 12095 87
19878 2379 34
56476 28415 86
9809 11348 83
35402 49642 20
53794 48327 97
6679 19822 28
44902 42782 94
13012 59816 49
32309 19706 8
51746 15665 35
5487 9867 96
23720 1869 57
23710 9640 54
17766 31182 65
56638 43580 38
28064 43250 23
7658 56284 46
7805 57877 4
14728 1739 72
31697 8945 17
2926 19171 62
11398 11506 76
41056 59140 14
20234 28570 73
34500 2881 49
38951 31498 42
8114 26481 85
37815 28442 77
13065 35251 66
51789 17585 4
49176 2621 99
29308 25251 11
8981 31520 38
674 4669 46
50767 28432 7
1749 41334 71
3155 46262 20
4592 55901 45
16673 23825 31
18303 43189 49
28695 53508 83
55330 53321 51
21481 19520 91
22555 59271 85
41097 31726 60
6775 35060 61
33795 21514 90
29954 13408 64
8693 42405 88
56863 29608 50
29934 6071 32
37202 47283 91
55364 45505 96
51507 3228 80
59215 28602 86
42490 17811 48
7374 11372 4
56083 51475 10
13572 2195 42
20409 41306 91
27321 35086 64
22723 49682 65
35710 45291 66
17408 93 42
23647 27907 32
40702 51500 59
29363 57693 20
13583 17427 14
24872 28815 5
23512 32189 4
22320 29259 29
6294 9149 44
2066 48160 44
9927 52234 32
58745 52708 23
4811 42636 33
52871 8908 90
25980 49784 100
40183 8607 27
40725 58924 46
21172 42491 1
28715 23952 18
454 52225 34
17845 16447 5
27978 9459 59
51165 4202 97
54874 47039 59
44149 46934 38
46454 14166 49
13354 45200 27
2541 23796 71
16617 33935 100
19136 26594 67
984 22218 78
17490 39682 55
21856 39876 54
5444 35012 7
10441 56105 36
1015 36038 30
40413 53594 23
17547 43871 12
17855 51018 94
40947 59136 29
5851 49072 91
18268 20386 86
13709 56898 29
55214 26117 91
4662 59567 44
54806 36177 32
756 40334 72
36595 37844 81
12683 56335 49
35548 56750 65
43669 52998 31
41988 26464 76
44435 4910 15
41947 41533 82
49474 36985 93
43297 28339 53
32341 5096 34
35150 11434 88
47226 16966 37
48707 6093 38
30014 24354 59
50103 28770 74
44282 38497 92
21125 54695 73
22989 24430 97
13586 4337 13
39432 23784 26
56504 37581 100
57250 40256 48
25012 26151 71
26004 22815 48
8460 25727 43
14489 57281 52
10322 5743 41
57405 18380 83
29891 41982 43
18481 8383 83
6155 41555 65
42846 4000 37
46166 26402 53
26808 21440 8
39565 8472 19
32402 33540 82
26590 10316 40
38763 29785 20
8855 19505 55
12415 16056 29
4294 14388 46
9307 3172 57
10931 3961 4
15971 45043 84
29953 40440 17
27801 29236 12
34373 46028 16
16374 5680 78
17007 46212 64
50130 54259 75
47934 35835 82
45429 17004 86
59659 26375 9
40263 50939 95
17983 44365 70
52063 49905 41
56525 34937 69
20097 40015 6
509 15102 8
59144 50670 32
6903 34787 16
38539 1413 59
15910 42324 53
7370 42186 70
45758 18896 100
54261 6706 61
53007 42221 55
13847 33652 59
28372 39207 86
31766 630 62
49094 14346 42
1952 54775 61
20999 30245 61
12822 21109 2
52457 38694 6
50843 22343 37
38340 28787 71
14358 40583 82
20101 27701 12
41944 29454 22
34786 14309 49
276 24222 67
16916 32804 7
19497 38824 84
7794 54573 44
57342 48471 59
54315 57618 80
36456 14953 51
40513 16331 97
14590 43317 42
10752 10067 18
49671 10547 93
4663 1641 98
45366 59336 26
33948 33989 77
27686 39594 76
15476 8634 83
39349 35894 82
42632 7769 33
904 58958 20
6610 38961 10
54561 23276 91
17709 8996 73
55628 29257 20
10021 33092 85
18380 13744 54
16860 13053 30
28664 28440 95
28862 42542 90
54627 23728 13
3096 50157 72
40386 13755 26
44571 42466 1
54267 47508 14
7769 44830 38
11436 54697 93
14028 22357 45
7971 57609 87
52143 47243 31
39982 10596 95
59538 43575 71
29773 46035 11
13643 42969 28
28268 59378 97
1239 35468 30
59344 58256 7
33518 17539 6
47166 22825 60
8219 49156 31
42990 3732 85
52165 17744 10
38099 23520 2
38536 17702 84
44118 28852 66
51592 54942 22
10206 20956 96
50498 11377 23
46422 37401 71
31479 54738 31
7657 9037 66
15541 6585 3
23406 45196 1
42663 42351 20
18633 12625 91
1103 47767 11
22296 42437 33
18321 7115 62
54269 15342 66
38056 39136 75
15592 33354 54
23836 48417 98
37267 58962 57
4380 10744 25
29704 3195 17
56068 13025 73
59437 40786 68
17072 1477 25
32590 24879 90
23617 3286 74
21577 8987 95
39419 1208 66
19151 8143 74
38307 30298 15
913 6602 25
6087 13326 16
9054 11536 10
21201 52260 93
47572 24962 84
59796 24165 17
17958 14788 16
21037 52978 19
23580 37445 24
23788 57731 44
11275 3068 50
20593 59849 8
58706 11681 43
57722 47161 50
36040 59807 66
59084 31824 30
21034 34247 37
15245 21598 63
28039 34223 62
35070 53757 29
4892 59892 86
52294 1116 3
50464 11538 99
19193 16578 42
15048 23175 84
19066 3621 21
4516 58543 3
12681 49860 72
1622 52102 81
3783 35971 61
35055 41714 94
8132 32938 49
53220 9731 34
33843 16301 16
8973 55879 100
58681 47185 85
43397 34645 63
44298 30786 10
56250 32541 10
16843 7919 13
3112 25078 21
57645 34936 49
38633 36185 78
18617 14008 32
48593 23716 92
23494 36597 69
9632 14466 88
51339 43502 72
47092 31275 41
40822 11466 5
45931 10319 28
16441 13325 11
622 53815 48
20415 9104 59
2401 42371 50
34124 11614 57
52840 16084 84
444 11012 31
8791 9934 29
54145 3160 76
42694 40478 94
29630 24830 3
20599 25535 34
49729 31803 66
40360 21201 56
26645 8062 54
19681 23485 77
29184 40963 13
53268 3479 35
37777 26873 33
19005 24899 51
31945 39853 78
35958 57732 77
19048 46245 25
20151 59488 58
48765 57340 6
56931 55109 59
8989 1349 4
14823 20445 26
58562 2438 46
39412 36457 60
52742 58563 8
21627 27795 68
37380 23595 54
34757 7123 4
19424 29918 53
58954 44294 10
35645 41348 30
59090 56449 36
40690 54235 96
45584 13041 30
16552 23575 92
26996 38763 42
9509 59597 20
51849 28957 83
20170 32385 44
19894 32482 42
12944 41574 15
29677 8952 5
4947 7513 67
4449 10219 85
32307 24091 39
13181 10019 41
7863 5353 88
49450 22881 40
21303 37670 12
43539 36143 65
5318 50298 88
54175 6626 13
36245 38968 73
36439 31144 60
32596 12736 34
34031 50975 48
12950 853 17
33850 37373 4
1997 6249 62
58472 59130 40
39971 37505 6
30342 25330 14
14196 58890 30
33106 56102 90
7738 52221 15
48138 32075 79
5953 52991 34
17910 32574 84
15019 59771 72
18941 54694 15
2146 57583 74
47042 7796 73
54489 33255 62
22898 27146 19
49711 745 64
29727 42644 42
32312 18910 84
43806 49452 88
24388 10732 39
37908 40258 30
59173 41992 85
7434 10008 15
35114 7798 18
20259 10984 56
37902 11970 51
27926 9329 99
25750 30054 17
38535 51326 38
38093 49308 71
5882 27339 65
57998 1220 18
6285 3707 37
1468 52664 84
29546 35811 13
56248 35380 79
20796 45669 59
31409 44941 19
13391 31586 18
16506 31612 56
25543 54009 69
34404 56409 8
42630 31550 74
26192 10808 3
30699 11200 2
57756 48860 55
5223 35246 83
31461 8562 71
23870 40968 54
28296 56550 61
39584 29504 94
56916 39637 67
13284 55536 8
36811 914 78
54955 27206 76
21966 12751 14
23910 39145 10
34381 58040 10
24665 52261 78
37127 14363 11
15841 43010 87
41260 15619 85
55920 55370 93
47903 54831 12
48475 4609 89
21319 22236 40
12306 7169 100
56056 12550 55
13420 31801 67
15955 23635 15
31104 1615 24
23577 8949 77
25583 39286 53
12820 27179 38
9936 18869 97
8464 2114 76
17966 2141 52
24609 24527 18
5333 46588 50
20482 23284 32
9658 55068 65
17730 41818 14
49329 53483 47
15097 4219 85
58141 43863 67
59393 24303 5
31249 7206 95
52211 34613 28
1102 34781 91
6988 4851 92
44563 38104 52
33395 32875 86
10175 32051 40
53445 1972 7
37369 43057 45
53422 32441 3
59891 30374 98
29168 2414 42
59705 29051 66
59141 47658 95
2802 17074 89
27649 53940 41
45547 55213 98
49879 6863 95
27362 6407 86
3232 17618 64
23978 29042 44
54401 44276 8
22021 6430 73
32936 52241 15
19134 12338 32
23107 27223 20
28821 5245 2
59823 43809 18
17801 36143 62
40758 34397 27
39250 23279 80
31004 55592 99
33232 17607 63
57129 28888 74
54399 46954 34
25825 44342 79
8521 32614 69
38696 37386 75
53346 9980 6
56022 16223 99
59815 39199 86
58873 13721 90
8704 29190 90
27269 37671 33
7926 2275 14
53646 7147 14
8745 38015 54
40037 59041 63
25621 2140 10
13238 50475 22
2667 44624 15
26339 14620 88
20727 6434 5
12655 59479 82
49051 2146 42
24422 12989 71
58023 47621 25
22833 6252 46
54458 9798 77
34977 56480 51
46100 18067 49
25536 32586 82
4689 11871 35
47902 48514 92
27502 10619 42
32750 57302 64
38423 20571 86
49947 35163 36
6016 58842 90
46875 33973 86
51897 30253 31
47011 40994 93
34201 40142 6
45935 3629 71
54187 43120 43
18489 48794 100
17602 11039 14
27970 3506 88
16087 30886 57
52308 44065 96
48598 9236 4
6778 41673 7
10624 46651 66
45979 17981 41
26027 17511 25
31205 56485 94
38392 31439 74
18496 27923 90
30172 9696 14
30560 21585 27
40971 45691 43
30694 53852 67
53366 37842 73
35986 23923 99
38699 58674 41
55159 46622 86
28298 17543 8
3973 35697 66
24901 59373 7
22942 24889 1
38487 8943 97
23711 16745 56
24051 29615 31
26919 59471 1
31770 38333 48
2335 57920 49
8001 13827 76
39564 7233 39
601 5114 43
53135 31902 42
29412 59248 95
53928 41794 88
49712 55969 86
17564 51823 12
48005 10638 93
9767 49997 14
22817 52111 57
56339 4566 44
19510 55782 78
42841 56879 59
43253 50529 23
5261 24710 92
27478 59743 40
10074 25994 61
32072 11254 56
35316 51730 75
5677 38817 69
9238 59651 70
37153 1330 72
24001 35155 13
30210 26696 73
5107 34209 2
54130 12785 60
40587 37702 73
48824 54092 97
51032 56971 28
5850 23446 3
5152 20622 98
58922 22866 73
43766 30927 26
45191 31728 74
53317 20699 22
42615 11558 98
55322 39984 44
36032 23423 54
35868 41220 7
28730 41493 35
34998 26087 85
55297 34628 54
14551 49817 14
40150 7498 62
31344 30094 34
47444 3465 99
4883 22760 20
1429 25016 74
38692 42815 38
20035 5185 1
54053 58774 41
28245 42717 30
4236 9054 11
35488 24404 25
18352 24457 94
30818 19130 80
17021 29744 93
41976 20641 5
36303 27318 32
31150 56005 60
20033 26673 77
12332 38595 10
32030 11565 25
41857 37457 21
39589 14317 46
22418 11886 76
43958 30513 14
44236 54515 37
4766 27595 26
24562 406 23
36131 52066 29
55651 58447 75
34949 51527 80
35943 49918 98
27723 6447 74
46022 7899 89
4791 26155 33
1814 56329 59
10073 45938 72
41492 16150 43
60 11405 41
36020 30722 3
19606 20472 36
53404 48336 75
42433 48172 100
37736 5898 17
18018 26090 65
31598 32975 48
15885 5569 40
59077 34775 38
5575 21522 50
16325 1286 77
48251 9911 41
18394 19026 64
24802 46916 71
59521 6481 6
3468 51912 76
19234 50542 59
12245 9998 54
34074 11602 45
27688 8916 55
5829 51005 60
26436 28568 11
58712 25367 30
5757 51027 52
37032 26567 74
112 35501 5
4141 17025 39
59055 40124 9
30318 35267 19
36975 25802 84
14659 58620 93
10072 22378 6
30153 4384 73
3424 13480 82
32396 47705 59
40263 25990 7
12033 38785 7
7113 14834 34
5917 24429 98
15501 26151 23
40369 20647 31
41274 14248 41
34460 37616 50
23240 39572 87
35870 19734 71
30399 11198 88
40051 32724 92
24699 44455 37
11774 53380 72
17789 55097 46
52196 1699 11
46735 10096 49
59612 33930 83
33613 30995 91
86 9451 30
44901 51010 14
41646 28752 33
37362 34797 53
49492 49315 27
609 51252 83
53180 20688 86
11216 13800 89
57208 37350 2
19795 19788 41
34881 39997 69
20136 20892 12
25685 13291 13
7913 44371 33
51192 57662 33
59068 8771 84
55124 11790 45
44887 22401 48
1291 48741 40
1063 29652 89
3653 2153 12
39012 13175 30
34181 26509 94
38426 2909 38
16158 14205 71
44894 34941 18
510 27941 66
26689 29330 63
27861 6020 22
47130 59725 85
13997 48267 89
7054 17241 27
9977 9605 79
52624 47362 58
32677 40340 85
13881 39014 9
40146 56444 41
40445 24684 74
38872 28803 31
13946 5193 92
49045 53059 1
7495 35 98
40050 10175 14
19702 7034 89
20018 20837 40
16273 56228 33
44246 42443 18
2441 50821 82
38523 34927 83
49644 47207 47
44622 17508 81
38752 56027 43
58870 48896 86
43219 53702 90
26010 17864 78
10031 1840 25
19545 20160 49
42467 35945 37
33117 8341 7
55298 136 33
50584 13180 97
7802 27410 39
59844 43147 86
40323 11725 64
22334 35725 13
46185 21235 73
24309 42494 21
43668 59906 50
35225 40141 20
49308 28389 37
12960 40649 13
22642 29288 59
17028 17 92
518 6296 84
15521 58163 26
38832 36881 19
27645 2724 51
37145 41928 17
27233 13274 78
17225 39831 24
16398 48722 92
11582 29763 6
51955 31682 85
23226 20627 50
34312 53123 82
43181 56364 30
36846 30097 87
14719 48006 78
25451 27579 77
55389 37600 77
20231 37400 3
45476 54782 5
7142 52502 3
59027 18806 78
57505 26988 89
42050 58408 48
45837 19492 27
34300 31935 18
54552 48540 56
6960 33404 42
35077 48626 17
16227 11545 15
55944 46078 27
28141 29545 67
33685 11283 64
46604 57114 87
36655 7968 57
8015 50589 39
23187 585 86
36048 38081 18
9890 9313 78
24108 18586 24
34528 10087 63
1852 2403 67
40810 9141 50
12370 52267 55
45119 21182 33
13720 48367 50
23370 42469 23
18343 58652 54
56398 6994 82
15258 23333 74
27811 47491 44
23774 58452 94
31319 45128 90
39576 10858 89
1113 5435 64
5169 22259 25
25331 40756 52
51718 53781 44
19286 22247 58
1434 46136 75
31590 26579 96
58886 28313 52
32383 53773 12
35123 27031 92
50080 36057 47
50993 36072 7
49882 34414 51
35240 45289 32
53948 33059 3
26812 2248 78
345 25387 80
22200 8194 73
13896 3617 10
49994 944 89
26914 54768 21
58967 33131 38
30948 2825 44
18624 47387 44
55508 39004 60
25711 25157 91
4193 20419 64
9432 38427 50
56819 27451 42
55863 5706 91
48758 2659 17
25563 47818 68
6490 38362 26
5198 32522 70
5749 26238 13
8087 49207 21
30755 7681 49
42527 22039 51
56118 49096 40
56888 24190 6
56694 21559 51
43794 7700 75
19930 44456 11
39486 56488 6
15467 44804 36
9499 47295 28
10229 59477 97
49481 27517 55
22210 130 54
8415 39295 83
12410 10110 81
29099 49579 53
41167 52452 94
59013 1709 48
16151 54150 98
34759 43037 64
12530 23593 20
7667 2725 60
56873 6008 45
6399 48636 11
14468 5522 35
14944 55133 35
41122 41522 44
39662 30186 61
447 39793 75
56890 30301 12
21459 54463 98
11168 50511 12
51645 52705 4
42983 39536 50
50609 48799 25
32135 56815 47
31713 19797 36
16598 43638 87
29331 14534 48
5377 18481 43
13204 54861 78
36325 33865 3
54521 35434 20
3887 42447 46
19599 51663 52
11977 47837 1
57519 49074 5
49845 14086 65
27903 22964 29
27237 816 76
23687 13983 87
4006 16042 56
58739 6047 97
37881 51647 92
36885 2376 42
24400 32946 86
29736 47740 2
53006 41066 39
28464 19196 91
200 38151 12
31790 30179 20
55086 33516 1
45004 53165 91
7396 49158 38
18501 9431 88
19938 40628 16
37696 18813 18
48568 9374 87
15496 29086 63
39773 6893 3
39743 29768 70
35730 58122 59
59273 8126 96
57733 46328 65
4599 16449 74
4356 19616 41
8462 32362 71
59212 14309 21
37153 27252 29
3833 1641 66
31672 21109 79
43411 59498 6
55566 47202 57
56721 12717 28
19477 5831 50
35796 46409 63
12382 7972 94
58611 21291 55
7126 13597 97
19635 34254 74
42075 18284 53
11926 54866 42
33680 21655 48
13103 31559 90
894 43070 70
24792 40697 73
10305 26351 38
14314 58912 84
50840 686 79
37805 42936 16
32771 8734 18
20525 33656 96
39756 35614 9
14549 33925 39
16503 22020 64
16489 44687 63
10593 49430 14
562 16152 34
52793 26819 71
45560 44213 35
40251 58351 17
57331 1338 2
17647 43236 69
42943 34822 23
29644 57560 55
5793 48704 77
6419 58399 97
16252 31793 95
1880 30664 6
54542 55777 45
53056 9093 28
21089 14632 76
1568 56243 2
45098 37294 86
51292 31364 91
38941 25846 30
22638 29154 21
45715 37965 53
45725 38833 47
58497 25380 64
29494 28992 9
13885 20765 20
25909 43036 59
32472 40957 37
25490 48805 45
23427 50597 60
54452 44996 3
57298 18899 65
29955 9306 68
59065 23752 46
34650 28028 27
11507 4386 50
27830 33829 61
6140 35037 63
15416 57995 9
55452 4409 38
7640 11633 66
19081 28679 21
47747 7552 65
44429 11161 1
11259 48200 62
6154 45850 48
18576 27641 24
22707 6011 27
45258 51324 30
34469 30825 78
22598 42324 10
46603 18994 96
41317 36467 92
29230 40301 35
16418 51630 11
32231 45328 76
30775 1773 69
40091 56784 93
31299 8619 96
11109 56791 74
46449 31819 27
14992 2640 95
37033 8297 69
41395 47355 71
24786 8330 46
4814 56222 7
6701 1030 88
15855 16410 36
4728 15401 85
30859 7192 75
58729 49948 5
33345 23749 27
8977 50467 42
1572 24711 97
1900 39372 34
27341 6522 84
51576 29020 6
37205 52584 52
22096 20913 46
27604 36771 90
58150 30842 17
42078 11647 81
31076 41777 98
57020 18109 23
24359 42596 60
22223 56969 82
22189 22701 89
48686 45215 4
16184 59791 92
22578 30185 82
45207 59049 32
21818 53689 76
1537 53939 82
41257 27013 90
16662 35326 97
11713 53789 15
52146 1730 89
26625 17165 76
33892 5810 42
31938 435 44
56244 3132 46
33694 43323 37
48591 2047 38
17330 34755 99
14959 32268 53
12153 21422 64
36427 33095 10
11730 55577 70
42868 31056 43
11926 38137 49
54680 17921 26
2451 3655 73
34913 46038 81
6540 13404 35
37054 46002 52
35512 38959 58
23073 37348 98
57943 21998 12
14567 54592 16
53207 25738 25
34425 9690 50
23996 59769 97
10622 37001 31
23797 4849 53
50996 21534 97
37868 22408 100
16713 8105 79
40100 37312 23
52006 31904 69
6482 10655 91
1858 16173 45
40459 56550 94
51376 5227 25
49783 52827 72
45631 16898 10
6638 17459 23
41315 9245 33
31485 20712 20
44915 39106 25
24945 28508 69
31683 50201 57
961 28909 19
926 15780 16
41542 41774 95
44253 58351 19
8858 56841 72
57588 42937 26
53460 4479 50
19263 18519 16
43006 9578 22
29721 27396 70
13526 45504 79
30370 49358 47
11548 58485 17
50543 42069 22
59309 11596 92
43261 36965 3
24254 33566 83
17869 49487 62
43891 52425 80
54708 51331 66
29288 49178 35
41607 10094 62
49043 26776 67
11486 35397 45
5243 4495 83
45315 8901 85
15096 42396 53
44867 55110 61
10707 51494 72
2891 43061 75
24900 9249 21
39083 39079 100
6166 19034 14
28268 21732 52
27094 270 96
39868 50684 31
31887 28977 37
36989 51512 27
34494 19565 71
18759 50531 59
14485 19854 47
39282 52041 52
24444 39754 61
34141 17755 78
54773 10591 96
35205 31951 98
58253 43666 27
32444 217 91
34938 37314 85
30586 10423 45
33927 12546 30
55314 25169 10
55631 29500 16
54771 28280 27
55261 7037 77
59381 27935 34
43064 31508 71
55433 59912 31
42038 40318 26
387 41008 68
5336 45559 31
51869 36890 28
31259 1262 5
7603 13706 31
27928 31371 21
53087 40418 31
38467 986 73
29493 47143 12
36502 8655 41
38191 9919 65
55518 29619 38
29648 33514 59
18881 41009 37
16551 50995 93
50317 42369 85
30176 3810 52
11838 8385 98
14610 57501 94
38800 52382 19
58327 32811 13
43949 22988 67
11857 20496 76
28653 25031 26
46977 8974 52
47310 43254 9
49663 39862 57
39916 20604 99
2026 27234 40
28902 25046 84
44134 11574 8
43131 22148 25
10712 34590 99
57192 434 91
1352 23480 11
33559 31630 40
27432 38648 4
7539 59566 3
54060 13188 26
20550 38437 14
29036 30320 84
24696 37219 37
33906 32814 51
22858 1735 91
13767 1368 75
41725 4839 83
51656 42479 54
49075 2174 68
258 7549 76
30595 25131 97
48947 10510 97
39536 13433 55
7277 15444 64
24914 32982 84
49005 12023 32
29811 25488 9
40309 46785 52
35748 44890 34
57973 25799 100
49543 33022 65
57132 11619 37
36607 7590 19
27260 46002 82
36190 7759 100
42278 27663 86
21872 45198 86
39296 37099 94
22935 28592 12
4305 10137 65
52209 16920 76
15659 5834 61
882 6474 88
31000 56443 17
1199 57687 29
48362 40123 88
13971 32416 81
28048 47640 40
32057 33396 18
26963 11180 73
20604 9330 52
35867 33461 76
46113 26041 8
41205 26128 6
6383 54061 17
48930 25945 76
54627 9412 3
53347 14912 93
27199 16002 97
10495 57710 83
28590 709 69
36902 39908 75
57076 52413 65
29185 15040 9
33953 37869 13
6858 50033 13
5015 371 54
20933 49730 90
18117 52690 44
42463 6299 18
37258 22741 56
20231 51021 42
56843 2324 6
33950 48033 57
51976 55355 4
2243 53094 37
15401 6955 100
7880 58290 28
48390 28019 88
27865 23077 70
54851 33293 42
39017 4327 34
10227 49344 56
17181 15630 82
6165 5323 80
18203 36847 11
21745 51342 87
23562 51661 21
30422 23804 73
8407 6083 68
56683 41259 53
29752 9747 64
8462 24309 45
6616 19336 27
753 8665 42
41798 25828 55
57394 58269 80
9434 3333 49
54604 31506 58
150 44725 49
41707 19517 85
2867 50319 43
32886 8845 29
52763 4387 64
54116 7650 97
51771 25204 4
13712 52048 29
33881 21116 36
13904 13357 90
38341 57985 82
35716 23527 6
14629 18435 41
3237 20067 100
41266 37326 13
40945 18020 87
48740 49984 41
16055 22661 3
8835 41178 48
11146 33304 64
52036 48877 62
22214 1052 83
37651 39734 28
29613 20767 61
33791 3542 82
25303 6468 33
30184 3436 77
25339 10634 100
56320 46007 85
13523 27857 17
4900 51023 8
59577 40943 57
41490 59559 39
21093 7564 70
23342 57674 95
50184 30597 47
53448 48641 41
43069 18157 73
5426 8606 98
7179 24877 24
39862 57565 97
18417 32595 86
3987 36443 98
18424 59789 35
35056 52275 95
51518 38695 18
53377 20130 4
13165 52586 46
39333 2566 20
53497 100 85
46649 15470 9
3067 2469 40
18454 51640 88
25777 58603 3
5249 59584 97
41769 6301 73
44701 15370 39
31274 49190 84
18966 45288 70
24020 41247 58
17041 38744 49
1957 21744 64
49238 12983 11
6970 10888 77
32995 27924 2
15440 57110 86
31716 59404 91
6106 19176 21
51475 633 80
23437 46495 10
80 27389 29
48912 25907 45
23615 6378 87
24498 1382 39
7254 31446 78
41382 29703 99
33218 33484 58
4418 13325 86
32564 25406 1
586 30207 87
34130 8473 96
54024 4646 25
22252 37806 67
15091 39907 90
10616 18225 21
54715 42761 53
49407 29299 79
14479 18659 41
22131 16130 47
13380 26463 95
52992 52610 52
46702 29712 100
55045 57175 18
42924 28094 100
26531 24834 13
41743 53570 31
57790 35785 7
23935 17023 2
27345 49073 94
52347 991 12
55363 53290 2
3563 40901 83
44514 796 56
19351 44828 80
23563 29615 23
51832 34715 45
4797 11036 92
2172 39461 88
37145 24400 61
50822 12178 91
2116 22321 9
59656 43201 30
59486 51482 5
53609 9983 47
41419 23203 14
20530 52644 17
25636 6572 16
30967 11042 78
58096 9441 41
28840 5613 84
30856 34087 81
6538 46936 25
7958 35660 95
24515 29511 32
17487 50008 43
30784 2334 38
41529 13068 17
31455 20962 25
19622 39553 11
28348 10437 81
30652 1750 88
11029 56295 45
36083 12681 81
26610 10814 61
53590 8161 83
13710 10996 21
16226 35336 76
16457 57293 67
39446 4039 20
25270 53018 97
34160 16679 13
54671 22763 80
2144 3001 17
9485 27440 58
20026 28906 17
29140 52671 7
55126 15494 81
10838 27844 63
9945 45988 64
42507 56691 93
38999 2755 98
9193 38542 2
59120 58007 6
9228 30525 3
15747 29840 20
25831 19818 68
13046 1251 22
49429 8320 17
16228 10957 72
39489 44917 68
3483 8168 5
32746 16259 49
28112 33767 86
47834 35426 82
5518 5554 1
8477 11490 35
3822 11799 37
33526 15891 19
1269 56288 36
57401 27658 25
59654 9053 49
59349 51322 67
41155 14623 94
34966 33755 52
54989 57812 72
59343 58786 95
31933 33607 23
27416 53977 51
24275 38289 17
2797 51596 27
27862 36238 93
49304 41105 13
20522 6597 93
950 25680 87
32596 30820 4
9396 52432 61
51568 44278 42
8176 29570 40
32887 8417 73
40140 20584 74
12184 57720 97
16305 43050 97
58179 10002 22
45253 50752 75
25117 13679 31
35754 26304 85
21108 23209 10
53174 10827 40
42603 3667 97
45698 31927 84
18635 34166 54
45442 29093 91
47899 2457 79
1221 383 57
16992 25339 36
11604 9897 52
50766 54513 65
48581 11467 11
57577 31338 73
29709 22942 92
27392 6646 29
58321 40874 83
35612 39932 68
41075 28976 47
53530 9018 19
27522 25584 93
43323 15524 18
3044 43492 67
6350 7652 20
9169 10632 88
23051 1275 68
49628 12410 11
3662 13672 50
49782 29096 81
4230 23327 53
14036 39018 81
8326 29155 65
1639 13814 61
8152 19851 1
33132 24321 35
57020 36819 33
10894 59378 34
23700 35431 37
51133 50848 1
3712 39387 96
7362 17693 23
49453 18145 4
35947 19140 93
53631 55082 66
35693 8658 60
19615 5272 45
16332 34643 55
51261 10269 29
38852 27608 56
51146 14645 66
47525 31911 59
1315 28988 32
20562 12641 11
36898 4330 93
29960 16513 77
41949 28911 14
11144 27467 5
23886 51247 79
19158 9527 28
38301 58959 13
48388 1486 66
39227 52496 58
54595 4701 26
30889 58194 11
57294 55078 33
43429 31585 3
9904 24979 52
46587 57905 35
53217 33102 56
22785 54152 94
38164 59534 92
47698 32685 85
15447 21486 61
41402 10272 19
1904 41476 78
48520 29022 16
56209 7553 44
16378 53867 2
30134 26718 77
22661 45602 63
32505 38016 8
29596 23024 79
6041 50716 85
32721 21394 95
36788 26804 28
47833 49498 68
43240 3690 50
23801 24031 3
37210 18495 42
42440 22532 59
18786 5731 94
25948 28420 56
50849 3153 75
12525 13018 32
7835 51523 44
53139 56950 67
9323 26859 93
38799 48842 23
4476 20214 60
18856 50249 90
34039 713 23
12774 35869 75
57803 4424 59
53785 31806 97
5502 9337 30
52151 33604 44
34192 2129 68
14026 58577 35
59896 51263 58
5716 35625 33
47444 14791 93
26529 24605 8
23178 46179 1
12609 37285 35
23339 57816 70
10575 381 42
7089 48156 93
13359 39180 66
11575 14224 57
39643 57272 87
37822 1451 21
21577 11010 6
37549 35566 54
24737 36088 99
3823 58630 85
20359 33738 54
15589 19280 44
8232 12845 47
22289 18687 22
25880 36691 80
5052 50538 92
1973 7799 13
107 50271 56
58944 576 65
1039 28954 7
51166 58550 12
34479 40681 19
10901 39705 56
35620 59648 20
1634 57616 53
6197 52462 50
48236 8289 57
29944 15542 89
16250 46441 14
28610 35612 27
52519 11508 77
45448 49273 28
43136 2459 8
12258 2817 13
20539 56535 67
38774 12636 18
50333 30795 44
24897 23058 22
45618 32432 42
23242 31282 19
24173 46533 38
1718 7844 98
55637 7541 53
28594 43786 2
5748 146 40
24558 7709 33
56701 24684 70
56831 29529 60
11415 25891 45
9909 53669 98
41610 25974 60
29675 50588 11
59793 41172 93
41970 20905 83
56861 45148 2
12936 49637 95
29751 1635 88
39260 27353 5
51482 34395 18
873 6749 80
41455 19228 71
11942 20473 58
43776 38408 73
7922 5358 58
23091 59642 67
26952 3496 51
45466 40665 48
29831 56259 45
11101 31398 14
19489 48957 70
44740 41523 5
33967 11603 39
44507 38887 64
52019 34580 47
17495 38753 9
28312 36376 99
122 9649 78
7601 23655 71
38717 46033 3
40770 37740 5
46530 26408 3
7055 46330 47
31401 28882 34
43265 59110 70
24568 57278 82
16841 9823 2
23382 27660 80
24407 48316 32
55787 30324 21
5153 52731 31
54245 54931 79
31505 43345 7
18833 30369 28
18204 43898 10
40457 16099 65
8829 55823 32
22466 5090 46
40498 47925 40
56091 55023 70
46589 31704 67
1302 6153 24
42064 29661 59
33916 6282 15
56034 14483 9
9583 14461 41
59653 16669 67
19902 48380 83
20683 17015 91
45658 27183 5
621 30601 83
31570 50865 80
8977 30951 44
18407 18016 26
6111 32443 26
21017 12143 7
29195 11630 64
39499 43077 1
40094 34657 92
59616 59295 62
29498 47639 58
25672 10649 50
24997 9319 67
12688 47455 48
47528 38035 80
41665 23825 22
31622 12792 3
12419 36293 51
38805 38987 29
26943 36748 80
37103 9629 68
53331 31221 88
18190 5051 70
29402 9782 16
35243 12085 51
36369 16939 51
40423 55752 38
22827 33617 71
11528 23093 20
15075 28073 38
1711 19582 1
40190 29584 43
26403 31758 82
50138 27128 48
35189 48868 76
3409 3014 60
13401 26752 31
5177 10384 1
31813 10299 15
8926 14842 56
6561 51164 9
55022 10816 3
36084 93 73
5781 23299 20
437 22881 44
14778 24233 2
54326 36120 35
57381 21022 29
36822 20046 86
1121 33081 61
16840 43086 65
49182 43490 59
33324 10911 64
9326 56742 64
40719 23956 49
39269 45927 27
32167 43151 25
41021 59702 68
45294 43379 37
20621 59824 7
19049 36711 88
48367 32221 81
6943 47576 5
888 50016 93
27326 8008 64
44947 53760 59
30464 57052 84
28667 16451 20
26492 37290 57
2674 691 78
13554 37881 32
56186 42049 97
16929 44628 23
16896 2689 59
52194 36778 77
32419 47533 95
6557 34508 77
39102 7160 48
24556 53520 4
34856 54803 42
42374 35362 2
34473 32599 21
40876 36435 33
37595 55903 18
1431 3685 31
48034 42429 15
1833 3234 29
50207 12012 19
39519 4498 100
18265 20390 11
25274 38459 51
7205 56320 85
50641 18748 76
53544 14526 75
5390 7490 17
27969 15225 81
22298 14767 82
18983 23739 6
27213 52707 45
34103 22376 94
1055 39285 22
38889 55391 61
32500 28508 60
16868 6237 33
2206 34187 38
558 42122 61
40018 7743 62
39506 57225 77
4939 58020 20
33173 20238 5
58585 56462 10
4865 12470 39
3294 11625 90
10533 9954 1
47406 49908 27
17991 29855 56
36023 49114 21
59382 26249 19
27228 58936 7
47892 57242 59
6549 18223 87
55484 28365 64
53550 46846 79
36649 27956 52
17394 27629 69
21822 11931 96
23281 56982 28
3572 42742 63
52909 30741 92
55802 1307 67
40912 28716 46
37353 18988 56
23948 888 29
21901 20109 89
33505 32961 1
41187 3819 70
27761 9030 95
55918 55959 46
43944 29629 91
59742 10755 71
23840 38159 85
52934 50702 90
29388 31036 48
23158 27132 50
38682 13731 1
20220 15956 78
53341 33775 30
44397 33517 12
9657 195 18
56458 27583 11
55581 35340 32
31977 50707 62
59552 30878 57
3335 42840 35
20541 27115 34
40342 35524 1
22868 24531 75
547 21969 100
54003 40614 85
14811 2634 77
47439 18828 82
19403 23598 79
59138 12409 82
23572 27614 81
51497 8722 49
35851 28339 49
30635 38818 92
17754 22448 68
9488 36356 21
25695 4912 17
7978 48495 22
35863 25507 48
29604 14957 76
33061 59652 72
20787 26767 69
40382 30964 56
52268 58033 42
11981 38666 88
10447 51237 44
6343 43719 88
55393 6161 93
12692 34057 63
52062 3039 74
3360 29043 67
40487 15068 53
45534 37700 43
40881 51692 47
17202 39900 92
15226 12135 22
24131 36615 20
39341 8905 85
56742 20028 4
27398 4223 51
51753 13780 55
9645 53897 34
25784 18905 67
7558 32787 66
19448 3932 86
19294 59239 6
9520 20168 96
7012 33079 38
59692 55776 51
16042 27636 46
57199 59400 71
1780 54578 57
37330 19116 45
45604 25183 25
27000 20302 99
48894 12695 18
59168 9537 49
16330 27320 10
41195 8731 2
57786 10191 30
11782 42106 8
4707 55462 6
30640 54313 26
664 39232 95
57464 28366 39
19258 24616 37
30367 40096 92
22826 7351 28
3292 24314 74
53949 20914 88
54720 32853 74
44988 15816 27
54693 18553 75
37967 24485 13
2311 304 53
4594 23783 42
24722 27679 41
46298 47203 69
45067 48973 55
11894 16510 5
6872 46161 79
21041 14649 89
48514 14036 89
42051 19041 5
8389 1038 24
39642 45810 65
50578 56044 65
25844 53379 29
46825 51293 57
52372 14371 63
26885 4071 70
30519 46220 86
8783 44822 31
19162 13779 16
4096 42798 72
59453 42531 32
5869 148 71
8441 34538 84
25662 54298 58
30167 4091 67
4594 15771 68
446 33188 23
59531 56627 75
4209 29180 24
55886 13995 15
11818 39479 62
20918 10751 37
51411 37297 33
35284 52751 6
48761 6060 77
5764 17104 56
46568 45825 30
18259 58093 15
25900 23992 61
34717 46983 23
3594 19104 36
38970 40421 25
29591 5731 24
12365 28630 53
46972 59901 28
6184 55744 63
37518 9174 90
49899 15512 28
45660 52939 54
44891 44115 24
16544 50954 29
5482 35090 65
532 50820 31
45667 32240 50
10606 51232 24
28841 6750 55
29992 35610 87
45771 22190 56
15385 40504 92
7347 31068 89
25319 26948 7
9105 57680 83
43129 45942 81
57757 37906 68
43651 32092 49
4839 4556 2
12063 36221 98
23858 47311 25
47074 36090 91
40615 50613 81
3278 37513 92
4848 56707 98
8574 32876 53
30136 12962 53
54782 16791 91
24101 38569 75
8479 35384 1
18824 10099 78
20150 32606 66
2172 24470 10
4557 9397 3
29658 35826 11
29687 41892 55
46374 27884 81
59845 39242 90
58142 15686 60
30857 45256 49
55279 17806 45
53881 33914 94
35262 49795 50
27661 15095 8
44076 20314 44
31926 6885 92
12256 4686 87
15381 18106 31
3491 33999 93
25770 42799 97
46607 43665 65
33784 27448 57
44243 57508 31
30478 22035 88
52574 38690 30
7045 10290 70
10041 27975 94
53549 41902 76
5831 18714 25
29907 30773 18
43182 52018 21
4657 56705 97
7242 24563 80
4828 48944 37
9038 9753 71
19259 25392 81
8007 26583 94
37399 57080 42
47450 17423 84
32424 41488 70
55503 14130 86
9498 25983 73
301 37644 22
23888 55961 99
746 2133 100
54643 39043 71
42284 23026 48
18933 28928 68
43321 39887 42
9163 12910 64
6045 33086 32
36686 18279 45
28857 12517 30
34751 7941 95
24980 24802 34
18580 51731 54
30826 44369 12
41886 43684 42
31062 33340 7
12083 21319 85
33279 38897 59
2684 30853 85
21290 45870 38
21861 27190 23
45907 37347 27
57275 23028 95
4916 472 37
54869 45654 74
37527 38120 50
13169 36537 31
29234 29702 50
46986 55809 21
18747 10981 77
11458 53966 27
17108 39356 45
29369 37995 67
50729 10070 66
46486 14902 89
54320 37767 42
37790 14412 78
22236 25198 32
49633 7970 22
3612 57016 94
36156 49799 49
16460 55136 53
54368 42887 34
33231 14943 16
6911 39954 48
36909 4171 98
47159 9771 89
57336 19005 3
47057 14699 91
26559 21277 67
53424 20911 10
5596 35799 50
56104 2692 90
51063 24028 19
13008 40395 40
59660 55636 72
41129 30704 52
44644 21317 98
57409 26109 68
1347 2295 49
3428 27932 43
58407 14373 37
31975 54504 46
8014 44859 4
46926 20967 59
54209 17470 16
17346 57924 7
21241 35611 90
9169 49132 12
17369 32186 50
51250 52636 44
33959 15652 99
34541 20943 98
26532 24014 31
2009 54210 8
52162 4154 35
44588 31476 30
42057 19194 53
59018 21398 25
47185 37670 59
37239 54356 35
56658 40048 52
49491 29479 13
40346 17592 20
25156 12951 78
20587 11513 79
16296 52677 81
38215 21412 16
39201 59857 41
21293 41197 87
18008 2814 27
23518 4854 87
47281 38860 21
38443 2409 24
14321 27541 83
44932 27872 39
30758 9362 91
59259 47389 22
23935 15549 33
9890 56732 44
8036 25928 98
33137 5232 24
29687 57745 96
36804 1504 34
21166 23270 8
59750 9228 64
33853 37839 1
44761 42425 7
35984 56127 52
30405 20611 92
6367 25066 81
59252 26419 91
31762 13703 27
2640 28310 68
10736 23344 45
5771 41844 21
32524 43766 4
13340 31934 62
29762 27280 38
45865 14428 96
24238 31823 32
33754 28894 58
11303 55161 54
13342 17198 53
34132 23709 63
9111 6160 81
8580 8146 76
11163 22986 38
44518 14967 51
13314 44910 18
31181 2741 48
1446 21787 94
27186 3275 94
27114 25735 94
53303 6973 79
32508 17264 19
39306 1529 60
58422 9156 76
59861 12540 51
41059 42818 35
22399 59449 25
54084 46194 33
47049 35209 58
45597 13658 79
1818 19132 90
53596 2715 100
24676 4869 65
50142 1367 58
45471 32725 58
21860 52396 35
31748 1688 43
59744 28217 89
48590 39515 100
23775 32740 68
43797 39791 61
24918 56513 67
38163 40077 16
8638 20128 97
9630 38061 89
31036 14006 31
1229 33772 57
45899 43773 29
41557 54172 27
2600 5702 95
52823 58193 87
16668 15140 94
44043 25794 55
33946 36217 61
58776 48720 46
41514 53680 14
18576 11193 76
4370 14991 23
13561 51780 18
55811 50438 89
45056 10566 21
36957 27377 11
19747 53935 60
4444 35249 46
24901 55653 34
45458 28639 76
50014 15237 51
17509 48008 21
56561 16132 61
8196 12253 53
57742 31625 38
13914 15010 76
29333 40447 92
51384 5928 65
6337 34479 41
47868 43453 36
15565 23271 51
3746 49952 84
30180 10618 94
17365 37576 74
16479 54250 13
58926 11040 49
10096 32256 75
39248 43942 84
45972 41706 76
24001 38219 77
15300 33192 63
7360 15524 30
40168 47186 47
30324 51034 23
22268 11166 87
52848 24031 36
11357 43611 24
51705 24606 70
35605 38248 16
34131 1238 42
30938 57046 8
40046 50246 60
41087 59916 99
4713 28013 23
24379 3223 90
47534 35382 4
30152 33632 21
13375 45651 53
9670 43008 20
31550 44776 71
14545 55699 76
56635 51838 56
13067 29004 7
58777 24566 38
57711 35219 21
27483 49092 85
2056 7045 38
23267 45565 72
34207 26223 77
18121 7075 79
54532 8875 93
40792 22485 45
1683 35390 50
11518 45114 19
54434 47378 4
19251 16913 39
18873 49237 86
39360 39437 74
43720 15402 100
23173 13768 90
47501 38264 8
34561 50176 95
48620 47106 2
26400 22571 59
58765 58479 29
9272 10165 26
30546 11962 89
6676 707 1
1993 29993 6
53373 57554 81
56569 33906 50
44119 33739 46
26888 25925 39
56886 48432 17
56415 33739 29
40763 9422 55
30502 39855 62
53564 58261 26
4800 29114 52
45676 5505 3
57050 27403 1
59133 54481 90
36123 18219 80
32565 2787 69
57134 37479 84
41541 40336 13
13184 41138 89
27815 48567 34
28271 19660 4
3231 14857 13
30233 7013 84
28788 19349 21
21510 45356 27
13318 12931 93
50656 31240 45
57149 15957 85
40424 58705 43
26499 55532 77
12076 18755 30
17168 40223 77
34521 4869 35
55873 2969 34
31238 8481 5
21924 48321 18
46973 24824 33
31014 51604 11
40706 29571 20
26960 17354 98
3254 57537 43
19291 41168 66
57430 11119 11
38715 58333 46
35805 9784 21
964 42121 42
2350 35516 54
27908 17478 12
55252 42689 92
12956 58042 79
40426 50663 84
27475 44029 26
9508 58734 36
19291 28921 19
34669 13625 28
42801 3648 88
54329 12225 36
14232 6027 72
29402 13088 37
8925 1436 41
4808 12922 52
39609 40858 94
16517 18772 55
4918 527 13
29095 32534 17
16817 23113 70
57425 25628 76
32458 9967 55
9505 49845 51
57935 28419 68
4593 10948 36
27457 11556 74
24374 18336 86
28443 14531 49
30118 920 24
45236 40757 54
14828 12676 72
59067 41034 27
6199 37916 18
39983 4643 25
39924 15416 43
8078 54073 14
48897 21395 54
53131 9409 25
44524 27271 42
29398 4559 24
34409 52449 40
38940 17650 26
25927 39314 72
46214 21181 71
16828 20725 1
5961 52535 15
57288 7304 9
33735 34239 54
25848 30572 8
34925 17277 19
46464 27384 73
40147 12639 85
15059 48856 85
30071 38518 9
42141 47029 71
10726 55728 85
34849 6929 21
41659 37653 20
429 4793 39
40374 19705 8
31696 7735 96
37684 57250 42
33763 51802 57
2032 47349 48
42223 34830 45
53697 3878 54
32324 18814 19
42698 24984 41
5091 48094 28
35421 40648 58
23223 12966 86
56429 46505 86
9993 31126 52
17986 51448 64
36821 25712 17
43407 36978 59
1566 41638 47
43965 9535 4
51828 52798 49
57597 10534 27
5188 1836 98
57911 11469 10
7238 22306 37
10643 26176 70
49467 19405 62
23043 30349 22
47920 13342 25
35412 45370 84
34220 35572 52
47457 10607 98
2431 13410 87
14559 54544 97
13811 13032 36
24188 5398 92
12053 23115 82
42070 51765 28
54111 45698 64
35732 26239 14
19578 22589 44
21387 24598 77
26921 51936 61
12933 52512 33
1080 50129 31
3082 40547 28
8266 40785 8
34482 36234 37
11195 48878 49
57809 35892 58
3718 1949 24
9874 58999 93
49315 57555 72
49109 28673 68
12294 19151 100
55294 44921 64
58724 26091 51
11628 24218 74
35172 39363 21
37830 42705 12
8444 52141 32
31981 6162 15
9186 22837 13
39326 43399 4
24804 42516 27
39877 16296 81
48786 43875 40
31450 46686 86
48152 23478 56
2827 49992 2
9354 58430 70
16659 20071 94
46319 56045 52
27633 9757 51
41722 36344 94
53779 52061 90
48350 52418 72
8089 42251 17
5426 5328 69
32009 27104 65
19866 53832 25
653 28235 6
16954 8949 46
10637 32815 15
46247 35579 32
53405 3816 85
41010 46246 99
44749 1222 55
45755 8305 90
47572 43756 39
43444 1631 54
22065 30912 83
12473 1041 84
5497 3736 49
31248 27508 21
40121 41807 24
12964 52255 16
2631 50957 66
23420 27264 17
30713 19747 6
45397 4395 76
43406 8770 45
20068 33519 75
49974 17634 78
57745 680 54
52250 39567 16
52874 3768 93
38291 26160 10
49964 59527 83
1074 49691 69
47735 46697 75
8953 44863 92
5512 43515 93
31066 39392 3
58859 35067 21
42634 24638 60
53216 30099 29
46675 17459 18
7954 19946 37
21680 40681 63
2783 55242 34
57012 26070 72
41006 56676 24
12848 9325 71
16235 14880 50
14905 16518 63
51921 33277 22
40172 22062 78
39151 23389 17
23993 629 76
23739 58237 7
23658 24934 83
32288 50850 91
26328 45303 83
27584 9580 28
47087 6068 7
7752 7381 6
11160 41620 46
50659 21647 45
38682 30190 91
26655 11598 32
17949 3627 99
12983 21491 90
20443 8641 32
43735 55864 99
41509 58809 66
23300 55106 38
16191 8122 66
46418 35235 33
49724 4160 71
33444 3266 29
10553 676 35
1863 32298 53
46797 18330 25
17738 17441 31
37431 24504 98
6054 18251 59
40631 43191 21
59477 21454 43
22105 58090 41
41433 27473 88
27177 52528 94
51474 1748 58
6091 16120 49
55140 7604 12
14289 22126 44
20330 59780 43
33087 4583 45
2346 26975 89
31890 33621 86
28323 33070 92
31347 31110 65
30439 48218 23
31526 20272 28
37690 12853 65
21857 17405 40
12449 18972 69
44137 46999 46
39235 39521 34
48092 35956 81
53797 35156 80
5842 6034 35
29176 37171 91
34 56616 69
46980 2273 84
18558 5145 85
19113 243 83
24795 38359 51
34812 41406 37
44860 1760 21
13962 26247 61
54575 39194 90
36420 12105 20
58432 28544 46
1102 10652 72
9068 56382 46
37977 38745 15
30022 52592 64
10604 46922 73
43504 5203 11
32984 36365 20
32244 29952 12
12682 40599 11
14918 3094 28
14446 49453 59
19559 56806 33
7619 58911 74
13214 37183 42
25313 46845 24
40365 16919 41
13882 55607 63
49018 11998 88
11298 47432 41
51607 49833 93
45047 15193 4
889 32521 23
51325 40655 37
27934 32831 65
28959 34271 96
33280 38263 33
3395 22054 70
15221 29465 21
32747 46265 36
29214 41371 12
24864 59304 76
29256 10041 67
43920 15798 1
44177 20139 97
17424 19195 47
57560 59319 60
36617 6215 14
4624 42575 26
29804 1525 40
218 52544 60
54979 3104 72
49939 30961 68
31344 33115 61
5041 30455 25
48695 15107 16
47651 21011 86
59758 19153 58
21336 39858 97
28069 21570 37
47490 2167 45
30446 50050 89
55998 29200 75
15590 4327 82
11496 52983 84
40936 8983 57
28828 13124 71
6957 6179 22
29682 521 34
25103 51913 68
11670 37990 82
28963 10122 95
39281 53422 56
30901 2229 62
31682 33593 16
28985 56556 56
50917 12524 96
11527 44006 88
49859 42503 24
15045 20336 39
59305 56820 67
25198 59355 38
46315 27819 57
21968 14154 38
22166 39765 62
39947 55998 3
1170 27385 75
40407 25868 61
52482 28594 86
8550 50854 55
27697 8345 2
54124 52993 78
30883 36674 65
36994 38536 86
57690 41866 28
53328 56242 14
11087 30909 70
7784 8230 98
12957 9129 52
56893 8921 40
32833 5020 23
20536 24096 91
36201 42643 97
50810 31706 87
16170 20166 98
8279 59910 29
38832 36153 5
36349 53916 77
40676 9067 46
28673 21608 61
25481 29055 71
46683 1346 30
35791 40483 35
52292 31544 54
42400 15169 38
27493 5140 85
23186 4919 34
23353 29271 48
25114 48078 72
423 22728 25
47470 54384 25
1178 31865 90
44970 58029 99
54157 2590 89
42448 29852 50
43731 52056 64
26488 2016 68
42675 43725 29
8610 30151 62
36813 24583 2
19749 8857 25
52497 33840 85
3941 21896 38
31354 31741 76
4141 3537 94
20321 40002 12
22994 24641 16
45769 59535 44
31366 27475 92
16408 6359 47
2415 40310 19
34995 18414 54
21848 35679 11
746 4887 18
16774 52738 90
1127 49665 34
45496 13926 76
55555 57725 44
33929 43558 48
36066 27148 10
55087 41272 72
56214 13465 52
50642 56042 41
11362 52251 56
45220 12346 89
32855 46091 17
11563 48207 26
353 40850 6
58308 50891 7
58868 44714 7
3236 11618 97
28485 10400 73
31994 49727 89
23248 51186 32
46392 29010 97
9441 5311 23
49589 10947 3
42120 15137 87
58301 33510 41
607 31440 22
42770 16157 8
58214 48205 4
10859 27558 74
35168 18182 21
40327 1871 66
46856 36462 92
1790 37692 31
55871 54138 100
39800 45333 80
36148 5359 9
36925 32568 89
32152 39241 65
11471 5940 57
32543 18572 9
53376 32304 90
4583 18903 12
50724 1208 45
39971 35673 24
17187 16048 32
33228 44026 80
39527 42832 32
10357 53558 1
15003 7508 81
55326 42070 15
21189 44972 76
31396 53896 61
51658 37032 12
5005 52135 39
884 56029 1
47317 38529 30
24060 7914 32
55437 3206 76
56436 56674 76
57253 19780 9
8271 7862 37
27207 6178 23
23516 42846 72
30041 42671 94
26488 6145 31
3733 27774 84
27052 8556 61
31225 57164 39
7008 5508 1
2676 28835 65
27572 59361 49
33560 41144 99
37772 55190 72
54555 30983 15
785 47235 42
48165 27428 64
28044 33863 6
11752 41235 90
41591 24932 13
20222 45363 59
42327 58070 29
30493 27932 5
57231 4128 62
40212 34870 95
21321 37265 27
33376 14385 47
32810 16995 58
13749 38843 90
46010 37940 3
39934 53179 50
24288 35045 82
34619 21573 72
6079 11285 94
14584 53629 22
5493 49218 69
8728 30384 78
23954 35972 71
38947 16324 95
44411 20600 56
35930 5468 58
43264 57559 19
36337 36419 63
4319 24116 54
49193 2594 58
59391 5693 85
11966 9795 46
26569 52285 75
19524 56646 83
37524 30672 42
24038 22479 60
11355 3501 24
30322 88 75
46897 379 33
56487 39366 14
2943 25321 48
3576 5270 33
38996 10327 57
41532 4605 85
21143 58443 4
24276 14017 15
30445 21886 18
58718 41418 30
56189 10206 36
49020 11579 56
21656 25368 18
23055 56155 53
38047 15825 56
11917 40126 73
27985 18675 69
59619 30489 47
35500 7214 77
27138 54285 76
1408 18852 30
56078 35049 36
32942 17581 81
32893 12163 66
11634 26524 11
9470 12190 76
54122 57671 32
37112 47945 2
35546 8024 54
28345 15994 76
3943 51111 86
6816 24486 86
43879 25779 68
51644 35014 23
1495 35078 67
34944 34007 63
18324 19917 28
21432 328 16
2051 38029 91
38512 32076 40
21358 24840 37
18627 29499 57
37920 27791 77
17338 6195 77
44651 5518 42
32423 57137 70
42501 2069 52
26491 59542 34
25045 53124 51
41595 833 40
49033 4102 46
41996 33048 59
967 54601 13
5224 57611 22
19253 25930 14
53245 38270 34
52828 51395 40
36213 42306 66
35935 29810 99
38670 55556 82
44107 54452 52
53653 23580 61
27567 54002 14
32212 8526 2
30316 35100 2
23530 51945 82
4711 44308 93
5821 43350 55
44647 26669 3
27193 31880 12
55912 56499 71
12852 6925 48
51022 12330 56
47411 1728 13
45287 956 57
16827 43791 49
31223 10021 33
33160 59070 85
52833 55376 92
5501 13004 96
25393 14797 71
15678 43901 18
58777 58733 15
24800 6908 96
22259 52440 95
24142 3900 33
29336 14473 12
42553 15727 40
5575 32674 3
22174 34896 32
49079 40583 60
35298 26856 23
13084 22670 89
38377 47088 32
50171 11703 24
40710 25435 71
54021 40543 86
3115 18103 67
45401 11046 59
30690 23355 90
54422 50789 74
26263 57668 55
56999 35516 41
6719 4737 14
35455 13573 49
38844 24698 68
9254 5625 84
32639 18657 90
52206 56980 74
47982 25217 100
33322 36248 71
2997 6114 38
24370 24931 60
17099 14579 36
6598 920 78
4941 54014 23
14488 38005 97
9569 52620 89
29085 15602 84
1415 56735 67
32800 11568 19
26906 31879 11
12575 21909 64
51385 41477 9
14140 25835 56
30311 11800 19
51383 26557 21
58851 37200 27
59403 43125 58
25912 57200 66
23305 35169 20
39784 49643 16
58229 31504 19
31753 30202 49
49641 39022 58
12290 55230 35
40159 26218 51
8800 26331 28
27606 25778 27
18423 24504 73
17009 9653 20
17613 434 14
25416 8999 34
29550 19300 73
48013 792 59
4214 2468 48
1240 42285 98
17642 27700 52
5941 41860 81
48844 3823 12
56801 6458 3
32299 39555 63
56818 50423 81
58403 5013 29
6526 16365 61
45514 38917 39
4102 36380 79
55243 36980 1
49510 32992 88
22547 35704 54
31986 29166 83
9654 55250 98
44504 18445 10
41011 52191 34
39328 39340 38
11504 23514 68
23980 28175 83
44015 12806 55
15363 357 56
5330 20713 77
39716 6733 37
53344 48323 46
15617 21069 73
44352 21455 73
31107 13849 60
30984 17812 46
59877 6373 5
4501 5946 87
25626 9594 63
15168 54263 97
25600 24157 80
42788 28074 89
9624 45329 1
46429 44136 38
16547 32387 77
37144 40893 37
18258 50683 76
24260 43788 39
11912 45170 4
50344 18249 36
59461 52900 100
13643 50343 70
24423 35632 31
22274 16237 1
2290 8312 8
7810 47878 4
13916 57440 20
4325 48339 52
76 59543 57
31113 11184 19
19265 4922 43
11497 19883 53
57608 21693 27
47993 50772 51
20654 22519 82
36858 20287 31
18485 45443 12
4815 45162 23
34453 40260 20
536 40543 89
24921 49175 71
10588 46591 97
28184 41341 88
39466 12321 49
27468 1868 48
25400 44453 14
33372 19756 42
30917 31789 2
24369 41103 50
15823 32427 88
36449 26571 89
13925 19582 45
39979 34630 93
16472 3494 96
10043 26884 91
36617 19919 11
3830 43857 49
10018 12096 55
44679 40990 71
12333 47895 20
12379 51050 23
53878 47045 79
21101 33819 79
41479 15376 61
48935 19416 57
7444 34608 94
7645 53502 84
2489 789 88
3199 52856 1
11074 19927 22
13801 34315 17
52795 55518 57
31191 6684 69
13500 21959 93
30791 22803 43
50333 50691 11
21609 39986 8
33416 29962 86
37259 56521 67
9116 10485 26
56514 48710 81
53510 2470 56
32217 37236 38
55786 24524 75
10806 36149 73
57307 36634 76
31460 28036 98
46682 24497 68
56129 12669 88
11015 59515 35
11793 53251 15
28245 55425 9
52259 53426 10
40211 4178 76
7868 2917 40
39989 30095 31
40716 39942 48
14198 53428 38
43073 3196 81
26535 31918 29
24727 42692 19
32248 56467 39
6748 30942 9
29711 46642 23
28225 40858 74
39139 52562 12
11232 5555 33
22796 13897 42
31562 28222 69
55008 21699 6
3485 23227 80
47513 24007 11
33419 10423 9
40129 10015 71
47421 18420 15
7938 42111 47
43627 46914 62
28757 20785 19
30447 9786 91
23645 28248 31
12731 16287 31
41453 47377 94
45719 21707 19
2162 10613 85
18363 6449 42
42790 1927 22
57734 44291 80
27641 24847 88
59427 59864 20
9769 33662 29
59329 12113 63
40165 15279 86
40987 21023 51
2347 22778 60
188 47911 14
14320 15753 80
55534 24625 1
56246 2327 70
325 21943 55
1939 38916 40
45693 11735 17
39526 51787 86
25936 56828 35
51925 32544 88
57885 13080 55
5531 55333 62
32176 7754 91
4555 38405 24
12106 47362 13
55712 50470 76
57841 21911 11
41670 43345 33
45418 8411 5
36654 8832 34
40149 50960 64
4190 37851 72
20148 7109 20
55917 28732 29
4742 15686 44
54051 8039 14
28706 20534 51
37650 19869 64
33180 41392 88
55001 29264 30
24125 38553 97
13895 4241 96
9803 37161 57
44159 30094 68
36313 45616 74
19187 15324 87
25379 3740 79
48270 41654 45
39806 14367 52
34038 2743 48
57889 41031 78
23724 47258 96
29794 36564 57
17965 10103 1
22544 53449 41
29568 46599 66
57922 32802 21
50148 41425 49
41466 9214 93
58184 11130 97
36686 33280 1
53604 50198 27
47349 54200 59
56829 5640 81
20138 37269 82
38226 29437 14
21982 51532 27
2363 33676 100
5106 53090 96
25003 29917 16
4776 8310 49
58792 17221 1
1958 19092 88
59139 24329 22
42004 50015 96
10829 49279 38
26794 56863 54
27821 48275 5
13897 51716 89
7311 36773 74
28648 21803 38
51241 22288 3
714 32824 88
31234 30233 23
6507 36735 85
53876 14994 35
57591 18866 63
36866 7427 40
3879 2387 45
13931 44108 39
36169 22298 6
42564 9420 1
9172 51962 29
9436 17359 80
34100 26231 88
24297 46203 80
59151 5498 42
574 17357 86
36261 31129 10
7689 49196 52
29027 3743 13
30133 21639 75
14184 6366 78
29360 12639 49
3932 2228 26
23769 35783 56
14816 44284 66
1219 28512 74
28808 31916 29
49862 17915 100
11502 33291 12
25064 58862 23
31444 41935 53
28225 31610 45
9998 45012 47
14907 7609 49
12196 42523 100
31584 29720 30
3385 42332 88
49683 39989 66
6323 50052 55
48053 37187 96
20114 4890 57
33857 40330 99
58977 55346 45
34487 21016 47
12116 42089 45
50695 44693 12
3027 33269 51
55305 37856 62
23002 4935 51
59814 55452 29
33017 32220 35
6829 10630 93
24911 493 85
4475 29110 83
56042 19724 20
18261 22300 56
10486 45703 74
15912 2592 97
53413 39789 37
59504 6086 79
35026 24850 60
30870 36946 62
18808 50006 60
38061 23559 12
32318 14241 90
51949 55262 14
41997 36677 34
18056 33965 58
18311 39415 16
15224 21087 84
36215 39838 54
6302 39546 8
32572 8325 75
39729 28539 18
45373 54496 55
39599 41214 49
52090 9795 38
57025 13147 46
46128 36916 70
10362 53872 25
57126 53521 60
39880 18585 33
2406 13045 98
20260 55226 40
11367 46958 7
39117 45427 84
2224 6835 72
45460 38154 63
33407 478 19
18235 47119 73
49686 6655 66
28608 6287 85
23928 20205 37
40461 43491 100
10800 25227 38
48392 14855 82
50504 32477 89
22882 34948 20
2431 20589 58
14399 13318 34
25980 30567 20
36591 29599 35
21601 34667 94
54789 19557 77
34551 43139 42
41388 38204 16
47420 28441 50
55316 9264 75
55830 2485 61
11333 51129 11
29562 11316 48
12275 11748 75
59159 43266 7
59338 56258 88
32339 13278 10
38650 54667 60
17124 58280 38
23427 27194 1
44743 40241 86
17407 23224 3
11166 31322 61
38387 32893 3
4418 23668 67
29679 52032 88
7628 27991 26
57920 54411 21
36807 40674 92
59121 22831 7
10956 18226 65
44452 8329 42
6919 30989 59
52720 7620 95
49698 29452 6
36018 56350 50
45342 47148 21
14429 42725 56
49771 3330 50
42900 20511 68
46957 24916 23
31744 44957 14
44198 3023 26
6955 37441 93
24061 43904 89
44372 18034 13
31367 51669 45
34838 1304 60
25674 19012 39
34721 37114 7
12937 7458 29
23787 6652 65
51763 58767 86
47555 51057 78
24874 11380 70
23499 55757 34
13324 51472 37
19958 4239 7
49980 1992 73
14260 55907 13
42366 27802 65
1343 44208 32
11442 27869 98
53245 24533 58
9589 57967 64
36542 21742 14
21373 58241 13
8284 49681 67
1697 22939 83
53211 55852 24
18559 51947 67
59272 55025 2
57301 59483 84
58759 5427 90
52080 16520 22
25616 7733 31
19646 56639 55
44390 4168 32
22341 29170 28
2080 30900 15
53339 45009 67
53254 59565 57
56765 46138 17
50587 9486 50
7076 52078 82
51286 40800 82
48122 14872 33
1860 44664 82
54831 34525 92
56110 18684 45
21764 58345 31
35200 22996 9
20720 25344 39
45400 25093 9
53397 40741 34
32104 26749 36
43314 49164 74
31094 24321 69
48968 12810 30
16310 46013 16
17472 47183 75
5282 47327 88
55686 35569 21
1762 10410 96
36008 5100 5
47802 57676 37
8542 16707 74
44257 30164 48
40351 48326 92
49549 43580 65
15946 24013 90
10643 31704 73
43577 18154 74
37379 7149 35
17115 25480 54
58341 5108 74
9847 24086 90
29278 53238 89
21053 43245 49
44154 34829 61
16003 55500 78
7246 48782 86
14469 28599 73
13915 33492 8
6374 19799 37
37463 53340 100
3307 26874 22
34719 194 97
715 50391 44
35859 15514 82
3524 59036 34
51085 17529 33
3635 7921 86
290 35969 78
6228 7933 25
22988 52859 89
34753 38493 90
1751 7852 82
23846 54013 75
57304 39089 62
26765 1305 66
31222 56073 63
57457 43603 3
50418 41907 65
34327 43297 69
16102 30389 89
48945 24785 19
16667 36682 65
6240 54903 69
8213 26344 16
3196 23889 27
21389 15892 19
19595 21448 32
30039 42416 26
22157 40238 28
5822 59505 31
12242 22593 43
37972 20383 49
6628 50664 92
44526 30109 13
40574 43210 84
51835 7351 7
54768 941 95
4963 26837 1
22647 9662 28
21519 38734 40
7371 27913 97
26517 123 57
4672 26487 10
37274 53032 9
34484 42922 28
38671 42895 32
50649 24044 33
31413 4700 42
45474 15192 17
49069 44301 40
51494 22767 6
55566 36865 69
43680 19378 81
30716 7148 28
45847 55561 69
21185 24542 21
14815 7846 32
38384 19533 83
46431 49504 43
11798 17528 52
41 9219 18
28569 26990 64
47284 25405 55
14345 17049 43
14360 27011 23
14103 23016 58
5666 32093 99
27841 42228 32
31011 30295 26
40626 37963 94
40896 31217 93
527 57185 82
45536 50830 36
51636 30128 17
59370 21369 59
16025 31052 14
24097 41013 100
31311 36970 34
49995 42158 35
43067 13668 22
45572 19281 75
58299 45274 96
15980 53676 83
32398 50195 64
48993 19759 50
47127 17737 64
24456 27741 20
2435 22880 79
32956 35681 12
30054 15888 24
19793 44995 13
47333 27556 19
13844 54925 55
29397 20426 5
57805 19692 23
25229 49499 5
22440 5520 67
45720 22097 57
6788 17380 9
13863 54811 8
14971 58879 36
7081 10985 43
46909 10194 11
36235 563 38
13376 703 41
6431 18393 85
3948 1907 18
1494 22449 40
41196 52284 43
34826 5229 16
3231 43630 54
23166 45559 25
13091 57169 89
956 48961 91
10794 29715 37
561 57410 5
9898 7192 34
15457 34714 7
9801 68 69
44802 18316 95
54740 46020 41
20761 59167 70
46730 42774 60
22180 40120 96
21461 20840 53
15779 801 43
1616 54786 63
48120 2169 48
348 40867 2
53666 2223 86
10158 25408 80
51808 57453 51
43477 35263 69
3990 50166 80
34908 19900 59
534 15585 79
14442 15508 78
21781 15726 91
57637 46960 67
18807 34127 43
25874 44899 98
56955 20836 38
52793 38961 87
45774 2193 57
45907 17105 72
32941 32150 64
43663 2890 29
27371 47277 58
32062 13235 79
47642 24732 92
34659 21976 67
5614 8583 95
17787 3828 34
53246 50385 8
2496 47996 70
28666 55494 66
45529 58438 50
49439 38726 94
14123 45176 28
6639 9439 57
3374 19170 47
55092 18048 4
31623 25768 73
39645 42646 66
59264 14661 39
53207 1582 14
7824 26031 38
34263 44105 36
21090 52723 99
44222 55829 68
36387 29225 4
54709 37646 28
21270 15915 23
29805 49332 69
19310 42148 14
36559 24317 32
13496 11883 24
6528 20011 98
50166 21901 2
19911 31839 16
16915 53194 13
5038 32045 47
29324 31039 1
7197 3910 82
48282 1388 63
2865 33725 61
52873 7293 25
10086 19228 20
30437 7757 41
3355 32668 84
56747 25597 43
40217 13382 31
4558 42281 68
2060 49444 85
19943 25025 75
47295 15538 54
911 59688 29
45378 96 85
26713 22299 33
15705 42394 3
54615 29372 26
57438 21279 90
54667 13713 73
36782 45351 28
12938 33183 32
12198 43690 52
4322 36639 38
48189 54376 54
48530 22864 2
9609 4297 98
13417 9355 45
34394 10208 85
11395 16171 99
1337 26122 64
11161 21198 84
58016 25378 70
2580 22516 6
15839 21540 66
34818 59341 75
42513 8033 61
40691 2533 95
16630 48637 100
39615 2722 21
38357 44760 62
56557 49455 76
46940 45665 45
55956 21485 6
39933 28453 53
10388 13082 41
8528 54655 87
6862 19662 31
47088 12402 61
54023 23409 39
22566 21813 1
23169 51894 1
21342 49185 67
53753 17949 56
17943 21675 3
6375 21383 55
50510 54415 10
12585 46054 64
9216 7011 46
58298 9705 96
1917 5378 90
8867 55223 26
15368 18918 76
52798 42580 81
33382 59449 55
37584 58085 5
46227 52988 72
59338 21774 76
35834 45358 13
22030 21520 81
25810 23851 51
16023 32497 100
30934 1551 83
12341 41720 76
50879 52655 58
1743 21611 3
31809 43164 74
11391 52697 93
2788 5983 11
38189 56671 76
27779 9356 96
14798 22006 23
15569 1645 88
3441 40430 50
56516 37552 96
59712 16718 69
23339 41508 94
2851 52906 34
7836 31780 30
21367 8244 74
25737 3818 89
13009 21630 90
37599 8873 43
57031 16515 96
58331 12764 32
15297 42375 2
35093 50633 32
43091 6934 29
55942 54098 10
58154 44798 71
54807 36389 49
5167 20676 13
1091 36662 56
38073 59650 26
49057 51043 42
3051 13254 97
59886 51540 8
33922 56633 64
19594 49828 33
11646 31709 37
54933 39275 77
27321 43558 93
41052 38137 62
43907 53919 73
2587 10710 65
9130 49528 78
16344 19890 96
49515 26341 22
49061 29585 25
17142 13216 19
26062 2534 51
48250 26386 36
37337 13329 53
43161 14128 87
47469 38800 53
12663 45402 5
25056 19819 57
11896 47172 23
45188 3287 85
944 36171 93
58634 9950 18
37726 7486 68
28475 30514 16
54652 9477 54
2132 46583 98
26825 20109 40
14754 9943 74
5770 52695 38
50793 18891 40
1615 14909 26
264 9391 52
12821 24257 33
23890 34221 64
33813 50640 75
43727 33063 10
24403 47086 96
33231 28478 70
15844 14569 55
46652 59170 78
42826 22228 36
45818 7942 59
34402 13750 12
22618 44486 76
28722 15251 22
2373 52292 75
17818 35289 29
25486 36501 14
23037 13023 89
22256 58271 45
7417 8481 18
8060 57518 87
6015 12043 17
19792 19227 25
34237 51684 68
18887 4383 57
11272 22658 86
30752 31786 68
3780 21210 31
47649 55882 71
9722 35547 82
5709 57463 42
28525 56184 4
53382 27056 24
47557 23263 41
28168 52042 71
2368 14033 20
26792 20925 21
42063 2026 72
13160 26384 40
12759 31853 48
41307 39756 94
41994 22241 64
54181 43969 28
11114 48853 38
9213 4772 80
26628 47162 48
32038 5117 8
40138 5593 65
36988 17217 46
8679 39289 35
54947 48821 23
47325 11327 21
48196 415 57
16153 23425 19
11013 34051 78
53788 34768 52
36857 57390 13
32550 53281 66
26261 32125 87
19645 58397 33
8156 41784 5
1160 49562 18
54038 30602 40
48199 18381 84
37460 37737 66
37048 14251 16
5685 20046 28
13339 53504 16
37501 9677 3
21708 5986 44
19282 47510 7
14284 29262 74
10004 35525 83
39977 42014 9
44136 22982 85
30887 8514 45
47197 13044 13
13221 17896 26
11158 23080 87
2097 5379 14
14676 15597 69
50620 22227 1
57970 189 9
12456 58196 10
20237 22218 87
36807 20312 36
14125 5670 76
13075 29674 55
22303 25784 33
1568 36022 37
5553 22575 19
49831 50320 77
37384 42500 22
5559 52683 55
4348 41403 30
5906 35363 67
42653 30979 70
15072 4196 37
15215 51781 4
25704 29433 41
29671 21621 65
32470 35992 33
52149 12480 22
29366 56300 28
42628 32332 25
46084 1174 94
23956 4361 50
45799 59086 93
17635 928 34
37534 58640 14
59261 22735 16
6937 5417 43
47312 18123 33
38733 35762 7
13777 41937 36
5430 25447 39
58508 49836 100
55861 16564 97
56357 47183 17
3345 53891 62
13561 25349 93
5624 23329 7
24413 22340 46
40991 42605 59
26329 34038 77
27867 38504 29
44300 34023 92
54786 45921 28
870 33729 54
10072 19492 89
24576 19177 73
18119 30749 82
53470 31173 8
23492 36607 54
20714 44194 30
21911 22441 95
38967 27429 57
58978 49712 4
31850 773 39
39733 49959 53
11129 21613 2
10642 11884 84
1972 51878 71
32871 32371 17
38086 17848 58
10677 35126 59
7768 27934 16
7253 19692 22
24666 52664 9
44675 1278 33
5238 45166 59
34371 4729 15
46046 5911 96
3761 5931 14
6901 7406 18
26638 38479 21
19191 42875 15
15071 34908 67
24704 59730 41
43418 19430 57
1092 18671 76
16382 41640 7
46042 14628 5
59121 23465 95
40626 4152 71
9821 17673 54
6822 40480 97
40674 45553 50
12142 32140 65
8332 2718 76
39157 52782 33
40734 57107 88
5130 30330 46
2832 26980 93
32227 52652 95
872 13772 12
8622 5833 47
34196 9180 63
18763 51147 11
58906 22696 11
56852 18854 10
15939 20339 24
58084 51842 3
47553 48843 74
28252 16648 4
8311 49246 41
37444 24621 17
26714 44421 86
23925 543 89
41118 38889 92
41802 3947 27
8553 30261 96
1109 46352 7
59060 3252 17
36952 42543 5
1556 17827 7
14474 13834 89
38995 41070 22
20115 20408 9
28623 47168 94
23489 46532 90
43598 31280 73
8028 53369 87
20356 10010 58
48404 31393 28
13873 48215 34
1679 57053 43
43149 39629 64
54855 17536 43
9303 24114 37
31522 22264 62
40874 58845 77
52489 34208 91
41339 50172 38
53082 49767 16
27668 40613 85
5004 38041 67
4374 24846 68
15346 12126 11
18802 19235 82
42954 13058 27
6350 38464 39
32662 13220 26
11346 51492 47
19604 2757 65
12458 26775 3
32361 42280 80
14981 15513 81
33043 14575 87
10839 18000 96
58882 11246 55
16543 40993 78
51850 53617 80
21925 58407 49
56682 54232 91
17947 17628 89
55098 40743 23
11110 45906 47
21466 23223 12
7606 59883 67
7134 52604 27
2232 51107 90
6875 56381 36
39670 28011 7
41071 23518 31
13483 1235 75
19543 2934 2
50296 55317 43
899 23651 33
50518 54238 41
15481 54277 4
19040 43446 31
28710 37683 67
38610 46372 94
11158 27061 44
20477 26373 27
20707 35013 100
18326 18868 60
14998 8237 68
59740 59093 6
54213 27381 71
17537 46011 77
10343 14897 52
27888 54483 14
30676 11284 9
53491 10257 55
25970 39099 73
12251 1868 1
27917 47915 94
32364 13549 1
31067 8341 56
56166 27145 53
7903 13036 18
39386 37458 33
1974 12481 90
49265 39587 88
40910 26107 1
38024 43146 94
15033 45636 30
31401 55314 86
39834 56149 13
21651 26926 40
30135 38413 86
5261 28138 64
34536 6461 89
11401 15960 17
29603 39399 36
5181 34923 10
14125 53781 8
56061 10544 82
1491 31492 4
36003 35381 26
51709 1422 23
39448 28937 34
6473 28437 75
25993 20988 81
52652 53283 96
17034 30418 1
13405 12800 56
7442 51841 39
27145 42947 85
45983 28337 6
56165 2856 73
27364 50825 57
18529 34098 60
57172 6416 45
19491 48082 6
49951 5607 56
23625 57068 12
38310 31596 40
56442 2848 35
33197 51071 6
44505 11900 28
54900 12582 59
28004 33542 78
34543 6848 16
23954 58433 21
58158 6102 57
33361 28427 67
30818 8570 45
44463 59460 2
16580 51944 24
34440 53574 43
18540 25401 67
11897 18170 91
15071 1845 31
47892 17348 39
16636 58531 14
23570 48784 36
32377 7640 25
41727 2753 29
45068 57985 52
32640 6881 53
1084 53559 78
47581 12985 81
52238 11979 56
1843 28351 82
28880 25953 78
36197 22022 18
19567 37289 24
21947 8816 69
24284 42014 94
8336 24296 14
16756 28400 56
20673 58903 100
19525 1150 11
13511 29896 22
33764 38596 3
53337 53029 63
32580 56524 23
45243 52777 3
8125 48852 29
39499 45292 68
38238 51429 82
16411 31900 26
9826 15395 16
11814 53744 86
23189 59220 93
6906 7965 2
12490 57026 39
29364 57918 54
53650 8504 71
22276 7778 53
3954 8466 89
58516 38523 64
4457 43529 73
39797 14589 61
8654 55724 48
9532 34472 62
8372 47054 39
19646 13262 36
15047 48494 43
49921 38932 32
48213 49447 96
25759 30828 15
788 36889 100
7062 43579 84
48265 17879 73
7423 10749 89
30437 56290 88
50411 2945 37
54248 11583 68
22069 11089 90
54548 4479 59
590 10360 24
2266 32929 27
27413 35248 48
17527 54121 79
51602 26130 87
18924 35772 93
30701 8604 89
36338 41268 3
27892 5691 10
29588 36395 20
17885 30758 99
58101 33706 83
2581 1203 91
4995 15179 39
56397 9066 69
10463 58934 12
53972 12749 43
53758 15434 23
55943 35115 12
28738 25300 87
17933 7879 29
57576 10968 47
21808 4201 9
46698 18627 83
12764 54287 1
19661 22394 4
13477 4428 79
14563 48479 95
40725 2645 88
29669 25055 36
53182 51889 81
7856 7551 8
30822 52685 32
43940 25683 87
40552 36829 71
31969 1370 63
52315 30096 39
54443 31021 37
51456 20180 43
26681 55239 44
8078 16863 59
19216 36939 66
25692 18406 82
58089 3745 82
29348 9648 51
57617 37394 49
893 29179 91
50867 24634 26
46232 5664 97
6035 8686 49
36746 3854 38
41270 38720 2
108 54240 7
24786 4842 7
23986 26793 46
34834 494 72
48208 9656 17
20922 36608 55
53311 34225 90
26178 43928 23
5219 32083 89
51413 52635 42
2975 48309 94
23596 42129 48
18539 38511 86
42046 46673 77
23475 25860 82
40385 52285 80
42183 52780 16
23451 43894 82
2297 17456 84
58112 1176 13
3541 28077 19
51120 2096 51
8092 46745 84
25627 22670 17
43223 51580 83
3562 28665 47
19003 10425 90
38225 32308 66
39787 43730 64
44452 37822 97
30028 55940 77
23157 6539 4
9660 50268 88
14098 25736 99
43272 10811 50
56117 41548 95
3549 324 41
55243 9825 24
2571 33746 44
22426 49503 65
1895 3264 65
28143 52216 34
26930 59583 94
21771 59737 1
52324 38909 10
54258 27293 10
59247 29593 56
35229 49937 71
52535 43105 72
40927 22456 27
57851 32225 48
43016 46623 29
23271 14691 63
38533 27403 49
56788 36668 45
48 16017 64
44570 31427 66
16348 30361 45
6898 50556 38
32326 55342 22
56147 4350 34
47820 54485 59
49290 41967 96
44742 32598 85
49924 4333 27
30010 10950 77
58068 19929 86
14516 33250 94
6478 51121 82
43963 49282 55
45804 32871 6
8900 51917 99
4911 1926 5
28798 20607 98
43259 9445 20
46939 8533 90
37043 14146 87
29272 15028 76
32941 6954 1
43816 28724 58
1305 39729 87
31602 2501 18
14294 35928 49
41370 53334 22
383 39238 49
39641 26751 50
23309 29729 13
51173 3558 24
9542 33207 6
46884 43354 70
33650 39071 7
666 33842 25
235 41887 59
57853 12141 4
31555 16046 8
18251 51932 27
43363 51487 74
27089 54844 16
54621 20012 5
19273 50290 100
39917 9245 62
14779 44582 44
34431 22704 89
56649 52195 50
38851 52205 37
11853 50361 94
27617 17530 17
30567 14812 22
7236 35625 33
47367 719 66
11225 51584 74
740 42069 17
42107 29876 27
48617 11181 13
28128 52167 91
32194 43625 40
18779 12934 90
3349 45816 5
37554 5390 94
11055 55690 48
59243 35367 43
51579 26274 74
33712 6576 32
92 34412 12
20202 47371 88
30613 55647 61
50381 56309 44
23426 26297 80
58677 58190 26
21383 7861 32
19119 16014 48
24143 57468 13
43043 42032 25
56066 40734 51
172 26142 57
13424 25048 66
2443 2655 17
38786 47198 13
21984 12991 89
27224 5862 73
4043 4974 100
15098 23180 54
5959 33893 86
22607 20178 27
224 24806 83
33909 8514 20
11227 6043 53
54885 2107 75
45727 49422 12
46280 14885 39
56848 35937 54
22967 55732 88
23188 33034 93
54268 55627 39
59227 52035 69
47347 31929 91
14131 44251 45
55874 31421 88
38568 37865 13
30133 7948 79
42175 52379 66
23113 42698 51
15121 21921 33
41355 20835 27
24363 19619 66
54473 49914 69
40105 12260 78
50940 17759 86
59798 30067 39
40607 1608 38
36609 17562 23
12293 12839 69
4177 21659 84
29056 56568 34
28648 50652 72
27010 58410 74
34661 53556 35
26183 10313 88
11482 7734 27
8863 46627 13
19370 55942 47
24346 49639 1
27481 38955 38
23293 31833 52
22766 26616 11
6511 55143 21
21786 53300 53
39493 33252 64
59335 52667 57
32184 32381 32
27186 59224 76
4626 52170 85
39754 47521 89
40608 28117 29
46862 47050 9
46781 32043 23
34411 51120 35
5789 59212 10
12971 50632 46
16938 28606 1
31767 346 22
34409 22694 35
24037 33221 91
54525 15934 73
56241 24168 2
33678 643 64
14066 452 76
1130 29182 63
32601 18589 67
39400 32176 14
21287 6318 73
30340 27390 4
46323 16122 47
4027 59876 97
4507 53308 92
38004 16567 15
47123 50216 11
58887 51603 79
31369 7699 94
57468 54691 19
17077 58384 98
40476 16305 5
47755 35613 59
42992 11815 70
29899 24395 3
58996 4247 68
12221 45891 65
57251 48371 4
706 47999 59
24895 49517 86
16178 41390 60
10123 26405 48
50028 3909 74
23019 411 83
41120 48334 55
2420 36858 16
12572 28346 1
33606 11838 56
18903 23777 70
5010 15704 88
22822 14390 13
57578 55789 77
12960 49879 96
37083 30657 45
23661 16065 11
38598 53825 47
4368 39266 97
20122 24049 25
31426 10599 1
25514 56139 11
34278 20884 61
4157 37483 6
53463 2736 3
57896 31133 34
11245 28967 86
21747 57223 45
4816 39671 37
24344 45734 1
46428 43755 12
6937 51101 100
31499 13231 47
38747 38013 85
17960 162 18
29211 52092 38
35551 49529 5
52818 59365 29
39821 52295 93
57347 12713 19
54493 14494 30
10195 37546 23
1809 18876 39
46440 21495 55
13379 10675 47
57472 52674 50
18473 32898 88
15379 30852 44
29124 59175 97
30607 19425 60
37327 57879 23
23434 34324 5
23671 34564 10
31529 36592 91
43965 22969 3
26904 38797 33
36310 49088 91
31699 58026 21
8017 35534 37
14292 9966 28
45341 9079 52
7315 39988 13
47588 8952 74
41702 21890 5
19116 4409 22
26137 56643 60
28224 12651 30
52768 11936 4
19347 53659 23
45262 58295 13
59002 42408 36
20006 23632 6
4032 7695 35
58669 4011 38
17303 56758 64
31316 9715 23
22184 51895 58
53516 51915 76
24506 11969 5
15903 24681 66
13816 21236 84
1829 29476 27
10014 7183 81
24470 2753 42
53315 15123 96
30720 54857 99
36699 44562 76
8754 1834 90
53905 40699 27
31227 48469 2
10038 30521 9
22318 1573 41
55849 19789 5
44070 33611 61
8180 26377 81
8971 22833 72
40645 50177 26
10820 9668 2
34739 16976 71
33171 57618 21
17823 31950 32
18969 14519 24
23039 20309 1
58205 29356 20
58145 45375 81
33574 25618 49
10989 55255 43
52620 44201 35
35557 3180 66
41924 28328 63
58420 25935 51
29618 30211 60
54646 2983 21
36823 7127 11
39564 40446 57
7529 42679 66
27678 15146 52
52839 55225 29
23707 19471 42
48795 1963 52
27947 23136 6
12125 34262 4
9521 52570 18
28498 52106 90
59792 35263 2
8207 34249 13
31865 44881 28
43754 3875 73
36916 12657 51
50262 44258 65
9397 44210 60
33966 18254 20
49850 29366 47
3966 37974 68
21106 10268 52
34861 9633 33
34089 40657 97
53375 33325 78
25350 20487 14
4199 54408 9
2460 53726 55
43567 32917 56
51670 50220 73
26789 2895 20
54375 8500 16
33692 52499 44
57879 23561 29
14373 15372 14
53011 39381 78
6037 49271 90
38470 49388 1
44973 1684 26
21363 30638 75
45434 19373 83
44848 11021 47
8467 29158 39
59006 24616 64
21141 23612 45
8491 26251 96
10338 36893 61
41984 44310 92
26511 36911 49
4903 1221 3
19055 43339 25
55461 22367 21
45805 10249 14
16927 42426 34
6151 55844 58
47606 50525 86
6073 32816 63
32551 50233 11
55574 27691 62
41515 2677 66
41604 1181 17
22794 592 72
11297 52351 51
18323 14658 74
41600 6040 79
39920 59357 32
36550 33456 62
54371 21636 50
33735 23931 71
14803 6860 63
15950 1254 41
10269 10508 7
53925 54841 50
46447 38872 15
12093 35651 1
46304 11559 73
1512 183 59
25353 35474 79
16762 29579 4
18227 6136 54
29714 30707 39
48496 21596 38
40528 30089 81
25659 31915 59
43799 54342 61
17929 1021 47
13262 55284 33
8233 15387 83
20663 1412 13
40677 40749 35
44264 15717 73
43593 17746 56
26558 23171 86
44642 12376 47
18864 21168 7
17567 17467 53
42409 47978 84
2230 57969 98
45184 12019 84
15136 40665 75
41955 44374 99
21952 43247 39
28445 9533 98
44675 36960 61
55697 31502 80
50809 23926 20
9514 11819 16
48068 5187 78
33155 59406 7
51608 56724 50
42617 29274 90
35232 2214 59
57390 47504 17
10656 46811 84
13674 3861 60
23285 24866 29
31760 39234 74
11085 10829 79
44084 44860 32
8909 7158 92
50786 47881 33
57943 30532 20
16359 10128 99
17075 46979 75
13238 28672 19
38424 34449 33
21811 38379 50
6309 7671 9
42847 19691 42
59183 32851 82
28300 54424 50
21299 14395 34
16154 41792 94
8606 37487 49
47247 50645 7
19727 22908 97
43667 34283 24
10938 3489 87
9039 27416 53
4060 20125 28
53334 13021 71
13387 25573 18
51478 16294 22
20452 48354 19
3564 58779 17
14431 36595 9
36612 45395 52
55910 35949 18
1675 49377 47
41284 13043 94
20575 6514 87
23011 36856 10
3102 17417 13
7893 19558 97
40709 50462 68
24387 29128 56
16779 39627 69
50377 47147 30
47287 14989 41
48186 50794 18
37045 20756 57
30231 55809 9
33306 57228 39
15271 11107 14
51565 17938 29
5361 27607 1
36842 24899 66
50389 11554 87
25741 36783 18
4986 2398 75
3573 20397 55
56961 35187 60
39473 13831 78
17886 3619 26
11773 52719 62
45156 27668 98
482 34370 30
19569 36649 32
41872 59778 68
42449 39502 36
51655 4242 49
36250 38602 45
53997 35490 53
22762 12925 18
6362 8149 22
25813 33508 73
17233 50625 29
11362 1901 13
49346 33799 91
43519 22843 25
58757 35223 41
4967 17138 48
32845 41321 19
10993 20460 35
17021 34773 32
13205 51158 88
39927 35778 27
47969 1456 50
13177 17438 39
11765 2148 61
36837 5676 64
33495 54681 100
56407 24717 31
45575 28644 79
985 53567 74
22968 56404 72
39258 54564 79
37076 55738 67
9195 50934 100
518 29717 22
32680 34780 14
40991 52556 10
47982 22650 38
42745 5118 78
29666 15172 4
43212 21560 80
35211 33242 7
27425 49654 22
12174 49199 59
1644 9086 57
28159 17990 5
41612 59856 12
42019 11328 48
27847 30363 25
16959 8232 87
52118 41226 27
42552 20994 20
21875 55392 86
46210 50246 82
35226 17344 39
8006 46207 64
21406 24433 97
56631 50790 93
33497 43471 83
15209 20608 49
59540 20552 28
3968 12103 73
4640 35454 25
48734 21084 15
54568 39637 81
51717 12860 41
37856 30775 44
57639 24769 56
21690 9771 76
48058 14733 71
31919 41934 30
57544 21081 27
11758 48124 5
18109 35375 15
32289 51419 74
37840 30197 99
30767 53321 88
36407 13856 67
37970 31980 81
7032 43794 48
4461 27747 89
2492 29396 86
23884 25767 25
3295 28158 86
20482 38373 63
57379 45375 96
45001 50177 62
14381 17755 64
659 30082 24
49484 56746 72
24443 8577 35
53221 16754 11
28765 51341 90
33438 30212 94
58988 3684 11
55494 48767 6
30110 52748 86
29988 6530 96
46309 34894 46
41678 54533 52
35360 52280 60
3773 56911 30
32512 8018 50
2547 36106 88
55152 44349 79
26467 58488 25
54619 44604 40
2642 6604 30
40926 7182 54
5201 50856 44
38655 11771 43
45569 39444 76
40094 35936 34
46968 26647 37
57229 19419 63
45621 59596 70
49035 9815 27
25478 10124 71
43587 10422 95
51290 22186 43
41329 52743 69
5210 23563 21
12890 50983 4
34439 49208 66
23055 45590 48
14077 39861 66
18327 2292 65
1914 46802 4
39950 54033 65
20448 1034 48
32429 48851 81
46109 30330 1
57093 2793 86
50095 22175 79
18652 1171 67
2060 29277 72
2960 45408 17
51447 45239 69
58663 59109 29
53287 2614 88
40377 14445 72
12666 28558 33
24280 8237 13
13794 36138 34
16529 35918 5
1448 31363 71
6807 22107 55
52331 44397 18
2424 18420 89
39147 18839 68
106 30502 62
6100 34027 28
39171 3448 10
27703 1919 89
55941 41782 42
12881 1896 67
32098 2324 74
45971 25471 49
45216 15553 21
18616 7576 65
39039 40152 40
38031 47635 52
55937 16303 10
40436 24448 19
37911 7258 8
58097 1781 90
51313 29259 66
18249 52701 70
21227 7895 30
29819 46492 92
2821 3366 86
50507 31817 52
42117 32959 12
41022 27336 83
40718 43832 97
29461 30117 41
18721 49661 10
13805 32118 56
21447 10186 46
54785 11511 74
2506 12838 100
33012 11351 47
51071 9452 37
38558 19355 25
47413 29511 42
50149 47752 6
39227 17572 38
16009 57869 38
44358 25716 15
47585 21385 71
13718 57548 85
35132 39104 8
49717 394 66
47729 945 35
28714 17043 96
53020 20937 43
2977 48047 39
53657 9620 41
39768 4614 79
18295 30879 22
35642 33472 23
1595 49717 33
186 54973 14
5757 13824 45
48056 31199 95
42460 23800 51
58952 14737 42
55021 38820 27
3498 39725 33
50922 35407 75
4638 43977 51
17878 10590 53
45127 44849 99
33669 45604 15
33581 7080 3
41405 55156 40
58654 38626 28
50214 52179 61
26346 42661 27
58581 48844 83
27818 9714 33
39095 29343 58
48162 16376 17
20957 13822 96
31417 52126 83
53293 46212 37
24697 19190 72
55606 11680 23
660 51567 29
50046 36844 25
11670 48201 5
19065 11018 32
47320 32990 25
46088 16104 61
38361 2536 72
25978 15782 12
6585 55115 20
55460 8592 88
12231 20451 59
49460 8490 67
42739 54633 28
30402 50121 65
8741 30722 25
21265 53973 84
42270 38032 96
45691 12186 23
43660 13760 100
20945 18359 84
30956 39370 87
24673 10576 69
8931 29176 39
57215 32074 26
49569 34001 56
27160 24269 19
50757 55954 41
10437 15575 20
3918 25500 1
41806 3464 57
7717 426 32
43916 30351 32
11361 48554 80
1335 13659 19
3599 13655 44
27066 57043 98
28924 35742 59
53990 31397 94
36213 38635 68
49293 42783 14
49000 49097 29
6193 28769 27
21267 16343 20
13381 12411 16
13696 50163 62
39270 42901 66
13577 34563 19
51072 27746 51
25999 52277 47
33759 8209 19
23230 19985 91
28193 52815 67
21634 31532 17
5707 39378 50
58470 15984 67
1925 37342 28
49858 514 60
20471 52514 13
24322 58149 95
19111 35654 92
44940 43048 91
8325 15301 26
45741 39018 6
42496 7132 76
39833 43935 99
4177 49452 13
51074 42791 69
38975 35503 85
15403 20390 74
36798 9813 36
10256 46775 33
3609 43518 58
43288 12038 89
39428 41651 1
21766 39714 94
39356 25346 72
18488 21819 45
17675 27220 11
27358 48354 20
43628 49375 28
37030 16251 49
30017 36790 75
9899 40290 42
58504 46143 50
23458 51117 86
43063 13932 9
51560 6426 14
40774 56980 61
24324 23785 18
59810 7012 46
8471 18394 76
44337 32241 74
43206 27580 64
47466 47620 6
26601 15597 83
38584 18464 67
3105 40513 28
38377 15916 18
27504 1232 36
5643 49581 59
35888 12073 20
12945 31864 88
27882 8845 82
56009 56469 24
24453 40040 51
57085 11520 10
33191 11383 8
42586 27564 66
55800 25413 23
35674 54976 75
10650 38103 95
25143 36443 46
5592 9834 61
27151 1558 58
7521 180 12
26134 22758 9
40089 35648 69
5032 21353 64
48049 28188 60
18163 51956 79
5866 48731 28
16879 53465 49
45785 16462 92
19853 7108 18
7613 28243 3
15790 30453 38
46186 44762 71
29545 35890 53
31752 44787 57
1229 32991 50
24904 51639 48
12862 52271 54
23428 25512 85
24391 50069 87
19245 1457 51
8276 58965 85
32042 48807 81
8596 38257 66
44831 10633 98
44456 54585 16
31922 17391 22
30803 19499 48
20037 17762 92
42621 59798 43
43978 15005 64
10240 28091 34
39423 32536 77
17743 10908 74
33339 13305 47
46685 23138 7
8201 11294 85
32174 59274 21
40900 37637 27
21351 49197 30
28216 23476 55
56378 49529 13
40067 52791 83
56437 5554 80
7892 51728 14
33877 41998 47
31083 57224 28
22584 41061 48
4121 43368 52
6268 56894 82
52912 5588 84
12306 20825 58
55350 6854 40
30141 7265 33
5958 26925 68
20025 2411 68
34254 40880 90
38988 10730 2
43927 295 57
2954 4818 59
59281 1996 17
18456 27967 8
30005 16017 42
41446 31034 71
28929 57436 7
113 2945 71
3250 11676 1
44897 54422 51
6041 10074 10
54494 33198 56
14254 4139 34
30718 43763 93
29058 14777 75
33421 5282 44
45012 34842 51
41561 54982 77
33439 45346 100
55656 15874 52
3119 47921 34
45766 14607 3
4653 18449 40
28689 2611 29
59054 30913 53
6142 33227 42
8175 28586 90
47946 10875 41
9466 26670 85
31491 57304 70
51709 53143 65
18636 56972 45
44097 46261 98
43721 10033 65
47229 4821 40
51392 53136 56
31510 9741 4
10958 45389 66
8594 57371 21
52039 57957 66
35840 1847 78
19848 10774 51
45264 31433 96
37647 27850 38
57551 17269 21
5720 18399 7
57525 23945 30
38200 25705 61
31213 5625 35
4587 14564 81
37758 9881 59
43911 53676 100
20264 32308 37
3388 30195 2
59314 49971 92
30705 18478 44
14669 24644 62
40350 38258 39
1405 30780 30
44674 8253 53
14757 101 71
20513 33686 54
38976 8123 31
17334 42600 28
12926 39880 91
11521 17176 78
7258 6736 44
36848 38709 54
23072 8569 62
36799 37810 27
12834 51214 15
52576 55086 6
34898 57134 28
59676 15699 60
37194 11159 59
27870 33948 21
23199 20359 62
2370 4780 16
32507 47380 78
29098 46170 89
15040 18437 95
31616 46285 17
58841 29345 19
43559 33546 58
49013 19700 2
1602 50211 36
55255 43310 65
170 20394 34
30308 34514 4
47765 49766 22
21103 44191 54
4748 55703 55
6066 1841 8
37695 9113 17
32094 56946 79
50830 29970 83
21494 13830 47
11667 54897 30
20234 4165 32
28190 58098 61
31552 42979 30
43100 49087 12
53506 56901 99
22910 48779 36
57978 45386 47
33895 25172 52
37673 28410 4
24289 10620 31
29297 21598 29
43728 58009 67
14542 24720 88
31296 50276 19
55805 58815 71
39514 47354 61
21897 10461 43
31031 35064 24
55729 40512 37
22834 21602 8
46976 53059 37
29171 18432 84
20843 4696 6
48671 54129 29
36094 26565 2
8304 22724 54
24717 54393 29
22047 52406 37
32591 22990 90
52001 44708 2
27404 2565 42
33210 46644 20
21565 25816 39
21866 36305 25
30403 28726 94
37242 30400 10
13866 45616 36
24062 51193 88
59365 56920 75
10598 55304 96
42200 11905 52
29594 24035 63
6237 6857 82
23557 11837 75
40191 39103 45
42882 15159 73
21665 52338 20
25337 18830 29
44080 47734 76
29914 38936 4
53695 47826 72
23918 42211 52
24800 4758 4
28631 47279 48
27303 19355 97
9651 20307 26
18768 25585 36
31846 33149 48
20428 18704 27
59458 23907 100
46560 31123 87
10208 29663 56
32252 41234 77
19575 21723 38
467 21757 50
18994 26831 14
53324 2702 90
49034 166 41
13438 56116 87
1257 32662 60
45182 37963 42
58001 48650 50
17934 18846 7
14887 20158 83
16060 24155 30
11800 31866 3
10183 20897 57
26314 27841 88
43182 8284 74
58643 26995 61
3631 58215 10
10857 34006 39
15593 39347 19
31373 16165 53
13735 16146 84
10490 11730 81
5833 1714 68
58740 51436 57
33698 16476 19
11904 13226 66
51190 18119 10
13982 3103 42
27113 40047 47
26716 13879 81
38945 25405 95
33141 9641 5
27874 10970 23
27751 25982 23
43114 55200 23
30208 32124 20
28692 7855 78
35377 37321 83
23981 55585 39
13450 51198 9
28403 12040 11
11626 5967 96
7947 19223 9
43148 59468 66
25599 11124 80
32775 12442 1
4546 22538 55
45787 37219 47
56894 52646 96
44203 11991 35
28448 40467 55
42181 11841 30
7719 46540 32
20135 31391 85
28888 14628 76
52527 8454 91
14624 22363 25
53107 1752 61
38991 7149 32
49134 54757 36
15649 19806 2
39486 49911 84
33187 35520 77
1774 12365 28
54118 33254 55
24994 38451 54
6491 42679 18
29370 20278 9
3379 38908 92
36584 59268 30
13516 22434 11
14085 56019 66
16628 19287 6
38920 7272 57
40941 38532 15
28476 19827 26
59848 32239 79
51697 56275 70
17782 9170 86
34210 38505 71
50648 6164 79
59004 15806 47
17810 47120 92
39433 49726 7
42369 48505 2
53092 49179 36
17005 12129 4
9992 49015 73
1667 6772 24
23492 36534 7
46231 8854 84
52941 7906 34
55486 15246 9
50064 18644 28
28999 42965 32
54892 3988 86
25657 12700 63
32165 7664 39
3769 54171 62
24352 23103 26
40978 17984 79
59782 28147 47
13853 51366 14
36285 51519 77
26343 47981 75
1915 55512 16
10738 48451 75
23711 19408 88
12972 11128 3
21878 9476 98
56975 49160 2
52802 19703 36
24639 7488 84
26840 8286 38
44377 19676 25
1256 13135 70
126 59897 49
7039 12881 48
51909 28094 51
43699 24980 99
2168 30058 96
46581 53515 13
16048 28237 47
17351 9458 74
32071 58045 100
55162 26525 57
12584 40694 40
37928 52244 49
35157 6236 30
8605 39561 65
35833 24349 45
40312 22846 17
58768 58772 97
1039 37434 59
22417 1345 9
38114 19849 99
29925 946 37
10403 23152 1
30321 17479 3
55990 54838 51
22799 53782 74
26092 9516 37
51008 4878 31
43769 29134 92
19199 21997 10
37302 49866 19
57719 20854 16
24649 15099 69
2602 10014 3
45133 19758 63
13230 2336 61
28167 56269 41
57813 52792 14
10029 39520 65
29144 16838 54
59147 25264 24
50066 10871 81
18545 14560 6
30633 6950 82
30598 23172 35
29140 32226 84
8585 3060 52
58900 25385 78
56369 39355 84
57595 31053 99
38240 10326 83
39034 34320 34
37477 29070 31
22203 46482 38
47090 4538 82
43768 6244 45
46946 59890 68
17322 53347 73
59557 33972 23
19079 39672 97
47661 22286 30
28607 11053 14
48464 14956 59
34372 57699 93
37299 15561 33
22902 56613 86
50579 48485 9
38493 34904 46
15491 45713 62
16420 47579 47
32058 47973 55
27674 20935 39
50309 3163 79
19901 17931 86
47835 57797 70
15999 41183 83
49685 25028 80
46494 11523 56
29983 26264 33
24711 58021 58
55774 54208 55
26813 56460 1
40364 37931 35
48658 17794 18
3058 42713 85
56961 31315 88
14665 30098 91
54484 1182 92
29631 15701 86
7530 19380 73
46839 33364 50
50974 54315 35
7352 21145 98
17603 25781 71
28334 21050 42
45961 54491 87
49480 36745 73
29126 21873 35
17090 40515 36
37817 1791 68
23297 36643 17
20912 34941 54
28062 41817 85
53249 33672 69
48978 34052 76
46200 5146 95
29908 3482 20
25182 56343 2
55057 13442 19
57776 47751 36
41209 50768 24
6847 34422 28
57557 16995 88
54456 5667 3
49374 11555 58
34349 58620 60
19300 16666 83
49479 57676 16
17610 13240 48
58798 46072 16
30611 49536 50
26061 2745 68
32535 31583 50
33218 50517 89
6336 21902 97
10623 190 38
50238 55548 32
35401 49900 92
27003 56876 43
42424 12998 34
21441 43472 61
19292 21849 70
5541 31921 81
59371 34960 95
36218 36266 66
48655 50601 61
29314 32970 59
36170 31055 73
39654 980 85
58780 52938 47
57479 48382 8
21811 48473 74
25157 13563 24
4431 53222 25
56719 41125 35
42430 38628 66
7318 11696 47
33403 54840 51
53264 21132 19
38622 13227 95
17416 57763 76
22563 46295 79
28450 53557 77
20616 23703 81
50175 22848 28
32102 19770 2
45895 1738 7
46401 43417 97
55858 54417 74
50187 25585 33
4675 17040 82
6638 26818 82
26120 45629 98
9163 21055 83
13208 43791 48
21902 15109 75
46755 29902 97
36601 26830 32
16980 24390 72
40516 48137 15
13054 44636 98
11974 29057 1
53256 36738 76
50086 15836 88
35291 2768 14
55212 6278 62
26181 24964 90
35363 44944 24
39004 2008 1
35108 12326 100
3409 20810 40
13114 34054 13
15826 51536 5
22616 54351 80
11566 36560 90
35062 39929 75
37518 47932 51
6405 1267 24
44311 42328 9
5906 44882 74
6894 23706 74
10339 53192 32
20061 45605 44
7115 6774 37
49627 18138 36
1168 28278 42
25069 30137 76
19023 5292 62
39200 26841 13
26987 58751 70
51617 40936 33
4580 41969 7
49377 9987 100
27254 36220 57
22887 8263 25
18010 29482 62
3158 29534 95
24115 31539 63
15733 35149 75
38374 20121 65
39601 33529 21
8992 49283 15
59877 25002 100
46963 39181 26
27172 48918 74
25180 38129 63
57280 23584 72
4142 18057 58
14773 8580 40
21773 13810 88
609 46074 7
49961 652 75
8852 14230 32
46794 37716 36
2215 55872 66
58190 34429 41
27036 28818 3
38998 10223 57
20644 28800 44
23715 3632 96
5746 6272 14
30717 18160 50
38888 18847 27
55362 53587 40
31536 37111 43
35858 57749 54
48286 37775 90
7359 33660 69
18730 20666 81
51733 24688 3
14938 41503 73
38068 11510 54
17445 22260 97
42535 6855 61
15620 2217 26
34121 52857 17
56571 19985 6
9386 43637 16
31973 4881 44
19735 59882 83
45969 15690 13
24829 44603 8
36845 16762 52
56628 44959 55
37260 24293 97
47489 32214 23
10961 6447 2
42988 34910 87
42554 24593 52
49661 11651 34
15586 11397 93
41996 27264 36
3559 59375 65
39906 54731 7
31195 31738 5
1081 45097 24
5280 57184 42
26994 50692 59
14047 20681 44
51444 49696 89
32929 28297 80
17928 49511 42
49327 10861 80
44868 11503 72
44722 1806 91
22946 7642 8
47048 9461 73
58631 47179 69
2064 33039 28
32763 52691 61
44139 17095 100
54400 22352 21
3857 33943 2
36809 57704 10
6989 269 12
36002 53554 42
41547 38151 20
19381 15237 37
12936 37769 76
48222 33587 46
2342 18654 74
29700 47809 82
3507 32007 40
39027 26210 14
775 57383 4
56122 45754 74
17462 22526 11
6128 52746 58
48821 43981 94
58047 29484 94
16194 1318 75
23344 34246 50
37062 20809 49
50399 46365 30
26073 47717 90
1215 48751 3
51313 58448 33
7038 49509 67
2870 3280 45
27822 46525 9
36240 39119 36
20279 27554 63
2883 40952 81
48705 38185 19
18935 39671 51
7730 7838 6
28056 30025 89
47017 33235 50
17305 16580 82
33352 802 11
24245 16933 7
9634 45275 42
41079 51811 51
39703 9255 64
5903 21676 70
40112 28926 60
26492 57499 98
26125 16404 43
42568 44075 3
54770 405 4
33853 19216 3
2151 51789 46
8188 52219 74
58975 8552 69
45841 35510 46
44325 49570 13
6388 48305 29
30327 57505 97
43280 36730 37
59407 55194 29
45276 1400 74
37348 42391 76
18849 13421 27
36525 51957 58
16058 41739 94
8266 1538 46
49587 55143 29
38914 43023 27
7777 23662 31
17202 56739 27
27527 50955 51
13745 6095 6
1961 1461 49
49891 8191 9
33528 43427 18
29253 36010 92
51097 9400 37
46023 17916 25
8272 48443 14
7851 37843 9
700 24703 4
3399 49215 17
7581 28357 5
19488 42868 76
59076 15137 69
6666 59887 3
42927 10634 4
20932 20068 19
19996 13853 11
22273 49126 20
45074 2308 99
47968 9751 31
59590 42834 5
41059 30723 82
47569 20111 42
1870 46969 65
33307 22568 8
50195 54994 95
22894 31462 41
35515 7286 15
41627 51968 11
27035 43312 96
47886 33194 47
19250 7687 34
27208 47688 34
1764 37509 78
45919 59547 72
40345 7798 69
24981 49772 71
49843 7514 60
26311 22025 57
202 16674 2
49468 29066 28
49060 20497 88
57485 33223 52
28057 58875 68
4079 27876 86
21831 49928 49
23471 21119 100
52430 41795 14
39923 59245 67
49299 8802 100
14408 13378 42
9618 58097 8
15017 53206 77
5829 12423 12
12401 5095 94
49049 42018 53
54744 58426 89
3233 18931 78
54149 18867 4
5160 22131 36
886 26925 48
38973 21192 60
2157 25702 30
31411 31280 100
14222 41938 45
26521 11801 23
12288 47059 61
16714 32261 17
34961 50002 2
6404 38023 33
13613 33243 1
7902 12659 83
53381 3982 9
58296 16720 72
6729 25402 73
33100 6261 83
17272 51368 35
46564 50357 15
7894 40506 83
40646 43329 26
24579 54450 92
43489 26747 26
24915 16184 32
12541 54184 24
58079 54134 69
10960 49178 96
51281 26416 32
53111 53845 100
30265 10898 79
34945 11337 13
36468 38056 3
14626 8451 17
14215 3449 10
56937 3666 72
27955 1077 54
24138 44723 3
7 21563 75
32197 59699 22
39067 54819 68
55179 57260 81
19612 34547 95
9995 28425 23
4943 6603 52
52118 45712 46
9546 39469 65
20117 7 81
32455 11304 93
59865 54641 78
53446 34998 10
53719 30323 42
1914 32387 37
24846 52855 13
10307 2383 4
10498 50978 44
48265 59109 90
42359 28157 56
14796 49745 35
55509 18348 4
37909 53723 43
23874 11600 91
38744 52474 48
55775 11148 82
39929 18882 58
21117 26030 8
5521 46822 9
23393 39780 59
4396 58539 36
23951 52925 50
52682 21193 32
120 33453 89
2758 52593 59
44343 16827 29
58316 35113 12
17484 51952 61
17482 21886 95
15366 3824 3
18202 48070 26
26962 58334 2
52531 33075 49
13281 6650 84
39744 56938 37
30707 10992 10
22263 56153 78
35143 2730 88
24886 5125 12
6502 33769 90
55111 57522 76
18669 48238 6
51283 24190 97
8287 28546 46
34793 33360 15
57144 16328 79
11070 36943 3
1042 8861 15
8154 4016 34
30791 36355 76
2973 3811 20
43745 40204 13
37763 21375 29
8825 27942 4
42732 28241 16
45098 6942 93
37960 47036 52
28101 39371 74
17697 55497 12
18570 33653 78
39597 30706 14
28014 56207 18
46951 46967 34
34673 39565 55
34108 19888 27
30217 16809 82
45708 13811 39
35965 45723 65
5971 57117 5
50703 34872 22
16082 33121 6
55443 28998 75
58417 55106 49
9153 16326 85
10479 52336 81
9055 18405 91
49329 29002 25
31825 59397 49
52138 3218 87
54743 33309 81
4874 37413 64
2764 572 58
33914 7473 97
25050 32801 75
46933 51225 53
11325 9619 6
40833 10665 82
52753 54040 61
3062 49765 26
35832 43145 21
2902 40441 8
8716 21047 60
27158 49766 3
17938 542 46
23584 46916 95
1494 38742 39
2738 3295 30
43163 26644 10
59549 40728 47
16839 28923 71
26207 40180 66
43170 28614 91
54822 37293 40
18670 50869 83
24764 52136 100
9853 17353 54
9518 56609 61
51598 20116 11
40163 55955 94
21949 9664 9
42500 8596 50
15293 55492 33
2670 46894 47
51030 20013 94
28625 43411 63
30121 33643 2
52103 33851 100
31082 29813 52
46276 2390 47
25828 21760 22
9266 41919 15
1332 14685 22
48210 54870 32
56822 3432 62
17098 35018 6
8061 9342 64
46248 56758 70
59847 12356 34
53946 44159 22
15808 54226 11
45263 45697 78
15211 42232 41
47873 40333 85
27763 35973 63
28031 1000 53
5621 30930 12
41876 44483 26
1885 11071 44
26307 5507 42
58406 47545 75
43379 47144 3
29865 8243 32
23371 50564 5
6413 4720 14
59263 21545 83
3865 4634 15
33099 56447 67
40507 47513 58
29839 24560 72
48159 48313 46
32345 3255 67
40115 51367 7
54278 36510 39
46058 59433 85
15918 9372 69
42438 29032 86
5920 36223 50
19833 9876 17
30308 2094 5
46832 40921 64
49564 23143 11
35353 18621 99
10314 30368 56
42162 29905 11
22612 35749 32
36432 59356 3
23689 34834 16
32709 20963 13
9110 10150 60
43378 45780 37
39321 55470 100
16952 51318 94
44003 3278 92
7786 19978 80
8920 52925 78
48487 19393 9
9752 40794 14
33076 43732 3
34177 5920 44
4436 44871 71
19481 23807 10
14864 4472 52
27318 43973 48
20785 57497 35
53271 32367 10
6259 47446 33
39841 25176 4
16871 2393 48
35868 4178 70
13900 8419 10
57840 51138 62
27778 50669 21
10277 57373 78
55519 27149 85
30888 54511 6
32113 19344 17
44735 51003 73
43400 38988 18
32608 34080 71
56396 31176 94
24702 7394 58
53479 42649 73
25325 51208 7
52195 8061 29
24599 13779 13
16764 21316 35
15067 152 83
19943 44439 77
8344 53627 30
22741 59142 42
41070 38926 49
22920 31480 10
26908 30976 74
27784 41146 60
39823 32322 17
5416 18026 64
57918 32809 42
19782 28115 7
7402 29930 22
4373 28718 39
17689 11587 67
54272 48646 22
46961 55925 42
29410 3406 10
3063 21578 75
23091 26622 90
56207 3893 87
15354 19223 15
49331 20503 46
37805 28780 51
44383 36643 53
15296 14228 4
4264 52736 8
57320 38437 87
20511 11992 32
36870 16139 79
12703 32911 65
48604 31531 84
44651 38959 79
59 16732 90
30858 40668 51
20305 52071 41
53577 5686 60
41399 11687 83
38 26312 55
10979 53010 83
24210 53899 75
2117 28461 34
27117 48188 46
46099 2992 70
16007 53212 3
57758 14692 100
4169 42206 53
28458 14301 12
9092 40065 65
49220 51969 13
18211 31506 1
27745 56275 55
7294 55328 20
32085 13436 92
13541 58329 65
6627 55184 51
50373 45151 98
17831 10340 70
17342 57269 36
47904 36902 27
54397 32226 62
52387 34269 66
51302 39122 74
28966 57380 48
39781 16433 25
11356 24837 4
41583 56500 46
3044 11281 42
45522 58656 87
32457 5165 66
57905 58005 79
38671 28165 48
57908 25734 98
15821 36974 18
34053 26341 77
30288 30891 47
27992 22453 82
43132 38247 13
11720 9077 17
42836 46282 68
17450 55772 34
20852 2169 57
11 17365 90
48830 50612 92
42298 34763 99
16906 49656 38
57095 31753 55
52546 7845 55
31754 31799 40
28382 34301 18
15603 7065 74
36190 38351 8
14115 39278 32
43316 31638 12
16303 28129 55
43935 26912 10
7224 14690 44
34180 43587 94
52349 57586 93
55720 23451 69
57570 30426 18
49764 56754 26
56731 22512 11
52588 54535 70
5848 15679 51
2270 52928 87
11320 50775 5
25511 17885 100
7461 47910 4
39492 13279 64
43235 15026 53
21749 35085 80
56634 20974 87
2751 36252 38
8541 21477 68
11909 34310 16
4684 33480 40
16992 3188 72
53719 57614 65
28995 15389 58
18926 33437 66
22776 26531 94
58747 1377 27
46515 20370 77
59694 53450 87
2462 4833 50
42841 667 2
46221 45495 80
38674 55937 73
38824 13894 51
8817 27911 10
59089 15074 48
26849 14029 45
35733 13277 90
33569 39375 3
40153 34776 85
8660 41232 52
31614 38604 92
33873 45549 72
30823 15530 67
28032 61 47
39736 39247 8
8627 18881 60
43221 27682 57
11890 7631 27
3291 13992 70
56941 39011 8
4106 32835 41
36831 12231 51
26014 59479 18
8318 54173 48
45269 16552 12
13715 10770 97
52602 21553 99
20868 32754 9
25118 35167 37
10574 29720 38
11813 47272 42
53466 33980 62
54490 29143 69
40981 5701 53
2775 52770 12
43604 19442 23
40764 10144 77
7705 50522 28
24955 38623 24
14068 32997 82
44597 28193 31
43120 6523 47
50437 27850 76
41804 50189 100
44884 56785 53
25549 8927 25
24903 9686 20
36885 4100 34
34186 4029 38
29018 33038 99
38183 46218 100
44302 45846 14
52637 18349 33
59159 45572 71
45362 4426 54
52510 5479 70
29485 53115 71
8319 26275 18
15297 9511 81
11857 58643 23
47068 49140 28
45497 48059 72
25409 27811 24
34689 11687 79
4256 22271 6
44496 2421 91
3030 56361 73
16064 2402 100
25848 23127 9
26213 14411 61
51235 44528 74
5666 9952 22
31019 30697 47
14590 53254 10
52030 7409 89
58915 17851 88
50338 22586 78
18252 32233 50
4544 19605 61
30746 15885 55
33928 59903 13
38660 323 88
19950 222 75
47148 29299 93
53716 34573 40
54579 43652 26
35539 6412 64
44106 53326 79
47942 26764 57
23307 14946 99
55645 39533 5
53345 46901 4
50665 53295 42
57546 57754 41
6437 28226 42
13150 23984 22
54468 24654 61
50644 12772 32
50731 51194 4
28969 19110 5
44962 52761 62
41680 3565 58
22801 27824 57
33404 47321 100
9506 26035 71
50561 30569 54
18708 31923 95
26434 18287 13
37403 57322 76
2045 45062 1
42845 18565 91
32763 8042 79
12108 45142 86
25040 44297 26
26013 345 86
17413 11489 41
59056 29738 97
17320 41798 71
18023 25579 62
42860 42088 35
37503 27214 10
45392 54588 18
29965 54011 34
30743 6285 7
18841 4127 43
3194 27221 81
16967 58557 32
53710 49604 60
4130 13280 1
20736 48178 20
12955 43800 95
32885 55180 43
52585 4864 30
56094 9141 99
47423 24330 88
39566 3504 35
3604 45181 70
16060 7087 56
24731 47924 68
53149 54254 66
11419 17826 76
1960 51499 42
48756 20854 60
38433 49547 3
10354 3357 64
51646 1741 20
13764 19780 6
2700 32230 37
28080 55511 63
24087 3123 58
23885 11607 53
18857 55100 66
56957 37446 58
54238 20986 56
38967 14030 47
34350 44161 45
48541 18408 2
16034 6588 88
56171 2192 79
34383 2660 74
36096 32518 24
59156 23953 82
45376 28518 8
40815 45318 16
49224 5494 58
47434 1106 52
55487 32589 9
21677 28658 64
4050 58315 73
2849 26102 21
42139 58198 2
9171 39327 79
58882 55214 70
17954 31840 73
41109 54921 46
35141 46838 59
35392 58361 19
15930 13083 78
5143 39422 79
35842 47703 1
46302 24113 78
59208 23930 100
29015 13434 28
31208 51854 14
8101 50921 64
56935 9501 50
26962 40476 91
37535 34532 83
49163 14708 85
46873 49159 30
20027 53332 13
35583 22823 75
4918 25134 47
41769 40373 97
48841 46872 96
42759 34180 23
55327 47964 52
28125 22245 65
15970 1618 96
1331 52005 28
58247 33773 14
33648 28541 7
35562 2294 63
56597 44435 41
16211 28016 6
26476 54164 12
36757 40549 86
17382 21750 80
15295 48895 49
54227 3072 1
2362 50354 15
50787 3244 95
4745 4752 59
49324 57385 71
31652 36097 10
34086 6550 94
18263 25956 3
47844 51108 96
59359 29339 82
48592 17058 53
7281 19755 30
24774 17888 68
25148 50386 98
49680 30575 6
43540 40963 34
26593 42821 37
46178 31415 40
24392 22276 12
57317 4672 89
44684 30101 15
28109 33186 86
20349 21644 45
17020 27702 43
39652 39137 66
25719 54143 49
38660 5889 46
13674 10288 67
17111 52509 35
49980 41222 97
47840 31336 72
4927 52309 88
949 9969 53
10010 37246 32
54833 58224 49
59154 48685 60
41146 7088 67
8621 13552 3
44068 48994 39
18353 14007 98
18605 32086 36
58062 12473 93
11897 19813 96
9102 10078 65
9564 11681 32
55495 46470 25
24660 58466 23
26267 21358 76
48444 22377 99
28724 21742 76
50057 36147 72
5023 2887 74
43416 52182 70
48548 40222 27
12163 57621 42
5235 37486 38
17253 17903 53
21264 46828 21
44998 10865 67
19849 10260 27
13696 282 21
35082 45602 66
32160 57450 4
53420 45648 67
40719 40063 59
27168 11276 64
45330 25829 80
56524 51400 76
59162 49582 18
48372 47214 91
27255 38035 23
52476 57663 71
18992 40156 66
46335 44550 24
59490 11759 2
26763 53062 100
44784 35929 13
19447 5188 5
9205 5711 77
12285 54607 100
27063 59050 13
27553 41635 83
11513 7317 57
5772 27246 21
59307 48015 99
6668 28124 65
7487 57095 84
3678 29510 10
52410 46771 9
43532 58320 18
31524 45703 37
52433 57202 42
26388 20001 86
51839 42007 81
4460 7004 93
43989 19213 5
41645 33412 53
48435 10051 78
24437 29016 76
30135 39601 41
34211 23793 95
4496 42353 10
16193 49420 66
22737 14845 11
17358 52847 33
37993 48670 81
27777 21819 52
30195 8990 77
24599 39388 84
33777 33400 24
59039 32636 36
55475 14479 72
17340 48959 26
43098 38339 63
19434 30250 28
48532 53992 97
384 12307 78
9595 16425 100
10211 17649 63
13082 23815 74
30679 10053 21
56278 36583 78
16839 20070 5
16596 59362 29
45921 29614 87
51530 18383 66
12978 1096 11
21877 15302 78
19428 1581 54
8202 39343 5
25898 19423 12
42508 53299 37
34358 56872 31
44383 44885 56
59860 29686 98
4600 34154 1
2717 54133 4
46609 6870 39
23702 54878 87
47206 47297 27
12606 52291 46
29897 33754 68
7974 20257 65
56803 54647 50
56592 24325 25
3471 59073 95
5235 46283 89
7363 27053 7
38689 4575 64
13692 44400 47
4717 22165 56
48064 34337 63
56229 12015 79
24102 52019 31
40538 24056 47
27829 48496 78
37389 17060 94
50740 29343 67
36387 7993 22
54437 55272 79
45641 24129 8
47917 17200 67
59735 549 33
45369 15926 32
33371 37016 34
47887 35938 17
47107 59696 30
17122 34708 9
18930 51806 1
5811 49725 2
43119 939 53
50360 47366 51
478 57948 14
25161 13454 70
35281 25176 41
40409 20540 36
52255 16010 89
4079 23699 81
18697 45941 55
11036 39625 84
42081 33792 46
38780 10477 82
24630 27896 59
45110 48331 43
21888 7834 95
20476 52726 6
27238 53622 23
23179 34868 62
53075 57553 13
18918 3235 71
57053 21177 26
491 17724 100
49384 49056 89
31033 34682 68
4025 17855 34
5901 38488 32
47497 35052 91
936 13069 86
41803 16039 12
8119 32355 84
42867 53967 28
43409 32560 7
57350 58130 73
17692 5870 86
12263 35414 60
28993 10405 22
37737 39111 98
33824 20689 27
55015 42133 55
16894 48379 39
27722 39035 6
13365 43889 76
56058 33465 89
3097 52246 74
8282 54574 73
31077 24327 29
32728 47049 71
58660 6736 86
9283 50655 38
41044 32147 21
8727 33876 9
4164 12591 82
58538 59613 4
17150 17768 6
48829 47318 63
4843 33673 73
7489 7260 83
53908 24639 23
7536 21625 6
4166 51161 8
10341 54187 90
54510 31666 91
51760 25584 19
20948 54854 71
24541 33921 96
39554 16028 83
17637 20274 42
31535 6197 57
6973 16234 61
24679 47426 31
21160 15356 13
27112 16046 71
42814 21176 97
47410 35992 35
31353 13062 13
8797 35553 81
8020 56849 56
2892 18935 99
19742 32433 97
38837 36192 31
4447 46561 58
41277 16407 82
9171 23211 28
37887 40745 10
24079 15179 28
22455 50622 69
50018 45477 44
2457 28842 31
39221 21118 45
25792 49009 16
43547 3742 97
38750 34016 100
29551 34460 15
41482 42140 54
45914 23350 76
29849 52229 85
24339 52129 91
38858 19852 79
56445 8617 19
35485 8196 78
43539 38128 40
50704 39859 84
35955 37409 29
41471 22979 22
14053 18213 29
50857 19674 30
55517 57469 88
46098 43487 20
29439 33701 66
27178 9220 82
35767 16327 91
22371 51380 25
48333 30568 80
32852 48188 36
44611 15473 21
4005 31254 1
58667 194 71
47755 36687 77
24133 38519 22
16526 3514 26
32126 13081 56
6847 35994 91
19777 7461 44
15404 49184 25
45181 14533 73
17041 54196 48
22624 51484 92
26855 50169 76
40326 33978 85
55020 34421 9
12021 44819 74
46443 39721 1
33963 15330 54
10426 49299 66
2910 52390 64
24600 3566 100
7145 22030 4
50268 28628 80
18298 28849 30
35280 49013 21
20493 14977 33
39281 52555 70
27526 38273 3
11739 10747 37
54834 11586 59
2471 26022 73
16560 49287 76
10454 56996 74
42572 49601 59
20414 37123 2
2525 43156 54
40185 27500 22
16216 39357 3
7138 8247 51
46836 64 52
36700 57724 12
17566 21132 24
32314 43583 15
10132 27045 76
48370 3725 56
44985 885 99
34230 5318 88
44273 13050 83
1155 46343 9
15858 9610 59
40539 17970 82
24752 29252 68
46075 23085 66
35233 9288 41
34765 861 80
22128 16545 62
10052 22158 40
47556 9955 7
56966 26592 40
31433 25661 79
40376 39784 58
6647 13709 26
22931 143 79
7990 17700 42
21464 33160 32
33756 2271 19
22810 31241 9
49670 12 81
46233 27702 24
14270 44720 84
55063 18776 82
29152 8073 81
48203 59285 79
22578 20025 19
58221 20696 30
17323 50240 80
20542 9276 40
57615 15203 53
53482 54478 46
40884 4163 64
39870 16553 14
49603 51974 92
22040 34853 79
12841 41480 89
5896 34575 15
51984 2831 23
47412 58823 45
26853 32271 17
37504 6978 55
48744 47184 19
44123 29334 45
36873 32195 3
28453 12339 71
29046 55192 27
20782 22530 95
13677 28102 78
56880 51532 13
52656 50011 6
40804 44911 58
2643 12122 79
10862 36851 69
7106 36165 49
9152 38084 84
49957 20039 12
40501 17414 9
55662 33733 17
2477 4179 81
12428 3804 99
12982 29504 10
12837 32040 27
19731 52939 14
38157 20141 65
7316 44009 34
22596 12373 6
232 48067 42
36297 57923 33
38167 6608 79
51437 5461 64
36571 16803 17
12222 31475 59
29245 10601 74
38092 42156 2
55404 40056 1
25239 2263 34
9707 58312 42
662 42031 40
58686 45125 32
12867 34066 54
5928 22936 44
31382 13922 14
34104 33095 61
7131 17575 81
1958 8103 8
23976 29681 40
27308 23797 65
11007 4923 85
59417 16074 80
32380 14051 35
55480 43065 49
31320 22468 64
20834 27823 92
51437 40905 10
16755 12243 68
34594 9191 86
51100 13818 85
2237 34899 43
21514 9635 73
50418 718 96
48917 34691 50
48310 41912 68
14862 52700 41
10056 18486 3
1314 53822 28
24405 8398 43
37583 43929 11
29758 41132 31
39753 19473 12
4590 27459 13
37587 55584 13
13978 4231 17
13298 263 16
22659 23116 43
12824 24365 34
41407 10792 29
1017 52105 98
56977 26736 4
20793 1117 7
48626 9272 10
47179 33273 93
9517 38945 91
34902 17051 81
5696 19225 71
371 50924 4
52574 41933 18
52586 2040 21
36741 4486 54
34947 5679 88
57361 39402 63
31957 56088 38
19739 11837 31
1380 17475 11
5238 18787 90
22458 15835 70
42648 27203 64
45406 21417 78
30466 42363 99
3268 9699 13
48845 57424 66
36107 4589 60
34895 47605 53
5278 47722 21
17899 6195 24
424 49165 77
24692 52816 86
6060 54813 24
29747 11627 35
32529 36640 87
23228 11413 58
38878 53079 54
51588 4501 51
30399 2706 68
48338 28669 4
34906 31406 38
52088 56295 11
34267 57556 66
59208 49597 51
51272 17480 52
16644 17591 98
26226 55932 9
9165 48098 1
9311 10810 88
4875 25010 85
18030 36633 89
47985 13047 82
4316 43778 2
41564 53865 91
34420 11617 10
26084 19940 76
26568 36880 91
1437 45535 37
49631 11315 23
1782 3039 1
25155 43562 22
2503 30831 57
22113 17679 9
11887 38551 48
21978 50515 94
54052 58805 10
32687 21190 35
20734 7404 45
27837 20599 42
50265 18822 93
42835 294 79
50722 19282 45
46566 43679 62
49780 28 41
46996 26619 87
17961 46233 18
11649 21632 37
17746 50710 91
23023 9764 1
1027 17139 17
50158 36596 60
3204 47655 27
20746 52079 10
5612 471 54
40322 25159 64
17814 55098 40
35787 58338 22
44761 7920 31
12285 25045 75
30568 18653 78
31293 41645 12
28803 41151 91
43466 45903 26
4389 16264 39
30718 44050 71
47472 56517 16
13228 47947 18
14952 41208 5
37548 51924 82
56848 27959 67
15053 24914 51
32086 32157 39
9005 25483 41
48924 23135 35
21669 10730 63
32033 3084 5
54168 25120 95
13510 7129 95
30551 28620 53
29210 15853 71
37248 2304 20
20128 57846 34
28363 50055 1
42374 53472 37
29077 11399 18
32718 40215 18
36708 26773 10
47763 3387 11
631 42384 47
45314 33219 13
2068 54343 47
872 33390 61
40155 9251 73
13347 16949 45
29500 10148 60
56396 28406 96
53002 38085 26
53161 17865 58
48515 18139 45
23532 43198 1
15104 38846 60
35312 12127 19
47965 36242 55
39350 591 89
28391 34494 86
30482 10525 18
43207 54250 44
16646 1003 17
2780 14379 84
8117 48816 59
1144 51360 60
31263 16566 82
42536 49718 15
15207 33669 7
45441 24771 97
39221 57112 38
1663 48296 39
27897 32795 83
35325 35690 89
4329 15948 17
16127 49996 66
15696 10854 20
57595 4422 55
34430 59082 16
27344 54358 91
30487 3726 33
31796 32854 12
2280 26006 4
5485 31162 13
47047 48839 53
10426 21379 66
31375 37432 10
12399 25370 50
28321 57782 66
12592 23772 27
27256 8371 14
25391 42166 39
38440 35573 38
26508 39219 63
41554 55619 47
34884 18173 53
57849 17160 6
20712 4712 72
24691 47711 78
25113 18679 66
6107 32529 7
26284 29039 48
19837 33123 50
53252 27293 80
3362 38712 98
9772 39724 87
52312 10290 44
37674 48476 69
19795 14515 7
49000 11964 77
31114 39714 46
45868 23464 34
23185 2505 59
39719 38727 46
28392 53110 27
17406 27118 63
30554 38233 67
12467 50574 82
40244 23219 68
47871 31290 60
57105 37063 17
54696 3249 21
43563 54237 83
57568 15194 91
53099 29561 87
45309 58306 11
20208 28175 65
3784 43431 30
9194 11853 48
53780 42099 1
37540 40850 24
15461 50009 19
43853 19856 26
14056 33310 22
56585 29460 74
28511 6700 83
3657 48990 3
55940 38852 63
9121 23179 58
20935 23304 71
27540 48071 90
35658 16108 41
12491 29215 88
9118 1304 38
29553 8288 31
7328 29983 13
6992 43615 12
4175 30972 82
12922 54766 82
48224 18177 56
4429 34385 54
9490 14062 53
5356 12784 65
57287 11623 87
15893 31088 19
7153 2000 41
16497 5563 91
29650 22628 89
52774 48932 90
18822 9759 51
52892 22680 44
16686 18535 72
41487 17659 83
39980 11188 36
17435 22151 81
391 51658 48
36574 11045 96
43467 32218 9
33592 21059 77
35942 25199 38
12744 12128 95
26511 28776 51
52595 30871 33
5348 13141 14
1115 45450 39
30562 58068 49
31069 32409 57
48991 2291 21
29799 45893 27
58741 12166 67
53122 10670 44
15267 13187 30
18506 8200 51
9960 39007 82
55986 83 34
47584 50650 51
43263 59265 15
21782 35047 34
35296 1984 5
38335 27711 4
32024 58805 67
24710 51441 39
5846 35346 78
22382 57987 30
18210 9153 70
50768 8489 33
23466 41354 28
18861 6094 66
47882 40016 90
18450 7158 15
49383 58529 84
10117 41816 75
40856 27650 62
26351 6698 76
16006 20410 87
41760 57204 8
10234 51995 57
14103 4427 62
24430 51037 93
28601 52185 7
50569 19408 44
59431 7795 19
13842 5527 76
4234 23585 75
50844 657 84
23159 11256 42
15709 37438 45
22430 30045 52
56684 11334 7
15668 8402 83
48194 39965 5
48192 27382 76
56412 39073 63
40277 28790 51
49077 39057 78
8854 34367 66
46290 10005 69
45718 20553 84
54140 18824 93
10741 38045 64
28678 2203 81
8742 16531 28
16242 42721 43
7610 49177 82
24771 50632 87
16987 20866 48
6912 10190 12
58511 13244 67
15007 28400 3
21071 14678 39
23832 27276 6
45772 22267 96
23221 25414 47
15497 29375 41
23828 3387 45
25800 58590 73
36278 50814 57
59293 35364 94
902 16185 9
58051 34710 16
5576 14331 52
9724 20718 8
26335 45542 56
7917 54983 44
58080 2664 70
5091 32020 92
14730 26513 59
9011 39009 86
48482 451 17
40500 55004 74
50356 36611 78
42228 24746 35
47414 33297 90
43961 57296 10
31306 37301 73
39889 4230 44
15339 28812 18
12862 6113 17
21523 33827 87
54303 59836 37
30252 17908 37
26522 42476 98
27677 52903 35
12829 56285 63
1133 15829 35
6277 49305 86
27039 53880 53
2673 9359 89
27026 5029 70
50931 12804 2
41243 56916 44
44564 23973 70
20207 28126 79
45618 10442 25
22115 39547 6
8669 15823 34
34318 55397 23
27472 58425 92
14907 11308 53
6119 45428 16
47717 1085 53
14985 48176 48
56143 18493 84
59405 41531 43
52907 53128 38
19695 48995 38
14599 27180 68
1016 52134 20
36188 55911 94
30078 41408 41
24466 3679 85
52228 10558 76
29275 17870 2
20873 46663 14
3143 40923 59
260 24653 59
28309 265 35
49437 32684 75
51258 2173 68
6674 53738 96
58546 24552 21
49619 53074 12
42873 20085 37
50274 58206 97
1313 6081 30
50354 44580 66
53501 28964 25
20315 37855 11
58058 27121 68
21866 38904 97
46701 24530 42
25386 39983 75
33548 14582 66
52524 36531 28
56423 56141 56
774 4481 90
52023 35338 50
457 22556 45
6904 40508 51
9466 54482 48
58234 1689 41
25793 15624 83
49910 3393 67
18707 54460 75
5283 23 81
43845 49171 52
18167 23106 37
9135 899 30
50804 28383 75
40010 41291 1
37193 42943 76
40022 4917 67
45523 1488 51
2108 35657 25
39240 56981 81
551 24694 74
49567 40491 73
14509 33262 47
20884 45586 43
318 48911 59
9357 7365 25
24334 22979 44
24198 47213 32
24127 32772 10
14419 11347 93
16685 30895 7
22063 6901 31
4338 30816 2
36324 25135 45
58457 47672 89
18055 32838 73
49117 51516 20
7593 54669 56
56501 42015 17
10830 52049 3
44386 51514 57
12380 55042 81
34259 3513 83
30219 27387 88
6493 27117 70
42940 9903 67
39576 41365 9
47170 29941 1
4579 8158 79
30651 28022 10
28342 22940 15
7909 51687 82
16925 53168 90
22141 23431 21
29730 32709 25
6716 15997 81
40009 12408 70
2360 12010 43
40576 37680 4
46145 22691 22
49237 132 90
25619 57982 58
58577 20725 52
8046 24106 51
17609 28409 54
14492 16155 40
11798 44928 41
42719 10001 35
31329 5841 65
3701 17187 70
38836 33148 82
418 3742 21
44032 2613 41
817 59294 62
56455 44255 93
41022 9526 2
8677 53116 12
14401 26033 69
13330 43096 58
36542 52579 8
5144 3661 76
14438 5369 25
2249 1218 69
2682 54020 51
3964 50685 28
31997 57417 40
23311 16917 27
2653 45620 36
48680 17250 25
16150 24251 40
27630 30179 66
26944 19144 35
9061 55892 66
47486 2973 77
23295 19059 68
14454 29038 73
51553 38631 75
50487 50244 24
48735 17426 10
34174 40797 9
46544 10515 36
9293 50726 98
8026 37473 60
59560 55014 84
37243 54546 78
27000 22016 64
51700 32968 70
27476 45226 69
38236 2400 29
45551 32284 94
4545 35101 84
7592 42963 33
40 12652 11
21413 53038 55
43277 56323 76
53501 55745 77
28340 16489 68
28444 51068 50
39766 18501 66
16179 41347 52
49825 37832 72
29536 48486 7
15883 25097 63
48450 16802 25
13824 9665 22
43292 5561 64
26219 58151 31
20803 57495 15
31087 42560 87
16025 21617 69
35028 43905 1
49614 2862 76
9929 41909 9
23881 18083 47
26187 18648 33
48616 59474 77
35602 53223 47
24827 10848 83
20455 12462 71
37149 13309 57
32984 12641 13
12771 5915 20
30965 42344 48
40832 51703 27
43295 56491 23
9128 6078 87
6116 3701 100
29149 41160 92
49381 37943 54
52452 20347 53
8626 56955 88
35956 45004 8
12634 45180 80
55776 29006 23
34280 2275 51
36199 43760 27
16776 57103 9
1758 51872 56
15257 19045 75
3902 9352 69
12815 15993 55
59127 52731 51
25211 17194 9
38621 59795 61
53477 20047 91
20063 23101 5
43949 31824 8
12331 53905 49
24386 12257 99
18195 47828 2
59456 34827 14
37048 18073 58
28917 18744 1
1445 14721 76
18102 40817 13
640 13548 7
7104 25206 92
54332 35909 72
50651 40682 61
26099 53030 21
17751 3183 20
38926 26089 43
27496 21266 82
13459 38124 59
5161 5835 12
33319 58123 28
20094 35320 29
26057 15472 8
10631 34856 58
9284 33741 66
17396 6121 93
15017 57163 8
9480 7679 87
2879 46399 5
24692 16278 31
24514 31599 83
53993 33111 15
43951 33808 74
47826 30103 25
9747 17838 80
13353 45596 45
18436 45875 92
58089 49773 26
15305 10073 47
557 9969 88
2830 40879 38
35235 24829 46
20764 56835 88
53309 33380 92
43434 53014 70
58803 38327 66
7606 58139 30
13042 14377 19
19621 21624 10
8561 2898 35
43301 27794 95
461 48524 62
7523 25647 15
41108 26472 41
50862 4618 21
39749 58296 88
50395 47795 83
24617 45612 27
39654 2972 25
32729 49380 54
25428 34964 14
46228 19870 2
25665 33107 60
7822 8008 58
9494 31338 60
54899 13164 35
48321 18927 18
56672 35333 40
3723 49649 70
16317 50006 1
32401 49621 26
3898 6645 29
13243 23064 90
29282 2452 65
29470 15837 39
27594 33197 62
53281 28953 62
48910 28663 79
40621 16797 61
58241 19385 40
2412 55306 18
36065 515 82
32491 32773 93
7095 28135 37
34019 32944 47
10346 31321 38
53944 58100 20
57859 56796 83
14210 16597 37
31104 27328 87
10258 33270 72
47294 59192 38
35323 17522 58
15927 50222 57
8128 49281 54
8911 22886 49
50260 35908 59
41950 57725 10
29118 17412 66
15273 56321 96
27052 55652 74
50899 35080 23
39472 19006 72
58691 37142 4
38446 3014 9
47856 21946 98
13333 38317 52
30579 444 14
24969 2443 15
27407 10033 47
53605 41606 34
55307 47876 51
53922 17109 55
9442 997 16
32835 39123 60
14098 51605 2
37029 19232 27
59465 27425 72
51452 53629 18
19502 59518 46
39705 49955 16
50005 58010 17
29971 2203 45
41783 52050 50
52910 24935 84
23439 30885 95
46249 46520 25
30624 22265 32
48492 30158 71
50729 2734 91
8423 35915 70
39413 23453 29
41761 59384 30
31504 14899 32
12902 49801 56
43135 50836 87
25364 48034 32
1657 56084 26
49611 24596 13
2750 15431 91
53806 47231 49
40993 52927 51
30120 32166 59
28864 10735 82
47232 49502 84
29206 46553 20
9230 6346 64
33092 53948 31
26197 7220 86
6051 23839 22
11972 31381 20
58104 40867 10
4698 44892 90
21547 31657 8
50608 25410 9
40152 42845 27
960 55679 43
28265 43052 5
34322 485 2
9773 9752 75
6968 14703 22
22055 9515 28
19246 26541 99
54473 31714 23
47044 15348 23
7264 27444 92
10364 38962 81
36380 59190 92
52081 12505 4
57255 50273 60
52517 51692 10
17545 1241 69
21435 55137 93
17315 59298 97
10281 8543 13
15555 36703 69
25222 39551 44
19335 10711 15
10536 20928 34
14015 3958 37
16406 36348 18
32546 12071 16
28481 26186 78
32623 58184 99
26291 4656 42
40637 50310 9
43424 7997 63
23195 17351 88
47339 33223 19
30923 11504 33
27063 59009 6
50976 44521 24
39220 22932 49
40912 51593 83
319 12059 85
25641 15920 94
31207 39731 41
23810 47829 74
27681 55153 29
1583 55035 98
20572 55683 27
53062 51172 78
40060 15360 60
15595 1571 30
13077 12912 65
52099 36217 44
6207 2728 26
15675 12790 17
41900 39186 44
37832 36964 15
59433 44160 4
13730 29381 37
27097 2511 63
6570 55968 28
57021 16092 99
48043 22717 13
26976 48658 75
50886 57273 68
23477 43839 40
25878 38500 2
41737 40918 42
59731 37811 50
53307 55834 15
16744 15026 31
51142 44415 16
54205 39204 16
39257 28342 57
36516 56610 24
47577 22666 63
9483 49929 59
14866 31502 30
59156 13505 47
29783 48295 7
11731 31746 34
11729 21091 52
19551 31070 16
40408 52077 21
19586 21805 22
17170 641 78
13527 31559 17
31267 46150 10
7594 7339 9
6209 27656 71
7311 18288 26
14220 12783 52
20300 1695 8
22390 24315 77
12101 43924 7
11367 27809 73
34150 43464 74
5348 34364 47
13264 48602 16
19260 59266 46
52884 50961 32
10101 58104 26
12988 31175 42
42612 14297 2
26824 8851 97
3074 55118 99
21306 54617 54
22695 26691 87
49351 48464 80
21009 4123 38
47725 409 95
57961 39998 63
33994 17923 37
56495 57234 24
36104 31549 91
17790 51909 8
14537 47665 62
50736 10738 32
13859 3328 69
33702 42205 54
43284 1021 45
43531 40053 98
36415 58070 81
46008 13596 25
35878 18408 98
19203 9788 93
3761 40387 82
1521 52070 86
26283 16110 36
19139 39786 98
2887 31946 74
25540 54451 75
18077 51649 33
2916 57049 21
36017 17556 38
50757 13694 95
56383 44719 45
45447 12969 92
3721 601 41
19308 13633 56
28163 42650 52
47567 44800 32
1333 43536 50
3917 58114 58
54787 10717 69
4 55943 77
40777 37129 73
35862 59105 66
41991 3687 61
26726 35642 51
40035 28662 46
20280 23345 13
4982 30286 16
48999 27973 89
18357 18136 1
25515 20789 82
51496 42296 96
19364 20705 58
6139 25624 93
5585 55825 71
751 35202 96
6064 19295 79
35870 56526 8
51790 16785 53
38028 46905 7
55772 2679 83
8063 38116 99
4926 12595 33
13995 39300 100
3819 53722 17
11664 9260 1
8960 5837 83
59512 59643 96
38031 54339 3
23631 42397 97
15380 9836 63
23430 36341 100
3731 39414 86
38965 27181 15
30282 57775 35
48493 43858 3
32878 33341 83
9608 19453 19
5425 14074 34
55881 57724 78
44608 53751 48
40136 36619 48
1268 20901 46
4605 39211 25
47305 42916 17
30884 48355 14
36233 10081 76
39968 57604 31
47461 17999 54
51185 21931 85
56793 16082 86
38699 25278 47
34813 12268 24
20437 8406 59
17538 49842 70
10373 2894 93
48356 19053 99
42065 4287 62
38173 40369 74
36730 13268 63
24948 43993 61
11525 24319 20
31961 57741 9
8939 44458 68
33995 4569 48
49048 53943 43
8859 38325 33
28460 21785 19
1638 34684 72
34916 29285 10
30618 35372 43
22249 33547 56
6321 40550 39
6009 58162 66
31934 7662 74
22339 2226 82
6602 51770 30
30532 38133 93
30576 1052 1
56670 7278 13
46419 1728 80
6423 6284 70
44067 341 35
9437 54881 25
54281 8035 27
34126 37202 79
10468 18581 81
35692 18997 72
21172 59607 74
36472 26462 36
25422 12866 27
39244 36246 71
12527 23357 68
20894 49350 14
39836 46328 3
41708 50404 39
20005 51938 78
39944 16117 9
19077 19904 47
4487 31943 60
5237 23197 6
5158 12974 40
3963 7674 7
11827 55638 88
25645 57705 97
6148 58900 5
52547 55132 15
8883 37860 73
55234 34304 19
57315 4029 49
58638 31023 97
16159 49149 8
9000 27675 98
29409 35601 10
28660 41263 92
5464 16288 100
58071 25501 36
4957 3355 39
7883 54623 97
54530 5139 48
20588 44520 67
5147 14094 18
37788 12516 86
40154 12069 95
5483 34887 100
47238 52287 92
8643 24231 97
56386 5938 82
21693 38596 50
59775 38139 30
32456 12102 6
19599 30889 72
58138 14698 95
57420 23193 47
40305 52594 59
46748 21354 80
5239 50388 32
12782 17816 51
28582 12680 29
38402 291 98
16726 17332 46
41489 8472 41
22814 34463 23
15805 52096 42
17704 26195 87
46826 34826 65
34014 8320 96
36934 7939 95
6705 18549 99
43208 40849 68
39207 14764 47
29660 7579 79
30832 10908 44
34082 49260 74
40723 30952 73
4408 1129 71
44245 28063 71
32339 47768 7
56213 34671 9
49945 15366 87
15021 50152 80
26378 24347 16
33441 58626 23
54048 6729 12
48837 20857 22
9246 6807 43
55122 37900 42
56830 42197 19
5201 21574 75
12806 18184 15
10822 16501 71
56737 17421 80
22361 38681 68
55842 16034 74
45072 32066 78
21171 33865 36
26947 48623 65
52445 3700 74
38044 53218 30
38047 23605 91
17615 31965 42
59217 5991 20
29878 44598 2
45866 47575 76
3812 26617 68
54661 16956 62
209 34164 95
44649 27919 60
2647 53856 7
55731 52392 23
3928 47126 39
5391 40370 77
53355 14399 34
35388 11324 40
49401 24103 72
11135 2940 26
56947 15481 78
31447 15027 80
4047 11943 31
47794 18544 41
30377 44564 4
39270 37238 44
46754 25359 90
3535 47256 2
32063 31635 92
30485 21642 67
35900 12907 36
39091 26922 1
54132 27262 9
2539 31828 18
52058 1135 67
4945 4186 32
21075 26612 24
36969 51506 50
35493 46578 66
52820 25118 82
24320 1782 38
35673 45297 79
11289 42226 33
43698 23447 44
22729 47737 5
41917 19794 57
19054 26950 75
7320 24438 18
59620 25922 61
50724 46819 20
33579 35131 13
12677 12238 42
29423 37326 31
37617 25894 97
53310 55853 2
12503 24772 5
39478 48837 59
59785 48387 30
59091 22816 36
9652 54334 24
56118 28317 70
47855 25688 5
49624 14847 23
34010 5663 28
41191 13570 49
9774 17960 42
19538 4801 33
10351 55208 41
7250 46457 23
18631 22095 13
41396 47557 83
42036 5781 5
30110 8651 70
43076 39548 79
33664 19774 56
54349 39811 32
58390 24131 87
58311 54252 98
7910 4191 57
55292 37496 82
45636 26952 13
7891 52319 63
1458 39194 38
56123 4023 64
17017 42233 42
4267 26048 76
23869 51031 14
24562 58182 2
19663 47760 63
53464 7672 71
40597 51203 84
37132 5777 2
19202 54558 85
10899 46730 98
5026 20655 89
32154 53451 75
20686 39623 18
18667 16189 15
9007 52185 94
10922 17206 41
9767 13142 7
59119 11836 49
41051 20655 89
32360 6440 23
14142 5110 60
49923 14062 7
1296 49119 56
54062 720 10
53573 819 53
12883 36937 45
7213 19028 16
39274 5044 39
23784 17125 19
56551 49819 12
50111 39090 15
20948 45663 61
39425 30985 49
53526 46331 5
43128 26310 30
35076 31388 37
57245 54303 74
7736 43319 48
15857 1479 71
37843 4719 36
14450 23627 44
12466 10392 31
56686 24912 41
14116 55507 17
49944 43387 97
11169 44031 41
2735 58731 59
9017 7385 8
48865 21825 61
4950 18657 1
4360 37323 29
8642 2195 93
29108 37640 2
45089 36360 49
6499 33720 8
27750 16073 20
39332 37056 41
33900 45384 72
29597 17632 69
5472 55923 43
35293 38496 56
40586 49343 24
47249 16563 37
59668 3335 50
19058 32196 58
38037 33112 87
52189 55785 80
3060 37577 34
29991 27090 13
46758 15508 60
22075 35742 24
52170 14525 17
50315 27177 94
51847 5571 19
38444 1932 90
43068 13179 1
49192 26032 3
3796 51666 89
8587 2985 90
14527 23395 19
21735 12180 44
3590 59184 82
48111 33817 71
31708 23292 75
50473 48180 90
36014 56659 28
21142 46356 80
26964 53529 82
10496 53937 62
34429 44192 36
38880 45922 87
26882 1431 71
23923 24482 73
59173 31389 8
55634 16660 51
48101 27877 25
14905 7407 12
15358 5677 23
10193 5775 10
56326 8267 32
58929 14854 38
16845 49010 14
53255 28591 38
5574 22552 39
17377 10050 23
46433 49478 98
44428 28084 40
55332 13660 75
45656 56301 78
22057 17956 24
32563 41467 67
56574 17267 82
21922 25300 91
12556 55658 29
41525 29459 56
23469 34069 52
48053 21066 15
39581 35714 74
57054 29247 98
47061 41567 72
5524 2978 84
24919 43829 23
31655 29887 66
34623 2881 72
27676 25714 2
52783 151 44
32638 40212 54
39128 22960 68
13723 6408 96
41883 53404 33
5392 27419 95
46261 8360 43
29453 35483 77
3950 2007 19
38799 1402 64
22211 32110 84
40514 54578 82
50121 39847 91
55474 6108 96
53869 15279 51
45587 13328 56
4563 4547 27
7159 32730 71
7999 24612 22
32883 52521 79
21107 56976 41
35002 39577 8
29982 3903 57
27120 1192 90
22894 4324 36
47136 1255 72
58769 49721 50
34047 47776 97
42509 44758 1
13534 43232 15
3326 19996 91
57008 27435 99
11979 25649 93
44341 7518 100
35901 23675 5
21697 43077 98
59651 9496 39
27123 45237 60
36742 18761 20
49098 33634 44
52991 8843 89
48963 40696 6
24195 21579 36
56618 790 32
11809 6092 15
38375 47868 47
43678 15181 5
24738 35917 88
51409 27198 42
39527 38673 60
16091 15241 79
53084 35350 82
25522 58475 90
3134 18778 85
14065 16866 80
28140 45546 76
13265 46192 97
32838 21064 23
27899 35563 38
44068 18982 26
6040 59749 65
2950 19597 83
42591 31380 40
26927 14306 68
33464 16104 76
49907 2049 82
44227 10172 64
40838 5086 28
35238 15126 12
23666 23012 81
17851 15365 58
19512 21841 100
32331 53317 41
22318 36784 49
33601 4973 76
40790 43707 39
57019 28918 7
4367 21573 67
41734 28179 32
27707 17165 90
57178 57842 3
47724 41413 3
4694 20737 61
25346 36243 36
59794 30469 32
49866 57925 33
48612 9201 47
37274 7375 85
27733 51856 19
24954 48979 56
7249 46648 12
22049 55187 20
42364 9719 9
48170 17289 20
11107 13928 58
12362 38902 77
24714 40976 73
36485 1692 63
30479 45040 100
2974 50020 37
7501 37803 79
31749 49720 11
36347 46441 41
52038 23413 3
6747 43079 50
8457 48107 16
7118 7703 96
11407 58749 94
35679 12701 93
10615 30371 65
6415 26061 48
6874 142 97
51819 10238 32
32659 9639 87
40893 17151 34
24278 3686 32
20807 20365 34
54412 8029 49
22506 19320 83
808 43983 48
36507 53169 91
55769 28344 96
27770 48768 10
48586 49194 30
39405 3805 90
22319 54881 18
2591 309 35
37783 17883 51
10413 4331 35
45933 19573 90
50823 49029 18
10873 23151 88
569 47726 92
55783 7557 60
53862 15632 29
22199 54820 62
20262 45036 2
2370 11115 36
55274 55289 47
11965 4581 58
20152 54977 28
47361 9295 30
51459 55831 50
4004 24447 76
29328 32245 30
7101 47174 87
41496 38495 59
53303 12576 69
34606 39080 56
19482 27465 32
38561 41023 15
43630 2928 74
35867 42653 21
34845 44470 74
3222 36558 78
13297 26794 87
52099 50350 40
12643 12117 44
30951 58930 35
52615 17757 31
49378 50738 38
54911 48950 56
3218 41831 59
22780 21971 53
25937 14335 56
30269 21031 22
7161 13261 21
49012 42610 89
14249 12398 39
33840 43133 42
37807 30566 16
46818 6658 68
15603 48176 87
9138 35088 38
26107 32202 27
3836 57166 55
15396 17941 65
54601 7837 94
36879 2288 14
28318 45577 75
1604 4984 49
17507 56989 77
36156 4649 13
6266 30139 64
10699 22031 59
38828 3915 39
50037 3079 17
37035 28984 85
39912 31902 53
22500 16834 60
176 27527 73
40819 7271 59
10915 36010 65
19045 56360 74
29683 24371 74
38453 42839 92
10142 6176 48
55724 31675 24
53298 52995 25
30439 46306 1
39602 32376 32
9868 3445 69
39496 12122 35
46211 12127 53
44143 56333 97
50577 9430 24
49790 18328 14
46530 23087 35
37115 59306 77
40792 43157 79
40139 58701 79
56667 13515 20
27523 2308 83
23768 22655 64
21205 11614 37
9742 33714 41
2198 50013 95
43473 48651 55
19128 13257 63
51096 38938 7
48826 53148 38
26182 917 91
36416 13959 45
55088 42640 51
55511 48217 79
25381 39710 43
46426 47661 82
39896 49900 97
27327 5097 94
26050 31771 51
20282 43465 6
11318 23106 59
40565 50551 36
28010 29541 69
55273 34072 37
8399 55963 11
40438 3600 57
9656 58173 75
29161 8552 97
23523 38409 17
25800 34801 78
38900 8990 30
23052 28425 98
25095 13791 83
6716 54642 85
55276 5255 55
36976 44937 42
29912 17826 26
55976 42220 49
15640 33934 1
27535 509 73
45344 1716 5
29989 34887 21
47535 59611 39
14790 40315 35
41738 10585 34
10024 37242 74
52381 29367 31
56546 2635 89
34459 5200 4
46338 117 56
48357 14818 27
26075 11427 98
29589 45905 22
16548 55933 37
20478 46680 69
20685 31876 44
34647 9394 44
6186 47402 100
57681 43967 43
23569 23004 38
37482 16467 35
27290 49280 8
33086 12247 77
59397 34478 10
47900 29102 46
28743 39470 67
1690 54602 98
36057 54327 8
48292 58685 94
24292 13795 58
58252 40805 52
46795 56528 27
15011 47422 54
34476 370 5
35331 49310 16
19015 18044 28
39218 20268 17
49235 23123 92
42154 26603 78
2019 53028 19
48204 4525 70
31757 10789 48
11075 35958 73
21042 34144 86
21381 16789 10
19127 20316 63
3969 26020 27
9446 24770 8
43353 18391 18
22345 23864 86
57789 50038 73
45479 57192 90
15249 47123 33
12034 12794 66
56025 19221 51
22965 49031 81
38989 5538 53
633 18873 32
9370 23116 66
37987 46556 51
23027 2234 14
27072 2212 81
46582 1018 73
35403 53678 68
40269 49940 21
51332 15442 27
25154 42300 28
38834 39549 90
38392 29858 40
56145 22914 40
40366 39504 17
27381 27284 20
6543 6458 53
42843 9354 20
34955 24098 31
21583 29873 6
32829 53430 53
30171 49162 86
16210 45884 73
31212 29885 8
52230 57983 78
11668 26289 10
40312 966 56
42278 7099 8
47099 55757 84
6673 35944 75
38227 25124 71
12489 46366 70
49009 32469 42
9385 21970 72
26841 19889 29
16223 5980 27
42563 54222 28
46522 58335 84
22258 4927 38
51718 10473 91
33399 6515 3
24642 36428 60
47476 41363 100
7287 21502 45
5267 39534 59
43761 53991 75
37031 21987 79
18673 27616 13
19240 3182 78
56029 22145 75
45049 45497 42
33996 25767 81
30496 55824 56
49179 11404 86
54107 29559 96
20204 4956 43
28462 13341 60
32920 5072 75
48545 48212 70
30893 12331 83
6210 51244 73
26667 17691 69
58922 57247 81
5750 43779 43
42190 50256 40
34918 54922 49
55732 13951 86
8643 21930 39
54141 7073 70
59225 9987 65
12026 9018 49
40204 1090 52
1991 40958 1
19144 12324 79
29344 25560 70
2898 47676 32
26082 7042 78
45918 45185 40
9269 34719 54
9756 34566 15
34663 30749 95
16870 5253 39
15133 21381 9
33032 55072 4
18897 53127 61
41893 22865 16
9524 38986 12
12640 44593 4
25364 52194 17
39667 12188 47
46339 2409 90
57521 47219 94
18973 16502 3
31914 41911 34
15791 39751 82
14856 58483 30
41456 41750 64
41654 9833 90
56098 6005 76
38613 32219 83
40707 52232 67
6414 33386 37
21320 36082 27
38457 36917 98
9204 33806 86
37290 56657 92
48085 26415 3
55721 16896 61
56586 33263 40
56000 28834 23
30955 5018 15
31594 6835 77
21988 49596 51
23212 31974 41
39036 50340 34
42861 18061 89
7139 42431 68
34979 20512 2
11125 55151 50
19714 54391 83
31148 58484 65
59115 43672 50
11551 57428 13
37614 39298 73
30670 44688 25
27251 42720 91
19031 2070 80
53103 55539 40
58534 42786 100
14406 26536 72
59127 2802 41
27320 11652 28
41351 21195 12
36541 52060 66
10995 57328 28
32555 55068 74
22167 37351 63
42741 27665 2
41590 32280 11
58608 51201 82
32105 35562 11
3179 58299 92
1850 30294 87
43196 49523 67
14595 13624 97
22305 59079 15
26465 29044 30
43138 10169 65
32839 45196 49
7614 48583 55
12604 44617 11
50577 53851 93
1696 27053 96
7743 736 81
59693 40905 39
20570 55171 79
32511 5973 87
52223 18077 44
44665 56772 73
38859 21796 72
51538 12161 52
37774 55119 88
12290 13041 32
57921 59838 92
59786 58143 2
22892 43529 91
58136 20485 56
48376 10972 96
5451 32105 81
48758 53132 12
23092 30196 44
53203 17500 27
52025 34067 29
56067 20535 63
58114 3283 31
16579 23070 26
52941 42830 58
39032 4312 100
1216 54022 1
22384 34259 64
23318 56678 44
57564 1802 57
15563 21740 65
47959 27684 44
58512 13972 59
52316 29838 63
19706 21812 81
10097 14762 7
14112 25033 100
56624 48247 5
24997 44681 39
32935 19642 37
57540 45740 89
8396 32246 57
11214 18871 99
55381 14995 4
2787 15653 74
14472 33588 79
57107 33344 71
52868 45475 53
50639 10576 8
17106 2075 21
12400 32334 14
21057 40372 67
44036 26982 58
47429 54957 19
56223 9879 50
57652 31048 76
46041 30659 94
20370 53117 34
7715 55034 75
32951 35675 9
56543 50482 44
14714 35144 70
31538 31490 98
37164 48819 93
4521 33159 55
53130 57573 61
34193 40585 80
57205 44150 89
52642 36382 33
7284 53968 90
45028 43014 78
2466 23181 83
20244 9376 38
47064 7036 86
37070 58235 43
51923 24700 56
7030 3927 49
52573 20543 34
27599 26524 78
26424 57919 8
36896 37221 1
47544 20668 69
42680 55032 14
58052 56390 6
23322 23628 92
54181 29296 68
39325 2152 20
19998 37867 40
55410 43692 52
29183 30045 24
46619 1289 91
8238 49167 40
29870 19595 69
39663 20806 31
49338 28611 26
49507 9855 43
55543 21756 3
14838 4439 94
42305 16801 90
26451 25327 47
25498 56959 4
56693 8003 3
51605 13576 39
50773 13229 61
43312 19184 76
31240 35342 5
23148 52323 58
28566 48174 55
14928 23233 87
3497 48057 34
45179 9159 70
30490 43300 87
25730 43487 71
35980 11054 44
6590 38709 80
20693 52648 14
8438 34611 41
20492 51615 52
40611 52815 80
16295 26964 26
42152 19314 91
11483 7831 91
36464 31091 11
36276 50151 95
37159 44727 59
37052 42078 19
34829 914 61
32783 5555 64
19708 47630 47
45082 44670 63
26887 12496 92
39268 23567 9
54907 1324 3
29033 5503 15
35668 54034 56
20119 16113 65
29302 58281 78
23123 7162 91
35419 49085 15
16530 16593 83
18457 19881 84
28719 35329 47
2521 18552 36
20368 42421 25
184 59174 62
41531 12434 48
46927 56374 68
14668 21271 23
45144 55202 35
55972 32006 99
19189 54380 54
2603 33771 78
15768 12630 66
24694 47644 2
7567 29884 20
50720 30590 96
29739 11411 66
39169 19931 16
44686 43467 64
58574 48468 17
33776 2298 33
39005 42184 46
1374 3624 52
32846 25043 14
19112 29088 59
14313 13793 48
13422 17725 71
31473 14308 80
32480 13127 85
57777 15767 56
31125 49526 84
20207 1953 64
11830 51815 27
25376 22887 29
42311 55027 75
18519 41929 37
47888 27354 86
35367 7908 28
59416 11353 25
2389 18159 13
3224 21072 27
48456 34851 53
45491 36886 67
42549 48696 97
34060 20563 62
36608 44551 67
8931 5830 69
30899 9489 61
14823 49415 4
23764 8031 47
8872 48883 84
36805 27768 69
8680 43909 30
34587 8806 76
50329 42593 90
21122 28239 46
23404 2154 83
6185 58306 50
13657 38275 75
33733 38331 40
38773 43890 56
54648 57886 1
8773 42580 89
33380 18650 96
7578 44642 92
50872 27267 14
55220 34464 20
35292 39613 33
36288 33863 44
18479 10183 41
6368 7291 65
10400 39914 100
6008 32761 20
46140 6213 61
44123 42060 41
18266 23646 19
23544 46634 70
23072 41461 40
15598 34788 33
59032 39916 28
58388 416 24
41764 2434 67
58489 8755 12
32352 37257 93
36721 42368 75
49700 8733 1
44424 40633 9
14189 48602 88
27620 13858 32
14775 56594 74
22123 16128 89
43106 44699 67
26683 25072 59
27074 20719 66
52385 54582 76
43609 17649 60
54213 10287 10
26711 8166 60
3369 46362 60
50758 37824 5
47901 26254 82
16434 38053 71
26440 56472 43
10052 41198 40
28057 42401 3
59618 44992 14
39887 55228 3
38188 44021 64
47716 55391 93
13462 36071 17
49920 994 81
55040 54560 6
12255 1850 79
27446 29726 95
45424 48225 48
56232 11029 79
26619 51970 77
17491 51387 7
54380 5925 82
54983 7166 72
26296 28916 62
36959 36667 26
29260 22415 8
18141 22649 71
3396 54956 68
42110 673 7
7699 32600 9
21958 44574 18
12551 34570 6
16435 40304 33
40494 51291 64
35577 12082 95
24 28747 64
57964 51836 79
29692 59831 74
17331 5982 23
798 39675 9
19514 52456 7
5312 30274 20
38806 44027 82
44894 42250 89
46745 29533 71
45510 13382 53
51834 39114 4
43421 11001 37
2123 53175 73
16740 2619 6
13087 24607 71
17942 35327 59
51139 32028 79
23237 50527 10
10590 10040 43
51254 58564 86
6328 8307 57
14148 34272 73
32034 56583 66
24253 2368 58
6160 50071 30
15051 15978 77
40293 27487 16
37723 14993 10
26588 22517 52
49852 51078 23
37964 55276 74
33321 37067 80
40230 37577 35
32161 28802 59
32969 37749 82
39905 48643 43
50186 30545 6
18346 24553 83
32791 1283 64
46431 43332 73
18294 6819 56
56544 33619 97
45836 29767 16
12517 17037 61
59145 7141 77
51606 23971 47
25279 3151 87
46582 23378 45
41276 5198 31
16528 58347 53
51611 32251 65
38161 33182 75
20947 45362 26
12216 59605 14
44702 1859 24
3789 59117 60
51522 21495 28
39622 58684 34
21296 48850 62
20581 13399 16
26851 25459 71
10088 25807 62
5338 51728 25
14363 8011 74
54486 27713 46
29531 20171 4
40914 27235 77
59000 53247 56
54069 13955 13
41799 6208 21
31878 29903 100
6472 23101 21
9659 29936 87
43804 39991 49
39088 26984 3
18104 10035 60
56471 59635 91
297 46069 11
51779 7673 49
26184 38319 23
41375 26433 28
34891 43868 50
35595 51476 17
56685 39436 31
6192 5868 97
17371 39545 67
26640 10026 27
20591 9353 48
10778 11410 57
45228 30728 67
44476 613 48
20965 21071 18
18628 20661 72
28814 48736 91
111 18100 7
29431 44993 58
28638 39689 81
5014 52483 70
58538 27447 43
36720 36603 82
22134 44282 21
34739 15305 66
37256 21695 4
43013 44189 50
38662 9971 23
17506 28040 83
29360 24398 87
24793 23418 1
38188 13596 47
16340 23089 94
43933 11450 23
49406 47505 85
13324 14261 93
45221 28452 17
48024 55353 87
50859 17433 85
24893 49043 90
9852 20607 33
50868 1478 59
18927 18989 10
21881 47617 84
26608 22606 55
11034 12215 43
36706 3090 28
26534 52033 24
41561 158 16
43607 51523 12
5858 18702 22
53510 58037 40
46326 19744 48
12162 41462 26
30546 43646 43
11092 30732 7
48562 38038 17
57910 54432 68
16571 9617 12
48418 21980 92
40227 20575 96
27516 21079 76
21884 58592 24
3590 40886 70
35446 26835 43
28304 50287 100
42754 30830 26
32541 39666 18
58652 38831 85
17201 28657 10
51558 56401 2
41946 59084 13
22656 21137 36
9599 28451 2
5057 27034 98
13003 39160 81
17905 21589 1
44292 38892 59
35497 3907 76
30680 10411 40
43681 7236 17
15156 10719 55
58642 35905 20
46778 17518 43
4111 3257 1
27431 11664 91
20087 13792 2
25481 42061 49
30418 1661 37
40005 54586 7
24651 37005 17
1281 21679 56
56818 55066 69
12675 40913 19
35739 31619 62
30494 24918 85
6935 34562 53
58475 25732 50
58881 45664 23
18169 36186 9
45524 58889 96
41788 40773 27
28490 13368 98
1193 33758 53
23745 27198 91
20684 16453 56
37827 22232 50
50465 48813 38
49393 22572 1
4245 41599 87
48762 16381 97
58888 344 3
58031 32705 53
50262 26756 36
55767 7527 45
19361 35397 57
57498 38617 26
37234 42368 24
2099 30087 22
5039 47242 87
46699 38175 75
31663 10359 70
10731 49440 32
41475 26365 61
53126 31952 83
17713 40796 64
58796 30836 100
18005 2924 69
58535 38560 44
3365 10603 47
6651 45780 3
47400 57471 81
58110 25496 96
32011 4978 30
55183 8603 60
52632 26623 86
3786 12003 7
25240 9884 56
41041 19505 70
42181 16987 38
30861 31455 63
9606 18355 71
6311 57204 19
1992 52979 20
33970 11973 55
47134 50547 94
11517 6779 35
14061 53858 67
49051 57002 66
41189 55310 62
20558 47538 62
36096 19462 34
37871 39307 31
43632 41927 83
24645 48632 61
16766 40114 88
7481 16453 27
40880 25868 72
38972 1810 72
47502 56355 92
19974 53641 44
35824 33829 35
11666 250 77
44877 17432 24
8627 4857 51
25382 40540 47
12039 20883 82
22740 55626 84
54999 47750 56
25654 30386 58
6337 7753 42
17237 49016 88
4112 32506 28
43187 4130 36
3214 28913 72
39552 34608 16
9777 26276 84
5701 18520 35
34591 35428 20
40317 9820 41
15656 50670 97
54910 16097 87
27497 45046 14
6 2265 16
1567 26642 62
19330 32658 48
32040 38971 97
47424 38857 54
19211 24158 18
24167 7477 51
29496 18400 96
35715 21748 38
52331 52423 45
29522 54900 90
8915 1812 7
43429 59812 47
19041 49552 66
31221 25985 98
21916 31102 47
26348 9755 34
38341 44796 35
55916 14962 31
30451 24207 55
50985 29068 79
19703 46635 8
54269 39501 91
7913 1122 85
5543 28053 55
23958 13144 53
3662 12723 63
12263 11317 34
27389 36245 16
50122 1736 27
54913 32771 3
8192 27458 40
44937 29290 41
30625 10094 17
16962 22395 90
19975 16940 65
54489 4013 88
50232 20216 44
1639 2969 72
5434 51749 25
23581 1541 59
10177 8944 11
5985 43196 65
27349 1204 62
45052 45363 97
9597 7282 8
38853 35268 69
7463 55366 92
21276 2669 62
37120 23385 79
9980 50447 78
49024 48438 51
56358 17099 71
56203 30483 62
40594 51101 61
22338 18091 91
40111 40507 2
24663 59462 78
34454 39858 18
13189 14368 83
20915 9019 29
19224 38372 53
52607 26209 42
37930 8060 30
6751 11069 28
24801 57163 100
1897 6481 43
48243 10244 22
40110 880 85
25075 35464 89
28325 15218 52
52139 57241 71
47240 7843 89
47063 31669 53
27439 53875 43
28003 44602 56
6092 29557 46
16494 7375 31
48071 2006 28
38018 39901 18
43173 10481 2
4531 19593 19
42700 6690 79
10896 1498 39
42544 44589 47
28975 13174 42
3270 6149 80
42169 38590 27
46475 28872 84
18081 51156 78
43781 18631 33
7231 51948 98
3549 7094 96
7757 12846 89
46988 43017 78
55444 41488 88
7802 385 84
23831 25277 98
41015 4874 41
28489 41893 7
49788 30839 92
43535 5895 9
53112 3186 81
41320 54996 68
29661 58060 85
9085 56151 73
33573 32155 67
9295 58282 68
36955 9190 66
15773 54812 31
28037 2618 90
53050 955 85
52566 741 20
54519 51901 80
19992 29664 38
55580 50708 14
39055 47083 83
2479 24358 91
33826 2839 32
8102 29227 16
23994 197 39
25818 28543 1
50827 35736 45
13154 54699 48
16888 12193 62
49567 38279 49
22631 51466 34
36334 24922 68
27043 31909 94
54797 32430 6
30035 44418 51
14616 10887 96
50090 19293 53
36114 57109 29
29635 37204 25
12251 7596 42
30918 2575 86
50412 23493 23
42168 50487 70
22482 48431 21
770 4761 94
45335 11270 83
29678 47064 68
46226 31157 99
47046 45580 51
55440 35837 6
49669 21265 2
248 50234 63
25294 25244 38
20050 37860 3
32836 43431 92
59584 47626 76
43125 35980 36
12483 59112 80
44666 7887 10
30804 2677 47
5674 48266 80
32710 4994 92
28923 22256 98
29600 11453 44
49863 58417 56
7064 46201 26
49104 660 15
42856 21446 58
30051 12416 76
24614 42685 94
52154 29648 8
28763 51109 76
8351 42060 63
25710 1425 22
39146 5117 22
59919 48454 95
55761 20283 46
19126 16735 42
34974 20620 38
31098 53898 82
37932 14360 60
55159 25830 86
58326 49656 54
59591 51204 97
27007 52913 69
13189 20926 20
39759 52824 55
55966 50453 19
25995 38417 61
54252 12842 99
5202 53581 42
42473 16024 22
1811 48340 52
23906 58248 59
57540 24353 89
18021 27683 83
10540 12059 80
1900 7528 5
7532 27714 88
24634 42955 41
44121 40533 75
10220 42 67
51537 30170 70
26053 56382 20
9280 4097 8
42504 2878 67
55622 16529 41
3868 12063 43
21126 17807 18
19437 42655 32
37770 53759 55
44625 13158 41
54680 46015 60
1806 12580 26
11581 47757 64
58295 17119 74
53342 18740 19
57871 32421 55
37464 28085 91
11820 35577 81
46319 932 94
51302 17979 78
37715 17972 85
17325 54324 62
18719 3710 49
16760 14003 8
55129 40584 33
26017 12508 90
59171 15372 70
44448 17593 58
41126 57825 42
44895 22686 77
10586 29573 98
9021 59635 58
36005 20118 3
15025 58516 70
40579 33505 57
37989 29658 6
5840 48750 56
6644 41729 38
56678 34379 27
3749 20302 56
51759 46552 82
32870 2048 57
59748 36875 57
48391 2196 24
5710 44181 51
51914 50545 18
50374 57458 95
31711 23460 8
800 49755 49
18827 41864 32
51128 35401 14
40859 38863 90
19061 40396 50
54207 4392 74
14307 29000 40
48366 22401 58
55069 12237 99
25487 34541 73
34951 14649 39
2124 29145 76
28788 59881 9
34701 6471 17
35328 1853 100
29160 45823 13
44687 19452 60
3568 24517 2
57665 36077 94
5216 1941 69
22155 26674 7
49969 35462 16
9552 52023 10
57166 22733 95
19278 21967 16
38582 19549 49
19976 9942 9
49690 55483 65
45208 12833 73
48982 13629 95
30072 29793 39
50031 36697 54
55868 44116 80
53748 34616 45
6119 14126 7
53612 53981 60
36203 26015 97
27034 14660 16
22335 47070 76
24473 45702 10
38749 17250 4
38732 9820 68
14078 896 40
15079 16473 82
53992 28192 89
57141 18872 11
41340 13171 95
21508 48453 93
55880 29620 38
8210 53129 99
4553 57492 5
52692 50217 72
45730 18046 94
20434 12947 6
12908 1938 29
16254 33125 15
35218 38561 43
33267 12364 56
13554 19317 21
44971 28224 64
35485 22359 82
53293 18281 11
2126 47175 88
53649 205 53
14263 22060 76
14490 12215 56
40491 24626 51
44156 29728 22
57352 16135 85
12107 33898 53
26957 2772 77
57180 37092 47
56689 40552 26
42687 24804 61
53560 59250 13
15730 30219 16
12041 48234 6
12435 42360 28
30772 40391 83
3693 54990 61
59917 2290 14
21345 34735 77
26066 45384 37
10881 50828 36
38886 43366 49
11336 48029 18
44092 10527 20
13297 41486 18
12060 32373 26
56681 5557 80
20502 11226 9
21903 55458 6
2455 41031 88
29641 42333 24
54819 5857 67
4170 12930 33
530 29653 29
28827 48715 23
28387 59235 80
41161 4629 67
16573 40632 6
24061 59151 40
3275 37893 86
34414 22715 82
10239 50444 62
57040 33212 59
52392 40952 38
49646 57318 65
54370 58387 54
11286 28110 39
25185 16875 91
27514 56710 79
7840 4573 53
30394 44560 47
13367 52560 62
22269 45209 72
46388 59802 39
49792 50380 3
19093 36281 5
49397 11579 6
16254 34214 26
37207 4137 5
59232 35330 41
44363 21410 63
3475 47831 20
53885 14775 53
6079 33389 72
2733 8397 13
43248 10935 42
29163 25373 40
35996 17013 84
23737 41102 79
51991 37553 18
19007 55647 35
24132 34777 46
50229 48924 29
22521 57033 20
21648 1904 68
54508 42295 50
55389 3112 10
11898 358 13
26381 57415 25
12835 9863 84
14022 8041 53
50930 14538 54
38182 33745 93
24403 3304 45
57277 41402 59
57992 20167 35
5356 38571 34
54566 37561 16
27156 53477 3
7269 29392 24
5055 14359 1
35709 15883 27
11219 38600 21
39134 56416 88
1931 3311 85
13108 55860 12
50021 52401 16
51347 41624 36
11303 25704 16
17112 2551 81
37796 10279 17
15675 26287 77
28329 38060 21
32131 28468 90
53147 24924 47
30802 57944 10
44403 453 60
17770 20417 93
48634 12506 61
26757 16409 62
53229 53414 75
26550 46409 96
49713 25916 3
36992 14746 92
29769 11552 89
37945 10618 55
1426 53462 94
16402 39663 41
19019 12516 80
5481 48989 15
17829 18912 17
28958 51987 53
59204 2277 11
51442 32778 98
7945 10220 36
25390 10861 11
37218 47336 8
27442 28882 16
21374 49071 10
54190 52028 100
21844 24474 84
25062 8663 55
9639 40119 31
28008 48368 20
31876 12773 43
7982 36855 69
14970 23441 15
56871 18051 11
48531 19198 21
7787 46483 10
59229 21658 14
22499 7588 39
7018 11497 38
33660 25253 89
29781 2938 23
17232 8542 16
23379 39561 67
55507 24489 99
45816 52888 40
49151 18855 77
11653 50667 2
39685 6426 95
29629 32890 14
11136 10372 24
23802 50824 7
42068 15378 1
17940 27242 96
14782 27434 38
31386 9698 19
33803 32923 39
12891 27405 31
47773 49524 70
24277 55928 6
52768 57525 76
57140 16341 7
20060 43113 41
58506 7527 91
51136 56121 27
20592 15347 12
7578 22728 39
59225 16508 49
3315 27574 34
58579 22432 63
25679 7538 15
9568 25256 26
32518 33745 41
31775 11641 56
8772 59829 88
43497 42656 4
54148 21711 54
48970 21295 70
32560 59405 32
22271 28021 60
52578 40302 85
12939 46151 67
15673 16674 22
50213 22954 55
17736 29050 26
17295 32199 50
1030 16422 69
28233 54518 88
34471 28915 93
14911 33755 11
47545 3605 51
18512 21067 89
22499 41384 43
50712 293 92
14853 31723 6
14709 14842 100
39079 51336 13
52047 54410 87
50789 801 20
20953 14987 40
54655 51592 22
14095 58309 7
44557 25261 31
18148 25726 41
29192 56121 32
29487 39956 22
42869 4973 78
40924 37362 28
39428 41240 18
55009 26144 54
8094 58476 88
29790 40553 23
14011 3644 22
25124 32799 24
7100 18334 39
45502 29946 67
52240 55773 82
56793 50016 41
59614 2488 8
4847 39600 82
1633 29980 23
43126 47649 36
59521 7607 43
58673 27420 55
10620 5570 29
49634 33323 44
40636 19862 16
31196 28829 15
59440 14813 38
39798 25724 95
40198 41378 41
22768 38885 1
16043 38419 57
37420 29023 11
4526 29130 67
48718 59544 47
26865 25248 100
13782 32349 78
6792 30345 77
40692 13992 85
44268 13685 91
44954 934 77
17907 29606 27
5926 13290 92
35738 56799 28
31949 36240 100
47246 18091 21
27038 13989 80
46202 45605 85
58985 5397 86
9984 11082 64
41662 45035 83
35545 37581 17
34326 32499 74
42051 49587 55
42118 41308 65
3835 34505 66
10785 43226 36
23103 39480 35
54946 1729 65
29530 17069 12
22606 13299 62
14559 53140 74
30100 55842 44
31760 16814 97
55054 17985 6
24441 19945 37
14532 7354 12
30228 35985 65
2325 42048 19
20423 12032 41
4993 45425 42
20435 21435 4
7210 29475 42
9262 36912 48
36099 15975 2
28455 28194 91
9866 44327 97
37303 43826 99
23830 44488 53
56633 9143 63
3509 42674 22
45457 27837 100
32811 1519 9
54055 1427 72
49272 12017 26
44605 30177 88
16008 11961 24
1335 6273 69
56077 20077 29
43705 30151 23
43197 38867 71
51433 59617 100
1703 33751 11
45463 59423 64
49306 49846 94
23164 57271 5
47604 23939 77
57498 22409 10
13508 2140 69
37377 2633 66
36256 25419 49
43542 757 15
29853 36897 95
1746 25687 91
39414 55336 29
48107 14891 42
56211 46564 15
36991 32353 54
2110 44190 59
40743 43973 25
6217 44400 71
26342 11644 56
17256 55705 59
34990 46956 33
34943 35123 61
5816 21659 40
53960 1594 75
45552 44305 75
48983 2176 64
40819 50311 58
36577 17822 16
12830 4362 4
7714 38167 67
52061 41177 27
55349 9110 6
37922 31842 24
15333 15456 46
10557 6593 35
36487 2761 96
39535 16335 74
36408 13828 91
49229 4780 88
46238 46154 84
49037 57786 62
43955 26599 16
49282 19461 38
18523 44646 17
46116 16885 76
55240 47756 74
53213 49606 11
15647 58907 21
39132 47591 60
50445 30769 78
16653 24255 10
58181 6234 86
23066 6262 8
13248 11505 46
48325 52767 17
25726 6138 99
38639 42917 27
51230 7151 16
49555 59285 20
49958 6218 84
57486 10017 58
38706 25634 9
17048 46626 53
56570 27762 4
29544 13137 41
27029 51695 22
36007 30464 18
43327 48159 56
52296 33089 81
45027 57272 2
8421 11918 74
21136 1983 97
46355 28979 58
12629 49803 71
48672 27852 96
57689 4214 34
7079 18496 55
41908 21560 56
51136 16696 91
59506 56024 98
27965 12716 71
9209 305 88
52662 26971 50
44327 50592 30
16402 26626 61
58252 49004 77
25860 58028 66
32794 32997 25
51693 21850 40
43293 10030 29
52266 24419 64
35886 33268 47
9782 11392 12
54305 19775 67
54494 8131 43
7081 51671 75
12721 7626 4
58364 9763 66
43813 58494 97
5516 37014 39
53299 42333 85
58846 18931 68
7240 8484 4
41777 8226 42
40416 6229 5
31733 12389 73
24888 16136 80
21562 52288 69
26634 11585 99
44763 46059 12
16570 7472 9
21130 30957 87
35419 49826 80
59553 58551 1
20755 51723 22
42090 26237 69
44739 42968 29
29867 29931 38
33860 40554 66
47764 18865 6
44326 13727 27
43830 53103 70
35090 37126 75
38786 13844 96
32391 56789 37
37717 17705 9
36129 40031 88
17096 42191 83
10114 4529 99
27826 44285 15
56952 49374 11
42613 33485 64
40028 48810 45
41207 39259 19
23567 31478 94
24440 7186 22
57322 40533 14
31420 46332 49
41615 20500 22
3333 33998 60
37349 35182 87
2268 59605 23
5752 37855 21
40292 25876 76
10077 2155 16
56047 41601 83
2251 36568 94
20296 46510 83
48151 59080 78
2071 12779 76
28760 29438 55
19447 12621 41
43132 17502 80
59113 47758 89
36050 43534 42
37185 2770 84
37453 48361 100
58044 16873 94
55752 52327 33
13338 1239 12
45073 34002 29
46521 3154 12
44994 32323 28
55473 41399 75
28236 6547 57
27858 7821 62
48437 24232 54
7493 22188 92
14302 45594 86
43470 23685 89
45410 27588 57
50923 3059 60
36117 33453 37
50322 22130 53
30542 121 40
2947 21472 33
46298 28564 13
58770 57027 59
16107 29873 18
50077 47905 12
23149 52711 15
56697 22681 44
29848 19953 27
24193 47558 73
24099 30909 9
29209 44182 8
20787 18690 96
43276 16539 72
59102 34809 15
22770 12979 24
43576 37929 59
15211 50501 20
40431 23285 76
47898 5722 91
9143 23318 29
10504 33506 75
49904 54515 17
9833 28745 55
6056 57897 24
49213 11854 16
15009 9504 98
627 5960 98
7310 53329 6
20129 42933 79
37672 4486 5
8624 38678 38
3530 35786 18
16250 6633 14
52732 25997 48
11101 52035 54
16853 713 8
6823 23621 25
22394 58109 51
12196 14503 51
50895 52326 60
33764 1185 76
20221 29309 4
44311 23851 21
42896 28688 14
3232 23966 93
37761 56648 15
38217 48150 72
5658 7471 36
8019 52190 12
14996 35722 83
43311 20339 79
34791 26308 27
18069 6381 8
48504 29829 65
7843 17302 44
20940 23282 17
15303 42075 60
25334 35519 88
33399 17009 99
36657 29976 28
42777 58544 26
51932 3517 42
36840 40407 75
19108 52531 6
18796 2843 11
51773 39119 53
8430 47899 19
29405 39162 13
30144 54857 92
29001 42275 88
49405 30875 5
15348 56998 82
54442 19230 27
23486 40292 87
44775 34778 61
50881 36781 86
44985 29657 52
19984 53225 71
49137 57639 27
35096 25197 21
36024 54161 32
42139 9188 64
29218 49609 84
54478 35789 58
958 10698 4
43009 39102 77
27793 43385 55
59339 40148 74
51568 3983 29
49361 17910 96
29809 21117 92
19772 38930 100
44558 50594 68
53192 56687 10
31521 48217 37
17521 14133 91
43808 59874 88
49114 5192 62
14875 3986 38
59184 55979 41
12035 32626 4
7126 19392 89
27964 13479 9
27575 47762 5
3775 48699 24
58655 13007 48
29413 22876 59
22625 46921 98
51293 12668 72
36148 15422 13
12230 22056 35
59237 51759 22
43801 35647 41
32302 50932 64
36907 37621 64
16445 37606 15
54142 42164 5
8662 32413 9
33282 6475 84
55496 37699 71
52761 23652 86
4245 3706 60
45811 10883 71
28377 46437 8
45090 54958 75
53903 14586 8
16685 6363 32
33204 14101 80
38583 19909 91
48711 4936 29
48402 44965 45
54625 49787 19
56219 4628 35
8015 40108 74
11493 51776 90
59760 11915 29
4683 15120 26
58628 15929 96
14662 38399 61
8469 16564 60
51362 11097 91
15154 130 58
17316 32635 54
24494 25038 11
59493 43496 54
5660 24228 7
37056 9334 96
28589 55854 12
12150 48933 30
19874 56171 93
13961 53511 94
17525 12314 92
15325 1490 68
15375 52434 12
30375 5302 56
30401 46240 29
6025 27958 24
18786 58004 31
43834 8225 2
8808 49528 82
53433 33795 53
3287 7905 31
57868 49827 35
58072 36906 90
11121 57866 16
50971 54762 36
8694 619 38
14222 33903 95
978 11240 46
59585 32234 1
45935 28043 75
20773 39720 80
1421 22031 46
21237 18469 66
8813 42807 72
31230 44924 19
59298 19860 73
25474 12913 93
14201 28068 35
42985 46165 86
25463 22073 82
45105 40211 8
9261 42778 37
36966 10726 21
8112 30491 90
26584 31691 82
18543 33235 74
55228 32428 57
27666 38766 69
49159 31219 7
25908 59665 32
54195 10673 39
28099 38617 31
36889 27059 38
7975 5315 87
42201 51818 79
49657 56383 84
54971 33346 70
43110 26736 22
38193 42244 46
4965 23525 23
35842 51171 33
45757 51617 64
53372 8246 77
42512 11137 21
25903 12413 83
49588 53003 88
13358 46501 59
13124 10679 13
20056 25749 58
57029 46094 33
835 37711 31
50441 45089 14
58394 21073 5
42462 58788 67
16569 12228 8
22688 36251 56
20489 22058 82
20922 32889 26
53146 17323 32
31192 13029 65
49912 19714 73
22556 40192 1
1759 8764 37
1563 18509 97
59739 22150 57
36264 22595 83
46364 42435 67
25250 33388 58
35644 4584 14
43520 15075 35
52500 57028 78
27979 34578 67
4750 5325 62
32237 26374 27
4771 12208 45
45888 4172 13
45501 19634 51
9150 57043 59
3654 27948 55
14500 13778 5
32993 38885 74
1701 15646 10
4068 21302 11
54369 13532 48
13501 10537 5
58834 50944 92
18516 46456 50
15567 40979 20
58852 51430 55
13977 28287 93
37601 42072 100
47725 52944 76
44332 36089 9
42722 49068 36
20864 7625 10
15349 56218 80
51671 50173 39
57476 11140 66
34568 15937 39
37517 36844 57
5542 34772 93
24635 1638 28
42744 35896 46
14974 7827 12
59223 26514 49
12073 55380 83
19164 10298 28
48691 34575 54
36548 8759 41
3248 44412 47
57045 3210 91
3052 38247 75
38127 6794 64
35635 17318 58
41352 57704 72
59684 55038 95
52215 39007 63
39459 15592 90
52860 56983 82
46217 58081 86
3765 3304 21
44148 22332 87
46524 31744 93
14069 3205 86
21795 4088 72
44722 14710 35
38638 50136 56
54311 28314 12
20564 39312 23
49751 10421 88
317 35393 96
32950 10740 84
9817 1796 87
9023 50024 19
23799 50410 10
44712 26749 92
6410 12396 92
3347 13151 30
5461 9883 22
36803 44779 27
5942 3569 77
23390 41618 98
44392 57486 10
36450 23213 91
33495 58286 26
32286 38588 97
42253 49747 95
26792 26624 34
44622 43449 3
45222 1969 54
14656 18610 26
49167 20752 69
33255 25284 87
48594 47870 14
22045 46029 57
23545 20223 5
36109 22211 44
31650 42533 42
26116 43330 32
38278 40113 24
45554 35808 23
54127 28551 66
26100 38 38
17454 47344 79
3135 7887 96
36428 59762 80
52786 16698 43
14942 20979 79
2951 48946 63
55798 32398 91
25829 59206 99
30681 13059 6
13768 41062 88
25865 41628 16
11590 42565 60
22525 55268 74
46835 48197 21
27241 49180 42
41073 1236 1
45881 27042 44
50050 13086 10
17498 8268 22
59074 2859 44
20867 11772 37
17309 29415 46
8454 55188 83
50497 59825 100
22348 27060 11
39419 33833 91
4210 10977 79
51016 34127 19
22179 392 71
78 12472 38
9349 22864 93
24826 23626 97
40775 1441 26
8316 55065 60
54985 31341 91
46966 8151 19
25919 24529 74
49776 14285 9
53809 56873 66
42514 8790 65
20534 4231 2
30424 34490 12
5782 48182 31
3680 5649 40
55874 8909 58
46993 8820 74
32127 59153 46
59589 8871 84
30972 24513 47
56668 43248 93
47398 30725 89
31099 14786 13
13300 46780 7
816 8323 15
23334 12980 23
10581 29512 90
45258 28442 56
6577 1827 98
28817 768 93
22773 53212 29
59622 31843 57
57933 46143 80
24067 32407 95
14793 20429 69
37425 36400 73
23125 13923 56
47384 23564 2
19956 6266 20
46574 13565 95
30872 42042 82
18301 1480 63
23211 39906 56
6649 16628 56
8735 3420 62
48456 20614 68
17843 8197 51
20314 3388 71
14898 59663 30
21254 29269 99
38983 55630 34
24791 13502 50
32106 48961 9
21871 35824 54
16887 8673 49
56840 58711 53
31766 29007 80
6653 59181 2
36146 20258 75
54483 45566 67
52377 12355 60
2596 55027 33
24975 5617 10
56760 58582 88
38823 37986 53
9992 33 20
31731 57827 52
28697 39528 86
17127 47439 84
52115 19200 38
42370 50029 90
1418 38894 17
45299 30506 34
12970 40132 60
19592 7828 83
42538 50429 14
42065 19272 20
35246 10100 50
54466 29723 52
45904 19765 84
45939 43540 25
51582 48855 23
43906 8197 36
51691 1386 24
12868 10284 79
5085 55845 30
33951 40569 26
28179 51555 25
14473 16950 88
50114 5890 59
28386 38410 40
27281 14258 24
32170 9906 66
40883 45517 45
15621 44153 10
47009 27066 78
54120 25318 74
825 15691 99
23349 56230 36
4341 30524 47
15851 1587 98
52437 8846 12
15822 17672 41
55678 28961 54
44217 5876 85
16611 51412 92
42529 26114 87
3897 48221 10
47227 50064 1
17964 27182 59
33533 17499 40
43880 44338 88
45802 14356 48
30339 20230 30
4623 55677 31
36157 32917 63
56966 50606 27
51918 13829 49
4671 13765 4
45367 23870 79
27507 57247 60
30264 17942 40
35394 33155 83
33172 18854 88
30720 36514 74
18088 9182 62
39818 40375 94
48406 15752 23
35638 1944 50
14550 11359 49
13794 8956 7
10185 11044 49
7468 17188 45
29649 54599 91
55246 36094 27
24722 21604 63
57414 31449 13
5022 8827 49
54224 23975 52
35310 53576 86
28894 12119 22
13418 5590 15
38364 22442 66
56561 431 7
5949 11424 40
44337 24956 39
11850 15428 97
10402 46889 40
15720 11844 68
34567 47003 19
31649 47585 40
27719 10758 31
11494 7851 64
14349 31739 80
50364 1985 53
42009 20617 57
13226 49987 26
34602 56854 15
46540 46275 37
23686 46336 50
31903 42337 63
35324 56095 1
53444 50574 71
40897 317 7
7601 48422 96
34085 4315 56
11185 12381 21
33439 45435 81
38650 29213 15
37196 48075 2
38487 22248 28
19142 59256 52
2653 16553 62
54976 53027 98
30092 45904 98
21186 11377 26
20697 24151 86
9851 12582 59
54493 26979 23
24907 43274 80
26281 3757 33
11251 48838 81
13181 43072 19
36282 33469 77
51875 40143 46
54382 19871 35
30555 47637 42
28127 9481 12
2394 54887 37
51287 45576 6
16022 42316 28
55819 25345 64
57850 35519 79
45417 18415 19
10367 18838 26
6477 47070 88
5567 54248 86
7613 24774 41
50780 10005 24
19256 9120 60
50583 378 19
53176 542 88
40033 45234 23
2889 29370 73
49148 14436 59
44783 15991 8
19655 33591 92
18070 31103 93
53596 848 6
14547 49559 49
56853 44494 39
28007 4720 82
35775 55692 59
21758 4994 44
52373 20984 65
40185 53238 43
34258 51933 35
1147 32331 33
20870 28459 35
24239 8951 22
21531 51969 74
40115 27910 30
30500 11109 93
54830 21073 15
16333 37607 15
38792 53068 29
3934 39063 80
2124 50115 4
38677 42411 6
46560 40164 74
4901 25783 43
16710 44011 47
6056 30300 59
19603 56957 37
18082 28627 45
24196 55113 85
30244 14529 48
57251 21738 96
39336 21870 36
53435 7429 33
49757 23600 42
3073 45043 22
13157 1682 61
470 35939 99
51880 11808 73
55387 2425 42
47986 7870 71
24688 37454 11
18369 33460 64
2110 37096 62
965 59466 33
4301 13138 93
7189 42953 68
7698 14420 64
41005 6348 27
39044 52609 21
44616 35255 69
12200 30782 55
44964 12403 3
14588 27327 88
33538 43530 50
48244 33122 23
8198 34808 60
59287 22017 1
47358 35297 6
26605 27394 27
22299 37 50
8156 21462 65
34196 52937 77
45360 34151 83
20647 58041 98
55097 5809 24
26178 26365 36
30206 18525 65
47761 10888 56
20744 32895 6
52321 42185 98
23457 45402 63
11858 1752 43
14993 35876 63
6563 32793 97
45950 54608 50
50694 19541 19
3038 39399 60
56661 53376 23
33821 12689 23
8199 44552 86
55210 49476 76
51817 8030 64
30266 43160 8
50924 39685 69
15411 3670 38
39209 56865 27
54009 33429 21
10158 56605 42
36295 28769 28
40745 38366 25
52455 3858 98
7995 14104 22
34041 42313 14
795 45762 65
31762 24677 36
46893 5721 9
8715 29939 51
3869 16945 46
39815 52052 23
45710 19167 2
43088 59751 38
50439 53341 73
12553 34227 10
31479 1107 2
51624 30031 27
56617 4402 87
38043 44535 90
45197 49781 68
5749 50104 70
25140 10264 39
22969 36448 89
35183 24715 58
39673 22698 90
59679 51752 13
19786 12039 88
26823 27705 14
5954 45614 56
12914 7454 78
27037 35322 54
56762 50425 32
46510 26807 71
4549 8265 99
2076 35668 87
26906 58676 27
27361 50037 83
51662 51863 56
24039 3438 42
13950 29144 33
40038 21859 38
32576 40948 44
41442 30807 88
28236 48828 55
36278 8841 18
3960 5266 45
47662 17016 29
12959 26313 68
5772 11811 95
29993 51359 19
3730 15277 60
45007 51337 50
11260 38918 1
55653 34156 72
46628 53370 14
20864 11220 97
23394 23889 23
7846 15517 51
858 5229 11
20175 11685 15
35255 41424 20
38593 41119 42
37656 1530 9
2656 16240 10
21440 49604 14
7107 16089 46
6656 33185 52
55411 54094 44
16251 38144 83
14052 20781 69
17126 1716 67
41810 24177 84
53117 42154 25
27047 45313 18
39571 25876 32
21044 37556 26
22529 13752 16
44053 34217 68
56336 5763 7
14763 34868 98
34284 51701 8
4616 6776 5
23995 21433 85
25037 25194 1
14726 30038 69
57680 23644 52
37422 29191 84
47329 27551 15
20700 11516 74
50104 31885 91
6347 2583 9
1234 26758 47
35314 13552 67
28316 48009 97
53921 26364 20
42696 29807 1
20442 49064 3
51836 52443 78
11211 59821 64
25174 13119 27
25263 23069 76
1089 19820 17
32873 23773 75
38556 50862 12
56405 5800 75
14398 52684 40
1500 55449 57
35024 42150 7
995 11992 66
6379 24486 40
34804 5756 87
17526 46733 14
18644 12168 79
33391 50623 79
42765 58437 7
22658 37758 34
23031 33189 69
40232 35197 58
1154 39871 22
37744 15466 73
38535 3738 15
7739 27125 52
53782 38073 69
14293 25437 20
44055 13312 44
7165 49831 24
53406 32753 38
22811 47841 26
28230 15959 68
38058 40503 20
20687 22569 7
32036 8343 6
29414 19377 26
14540 37201 87
16161 14813 82
18729 27343 80
45356 8290 100
48125 38854 55
58926 7306 22
43258 4193 72
44861 31167 97
27988 524 87
18678 10729 75
53698 16640 68
2739 25738 52
17440 35946 32
43733 25901 91
11352 18377 87
15777 52617 9
36021 10031 42
632 29861 55
27700 27372 65
28108 659 28
35696 1970 10
37 14185 86
47091 1263 35
6907 31472 24
47210 54718 28
13452 52320 53
5978 11633 61
59276 58199 12
9088 38910 55
27107 30292 8
47944 7373 9
47273 22465 32
44806 13165 8
13875 22507 41
3859 1614 86
28299 53997 91
26322 9711 27
52749 40723 31
9284 323 34
45461 33646 66
42097 43358 29
30614 22817 82
28661 40937 86
56932 31423 5
46124 10065 91
59387 22696 13
37392 37703 47
16220 36336 17
55622 35491 100
17681 53226 37
36291 43348 70
13976 45338 91
52352 27573 86
6821 48348 81
7237 12322 90
46286 51832 49
36430 47749 81
56578 57211 20
35190 17449 64
3722 9769 38
37320 54438 79
10815 9081 14
58095 1629 46
47302 45968 87
46111 16322 49
33287 23573 81
48291 644 19
16256 34924 7
47609 56016 84
47338 11859 65
56936 46761 68
10429 40603 55
11234 37862 48
48527 13076 3
11526 24180 93
41634 5814 67
1326 56190 21
31114 35495 77
5552 25717 95
7476 5652 38
50301 10253 19
26494 30175 21
49925 23062 42
35180 36592 68
13621 21615 49
36309 37941 53
35119 22042 87
27509 58790 3
56167 49854 31
53870 2084 46
20313 46035 23
6122 29217 7
1383 1358 20
50674 7241 100
17822 9129 90
9676 4814 30
45340 51743 23
27244 52077 80
53606 56465 25
44876 39703 55
32550 36894 61
51237 50481 54
57718 20212 65
57609 25462 32
28495 36346 27
7120 49936 57
28804 13328 90
14396 11482 34
8282 18652 50
52261 19535 41
30206 7384 89
3119 58941 50
49969 40589 59
16562 30112 38
22966 55437 57
38431 48162 81
57698 22844 75
689 1661 55
503 20311 83
55140 21696 36
49234 55326 75
20236 56051 38
3127 31777 52
15101 55250 79
54865 28131 3
57393 47543 67
16664 24002 17
50638 25640 14
14449 50744 61
19244 32300 71
55974 23778 5
6594 29317 11
48948 36863 72
37807 2192 34
52539 42883 56
25464 4888 65
57831 20126 74
18941 14619 47
49052 54825 63
32179 22476 90
2968 4335 91
3785 25380 36
18039 53083 15
19017 2581 12
21580 45966 68
55532 43017 15
18775 46394 23
34260 8513 64
8652 647 19
6532 41582 61
59195 12164 32
398 11924 58
33301 31518 21
50101 19029 90
51667 32205 55
17149 29235 74
338 36583 56
57715 32167 1
43186 29353 39
47253 2688 37
34074 32647 41
43753 560 69
50167 52249 17
6829 38679 100
25154 34064 100
59855 21503 23
13447 57848 82
6839 10719 17
8146 46868 78
12657 46923 75
38373 46420 59
26660 40809 74
23515 41478 30
46851 9626 93
29281 2794 45
37588 43172 16
38409 24363 88
27021 9527 28
31572 44241 8
22307 31358 36
9446 33782 88
15127 42668 48
12091 45810 48
46698 12391 75
31436 53036 65
51514 17223 78
1474 53640 41
24574 22838 69
3611 33187 86
5615 49520 7
9062 1427 18
48085 27883 19
14460 48139 30
59350 13663 18
55655 29315 17
9520 7511 46
36211 8485 7
29207 29711 31
52846 41941 63
17443 16490 32
4390 16212 70
10141 11492 2
36315 34804 94
50534 56390 60
34680 14161 47
2527 24518 63
12545 46691 71
34963 41493 86
17537 58976 17
40309 29384 73
14227 57326 45
39191 44017 33
44069 36616 22
22151 14867 43
53065 44767 98
47080 56368 62
39386 46554 5
12762 9170 50
59804 7384 16
51449 40175 66
30012 1465 56
17388 55095 21
34934 51673 45
593 2553 95
13270 6006 86
45534 3523 91
27195 43451 46
40972 25083 96
36032 3106 24
9550 42557 21
1851 33816 12
42097 6464 80
59027 29626 28
39771 40379 66
51986 52046 16
3113 20880 20
39907 58629 19
34557 5265 22
288 50913 12
17246 31051 88
18292 55285 38
1332 31334 93
14293 33631 37
43472 29922 100
20266 31679 52
43816 55274 79
47209 17419 72
28100 37302 42
3586 14053 79
11855 2382 59
9844 10108 93
40113 43492 65
42588 27825 63
38210 58885 54
10189 34141 21
51365 46516 33
11067 7288 67
32008 37520 36
18751 34498 20
41779 41882 6
1691 57766 44
57118 13532 92
32310 1554 52
26473 46081 84
47085 528 26
5799 30638 36
28700 4985 23
33858 25972 31
33436 31187 69
52045 15525 96
6420 25319 80
31409 2882 79
33880 57781 52
57880 19665 64
36733 44385 25
43581 56096 16
30130 16106 12
1353 28815 61
50002 15189 78
25234 39760 53
3472 47320 69
5950 2408 49
28967 24993 55
13864 36659 4
54622 16911 33
33068 10645 90
7604 55613 20
26258 59164 46
2005 39808 3
35769 57422 95
42346 28678 27
23537 43591 20
36833 17242 58
36296 54904 18
6984 13942 76
6049 16116 40
13388 23970 13
37100 50900 98
34752 3456 76
2760 16781 30
22599 45551 62
7723 41240 68
49232 18643 84
49808 6970 30
11486 38803 78
35484 31809 31
15773 41933 61
57174 12475 26
45482 15564 58
7389 28260 83
19718 25591 4
39592 50618 67
41862 11599 44
19038 9424 85
6334 56177 18
8517 52635 41
6966 26541 24
24600 6946 72
53090 10549 99
53673 31214 7
39023 32779 68
18019 38781 32
53536 35472 34
952 12726 16
1555 14135 46
37093 55612 71
34839 29359 59
7280 29289 46
53088 19949 27
58869 7029 88
34584 49710 29
39084 31795 37
28239 12151 91
900 51980 64
28722 24023 52
43228 5642 58
35395 30771 48
41963 59833 37
41625 28978 53
17660 26698 23
53277 2641 77
52287 8775 79
20585 54481 97
41811 41602 1
52360 2238 18
38810 44335 59
36454 34606 65
16791 55661 61
36666 19445 14
38101 24926 22
47272 55749 87
26203 1822 86
32872 42796 10
6486 52614 60
37295 57712 88
17668 20853 10
57562 59481 47
20903 1921 79
33634 14393 27
13269 2304 66
51353 9930 63
53395 35299 96
30354 25153 49
47918 7368 53
58743 59434 8
38874 38838 81
49856 53248 4
46566 31662 85
693 37759 44
34669 29486 87
51085 16537 61
28009 41000 38
15690 7404 56
26441 58294 3
28980 5572 29
36109 27365 26
47440 14767 98
30354 33732 82
8392 50030 94
43769 51816 69
17731 50231 18
12021 43171 6
34648 3984 81
30182 5667 41
40046 34035 70
6372 32471 66
18676 19304 19
19667 25209 86
15062 31049 36
34358 23900 50
2009 6356 85
14514 51896 90
49795 17727 72
42865 33462 2
3080 36967 90
12271 24604 44
8367 15177 31
30983 23050 77
21493 3260 92
34056 19009 40
14382 36530 21
10222 22171 26
39226 14485 4
9106 13167 60
758 34865 14
20603 4350 13
14027 23040 53
59906 45245 62
49611 25715 69
48401 29131 3
6745 12160 91
38242 11885 50
25771 9491 13
12526 57491 36
2395 498 81
42927 29717 93
31514 42322 65
31057 29478 18
34523 22706 96
41082 27877 66
47121 39265 23
25740 48610 27
34731 14276 95
40183 18840 85
31128 22433 99
55219 4694 32
19429 45824 87
57217 17380 79
8595 32014 85
52210 47168 57
8002 17429 35
28422 19690 21
8000 9451 93
49312 46066 3
23064 48648 54
23047 46721 89
43252 52740 77
30321 26112 29
29645 8244 40
4441 50022 3
58846 47594 92
59038 7243 84
51017 24635 67
52344 1019 29
51872 32972 95
8866 45138 39
31270 30169 41
5066 46333 87
41409 10852 23
55291 14544 60
46796 14122 35
57058 34709 30
53076 33690 13
16935 10636 6
30085 21568 62
36712 14192 9
5276 59781 18
7928 10256 67
46452 26266 43
29009 34026 90
3959 2325 31
34021 15905 4
27503 11019 71
4382 43770 87
29147 39882 97
13095 38267 26
732 14921 43
15485 39923 17
18661 41306 95
37857 8583 69
36479 31272 38
38342 31726 82
17033 18313 54
55613 600 33
47488 34134 26
42466 31343 45
46729 20126 67
32099 43856 7
50378 42564 56
27918 25765 84
24669 49812 2
53902 35609 82
26825 17937 99
16203 42882 2
12091 2447 32
20489 534 44
39856 12443 67
31311 44283 38
44834 14153 84
10986 36669 16
16568 42808 51
32913 34316 93
7801 7592 73
4324 47573 1
37226 29915 49
40705 16054 53
54176 47793 96
21844 14626 98
41204 31458 48
16694 1788 45
36579 51271 65
42620 38921 1
8665 17698 51
39398 15746 16
10640 40264 52
2414 49026 45
47395 13508 71
37084 5608 43
30859 52326 14
606 59766 44
13168 55034 37
38300 3658 21
25188 39985 22
52098 44169 70
10991 34673 13
48628 39973 99
28588 6099 13
38676 52698 92
17927 52366 67
21484 35083 59
21806 3702 36
46788 14806 92
36520 53545 97
58753 35214 51
18937 22808 90
45459 16144 7
605 7874 33
22617 31466 85
19986 19272 59
45251 6635 5
8614 55798 60
39260 56657 11
53174 31273 20
37707 5185 55
10 41562 49
37215 50880 5
44801 2449 40
18403 24044 61
31269 7438 86
9041 30588 78
2427 10882 41
2950 42805 55
19059 9189 18
45613 26697 7
42971 33809 84
41403 25374 22
48408 59255 95
43537 26081 80
48470 16634 31
10828 38850 18
48209 9710 48
27655 2174 59
24701 50744 85
7309 58517 15
34113 45005 70
26474 35913 18
44267 55118 37
34105 11328 34
49828 8710 35
51062 12014 40
12420 50275 8
44672 15796 71
24762 35611 44
55400 20774 33
43021 10518 6
9317 692 17
19596 35774 84
17875 10921 71
6495 40266 36
14269 11580 31
56559 54219 13
56126 40102 16
34135 47937 19
23781 41568 12
5784 51231 42
55685 49522 96
50903 4078 75
9275 52651 87
13536 11885 78
42960 54565 80
14951 10623 76
56205 7683 39
11451 48597 97
43811 54271 7
46920 46948 58
39717 11350 54
5128 52800 54
28333 38668 100
50048 44111 33
59214 59237 79
16225 29237 66
54739 9999 30
5048 49986 13
28681 57757 32
46196 20760 27
34234 55855 75
16796 6206 71
49368 40847 10
39611 54029 26
50874 16336 80
11518 53024 78
54331 48080 100
17037 13915 19
17073 11576 47
5242 3094 7
50373 37916 75
30300 40954 1
1361 36004 59
42389 18340 53
15414 36218 38
21338 12607 17
113 22350 32
46312 31500 11
35517 1023 36
45969 18863 17
23766 4598 57
22161 2608 10
13468 35016 58
8119 56751 47
32722 51736 95
20114 32547 97
55665 33957 57
54010 3064 69
35048 29877 88
1861 21877 74
2955 46081 92
33208 32453 20
23250 18804 54
58514 20310 10
13310 54487 87
21701 16143 44
40087 40133 93
26928 17254 38
52861 44862 83
55481 41759 75
33147 21251 63
59634 34252 29
9849 2943 69
11232 45873 2
52901 40517 26
39792 13331 8
24721 35004 98
40671 2705 31
25225 37062 71
8808 34242 89
14265 2493 90
45140 56876 92
41032 1887 100
46294 49532 18
45928 40856 56
51800 28873 36
48679 23002 74
50255 58210 38
25992 2183 71
36110 24674 90
14435 58682 47
41174 49409 5
8460 22198 95
40109 15667 71
2699 20839 84
14196 30936 92
21757 43809 62
4924 3382 33
30748 20421 5
9966 21924 97
41557 56862 37
49696 47213 30
44198 4820 71
18570 775 16
9618 9734 34
48729 23769 49
19784 31750 65
38748 41843 24
46601 38829 79
19969 42942 47
3534 36565 5
46206 55256 31
50094 21993 99
34883 12317 80
24284 35990 11
39163 33725 48
25502 24757 95
7413 36901 27
34255 4225 28
16975 32841 2
16363 21709 73
28376 19664 38
15531 20312 62
47232 2556 50
36518 23274 75
38390 58078 96
36601 32642 73
3926 10239 86
14860 58751 43
6494 37580 96
28705 8766 93
8984 34658 50
8709 12203 23
26832 36830 94
59703 14954 21
21743 3087 28
1657 38993 56
30247 49985 66
46249 36013 7
37863 47221 53
43028 3402 30
40286 29888 26
32959 30360 31
25431 9893 95
1403 2118 3
211 1725 60
42978 9076 11
57332 55074 2
42267 3340 73
56500 29945 43
33744 34781 89
55432 58121 59
21501 12656 26
21268 58346 34
29607 3509 45
19394 16148 42
43958 7331 24
58087 3720 69
26034 9278 38
4152 17326 31
6685 28702 95
48141 51468 71
6245 20297 71
3449 26423 34
44763 34331 28
27786 18309 14
46083 19478 79
49875 11934 6
58836 1801 15
54755 33814 65
59467 7663 9
10484 49512 79
19592 33455 67
21663 53691 85
50978 55257 74
11207 7082 56
235 8999 52
23809 17105 65
6101 6340 36
15956 5112 2
43657 41083 84
2187 51024 65
46219 51478 51
56107 14037 61
26897 16379 60
7732 36139 81
32212 54124 5
49427 56393 22
11472 33671 48
43512 29234 90
17486 58567 73
56075 46334 52
23412 32900 61
58969 21740 6
30470 55713 92
13947 28232 49
30609 22851 11
16755 28276 69
23472 48238 23
50126 9813 76
17274 18971 56
13099 30504 95
47554 11733 63
6664 810 83
7261 59817 54
33615 22026 86
25988 7543 94
16855 1969 29
19947 22088 35
34360 45225 76
7437 12999 13
52639 5549 59
39643 7061 74
24767 39939 79
13302 4190 76
47709 22668 33
22355 5955 3
10207 26648 3
27259 26382 52
24124 11541 58
32659 27843 52
49645 58022 19
52488 3704 51
20045 40481 20
20201 55245 83
16176 14973 85
8847 15740 42
48787 48840 48
57489 40297 64
3996 27994 94
19907 24201 14
40934 16229 36
23457 30587 99
53391 15993 48
38081 20385 19
21216 10337 53
42085 44385 89
9603 52224 60
32695 35273 34
5172 9116 5
300 49889 60
30882 32013 40
15511 13790 44
27136 10876 92
41092 14830 54
22215 3059 60
2954 51264 11
56028 3703 67
16205 49507 47
46520 4930 59
37679 20819 22
31589 32842 47
4742 43968 33
38408 30118 11
56432 22465 8
19642 53826 85
343 49648 100
58327 57154 82
37107 712 36
32859 30776 94
37871 59711 72
59482 51240 74
20047 42950 63
22765 33913 28
40355 59099 65
55546 12977 91
40746 39337 44
28889 58014 21
24921 22847 87
6922 46163 96
23590 9683 55
22150 3933 21
34587 7216 40
54340 51973 55
34502 37175 86
19570 44836 50
37484 14727 67
12785 47819 70
14932 5697 40
36786 29015 60
53490 19248 86
19825 53771 92
6180 2949 69
48858 27302 16
26153 42809 12
29270 10788 64
4458 20843 57
19745 123 66
17141 36853 43
15801 57402 11
26013 43731 27
42057 24159 77
32933 8585 46
1137 58175 49
49478 8880 71
2990 14112 65
719 17914 56
507 22785 73
1146 12596 13
32758 10662 42
31562 14645 4
43435 37770 10
48095 8092 9
54262 40695 62
57751 18113 85
18763 13924 68
5551 4003 56
16935 14383 47
23029 23978 16
59714 51218 61
32400 26955 100
47427 13694 71
18012 13038 58
48501 25133 97
24157 17272 73
8795 12748 40
26140 22425 12
27419 20269 47
48098 42779 31
52854 47243 90
55201 53525 77
44226 14326 89
14644 35899 34
51883 50529 47
46998 34103 77
41005 29111 12
49474 28524 56
55958 5926 13
20848 52072 29
48215 41377 1
31327 21094 19
38615 51467 46
3052 6826 2
56074 54014 29
35052 52235 56
51084 6580 38
39475 51435 87
20209 25082 42
59627 43594 17
30533 36076 92
10968 13713 9
34500 14572 83
39899 31603 24
17119 11438 25
5919 43933 91
6404 38568 68
42872 36572 64
59294 37754 93
30173 27065 26
38912 41960 57
37739 4632 27
15578 44987 88
24183 31855 71
56267 33748 6
20674 18019 27
39525 9384 35
56614 56305 79
20634 9817 61
39806 5988 43
53116 32717 15
32295 32575 38
23944 5627 2
3631 40428 25
50537 22993 28
49275 10511 89
57177 41775 94
35658 36238 96
10981 58138 45
57546 2781 5
49275 22910 28
44074 4558 98
29425 31872 46
37879 28448 28
32208 20696 43
50142 40272 73
48475 31985 64
32953 19620 70
31419 58189 5
54890 5407 21
47787 55183 24
58424 46498 47
28133 58933 44
14558 17841 53
57623 58194 85
46383 58525 97
3455 19705 60
45666 13494 15
51257 54260 3
11636 24557 89
7310 52608 48
23512 23524 43
33133 24554 54
57226 2519 65
14984 21935 83
51248 38769 1
43432 28421 58
15052 56770 12
12832 35234 16
34600 34996 64
25155 40071 7
22900 32201 62
17214 31276 46
54823 33267 68
3679 1348 50
36172 31737 83
47571 9454 81
36491 2450 91
35120 15799 93
24246 3342 65
50239 21622 58
20808 50391 28
46040 55489 30
39368 3419 48
7470 823 35
59467 4835 33
30069 21163 46
32674 14635 7
41784 51943 76
49666 1188 25
34236 32534 19
21727 740 24
56446 7414 64
29616 7937 59
52698 46019 84
52318 41485 55
16344 529 45
55191 51675 13
36160 51019 85
58989 16904 69
11657 39335 75
57904 10600 71
41891 23083 17
41517 39031 32
34037 4390 52
27551 37710 8
27765 32307 38
41309 32112 95
24783 21802 65
54333 35138 63
13582 4907 24
30739 33301 15
15283 27304 31
2012 40259 44
15286 35750 29
18392 11575 22
50054 1099 70
52721 14005 98
10682 20596 76
46030 6432 3
41519 43538 66
37725 1964 71
54953 50062 43
52548 3978 74
28565 4154 34
2050 46142 38
6623 6808 36
6544 59793 29
4876 42440 11
16971 20826 2
49337 45293 43
34428 9870 64
50838 25094 36
47172 28036 35
26177 3073 58
11724 27466 41
26502 58467 29
42461 31420 76
10876 3489 75
41810 1328 65
30297 8912 66
54636 776 37
57019 53541 20
37128 46527 92
28258 50140 50
48110 43311 38
42053 46284 92
1276 25526 90
2346 13555 8
34142 48954 71
31292 53307 53
15506 3950 93
43216 56418 40
27263 45117 36
53702 58531 55
40855 5443 21
46528 34435 36
9504 35100 34
25074 43550 51
12732 36558 40
15989 5835 42
53877 36307 77
43850 40962 73
50210 594 19
14020 15688 18
53580 39805 93
44124 29869 93
54734 13666 92
51897 32088 47
32850 5699 2
14546 24548 93
57321 8421 77
34029 1977 87
2416 25963 45
36274 5641 66
17854 43755 70
56727 19412 79
8827 32966 64
38531 47069 62
9450 13105 9
12836 54800 48
52960 58419 72
3396 28604 75
20965 5522 87
50689 34519 93
48717 25133 23
5989 14671 83
48305 4577 27
58336 59228 9
20863 16297 18
47495 53360 2
52325 14495 13
18872 12692 41
20471 53203 87
14430 34278 56
38560 14951 64
22238 45930 77
10397 43544 41
56875 31925 48
2447 45075 78
41951 40026 96
56694 25749 68
38734 1344 89
28027 937 35
43488 5712 79
52087 31722 41
1309 33841 35
46696 49373 12
37135 615 45
55304 38471 9
46820 855 69
36748 20898 46
48171 58157 59
24602 33818 5
9684 27209 85
14551 36290 14
44196 38506 63
44628 17232 50
15388 52604 72
36161 50155 38
2136 1013 1
1610 37865 78
27603 36521 36
45661 40104 43
167 55453 6
2603 4019 12
694 51162 33
29356 24200 69
55456 49076 80
8391 41352 89
765 3945 38
37954 51805 48
45271 27099 17
40908 13358 54
48454 28095 30
43326 58917 75
31794 49497 43
52016 46490 21
4020 21729 85
28708 38441 19
41716 22438 60
38592 41803 69
43664 32556 57
49501 17400 61
2591 59682 56
27125 44641 14
27920 58738 64
44654 12349 31
58764 54935 89
41025 6671 99
18768 29519 44
41097 44864 72
26727 51429 67
28857 56859 98
17487 52961 18
26707 45625 44
36068 12590 59
19470 54759 73
36357 20079 15
24550 52813 12
15859 56531 87
48972 38600 43
16924 13242 82
46847 20398 34
907 23778 49
1471 44575 61
8852 10004 79
6555 34246 17
33858 23713 20
28922 38950 17
55059 20929 17
12168 39508 85
53788 25751 73
50696 4862 11
8824 51047 33
16659 26724 40
32769 11277 48
59485 36500 29
2476 49618 96
31937 54115 56
56366 33628 28
58461 26978 96
37834 46639 79
13115 35784 69
21002 22349 16
8636 2498 8
52208 30815 45
42483 24728 67
23721 48951 5
25010 34911 47
58124 14871 52
15739 978 49
56242 19438 37
8716 59625 24
36084 17457 30
39401 59065 99
52515 20841 55
54388 45817 59
27055 51774 96
56764 45776 7
3570 13389 33
8138 8291 97
35352 50607 10
6613 43092 36
51684 15583 49
58830 33125 27
5476 25506 75
28897 30215 24
35969 57737 93
29479 41474 51
29223 52419 98
54440 39665 68
42365 45129 25
48446 7281 72
8432 47390 17
52657 51650 83
8693 55523 43
25317 21258 48
5467 27491 13
24059 32158 69
48480 56803 67
23289 39822 97
44376 56102 79
56373 21773 45
58355 52028 27
24205 55633 22
45122 3750 18
25628 56284 55
33366 59502 88
47869 34586 47
5913 3190 52
33173 6743 73
7875 43934 59
17850 35698 44
24279 54781 11
47124 4103 40
36513 19247 28
52904 3766 70
52890 21668 82
27157 55949 27
11205 42518 85
27826 48467 6
19790 33501 3
51472 27854 37
14121 8048 67
56349 3041 19
28212 59476 72
26670 38721 94
59004 24862 41
51004 58401 54
1357 12600 47
29149 11792 46
1224 9320 28
11603 47248 98
6080 10103 56
36304 42565 57
56368 78 48
557 28298 87
23401 26632 38
56483 36604 95
47237 18350 90
42899 48482 39
30848 50803 92
36683 50218 49
56625 9710 68
21220 21268 1
54415 58807 54
35974 3890 82
9206 25275 78
26543 41879 32
1619 25569 50
26858 3434 95
22035 51477 15
31673 45846 27
21208 18167 37
3243 19633 95
29725 24713 56
18490 32805 54
42725 32994 53
14149 44108 77
11844 9375 52
26141 17237 4
11194 39510 57
38080 29808 82
56512 45099 12
43548 38933 54
39981 51450 91
49189 56813 27
13708 21521 64
51236 4137 89
34948 56011 87
376 27866 40
15843 21311 19
18163 31866 7
52095 46904 91
14904 27470 4
24089 54792 36
51059 8631 11
45664 35779 56
56076 6432 68
2825 16776 56
57157 15041 74
2697 12241 4
35798 12631 69
38460 48430 46
35855 52915 24
9794 30249 43
53214 17963 25
56254 4601 22
32205 34330 37
48508 4767 93
44578 47754 42
36383 28208 42
18875 40527 87
21934 55094 76
42939 794 24
51090 40885 61
29727 21035 13
19855 37228 57
53866 12543 56
4021 53988 84
59182 27384 36
2231 22757 45
38198 42592 62
48835 8174 1
39360 47275 80
35707 59784 42
59192 50664 90
46768 40999 37
15398 17600 7
41617 42683 83
33156 6609 92
4423 7002 92
25456 44391 89
14761 13052 97
11066 4010 12
51997 33236 11
33195 9529 60
46837 47847 24
48702 14077 56
33420 38716 11
36364 28504 80
20103 10988 39
27152 314 51
58113 5384 92
53848 46700 87
10450 50041 12
40158 3683 15
19166 7208 47
38346 57007 94
29442 46213 93
5951 55656 57
45070 59042 19
52306 10477 8
20718 2349 13
321 28653 12
53033 35594 41
49063 12656 9
57055 19966 36
32463 20979 17
2107 58794 21
32475 35406 67
9401 25818 50
8153 13163 35
37150 14472 50
34516 16897 31
30048 13660 12
27423 10785 45
38874 31107 95
15047 39100 26
47634 12042 87
2057 36099 13
24582 19636 34
57382 49721 50
30251 56713 71
56925 38608 74
286 47523 76
28810 47849 83
32093 50742 97
2778 45173 22
51916 42345 99
46674 20488 64
29745 10114 38
6545 54622 1
17316 37877 26
6782 9778 42
22154 6057 71
62 50884 52
26396 32221 30
5049 1172 63
30997 3907 68
18289 2279 39
51821 31904 49
15021 33969 83
9982 47427 67
28066 17777 85
1936 51558 5
45965 3885 71
9383 23535 28
22893 35314 50
16004 5644 61
7794 7152 53
50740 2320 19
37845 55229 43
35441 58372 80
51937 8093 72
45211 13076 4
25009 51218 1
11925 43890 62
1393 34403 77
52338 21156 72
54502 49010 81
45789 31422 35
46576 20431 90
57397 46098 50
24747 16442 89
14480 49215 14
10385 4978 15
16098 42724 96
2288 44951 49
1971 26450 17
22897 14606 93
15238 7082 68
59100 35330 73
26401 12731 5
6722 19844 12
20317 47690 50
26886 55339 15
40980 58957 25
53813 12603 43
28465 31184 20
59476 4892 17
36522 17451 75
6023 17669 29
37627 6167 33
56342 31236 100
32648 12080 51
2680 24474 25
15092 29293 34
54031 11253 26
10317 4416 94
57984 37730 98
24854 43367 56
41918 44183 20
29315 40037 10
45735 50250 59
51217 8038 40
15422 30454 71
58881 14770 89
26632 41595 75
49363 41981 76
16617 43154 9
44525 17083 97
15471 1947 3
19792 6712 79
39006 13369 100
45652 59157 65
33262 44029 5
39937 876 64
47853 6371 73
36042 12976 79
10394 32253 19
2031 31327 12
58761 18808 43
30073 49853 70
2340 54880 27
35993 21074 35
41207 19913 7
23986 6177 71
24393 22960 44
54150 34607 35
11691 51982 22
17690 5930 89
18783 39959 72
45298 9585 6
28074 23867 47
15290 19082 71
26743 35544 70
31431 3365 53
55346 10163 62
1493 43709 61
18951 31079 38
25534 36715 91
33347 47112 75
46720 58819 3
6938 34339 74
36154 17679 97
44048 3152 2
3682 19786 19
41197 12762 48
29352 27561 89
9841 22421 44
40891 13786 37
44586 45788 1
1274 5648 36
33026 15155 88
16934 45446 56
19948 39788 29
4323 40483 72
17444 58364 24
17775 16448 26
22621 8838 64
10614 21357 16
33651 52253 73
50888 28388 27
46133 450 29
55968 54616 26
12479 30111 52
43543 51309 30
56847 32961 75
43215 16290 100
38118 48747 70
51584 4468 74
48766 9545 40
59296 12542 84
546 24953 89
17020 22249 26
26476 59111 13
31784 15530 67
6540 5702 29
7587 14706 4
19960 20829 45
3847 32243 26
19596 58944 15
19822 59581 15
41797 56953 61
6510 4159 19
49613 35759 47
51542 12934 82
31492 42590 84
34569 42776 81
50350 27798 58
10813 55950 76
32737 46731 67
14712 12939 18
3095 24253 91
32634 38277 18
2 51258 73
3834 31818 92
44595 3453 19
13211 25279 55
17071 45679 17
9358 12148 56
44410 54331 6
34250 8508 76
10679 19928 21
37507 38895 26
54747 26172 89
15898 31898 48
8509 9312 92
251 35793 74
50894 53799 16
37270 7673 70
45175 39628 75
55570 12500 4
58560 51662 26
55911 13550 64
37627 27807 49
28058 22971 29
3598 18080 42
24043 33058 52
9208 13863 84
32473 3137 50
56165 29851 90
36521 11191 39
49213 42562 40
37402 31164 78
28289 9237 91
38924 24811 79
14770 56341 44
53626 25102 58
53326 15581 35
23844 43526 48
36551 51145 4
46733 8972 76
55614 33054 84
19487 31302 3
4668 5419 59
40049 47728 55
30262 1417 2
16513 43917 4
26340 47589 67
14298 25733 70
56353 56579 54
5790 38637 6
55017 44724 83
50894 12327 37
57599 9697 22
51205 11262 87
45325 10755 88
14244 34076 72
15264 27253 99
7318 4777 2
45225 49827 49
30561 55707 18
36366 15022 22
27492 38311 18
4766 20236 91
38170 47928 63
55004 36511 13
11593 38212 7
6865 59734 83
48831 20449 67
10108 636 10
11187 35578 52
10775 53953 80
11332 35782 80
34339 32293 24
41751 24607 61
40479 31513 93
34238 52834 40
18533 24449 79
2251 7263 67
7501 9091 59
57222 37947 97
7691 42444 43
16675 49971 80
22331 38663 66
2163 35864 97
40187 12081 17
18537 7581 42
47980 44214 68
13172 54998 93
54298 54183 61
13450 23922 90
22999 43169 90
11522 33338 57
43412 31418 92
13004 19162 82
39850 44255 54
13789 18432 60
3906 8898 46
6063 14425 34
13608 48827 85
47911 52984 95
35054 8556 21
109 16477 59
52419 18537 71
37490 29792 94
8321 13688 67
9029 52089 88
54711 54421 97
37034 2979 98
18402 34344 15
4323 15861 15
744 46397 34
8753 24892 11
53799 8836 18
18192 3272 48
8294 5204 84
7247 31942 75
56113 22444 56
25042 42667 32
48619 55684 33
5636 41373 72
25944 53335 39
57910 33861 1
41088 51036 27
34455 26055 85
1932 35304 93
17494 32468 15
14117 42000 40
13566 40773 67
349 34211 30
59854 21474 96
52436 44561 10
36263 23500 52
29691 23856 17
7830 37617 12
6583 56853 60
56173 36427 86
29506 3139 53
11597 14374 93
50611 38787 8
53621 27433 98
58989 42327 12
41126 22822 61
12393 24150 91
40831 51240 86
47527 37044 68
47054 9415 40
47150 20625 70
6752 4681 15
4956 27367 64
26695 22212 74
14394 52909 54
4909 14499 54
46514 30677 14
57899 42765 28
59123 22838 79
42809 16307 50
3849 37450 83
19455 16085 21
30605 3796 34
58020 28053 97
18278 16614 35
9043 10581 11
39255 5820 54
37697 49877 44
44079 44655 55
49411 18395 2
36701 39273 58
37586 5860 12
55907 18921 41
27294 35701 12
48526 25962 13
18947 8044 66
50292 57032 4
13445 13169 10
18799 3613 66
53913 16878 57
35457 56164 6
47103 10611 16
56812 17483 9
2856 5577 80
50478 59490 18
48502 14416 69
17551 656 77
57442 46065 66
27915 3103 85
28795 38043 80
47640 866 48
36760 3169 17
43253 12173 17
43857 43461 83
7096 20976 63
25815 8193 7
13141 25668 94
27938 441 11
7500 1698 94
8234 45632 24
55443 34231 76
31592 10589 78
3168 21283 26
45967 4159 81
40453 14199 1
41225 35117 28
10850 15976 43
18426 44807 9
14390 52464 76
33952 36333 68
58152 40586 36
25079 11570 10
3510 55230 71
37070 14793 29
22623 44418 31
8292 27395 46
5294 59889 30
10408 41260 87
42912 21148 76
37781 17473 28
24507 21060 17
54958 54623 46
56728 14900 57
58738 46263 39
49593 44469 12
26418 27768 99
7164 16877 65
50363 14258 85
14931 2908 55
38648 3603 2
14271 47274 3
6733 24924 99
41855 41752 37
12891 8676 99
19074 41672 52
47783 39710 68
17074 26206 30
14555 20066 60
59778 33195 85
43926 55131 98
32417 34120 20
26889 26760 93
21184 3790 23
16005 55296 90
42743 50408 39
2777 24016 96
45820 26256 93
28018 46645 55
3636 52608 86
27355 9971 40
51604 45744 14
42185 74 70
46010 10790 52
51399 13423 64
28447 19088 43
5923 29869 21
36246 9597 11
30523 48901 40
38324 17288 38
7260 54576 39
8141 9347 48
25879 24068 67
46371 25772 39
37051 59279 34
41311 25024 85
27611 868 27
30299 2874 52
51632 39480 87
18309 29460 90
6497 10672 48
40104 17003 22
2784 8664 18
24250 13498 61
45423 38249 53
36252 56576 36
23140 44072 37
13386 16313 50
54281 34655 81
34504 1053 23
23789 28482 40
50512 30414 53
620 8564 39
41657 22380 11
54928 26729 9
1120 22481 73
51066 52606 3
59493 10528 77
49541 13750 12
9694 31882 25
9226 2918 30
45915 38200 22
30456 46923 62
7340 52951 78
14418 23389 30
43118 14844 88
33334 21605 48
16322 33275 7
55804 10933 44
55583 5632 34
17563 29842 18
31881 15431 79
56538 17238 54
48149 30383 37
50134 25621 54
5863 10639 58
54427 4226 15
40461 14305 16
28148 29017 4
41514 22470 19
29216 53528 92
27685 57018 13
21824 1899 98
8277 52661 27
44131 41750 88
48029 36407 11
30609 55375 10
6389 59827 18
10656 4478 29
7849 49508 59
56215 27360 94
32578 32490 80
42742 12918 7
21414 38428 48
12299 35349 82
8159 25189 93
39359 2828 4
45204 2520 24
34925 1534 86
51043 59680 97
24558 45819 29
13419 50109 95
56332 46112 55
20603 12020 27
57109 57284 58
44434 20704 100
36790 23251 46
38702 47927 72
29995 10229 58
35794 24923 45
2089 16373 81
41579 57419 36
56878 44319 64
11899 8294 72
5 24275 37
17027 32174 83
6692 40107 63
19328 9781 3
31773 30154 31
10771 14828 1
12476 5580 82
53421 19260 43
36994 1784 99
47191 10870 18
17570 15786 38
27865 57162 20
39945 36549 56
32134 10926 58
53242 7436 26
45570 37307 15
58389 51639 82
33770 37718 60
48528 30376 92
21630 37395 64
9102 30761 68
43430 27752 78
23804 32239 60
28334 29009 6
29331 34824 8
22332 16606 83
47923 2923 45
36897 51485 60
55464 54066 76
56466 44331 28
342 51524 8
15726 32225 67
20724 18569 69
41906 32042 59
2145 55740 21
7627 43071 82
6719 22142 34
41242 15887 68
1404 55565 72
31892 42571 49
4708 36118 99
53155 54837 3
43619 40442 46
17003 58381 75
21879 41959 87
33105 23266 65
48744 57730 20
24978 41386 24
43158 39890 40
29949 46480 64
1681 4752 49
616 22552 57
7285 56564 54
51122 16865 79
48119 19546 91
24398 6158 16
11414 3781 32
13933 42087 46
2952 40049 75
21691 42438 26
25442 43614 50
51280 36461 47
11172 41693 8
31416 897 9
54142 3175 69
2461 48022 71
23862 3421 72
16196 51994 36
12957 2118 74
13893 31448 10
29435 33098 35
9382 23499 90
43299 39646 95
58648 25259 17
18795 48557 69
54999 54377 42
43800 19887 67
55704 29102 30
24310 13655 93
7066 56202 95
50214 18595 94
40731 24693 7
29341 18467 6
44186 21753 68
54239 39634 34
1379 33045 8
57333 56454 67
3339 3067 76
46346 11297 82
55774 19939 7
15582 37786 72
4364 4369 38
24970 45610 3
1625 54419 35
39571 4817 10
52659 7193 3
53410 5286 33
23240 22637 100
49289 6211 94
21455 22937 13
39621 55530 57
45747 57441 36
55683 58192 76
16533 23837 37
3 875 4
53157 48861 63
1648 6563 80
43307 26460 94
4641 30499 82
37907 50413 87
16162 10891 15
5335 56363 70
48720 8958 40
3413 22861 92
49758 57594 28
8599 10494 56
43238 59626 70
4166 17847 37
28269 33958 27
16459 16835 71
50227 13347 40
37836 43001 86
48757 18563 88
27534 37639 1
25897 5440 73
47217 45685 55
54959 33350 42
28247 4250 32
37562 26607 65
7820 35604 16
16973 20685 15
41086 24197 12
44704 11288 95
28089 6012 86
14636 53805 72
53774 32085 27
3419 10413 99
53893 13176 22
12604 55211 50
46209 57783 58
39298 31324 89
46158 29759 60
44368 34782 97
43246 27867 85
298 39801 99
8532 53816 66
39713 32129 68
58204 32620 22
28434 41969 60
19382 50860 38
30659 31007 43
25283 5134 37
10233 52616 23
5008 25611 74
55167 25810 31
41925 18137 66
25099 36616 51
57239 32561 53
42446 7569 81
41542 18765 30
49369 1066 18
35803 58219 72
48082 2796 93
44226 45336 73
38187 22007 70
19324 54909 36
51160 9507 14
47857 8983 63
55781 37319 72
41457 55815 69
21318 22113 85
40227 54612 12
34713 3271 16
44396 37427 50
12162 23397 14
25811 16047 48
37049 35772 22
57820 3308 35
23105 32278 99
17031 595 64
30561 11718 82
9772 23893 62
53322 16349 15
32452 4786 44
27324 29291 72
55175 25255 8
30599 24726 59
18953 8575 72
50344 34660 50
18127 7961 31
52582 52314 47
46051 44755 58
12214 57635 22
33066 33204 2
37200 52876 83
21200 17059 30
56012 44750 64
48135 30216 34
3404 3397 41
47302 54859 2
31946 39231 39
21722 50347 36
22 24130 27
38882 611 7
34788 39208 48
47858 34060 99
27776 31203 54
15453 45612 41
20407 44191 64
56493 38670 46
27516 41241 50
16380 55789 17
32723 56036 4
11953 32259 39
17093 44544 63
50851 16356 23
54748 39966 89
36884 6789 45
10185 48832 23
36301 22629 81
26557 29002 46
15222 53681 60
41396 56329 94
58703 57814 96
1768 33648 92
50159 45922 96
45951 40208 96
43950 56231 24
22365 295 90
21187 11752 90
26229 36742 53
18835 25260 2
37965 37360 59
56984 5437 29
11692 58127 21
13993 26998 44
18418 30997 90
56749 51490 61
13384 58449 73
35678 7986 63
193 1922 60
13448 4257 47
25310 50442 85
50878 50128 39
5225 53515 74
38411 16003 39
32360 28757 47
11381 11238 59
311 44280 48
32378 9843 18
23495 40645 74
48625 26556 74
51382 16018 60
44359 55235 92
14820 45002 3
45210 22646 33
11872 25615 71
50506 26402 7
29725 32198 15
57944 56200 39
14092 2800 27
11326 34597 45
8998 46221 67
28002 54426 100
737 35981 44
42406 58150 45
29423 9021 11
20986 53001 72
55524 50954 17
20327 21310 52
15512 5151 24
6589 4755 95
37973 23510 69
40780 31390 8
14318 22066 46
17364 30023 88
2121 41136 80
11578 13314 94
53806 20362 30
35041 49679 36
13635 35975 23
9727 12277 87
48700 5308 16
18238 21487 96
1376 22751 4
47449 57816 56
14306 51597 99
52621 18981 26
43471 14429 82
42958 17859 95
19881 12406 33
13344 2578 48
44818 51229 94
23301 14572 97
30970 79 48
48303 17567 69
24683 43564 26
44569 12548 37
39569 754 17
26357 20562 81
284 14892 49
19556 21184 88
12352 52357 98
54780 20113 85
39610 50652 53
8424 4519 65
23729 10066 25
59227 54326 69
22645 30538 53
9743 40018 79
28121 33555 29
27646 37352 28
2893 56425 4
54914 20083 31
3957 59104 35
13267 44975 75
59698 57133 49
21097 3622 26
6545 5672 75
45032 28246 86
27539 50242 65
49366 13237 89
49616 53046 74
32237 14651 82
32037 6996 89
49902 45974 59
27803 36090 16
17050 4961 22
58971 17189 27
46700 26190 57
52716 17988 40
42871 26562 41
9796 43982 66
7453 38216 61
46296 39761 72
29558 58371 30
46102 40705 48
3833 54552 38
2896 43127 27
38221 35064 54
25276 50979 42
46994 42417 17
5788 11140 68
38703 50952 72
22609 5285 39
18740 8928 17
50434 55048 67
30224 29321 20
12185 56725 37
43255 32821 2
25769 23445 3
12428 2630 14
21794 56296 18
31797 7456 17
1866 35717 53
18187 19556 12
11770 13130 82
13514 22050 62
406 43687 37
41691 1544 85
30835 37205 100
59150 7554 21
36392 2145 19
44117 603 68
53929 2546 35
54072 33999 4
4120 1668 58
506 45993 35
54624 16476 10
46417 11656 89
6172 24867 46
7959 26547 12
17832 5012 74
51891 16964 15
5427 23442 38
40372 10639 73
6315 35601 66
38446 9539 30
42038 47319 7
38462 22257 26
5790 19609 74
15216 53476 57
59191 4765 25
26880 7771 5
55698 21043 91
41985 41734 88
36899 41999 22
28575 22324 18
18172 13157 94
44280 32672 15
29115 28567 35
40435 7341 30
53128 40216 34
27140 58277 13
43825 34044 66
12850 48308 77
54847 33279 34
10834 8144 47
43235 56201 55
139 28356 64
40932 22374 96
28247 3013 80
25657 33627 98
3951 4741 79
8748 17667 38
40523 21810 99
24459 12781 40
9548 4541 69
10748 38866 66
121 46150 43
31733 49881 58
23176 29035 43
44449 3835 36
19671 10645 45
19675 13154 1
18720 48123 11
52997 43001 42
39407 21893 2
6408 5103 69
9697 4846 66
39827 23287 100
22044 4784 3
4908 15107 65
56487 16201 58
30664 36349 1
2701 59913 90
25595 53768 65
50910 25593 18
10049 2703 36
44320 53817 43
38175 47631 43
21540 36691 7
8964 5918 36
31416 39197 14
568 43111 55
37759 14031 90
22272 11569 27
38473 45841 32
52467 18775 19
55372 42837 15
49278 42472 65
56435 58605 67
14250 23885 68
44981 11012 78
52510 38213 28
53989 58757 67
56140 3577 71
44573 24948 11
46710 28381 79
18894 55107 82
2413 47747 19
41014 32165 77
25956 26002 19
17598 44967 61
23194 57829 35
57958 33457 43
14995 57458 69
56241 13456 25
19426 25112 59
28830 2572 99
13650 33426 85
34075 14713 84
52955 1555 56
15888 30307 33
17501 48228 15
3088 49260 60
35711 2681 71
54549 43758 79
44323 53874 75
5609 30069 22
53525 41910 50
11802 12404 10
59583 48921 37
58017 17617 12
42595 3589 71
25804 44547 9
16779 25031 60
26504 14142 93
5418 2037 15
26782 48777 20
57445 34727 26
21286 19421 53
21702 9210 9
53025 6697 18
57481 16704 1
43423 44354 4
50034 53792 86
56340 21279 63
58080 42174 39
11154 13316 30
50342 3324 78
59743 53926 15
20352 52990 39
34357 14978 95
18594 28516 37
19907 5807 4
24958 55912 76
33484 52403 98
35649 13122 96
25672 8496 42
59347 28514 4
23554 51730 99
2742 124 92
692 11896 88
12292 6948 71
19085 58504 6
12778 8350 10
4106 32023 16
22135 20817 22
57992 55847 76
57635 7235 85
45478 37015 70
16468 45739 6
36940 5383 14
48737 23383 49
28604 14169 4
37850 13850 37
56283 51842 86
33354 45916 87
18736 2341 19
55199 43076 72
22726 54165 33
30099 15259 97
21101 13934 12
14546 52054 55
46468 56053 72
42183 45547 76
13059 56676 67
24589 2134 91
47199 37544 74
17427 2792 16
39113 54208 14
11366 24191 52
19118 47239 54
9478 6308 87
31791 51299 92
36951 7083 86
6393 18171 63
37191 29163 72
30122 53690 7
1450 30628 92
37953 43337 97
44413 11061 37
54863 9566 67
47334 50682 67
48414 10504 18
8096 53224 31
48917 2095 20
24760 12006 29
31291 18410 39
5413 4523 75
26615 27149 11
20917 7903 9
35531 44360 14
11615 48449 79
41761 33012 94
43815 57092 56
33091 1028 18
20144 27183 66
19919 20896 93
32430 6956 100
26179 30620 69
42209 10666 33
51088 44293 47
15806 16420 26
52313 1371 21
55360 58879 8
2204 56661 43
12490 45467 25
21370 8763 77
24784 27725 22
14831 11491 99
52796 30167 34
11709 41410 31
56150 32814 51
210 9931 92
49692 42177 62
1988 1463 100
13351 34622 73
4442 39977 7
21785 51618 18
26579 33846 60
53158 37520 53
4497 26301 75
59000 26618 14
54593 28166 17
14686 45768 57
56035 17127 48
28605 25787 16
22079 52711 56
48248 45932 66
17227 47706 99
31160 22939 62
25412 43511 98
56103 57138 77
58981 14849 7
1463 54571 46
13527 49909 31
32224 9522 86
52069 2389 3
28485 9329 8
40689 22244 86
47451 57286 54
6267 28185 83
27716 10844 75
16102 32795 2
35337 30552 74
57909 33431 62
51291 46991 84
6976 44113 90
30912 22820 70
20404 4770 37
39034 8527 71
47256 17428 39
32862 18536 94
15465 28013 51
9932 45530 77
32983 18904 27
19962 43495 28
50912 13952 42
14524 17975 93
43267 49865 18
56959 46360 32
3577 35388 14
28782 25150 9
29859 34224 22
56400 39176 97
3919 40648 62
55570 45095 36
32520 40295 41
53711 34093 94
7741 21821 6
16753 59837 6
45058 168 27
37190 9028 23
20924 57418 45
15355 38255 10
48459 5638 83
44057 25719 47
11022 51154 11
51542 36749 4
39992 47741 82
22109 12252 2
39449 24868 20
58166 41900 82
7959 41863 74
7989 47104 30
9913 51377 19
58195 58137 5
26232 42272 43
44736 31328 68
28353 41833 27
17571 20009 88
9006 50916 10
17328 44149 1
23278 57384 65
20869 41955 35
20689 18781 37
41445 58560 47
44638 41432 99
45329 8468 26
27950 4024 16
53828 1446 51
10569 22853 81
31662 4010 52
31243 51557 97
44953 5477 53
26058 31581 100
59439 35404 25
37734 6853 25
46167 43111 84
20528 14018 73
12976 25568 53
53936 10135 91
20283 53284 81
36436 43422 17
54338 3924 9
22724 4581 75
12961 8938 19
15303 41848 87
32281 20219 1
12167 38603 62
14700 32312 94
59341 12277 15
5089 57811 23
7421 43342 35
49500 50406 76
38189 3071 6
47218 2333 54
1807 49296 19
20127 56245 66
54344 22716 85
21012 21997 12
11642 21367 94
9057 5275 65
18039 41310 33
4678 24909 33
45540 21919 80
48997 46082 51
35465 22689 87
40197 54105 3
49735 36717 22
54209 1049 91
38916 34614 96
48719 34282 72
58111 11667 53
52795 46999 99
23239 15758 10
993 29285 42
35800 45093 41
30692 38485 52
17266 52618 14
43121 41631 28
7151 47167 46
58499 7185 48
9963 23233 33
12535 33697 62
44597 41859 38
5271 6516 1
40887 43824 7
43891 57903 94
8786 43039 48
43220 35821 68
2670 35913 2
30868 49769 62
35072 22426 83
13521 22622 59
32217 40484 24
9076 16440 6
38243 22193 73
4248 42517 10
32683 42824 25
29132 53580 1
8738 54153 68
3372 40672 30
15877 33769 90
6390 17802 72
35845 33900 73
32918 9474 5
12719 12889 76
47968 18060 6
22107 403 64
33746 9487 6
21252 48915 65
59510 58495 59
30475 11609 88
42541 16985 17
40050 48822 5
5755 5374 24
7246 2044 64
45199 1368 72
51153 12889 42
47007 27065 65
20850 41755 89
7209 38109 72
39292 35236 99
38855 11910 41
53391 40664 80
47590 43155 23
48099 16418 87
8780 32103 20
25273 40123 31
55748 18681 62
37378 5628 14
27450 40530 93
545 20678 81
22208 39213 51
23311 39070 53
27885 48196 68
52368 29827 28
34225 42035 65
58129 57767 53
7577 17974 80
39062 24145 100
40145 23759 57
6075 36744 15
51340 21325 86
51414 24499 1
20670 57999 7
27808 7712 11
58266 29112 61
6582 52996 33
39787 10525 99
15914 48754 32
7123 51301 73
26410 43381 53
1290 37858 77
6537 43 10
8457 3971 16
3651 7112 9
33813 15292 3
53278 56048 9
30963 32530 74
25612 6155 29
26650 49269 49
3493 51212 20
32965 25529 80
4687 55441 95
16149 15949 33
42736 15944 2
6527 43877 61
7244 7932 89
10971 39745 95
48099 40563 46
19152 4761 71
22443 20766 71
37060 5890 94
35902 6159 54
48268 43870 9
56820 33432 34
24986 12640 40
25794 48722 48
58418 33356 93
46747 58647 65
13993 32826 96
41134 20376 30
45241 2161 59
47334 19149 34
27722 48630 74
42204 39964 91
42387 22353 90
53147 24960 70
39188 43394 52
45393 30847 49
44774 15947 18
10036 24509 45
49435 48950 7
21415 22976 39
24053 22809 19
46849 48087 13
21326 27871 16
46781 10846 69
26595 42784 57
50747 10007 70
50798 24674 93
50146 30844 3
5465 846 11
4661 18293 20
43200 4928 28
55666 40057 45
21301 11770 94
28868 20102 44
7063 16587 8
50604 29249 26
52397 47089 77
21674 10356 27
10950 55554 58
843 22104 8
36340 9039 37
34617 52453 58
48966 35112 53
57773 12597 74
31487 10833 26
42046 5773 24
5123 51863 70
40363 8962 92
29760 46740 93
30007 23985 60
52819 17309 53
55596 56999 3
52130 51808 51
5353 10710 19
52144 15720 16
34164 41039 49
6915 39029 12
52178 10853 82
30074 32242 35
581 38525 66
43236 49057 62
58725 48957 15
14205 2712 19
12303 29487 38
8350 56392 40
20900 23281 22
19525 36286 97
30563 31684 27
2952 45720 39
27268 58574 15
33626 11738 54
54812 57776 89
6488 42246 32
56653 58154 9
45013 35307 58
36396 3348 88
47373 34311 6
1251 17749 14
7648 4642 93
31247 14467 32
51501 8578 13
51732 37217 3
38966 19589 27
56328 28899 94
10040 9528 22
50927 30554 5
3434 21847 17
18832 52109 28
4047 32759 84
12690 34672 80
25862 33605 27
8272 44401 13
10139 34859 69
52177 46310 64
39329 51158 80
59489 26158 11
49146 47864 7
53953 30337 88
597 28490 98
43304 34985 4
25779 26959 86
20538 1679 75
33833 48954 12
28471 50503 32
36114 34736 96
9487 33810 11
1186 47343 74
51910 8121 27
5612 9300 66
46056 33041 63
38320 4751 19
10375 6490 68
43262 18712 5
21619 45268 22
48044 57265 94
46222 15874 89
20148 16153 82
20349 15736 73
57239 46958 58
14268 11063 24
6946 38783 60
38309 8589 46
12946 43231 37
9456 3625 23
28440 19413 56
58606 5123 16
1786 41490 39
50469 11244 78
34971 6710 95
11443 16719 42
31463 20469 73
58432 36050 32
42355 48038 26
23665 22226 20
47326 15563 31
26900 5367 69
50398 30777 61
57981 56748 35
53279 35970 60
52283 2615 57
18410 39869 32
34022 49162 28
48284 42604 95
59030 3528 91
29677 58584 32
56777 20949 40
5400 24993 36
55365 12567 27
381 28744 12
34892 47062 79
34735 21525 61
39066 22339 80
56075 28824 3
48492 5970 58
58595 17647 11
15475 34549 98
11066 32228 75
32189 37937 6
31186 21232 24
15104 17394 36
48465 3649 60
12797 50727 27
9708 45426 47
3929 35161 36
49574 49819 13
59112 36258 60
26347 48656 79
30159 55481 56
24342 13654 8
45021 32864 22
54408 10920 27
1085 42548 77
2165 23592 16
28533 38133 42
23961 11085 72
44853 16387 98
21701 10216 18
28494 797 26
36101 58368 52
32297 31236 80
50275 5453 69
52243 36223 38
17571 33289 97
677 49577 79
39772 38917 16
28312 23694 91
25847 58478 96
1164 52186 53
14945 34297 17
14573 32793 2
4665 30337 68
36372 14500 14
9352 55033 42
53908 45088 75
133 26241 34
30155 32613 52
12884 41856 1
17247 53024 53
24966 4516 7
8292 50313 53
29528 26993 68
35342 52413 53
253 34917 70
25216 26970 39
17192 9157 78
26611 29826 38
38097 48904 34
27842 9142 26
28360 16769 96
28234 46930 34
751 29823 47
22402 46092 32
39046 38501 8
29840 22090 70
24707 19369 76
28438 41417 36
5382 20147 10
22240 36383 19
11801 21743 75
54673 55195 98
43202 53916 12
10377 28249 7
18166 56076 38
30669 15679 100
40313 36676 71
47673 35264 93
48126 21652 27
54449 6492 38
15384 7680 15
46427 42967 77
12350 48899 85
40809 11762 21
15757 46835 15
10793 44036 57
51410 34946 67
1492 42338 1
55024 16618 15
31950 28305 76
13303 29642 17
46500 40475 89
43333 15647 2
34188 14070 53
24047 59520 26
24807 18328 82
57007 13761 7
22011 15927 60
3350 26191 66
49067 22775 35
31969 37139 50
25774 53504 16
27511 24186 100
45206 9694 32
37030 44988 70
20093 40875 60
16538 43854 1
27254 36816 7
4389 53429 64
40366 59363 88
23463 11656 46
48175 57507 52
38792 6504 28
15387 59385 31
3472 28432 27
59204 336 50
33835 4110 45
31008 10312 88
22012 24338 16
57203 22173 95
57938 30182 72
39403 50070 12
58935 11364 64
54685 37179 96
47056 40741 43
51072 48030 84
58758 36688 79
32255 19053 45
25610 27644 25
56044 15661 11
29420 38054 8
47501 55759 7
45386 50066 41
46147 37471 60
16393 55226 59
7507 16765 34
49232 53442 67
55778 5640 46
19971 14765 46
29799 56611 54
52809 42712 36
42521 56240 49
44318 30834 36
52981 19368 46
21426 19422 41
26042 42570 51
22059 20352 6
50842 23414 93
45885 41655 33
18415 20093 95
59874 26680 42
25036 21869 56
41967 44943 98
41894 14209 86
36498 40572 28
48984 3114 72
417 38995 6
44853 55521 73
26861 23277 20
59721 5233 68
43015 1438 40
399 46675 82
3642 38136 45
30305 43947 63
37169 54802 63
13047 10828 66
55006 16851 37
44012 52927 34
48817 49556 49
48584 21270 9
22558 50822 57
51589 46812 42
35463 45800 75
48140 53430 33
42026 1342 49
54017 36368 85
10421 37555 18
7383 5270 82
10532 29446 41
27943 35727 77
44510 24695 78
47638 58189 44
49385 48418 58
22189 52449 48
19656 21179 34
32073 27155 97
19315 18974 54
35280 34133 84
8289 23924 94
18796 1865 33
44045 14381 23
18737 44033 63
59667 2437 18
3370 58824 3
16731 40133 35
9142 2250 7
17790 38864 93
144 46784 31
11735 54041 67
6663 29320 98
2663 47440 42
7790 48393 78
27931 28898 52
42389 9106 56
14470 30171 91
53872 17404 24
38057 51870 3
26456 46711 87
41003 48213 54
16569 3665 99
2390 47631 60
20510 24541 93
34382 37376 74
32873 35394 7
19658 31640 70
11167 18614 45
7155 12024 26
59300 47421 82
1627 38488 97
21989 35284 20
14662 48987 72
46076 32870 23
23676 1478 57
39348 29590 64
11557 12887 52
9832 41450 47
15815 15314 9
25005 18844 40
22542 35056 58
10789 5766 89
52371 19161 87
41740 9655 100
21105 41307 25
53411 24465 74
1452 39182 13
23085 53306 13
47109 42490 37
17966 21139 8
1609 50966 60
33818 19846 1
3301 2267 77
12946 16672 96
5050 31264 86
4484 10520 84
38294 35444 64
20307 15676 85
43765 3400 49
59022 15612 16
25075 23836 84
39404 32415 61
3098 59021 51
19362 26072 7
14121 57089 54
5813 50520 44
5898 39507 57
18966 54936 60
19696 44717 28
13477 34711 91
9963 10017 64
7346 26970 18
32720 49732 29
21253 28615 83
28134 33977 75
18444 17844 70
1610 25981 73
47616 37852 43
21715 18546 46
58624 54595 4
19824 1579 78
5537 9861 27
56552 3063 31
24891 38526 87
53195 26929 52
36533 1744 42
35699 41699 4
41694 38667 75
46085 52168 83
43025 31218 96
1696 32108 40
55793 4353 23
58576 44710 87
44529 47158 74
32649 49012 39
32938 58090 14
35652 52963 43
25352 33036 16
13084 50503 41
23372 48113 50
50821 31432 42
31576 13766 19
59295 47781 70
50230 55273 69
35897 11052 68
14444 7566 29
16170 16301 60
36752 48069 49
19697 22796 69
1919 59019 8
51628 44009 33
54128 14946 71
4248 14678 17
5384 18375 25
18969 45002 7
49248 49850 1
34284 27058 17
1232 40435 31
57056 18156 44
58597 24657 7
13438 37914 99
24153 20182 53
42637 5905 90
57434 15452 39
51455 32673 76
26506 13096 90
49403 38417 34
40590 37189 64
21765 17288 66
43681 34657 15
31364 24215 25
28470 51698 80
29559 28943 81
38442 28961 16
26189 51918 73
35046 58312 95
13111 9830 26
53344 43082 99
11889 34903 3
52250 4844 56
46282 18101 37
26467 5213 92
8749 59296 2
15171 25051 7
9090 16386 21
32059 54056 8
28372 50866 21
22620 3877 10
10501 30183 29
31248 11499 35
21222 15118 78
14790 51002 93
42669 51087 84
12214 18534 75
16928 6815 87
8426 31087 95
1330 58680 34
8616 22225 48
6574 27587 74
42520 36486 23
16464 2309 48
15429 29135 34
56496 570 7
19465 41510 49
4589 55582 90
8265 29998 69
10205 9566 27
2841 20465 15
50178 53983 32
50372 32643 3
29958 22707 16
11524 3960 66
29822 49527 59
21004 54320 72
3285 49121 13
5090 46589 6
14024 1034 38
36780 6096 56
50141 47328 14
14866 3938 82
22366 3051 97
221 37880 46
35215 52388 35
20395 23305 46
11761 28690 53
14194 15736 80
28049 6756 30
44301 54047 35
13195 49247 97
35247 50495 85
28854 38178 72
23323 41979 25
55618 24937 87
2135 57723 95
33718 2902 19
56684 50484 37
43803 29529 8
44127 21880 60
57224 30763 46
10227 37996 42
58480 44790 58
51226 23891 42
18027 24906 85
24115 15359 76
42886 32913 4
54234 42115 94
14872 37430 7
5084 42820 28
24241 46494 41
24007 18155 28
42890 33409 25
46209 35751 65
55262 40890 38
21306 11171 81
12531 27725 3
4813 11983 90
54319 45432 64
37628 57116 47
36167 14174 99
44463 44766 47
41660 47770 97
55018 52549 61
42236 20397 19
4118 28336 31
25056 21438 95
57062 28535 50
26575 41294 78
39669 55890 5
37571 23200 17
31076 52015 76
48361 54984 68
1136 49044 76
2815 52762 32
47322 32903 42
38750 50287 45
54100 26379 45
27874 59677 92
10354 26551 27
54795 35030 33
49813 48488 71
59621 47417 29
52276 23080 31
1623 33522 1
27904 17400 44
12668 29659 50
24112 56244 98
6618 12697 60
44594 58105 95
58917 18817 8
2501 54662 26
11043 58339 87
37592 56015 67
31868 41194 35
44501 51661 49
22836 3225 22
11846 3131 40
56114 46759 28
43634 16350 41
52148 1643 22
35343 10649 34
42180 20637 11
9823 5449 2
42750 50200 63
30194 36712 42
54609 8121 24
8185 13902 42
23040 45516 96
11826 30675 95
16323 45131 11
58535 55130 89
44498 46833 7
39045 8730 26
29476 14080 49
45203 4801 95
21499 19416 60
52129 57336 7
5206 46794 60
30800 57231 27
45337 44852 66
3009 27196 10
17601 39530 6
18489 51294 11
13175 35030 85
48725 37619 22
54020 56786 43
22207 1088 14
22872 17934 14
32365 12018 45
12974 30273 98
32706 26406 9
49669 56142 8
23345 43113 27
55573 46965 86
45575 22102 37
48859 20006 9
32921 17320 96
26520 24945 15
13340 41695 15
19213 44296 62
29077 42804 14
18868 12289 9
33224 53043 59
33646 54854 80
23494 58280 92
13377 23208 32
56748 48463 9
11640 49909 44
20072 49006 69
50058 41987 83
41318 15230 26
32803 4735 73
8824 47034 83
9358 22972 96
42642 4292 4
6806 40923 29
14557 18583 85
37611 716 83
27670 34850 33
45125 59090 5
31518 10963 13
43207 34098 62
22792 23144 85
31861 3762 95
31857 15140 12
15694 26485 44
53938 55282 89
50769 41559 22
37332 53269 95
17148 24664 23
50797 38404 60
59221 34676 93
43227 35007 82
48916 8458 32
50 59869 61
20438 25237 91
52693 6074 23
56032 2759 42
37160 20923 52
11442 806 6
52104 35472 8
41778 28616 47
31425 15461 33
32749 12240 15
4313 32178 45
11930 29151 86
11768 10967 61
53958 42321 38
35770 14119 82
51178 6607 66
44696 4484 76
48709 17629 92
42145 45376 18
28161 52501 55
19365 5119 11
24262 13016 45
46476 25615 90
22032 34172 7
50413 14686 35
48152 19543 41
52051 59353 52
33786 6940 81
14969 21218 76
18646 46715 81
54476 55794 53
47990 22895 82
24322 23913 72
32485 12002 67
23255 55913 48
38000 52681 79
32141 14692 64
16506 23023 39
34347 52148 81
49336 43948 86
30424 14192 48
32934 6166 51
28417 30657 38
33106 15474 38
43817 4473 99
769 52424 61
41219 47796 58
3133 25529 49
37650 15660 32
18497 28558 3
5227 19654 89
39814 32414 65
15965 22983 49
21351 37480 50
51314 42944 63
21631 10001 2
21586 48992 42
43873 54752 57
13033 16224 74
22944 30414 51
56897 52720 30
3855 46455 97
40548 19097 77
15986 10995 44
29509 19432 38
54749 4947 73
43257 42700 34
25243 14164 29
59381 17846 15
11345 14869 23
24194 25491 25
43161 25076 99
54794 58027 35
23128 23472 100
30050 12858 98
1243 40285 42
44218 19454 89
22859 31831 44
13434 40537 80
19655 1040 58
54336 33804 17
20608 48647 77
21575 56652 12
50560 50633 98
19299 37151 99
59153 52871 8
41816 10034 61
36763 30113 89
48795 27286 91
2253 3320 93
15615 5473 71
14073 54597 27
5225 12873 80
34932 4800 57
44751 35776 35
55313 19346 79
26805 58756 32
36184 34540 100
51434 6909 65
18738 57146 95
25737 29943 23
56093 45894 82
22545 16178 69
54508 15821 69
45171 18217 50
16168 47723 78
18170 41251 7
45056 16605 42
42905 2066 15
18314 51496 30
16382 49934 60
26172 7064 42
40678 58300 94
57784 57128 17
24364 7609 24
37542 22501 12
58421 56209 9
41625 32029 19
27216 51434 29
31850 42240 15
53285 47287 21
47159 22217 91
55345 49622 36
22280 13021 55
43903 32202 24
23059 16520 100
10953 41537 93
39919 8799 20
13873 47504 64
735 49371 38
5236 43368 59
58254 21170 85
8946 15394 56
12197 41381 56
55806 11535 10
37130 20150 73
14482 54468 72
5165 35761 78
41044 12212 85
38747 13963 36
8236 19590 7
12404 9467 75
26303 23503 94
9828 35162 7
59288 36275 85
48595 13928 44
43349 30271 7
56391 29492 28
46239 16007 96
37697 14518 8
52445 34312 85
42733 8506 88
12958 42098 22
7015 51206 87
17311 21656 90
54985 50437 81
35737 32267 59
9864 35097 39
21183 44200 84
2791 12286 94
50149 35422 87
54272 32292 97
25060 32314 67
47762 12997 62
31892 26420 26
45700 21542 72
12088 20080 98
20531 49837 41
3826 25607 11
48399 56124 39
37903 20978 35
32618 34954 64
41152 29021 41
27499 12165 96
39758 6450 14
8293 51222 38
37443 22857 9
1822 3407 23
51174 30160 45
41209 54614 50
47337 22232 45
59226 878 68
15326 51610 44
20413 48575 15
36780 26362 7
52468 45651 4
59428 18270 79
289 19765 77
52975 30423 22
41978 40045 90
19995 51874 20
14085 50680 42
56201 54028 71
51554 4732 63
19439 52596 64
45582 7080 39
16088 9730 14
36731 15233 7
21406 16095 69
43865 11655 34
33918 57743 62
59902 16413 78
16145 27886 27
24825 1764 79
2194 2900 4
16038 17776 49
22460 31673 86
21369 1783 41
8410 45684 42
54267 47568 83
36779 22269 96
45865 35033 15
31281 44310 40
45391 22248 92
17070 33394 36
29918 54970 32
35574 24252 69
48684 50965 19
6896 37728 7
34540 8687 67
6640 33214 58
46515 35217 82
40731 20277 52
6058 5654 96
36646 33477 60
13241 7994 67
54790 40807 2
58029 41634 19
55395 38202 71
48430 4728 9
43143 53305 92
32867 7094 53
21221 19124 84
37562 29937 87
22927 15381 42
17719 4630 47
31360 59633 1
27875 22296 10
45481 1858 69
58055 28352 3
4290 4534 58
34171 4685 1
45886 38404 42
25356 21612 84
15843 53429 57
58012 20577 93
5936 41469 76
25129 11580 49
55398 32807 46
2098 23068 59
34122 333 28
22511 28041 17
24021 39444 42
1037 50396 29
13981 16103 36
54637 14250 45
7294 4310 31
33342 8540 59
11958 14218 32
44271 11625 83
23526 57382 36
29881 55525 69
33029 13051 32
39568 31025 44
37771 44215 93
2252 33730 91
13531 23067 52
38991 37372 57
76 43274 66
33022 50569 8
6514 49099 43
48521 47485 28
4633 43568 68
22995 26022 1
57845 31430 7
17584 27338 74
32408 56375 79
22170 39816 27
56869 50911 89
3300 39482 33
31701 19602 55
40657 43322 100
24632 18698 58
56545 57552 96
29553 19088 17
35605 43371 33
38662 16969 95
3667 1311 88
17046 52518 30
28515 4156 56
26663 17694 19
38551 11991 66
31333 46176 43
2332 26699 58
7292 52503 79
27268 36352 5
16724 30203 19
4980 43959 37
37025 24336 64
4647 739 45
16367 45662 4
39537 5730 32
11382 27143 73
21304 52969 77
46488 14904 5
49492 45797 26
13541 28798 83
15609 36259 8
18129 47803 52
27009 28307 2
4922 14136 52
49297 44212 92
33221 16650 18
13249 33386 2
8209 55527 82
27974 11375 43
49471 30993 25
46861 28192 26
39726 47933 95
49623 13008 3
18214 5474 83
31167 41087 3
14988 26705 68
47972 40444 21
48478 11093 98
44193 20089 6
22139 19755 10
15474 5852 93
24040 32505 13
15256 1825 43
22027 20230 43
24124 20659 84
54293 21746 22
24608 4007 9
16298 48724 75
33964 34732 22
22486 39239 41
43399 18484 77
10238 27946 8
45569 53682 52
56522 29844 3
21465 25557 74
45252 39938 97
16712 35408 39
41880 40687 40
55305 41065 23
49311 52354 93
8116 17476 10
10948 40830 97
4665 18488 8
55348 17311 33
149 17143 14
14884 38766 34
9792 6303 55
57233 36990 29
29684 33047 65
19047 21938 90
49203 28862 61
56251 6804 79
46995 44553 52
8623 12407 65
40715 14953 71
20940 53708 96
26147 18962 85
34699 19160 22
53748 26735 80
16265 10181 41
36953 5404 20
1118 25159 69
21191 40382 100
39936 5195 92
29037 24079 62
29321 50337 85
46169 21202 72
2292 42862 74
41613 5561 88
23238 22478 13
42405 6861 33
52172 53358 4
3121 8860 17
24856 38738 98
40493 40268 47
33871 31093 17
38440 42455 9
1915 20909 43
51000 21661 56
51577 13546 53
20613 59873 58
45583 1437 90
17362 15373 59
30814 1433 44
44993 26581 2
535 56145 23
4497 52845 14
29181 1150 7
34289 2956 74
58755 31856 6
45945 56466 73
54568 44519 73
37393 47537 91
776 959 86
51083 34366 7
2917 42203 25
32604 48116 3
32860 42820 12
15803 22287 95
48240 20105 93
30778 2226 33
7416 59658 85
49343 45962 69
18774 54783 64
32888 41271 67
28701 23324 84
3123 55506 40
38733 44345 13
15630 16981 53
57683 10056 60
2822 58937 9
46499 7074 80
27026 34493 61
22108 37511 61
10433 41603 2
20618 33748 50
45177 30274 58
5182 20527 31
44846 52626 44
55814 15649 82
45041 13836 41
55179 47289 27
57549 35351 10
47019 38794 95
13135 46932 73
47739 46100 11
34296 1644 57
1777 35785 5
57426 31067 64
5775 26385 9
41116 5709 69
27591 22475 76
15698 54061 35
18151 59401 72
8707 53437 57
35037 4292 3
20926 36860 46
13403 50197 53
15339 30001 36
463 7219 56
11218 19920 2
6887 7765 24
10819 26029 6
50380 44869 36
16035 49219 32
20687 23054 39
25605 16534 20
28320 15148 11
53900 36766 91
24378 24268 7
22870 51371 12
33148 6688 90
58675 10987 15
41924 35335 17
25875 55934 95
55042 14243 1
8887 50079 41
32693 53686 39
40307 55830 87
19324 3558 99
1548 45353 87
30232 42335 31
34713 59746 48
56417 48713 79
47398 42312 33
43452 31511 46
31202 46991 3
40765 49579 80
30348 3626 19
59060 19176 73
2914 19670 21
39177 47301 60
45656 17042 65
20196 18050 1
7479 42244 64
29852 49040 67
15667 42629 3
35729 42961 43
19482 25485 93
25386 30480 51
58315 1363 79
30582 20411 43
47992 13166 11
47691 71 27
37351 39111 82
50172 24965 3
12265 11150 84
9192 4082 67
50735 20490 78
8171 51029 65
19137 21808 51
15086 58478 76
24152 36926 29
48230 18688 12
27788 37306 61
43505 13397 28
30452 35424 31
285 53106 32
11611 58170 13
42443 33721 97
17424 13569 43
50088 35510 12
57588 17780 80
30619 6065 45
41462 53027 92
43243 8822 3
34716 26132 77
43289 57446 37
47460 21929 83
41377 31539 51
13373 16272 7
16256 39254 78
9251 29159 2
55483 46007 6
29290 28223 26
54162 8562 45
2259 6618 95
28805 52165 92
7424 14369 32
18367 40473 32
28945 1303 7
20301 28081 31
11959 6528 5
37628 7574 82
3339 40693 89
52363 44749 42
26245 21776 98
4788 58619 15
963 21064 52
14530 5115 72
18325 38297 75
14339 35884 50
44158 59268 54
4831 45011 72
41269 27022 100
55627 23514 97
28005 1520 11
36189 47906 97
44229 11631 24
52363 125 3
50042 48732 57
37185 54924 6
30590 48712 5
58637 3432 28
20651 12033 12
27873 29770 68
34725 13256 85
11407 41421 75
30026 50627 96
39925 48571 95
46071 596 79
55382 17053 7
437 39636 34
44420 42876 96
28210 34543 62
36515 50460 31
57634 30724 24
20514 1460 19
2631 3510 83
45326 39468 83
16594 9415 45
17488 8586 40
18577 57738 35
24601 8435 28
44179 21334 95
41549 6314 23
42362 58363 26
46526 3648 29
26399 46430 2
33415 28430 100
20648 51819 41
13521 49709 82
2836 57412 17
46055 40566 68
11433 23426 13
48580 8732 44
41016 9930 66
47562 20763 13
50228 36103 30
35032 42701 12
12998 50456 35
58658 22968 26
10756 4778 38
51922 16375 55
53518 4625 95
56794 18290 69
36653 20541 76
42213 23610 17
3735 36020 87
7981 44481 4
21955 31610 54
45695 15014 52
53176 9305 31
23704 49673 42
41669 10933 49
33097 12893 49
55778 8205 3
3484 54550 4
14834 38171 17
43370 29472 52
41266 26997 28
1516 20394 10
4666 34442 33
23918 9785 5
4354 14836 58
26261 31130 46
25338 23517 72
37543 24105 66
24889 32229 12
5531 36511 15
19331 21959 47
12494 16416 12
1095 32447 19
14383 38804 83
52808 38778 91
4517 5466 89
15202 57219 93
30471 45047 99
22648 24207 1
1595 32160 56
26074 41771 13
20659 43581 4
36267 28746 71
53335 43531 74
56746 40637 48
44204 57659 96
7871 16996 31
25460 35637 21
52921 1723 75
4781 13940 82
38954 25590 12
7864 24739 34
18335 56940 20
75 44559 4
4596 7180 58
59901 42355 88
31869 19004 79
5965 2661 69
50936 39924 43
57077 17723 70
10594 2399 9
24074 11133 84
37718 57584 12
56232 13567 96
6659 6303 91
15977 28895 80
52034 40249 87
10444 35382 32
24849 49573 81
11789 20069 85
58514 27601 90
46232 53114 76
23206 3821 29
52559 16523 49
22184 50194 66
28020 50947 89
45280 30259 26
31477 3405 28
34210 26856 81
44487 26867 63
46752 30948 60
1798 42359 84
57840 5527 54
51081 49994 48
46854 53866 21
33252 51570 32
46394 9292 48
55808 12143 18
33362 50510 1
16781 9131 61
54101 44398 89
35920 23941 68
4901 49201 13
10234 9242 85
12157 46751 32
54984 2965 38
23256 56880 98
48661 28029 87
24351 49223 20
26920 45088 48
8065 46423 76
8910 41989 85
29656 33215 71
19427 21344 4
29361 38109 13
33131 21596 26
23914 8838 85
54528 50689 98
37101 45219 22
45381 51816 29
23599 47547 75
18865 31905 27
22570 34555 100
11597 50726 77
6264 41054 8
46727 1130 89
40390 53864 92
47908 59732 97
30181 23060 31
19941 27673 30
33082 19682 91
59524 16415 49
56715 24613 87
20495 57143 11
15141 16314 32
47324 14427 8
2330 52174 59
13236 11034 87
10457 46117 14
4345 31016 18
31522 42672 25
52101 37729 28
6309 39828 38
42727 11653 90
49470 21916 96
32708 24920 67
7515 56776 86
41859 34698 13
118 7217 42
17666 44854 33
17939 46898 84
37739 21726 5
24133 7234 12
39854 15748 41
24050 4109 8
27301 11458 2
47939 17352 29
44888 1128 59
36222 40174 35
25395 33743 72
19188 38654 81
55170 39278 48
1669 26428 25
18222 23631 78
26890 2135 22
46199 45070 10
7550 11967 46
19598 42957 38
990 34220 24
32897 6825 84
1659 23347 60
2609 22241 3
55841 32367 93
19418 5681 34
46803 7400 70
23367 2478 25
38845 49765 66
13007 5820 64
21215 13356 16
33539 55202 15
52889 57964 3
5934 27121 99
34641 56377 78
6459 30486 24
14510 6312 91
5176 21594 74
2336 55438 98
47214 52123 93
47867 589 41
56838 22982 71
32321 38658 57
21046 41687 68
39239 50031 17
27553 5539 64
37969 53288 39
39502 16428 19
13260 48144 21
54103 55718 37
49821 51451 32
41282 35665 2
54372 11248 62
8224 35301 57
55807 31529 62
18024 25509 16
15873 10740 40
56602 38582 77
37119 48127 33
16883 24307 30
24493 39612 8
13621 46965 34
32726 56584 99
58780 13486 27
16445 13389 71
5355 19897 1
37140 20007 23
50040 22208 21
59854 22203 56
23591 4277 91
32821 14741 50
12963 14417 67
2092 44802 30
8283 10233 22
50426 12932 42
52348 54118 46
46177 20692 20
2225 51319 59
49895 28982 80
11672 38263 99
7709 58454 69
36606 31169 66
56128 47615 24
3250 18565 56
18152 46445 16
9100 36226 53
5624 17817 11
10268 30394 19
15765 37537 49
29298 28762 77
30004 19973 74
35058 7551 94
48883 14174 34
26458 56869 93
35632 429 76
19688 23053 38
14787 27308 28
12233 9392 9
8785 40620 99
17204 44968 92
40661 40498 16
40863 41049 61
20768 11045 3
1112 28329 91
25528 57491 62
13073 58600 38
6632 55235 89
22673 38574 85
26422 19658 75
41057 13022 34
42320 51571 35
14393 58460 66
41707 56954 66
5594 52448 56
52080 17991 73
21067 51173 75
16482 23461 91
31546 53374 4
49777 58507 30
47247 50069 64
42825 12529 10
22297 33033 80
54311 32703 6
10088 613 3
9568 17191 78
28978 9058 92
11700 11759 11
36810 12151 70
22279 18909 81
54620 26662 93
41972 38105 86
45351 344 38
46624 44151 64
53503 5257 86
49800 15207 5
16602 33382 3
18680 6830 78
57003 32958 26
9368 17162 84
13646 2240 28
23036 59894 81
21302 3503 10
53052 49170 41
39096 45958 47
13775 44390 76
19628 18062 17
23936 2699 20
21223 38304 94
424 52737 37
51583 40105 36
17657 15410 15
20770 59611 11
16208 56286 71
3255 16862 97
24805 15652 38
29337 29359 66
32051 12529 86
13984 10207 23
24302 5451 80
5459 17452 78
31631 4233 83
26627 48434 19
22294 32434 17
1556 5742 5
16465 38067 41
39048 12483 25
55102 1838 85
24402 27650 66
21783 21039 39
11543 46790 8
12409 18586 83
30225 56946 86
18749 51175 13
45280 40063 82
48598 9261 38
29327 13173 96
3398 26348 64
6223 31951 10
33609 56090 15
53755 38261 61
56560 19974 1
20529 17563 56
50537 11142 91
32577 48023 34
55840 20803 38
20598 8107 36
28476 44224 84
8941 44024 3
20530 32235 38
37481 12648 10
4412 45684 84
38336 40400 68
23982 9410 67
21583 4266 84
11248 41626 80
9889 26456 11
34646 46732 22
35299 8545 44
50998 29473 54
58328 27217 53
53552 4283 97
25406 40782 87
33786 6297 62
15423 39635 6
44688 19550 52
23959 28556 80
12193 38663 10
42935 42335 67
35034 51355 71
49932 4828 87
26806 45823 85
18475 59120 44
56108 18089 61
56088 54640 8
10405 51824 2
17784 8919 97
37834 34865 48
24529 34970 83
50915 44719 40
21800 15313 21
13689 52094 21
54962 39902 20
26454 34521 2
44555 22643 9
31173 37294 100
13404 29165 79
19350 52306 33
44119 42375 42
53530 32881 56
19835 42493 57
13208 52100 84
14908 20878 82
33878 17205 38
9423 16263 38
37747 6424 69
8407 1732 1
57319 44443 86
52676 30079 70
37761 28692 59
49102 12906 31
58392 25457 21
30784 15642 30
59357 19982 75
30548 23692 29
20073 14547 32
36083 25271 51
29839 1922 1
40466 30222 18
16725 54892 78
1166 18580 72
39202 32981 83
33547 8601 25
41077 33526 63
58684 18220 7
21328 33294 66
32591 53449 82
35927 16708 51
8957 4183 70
47518 42923 5
4440 52350 77
6462 45552 8
54802 30122 77
26550 55780 33
35022 50715 34
47383 32618 74
42570 29893 51
58623 428 79
20070 32144 44
49147 12588 32
28934 45169 79
36750 17944 91
56517 34832 13
17244 52406 56
27847 44315 12
54104 41748 50
15820 26113 56
35541 34780 50
15442 1300 77
21723 48752 55
9923 27771 84
44305 41487 77
49856 23579 43
890 43600 97
20417 37206 35
21912 35337 33
9265 39593 68
49613 33245 34
31605 58508 90
36908 30438 64
22974 15882 26
36963 59495 48
14627 3380 46
7841 854 48
25931 21347 41
50756 44251 59
42877 13133 4
38416 1687 75
18504 5059 93
50302 25058 48
44754 53166 40
17678 55817 50
59508 13804 99
39485 39403 8
45537 3314 6
39476 34167 31
33158 44279 80
27856 22761 43
21758 18131 9
11241 51005 8
58008 50693 54
50871 8895 51
3194 31159 18
24939 59261 54
57135 19899 98
47966 16795 69
49080 13857 24
19174 57419 15
42186 38224 90
45687 35091 38
33509 19399 19
16371 6679 61
6074 56108 21
50892 11198 51
10045 46756 98
13431 18853 46
52829 14503 5
45357 38802 1
34342 32604 22
30537 56896 75
34821 44466 40
17452 53999 63
23970 37468 45
9360 59110 7
45454 12959 86
40684 48717 100
33145 10340 74
30682 35254 32
38863 36566 64
52265 33592 11
6375 12164 22
25567 42412 20
58148 46921 51
8349 781 41
37760 38363 77
48669 6673 35
14820 45911 42
52254 42135 27
13435 47510 65
29230 33857 19
10542 38645 94
18030 30632 48
45397 53608 19
8571 18097 75
7113 27626 55
34679 50949 39
20726 13701 93
27940 16369 86
32645 17018 77
49922 5269 47
36877 13932 93
17409 59189 100
2890 20131 7
8579 47402 24
4608 2620 30
58607 2453 70
46043 18038 72
48133 54313 67
19147 13815 51
36768 19529 30
18237 27203 96
4783 41719 24
17850 6135 51
36452 55610 57
39149 15355 6
51817 6137 90
14621 12990 36
15043 34084 38
58578 14989 97
56788 54131 79
7554 51780 98
46379 59073 92
9786 37430 89
29105 58685 93
8889 2762 20
14410 32548 68
41287 54821 53
20406 17671 74
1115 10706 91
36655 2650 73
16341 49602 81
14939 59169 33
27075 21979 63
33035 7684 13
29949 57122 37
46976 18439 27
25032 37271 8
28145 8505 82
57060 23944 16
17057 698 53
2990 38821 15
51177 55831 43
27879 47963 96
44284 15117 20
19062 34119 19
41324 31263 13
28106 14329 21
40742 44433 64
51509 13430 61
11038 11299 44
50089 34345 55
47625 33343 17
59709 23398 15
2473 56662 38
39819 35452 69
6235 39373 68
567 55596 51
3505 45975 87
41601 7441 84
24560 38718 70
35331 6299 39
20153 22417 99
55600 30075 52
22959 35145 15
4908 58550 11
938 5084 72
19892 26358 37
56703 54772 62
53112 47165 6
42104 54653 20
47750 50888 10
36166 10270 38
13588 37802 5
5312 10334 46
59539 44041 40
35685 30264 70
39173 51201 15
37354 34744 60
40988 35236 16
20723 26829 16
52130 4203 29
29633 39387 54
6377 1862 75
44098 11040 34
9374 43760 27
18141 45144 1
50387 6298 48
19018 38646 53
50599 16942 96
41745 54542 36
20462 42732 57
42816 26892 53
51433 37002 74
24882 943 74
29586 25718 24
19433 4262 20
36632 43709 30
20985 47773 91
4430 47 43
40795 17111 76
10867 17301 40
35618 52142 14
1888 19871 57
42468 7457 67
5128 30271 35
27180 41273 82
42024 31494 68
46018 52952 75
44567 30531 75
57542 11649 88
49192 38771 8
35530 56153 23
58067 14459 31
21237 5754 44
40889 54244 8
21688 13446 86
39503 37225 56
46113 24442 15
35488 59038 5
32120 58307 92
43775 40953 56
33651 12056 55
21297 58895 95
45558 56655 5
28630 51177 59
40403 58884 2
31387 46130 46
8904 49759 2
51388 14780 53
42256 39532 42
26262 20771 63
50092 47790 87
48881 2150 75
18785 15808 41
35511 5264 61
59893 17967 45
32318 1674 31
30588 37641 6
19760 34929 46
18417 14742 99
17887 14940 39
16664 51890 13
48962 14536 30
24764 3774 42
35426 29771 53
26138 59332 58
42217 27900 62
37524 15131 4
37583 58212 26
20750 7073 27
20930 35285 52
47146 244 22
32080 56476 89
18072 1721 66
20084 18165 14
7251 35978 74
29518 715 58
43146 22697 30
29427 37037 96
5047 18882 59
44491 29317 46
5956 58166 80
24135 34243 35
53904 32735 95
26453 33550 99
23972 44125 75
2396 20095 55
30806 6470 67
36498 36171 50
47346 6250 9
52983 38755 16
58406 30404 95
58647 37110 17
51549 9510 49
8701 5464 87
55917 49685 58
31034 36676 80
40530 45176 9
34823 14585 79
21592 29865 58
43118 33332 11
19629 52207 76
7984 54114 43
55771 54198 84
29626 41842 59
13092 48436 64
46569 7425 4
1467 36404 10
41297 16375 83
36559 1514 99
27018 46080 71
40981 2134 71
6136 51939 38
19497 39318 69
21311 45975 75
7505 1457 69
38697 28759 82
11324 38950 54
41383 27360 53
49660 26208 87
24021 403 61
12132 51967 71
37517 4877 67
5940 37735 1
41614 958 39
24759 13316 43
26711 22001 80
15627 57181 63
39158 56452 6
6927 44429 89
46405 48146 9
45838 49800 95
48915 25532 32
57947 18836 73
47483 14350 33
3551 57306 98
15800 33861 23
31162 33901 5
56074 41179 93
25224 38110 47
23404 12844 100
51902 17002 15
10047 15096 3
28799 397 4
41083 52220 10
41962 11326 1
36800 4896 98
13200 29753 79
35453 25883 89
32633 4376 95
16902 20666 6
13881 7005 85
56777 53294 64
5403 37594 85
49039 35971 45
19980 6495 28
31185 21019 87
47094 37426 15
28901 8927 13
36009 58940 26
57090 6489 40
56411 45661 48
32978 35830 53
14918 50075 14
58415 5028 30
17658 35442 2
12693 50619 70
52730 23306 46
38438 55428 20
27918 26544 9
37724 4867 30
58728 36661 2
10278 46388 13
32 50366 85
8013 6974 35
55648 19791 83
39789 59427 98
37779 27313 3
45437 17091 67
4762 37433 52
15878 37090 80
5434 55608 41
34085 15312 39
2458 44639 20
44170 45640 47
47410 13817 25
4258 11790 89
44824 20058 7
49430 53802 76
59317 23709 50
52803 1459 26
49890 23977 14
255 54469 77
8639 40617 62
12872 49065 79
39656 28487 24
36588 8940 63
39147 8324 60
57372 17565 40
9513 55292 72
19678 50489 26
16419 35433 68
32570 49673 68
8835 46968 13
19179 6998 63
14570 43660 74
17824 11461 18
49676 48796 36
53351 46220 92
7758 24821 23
19632 8459 5
992 7778 11
54545 27101 56
59108 6963 41
16266 24373 80
26306 43557 87
20221 46984 29
4760 12358 15
7987 16000 85
2005 30474 9
1855 32722 85
26211 33040 22
53971 34513 80
27735 41393 90
47712 11937 63
832 12452 80
3556 22169 90
48931 58543 17
9198 2789 89
32276 26116 60
38537 44205 74
55948 49139 19
13177 8243 84
52050 1454 24
6713 34045 81
54658 40592 64
21556 30924 97
56218 49740 13
2529 26345 30
37969 1240 89
17431 30436 10
22956 30024 88
6886 58314 2
2749 25295 22
46918 4233 69
14143 11654 44
45760 32592 75
31086 11021 100
27799 39909 84
14234 44500 4
59670 20378 49
14148 15967 63
28469 22677 19
12768 25907 55
31655 16806 15
47252 16811 74
55557 13883 41
6321 8368 27
8072 20130 59
36870 2348 99
15705 32346 2
32741 968 94
38215 4925 84
45478 39961 84
50204 5618 27
21100 25931 85
41880 41245 9
21364 25182 92
21099 45844 65
6980 52378 46
59389 10836 69
45042 36378 39
8730 15819 42
52322 19958 57
49722 41428 95
55788 42619 55
16036 53763 78
57372 16160 4
15768 44358 98
28825 56823 15
34694 59198 79
24821 48157 15
38052 20313 24
36836 55259 7
32063 54080 67
43730 52345 72
4838 58045 91
27295 32933 3
55634 55064 43
41463 28497 54
55837 31920 95
41511 27379 47
37005 4571 62
6534 51160 99
3480 8152 10
6904 20805 14
3019 19417 74
48804 54939 29
35429 31200 65
11003 35207 81
18829 8625 41
26363 57065 68
10745 36505 81
11051 35622 50
35490 37478 68
16148 20466 17
8653 48351 27
15260 27991 100
39927 6717 44
10403 28003 68
19240 43838 3
46078 25695 86
29081 43029 99
4654 36086 96
4619 52744 67
45686 1885 38
41075 12754 17
54151 57957 89
21484 58641 54
9712 52796 47
43907 57573 63
14158 19464 45
34810 6720 14
36910 18711 76
18081 49433 48
25162 35318 82
37180 6410 85
44000 13513 9
42631 8456 82
803 29365 6
3783 36737 17
15522 11079 16
15421 43438 64
59100 20665 25
51046 42629 54
56031 12470 57
51892 17355 96
14330 8489 3
22246 42245 56
34929 21212 78
9345 24468 39
10556 49883 89
49665 17056 24
44016 46616 34
42632 44174 76
2560 32054 1
46854 55043 32
7416 40580 46
49219 28472 62
43375 11647 38
33429 13837 70
52789 54972 79
47793 45670 99
4682 6113 66
25724 35686 28
49824 43055 73
21759 37615 69
39694 35502 49
56951 8207 56
8111 42858 94
1249 8395 62
8502 6754 57
19231 25196 24
42956 43559 85
36473 36432 1
34973 12447 69
48952 54541 85
49025 59238 39
29620 56996 48
1381 32759 69
33895 17417 33
47880 50657 31
50616 57847 73
53995 34348 32
33992 29535 45
34477 41007 65
16623 13348 3
10328 26450 39
13109 27330 32
30037 46256 33
52302 37877 51
45318 31438 29
28022 37873 78
45545 14932 17
14057 41376 9
43325 7710 47
43702 40106 79
54671 26168 7
38565 16278 39
38435 18371 66
14463 53677 59
46891 17465 10
43264 22893 57
32628 56913 76
15526 12067 1
5127 24256 88
14317 29445 43
19148 56300 31
16826 36227 59
29805 18913 52
32926 17478 87
50004 43622 82
49486 58167 26
40846 26881 15
42224 23170 72
11722 52543 2
7776 17916 43
18645 43396 96
31314 21558 60
6248 21234 93
4615 37042 14
27962 21533 22
4053 10203 61
39206 38223 3
29981 17875 90
13653 26352 55
46777 21030 36
51089 2597 1
17168 16165 36
22210 1745 28
52723 285 43
46120 926 21
14599 15202 21
5220 12685 82
35233 26997 67
39297 55421 89
57603 55639 94
47904 20877 89
45623 48916 82
19831 28779 50
47907 24273 51
40830 29816 88
308 23884 78
14088 28381 75
16517 507 51
10200 13754 92
48337 38381 23
17987 4348 62
44551 57006 75
4232 59707 2
31350 9255 36
45791 3187 27
755 18718 52
35857 26428 7
2574 2785 76
11035 2399 81
46579 18050 57
19803 40469 42
8661 59587 7
12052 33578 90
52710 23192 5
23213 35575 76
29335 16619 80
13422 36063 6
6083 971 6
46314 15234 70
21854 492 59
8963 58155 11
28290 25174 15
34178 5771 90
27802 51335 21
21205 43612 58
13428 14505 99
37538 53489 49
48416 30278 71
10387 34104 14
11944 29968 84
56597 54598 35
30325 47600 15
11174 12332 56
11415 1282 54
19715 51737 30
33460 43101 97
10602 17620 75
48103 43610 23
58399 48572 39
45984 54038 82
18855 30740 52
13783 24690 24
5231 22135 10
10121 58377 11
48411 54316 79
21331 17632 77
52435 22282 55
53442 20317 42
25506 58913 85
38978 16527 90
14023 47675 22
45026 13999 6
16888 4483 35
57580 43568 92
46533 12383 42
53235 55454 37
46408 22702 25
33930 59234 74
54360 37333 25
19908 19424 39
51998 33627 59
32663 6975 100
45484 42906 43
48130 18247 56
54476 44848 98
39803 39867 93
13758 47627 18
25193 15116 52
50264 5732 61
35019 6658 56
26696 461 12
58946 12144 15
5401 41901 6
7645 42240 74
4462 51122 43
36621 14462 83
14564 38503 67
54204 38020 46
10854 16635 72
41191 3369 11
48223 51102 43
31530 35771 89
12525 36504 21
50945 37998 53
28826 57182 93
20863 2573 57
13024 11132 84
20434 3803 12
21915 45418 58
23392 18692 100
4792 57527 31
4793 24664 46
49331 24239 22
8558 8640 72
30413 12713 93
51268 25459 94
39875 8412 56
3899 5802 85
30570 53792 14
36474 49431 77
25896 5395 46
4468 49149 76
47373 12286 12
12919 33879 62
43060 49981 43
17132 16463 100
41380 44732 10
7797 22473 48
36777 58499 35
39489 49760 3
39447 45449 30
25058 38528 88
27598 55672 80
6049 35072 64
39454 12590 63
48619 6661 88
25503 34111 65
45864 6663 70
42356 18955 73
54265 6386 19
4757 13464 3
2766 19195 52
46860 5156 81
15001 348 57
22730 41035 83
19569 4738 53
21780 42250 33
43590 28723 20
20420 16752 95
4797 52655 70
5423 23897 93
9807 4347 40
32937 6761 85
23762 56459 36
35526 30359 16
19839 22930 79
30798 19389 59
35189 51537 99
5436 18605 39
53017 47448 3
29418 57873 38
32690 55867 54
24183 9500 69
20030 57959 18
27584 40920 29
7837 6030 35
57128 43953 11
38315 47651 85
42287 25505 46
30096 43582 3
34832 33201 88
15557 15170 8
6441 27562 10
23534 59046 69
15167 55012 90
11734 13264 55
50746 46495 56
49104 1855 65
59898 40988 17
38842 15866 96
1920 11535 43
54979 3828 90
18879 38859 37
27815 19965 7
53911 50009 99
27719 44059 64
42091 20869 40
26814 6756 63
52771 28136 14
57759 14693 47
58959 29773 33
47785 16985 44
52707 11213 68
51219 44930 81
18753 5488 89
56451 31465 8
53613 29660 53
27772 54294 27
36135 22745 62
42163 24251 93
56831 31845 98
15709 1748 65
45507 4251 44
21405 48913 70
20840 53954 49
1153 10776 1
8900 56140 46
20963 9382 58
31661 41759 28
21336 51295 66
10734 38240 50
17554 56410 61
56862 22483 39
4779 18531 61
41772 107 6
43176 91 19
37301 25252 4
46426 24787 23
59043 20138 55
47848 16695 41
6289 36512 11
10733 40612 30
47306 21238 91
17825 33415 78
14650 34012 51
45745 59689 50
315 33311 58
56450 10964 26
7754 35254 12
13846 29246 91
38241 12484 19
29520 33305 76
28144 33142 81
27314 15119 55
41764 8572 40
32276 38884 79
15174 21858 28
38723 11339 41
7435 2873 19
23607 36460 15
15811 22993 32
50083 50252 51
39810 18180 75
45764 37869 36
57791 29495 95
10011 25771 61
1217 37237 75
54960 8376 80
44077 49991 14
13614 28775 83
19363 50365 51
20547 8632 16
51920 58953 15
39252 30301 32
51745 27848 94
46596 22158 80
50559 27319 49
34705 40578 90
24231 7418 42
29459 32286 96
17904 33104 23
41608 46885 2
22639 32554 51
50276 29300 82
28509 41840 61
57277 2291 68
15992 25687 3
6412 4161 84
30910 18285 46
29064 18653 84
15201 42334 97
10591 18244 96
37397 19589 83
7708 44618 51
56393 57376 27
53634 41074 77
11767 46518 32
6257 48997 69
30608 26468 72
37344 41723 78
6508 13930 97
31976 21141 19
12857 12013 52
16483 43847 98
21027 48792 46
50154 57581 94
33938 43999 59
11009 3458 79
58375 34749 21
30223 3519 78
49946 17045 45
42301 35016 93
52607 1607 79
9087 51243 43
43200 33283 47
59469 23244 51
53399 42833 41
35384 33832 7
34971 5915 47
17296 15703 27
21889 16239 63
8253 23664 86
26285 44969 44
9040 52650 36
26211 7750 19
36523 43028 31
27792 4347 61
17745 17164 23
39310 31940 27
5865 33828 66
48378 3677 10
19456 5810 54
6878 30644 30
39240 10680 18
32439 40433 15
35589 34327 93
40321 16874 54
26429 41436 57
59096 45648 84
58235 40710 77
2735 19553 56
28273 18006 65
46900 1104 93
44525 2851 79
38173 53754 50
25052 49911 1
7058 16283 72
43019 26496 36
18870 46391 40
41554 3689 92
30860 3202 29
44163 11403 85
47139 54063 75
12658 31266 39
43904 42261 79
55876 58217 56
41573 15921 95
27860 34629 23
21857 40906 17
16891 12892 9
28624 46969 95
31725 22699 73
54785 2188 42
15060 49242 4
39320 12451 11
44089 53153 1
34387 35627 55
13648 40298 12
41983 16040 68
22370 36100 24
35201 39940 7
8841 7804 2
33598 28600 80
41139 2088 52
26 35859 91
42267 42411 91
10775 678 62
39913 52673 51
59765 47366 50
23118 50118 82
15810 11957 17
8314 40616 42
26870 52745 75
41546 41945 63
56590 59278 98
27081 23744 39
38624 53637 89
12449 12065 76
22800 27489 22
44678 59712 73
30115 32046 45
32950 57655 58
34733 46006 92
14315 24656 50
11507 28743 75
5684 46978 18
23510 16790 69
44620 23063 97
36998 47929 43
47339 34451 15
25723 45077 73
52029 22496 56
54407 57923 91
32203 53463 32
38614 42006 28
28304 39520 88
59485 23531 55
38296 16074 54
46732 48702 30
13551 59040 39
43574 15536 27
55285 37003 5
56192 11000 59
21191 53015 39
50697 32611 7
52237 23137 85
50355 17236 21
49470 31692 90
37137 30469 55
48079 53994 76
52337 12996 3
37506 18632 63
43148 15462 43
8059 5397 12
22767 38087 58
12729 34256 92
56343 56370 93
37052 42695 43
3697 21591 95
58668 30492 63
38695 28351 68
58540 42247 10
40416 8794 12
36413 39976 78
23543 41649 63
9265 55843 85
59230 30457 30
22355 24285 51
47802 57960 62
45909 16186 66
36508 51052 91
18301 6026 87
49973 18902 40
39438 31012 9
15457 38756 78
52043 12448 31
48503 16401 98
16128 48600 13
58679 55087 57
36045 14612 84
9096 23687 61
14492 25088 87
30312 7617 26
50658 149 53
36085 23612 17
45149 28087 63
23381 30916 71
16404 14722 93
47687 17133 50
8081 35475 1
13470 45113 82
665 59525 7
32025 52647 70
22090 27411 12
54853 9032 48
14413 25438 58
57279 10940 94
11390 58875 17
16625 4998 5
32783 27091 30
26731 42555 10
13094 34380 25
47329 57625 91
53839 13783 25
12537 25994 93
27442 10364 22
3025 53939 24
37683 27488 43
54233 47645 100
39810 26526 85
24755 5930 90
6016 32233 58
39501 57000 11
32077 14552 44
51949 7078 54
46193 3023 34
47890 52915 57
21413 23705 64
51633 57695 71
59647 45694 20
54559 41616 64
53171 20672 5
19753 46092 42
44095 27283 27
40394 36232 50
17172 26205 61
41058 57155 49
57605 24447 92
15520 59017 94
19999 3554 79
29073 40410 1
17215 3346 57
33477 17155 47
58605 18339 39
30202 13975 49
49558 31626 21
30629 3550 46
11285 4512 27
19568 38166 81
20552 46204 63
31395 40714 91
27608 35182 11
53970 37484 90
30092 48511 59
40950 49391 25
54761 11068 74
1327 25658 97
33837 33370 36
2760 11124 5
47343 21628 68
38077 56428 27
19921 11686 62
46562 41116 74
56164 40423 80
20706 1602 72
18042 42149 49
50420 44600 24
48173 9507 33
19462 34334 10
35447 28168 36
32822 35558 14
44446 21102 80
41026 54291 96
53367 19908 47
46578 3533 19
8164 57562 30
32720 48546 84
52812 55807 10
43846 50434 26
47111 35982 11
33724 27494 76
56973 44538 72
17691 54841 59
36864 13956 74
1366 41256 84
23659 9158 28
15695 58927 97
22175 18126 95
51998 10916 14
5150 6445 14
10704 42330 18
51255 869 56
19296 36003 24
9336 39521 71
11197 19812 71
48669 5422 30
37483 30520 72
16604 1530 62
47991 43863 60
12392 16385 12
22220 57589 70
35168 22875 85
30020 44141 97
59012 23004 74
8458 25041 77
38303 45415 76
3221 33157 54
58871 14499 79
39105 58208 76
14911 19912 89
55311 25127 41
7649 13550 22
53779 12951 37
30494 378 50
58892 40515 62
39037 10851 2
47121 45071 46
51127 54765 84
31968 16037 46
39212 11665 57
13548 58439 73
11932 47498 4
41845 11335 99
53538 38076 82
26693 57475 60
9481 7988 1
22633 53655 38
2085 1424 68
45792 42775 90
49676 51647 95
1852 46666 2
33285 30709 72
42094 16125 36
34101 9623 35
57884 8497 47
54211 20400 76
20279 32664 95
30756 46296 96
57771 10517 80
37523 43202 61
56810 55938 16
54546 9875 26
42192 57084 26
45321 25969 86
14168 43244 48
59749 25820 92
8624 37506 67
23854 40381 64
52950 52262 49
23555 19787 97
15163 37421 19
22603 8186 78
19593 8291 23
34427 50102 78
52000 16822 36
57299 11646 26
40983 23817 65
56070 43168 25
36429 11445 53
58537 29179 42
21346 15750 24
34255 52554 78
8046 34849 58
12952 33055 44
18356 43386 26
51427 21472 14
31408 2422 9
51426 8933 41
25497 34742 14
5845 44942 13
47852 32210 78
11916 35963 23
22600 2360 58
32650 14746 13
47569 31941 71
9224 47597 98
17854 25027 38
56419 59438 87
21278 40375 68
39741 45379 53
57865 37141 50
1633 21739 92
23924 57404 11
19038 51075 34
37305 15509 97
47745 25653 29
50936 50544 79
41286 12795 80
27658 29033 11
3514 3315 40
36942 13900 63
19075 46890 78
53330 14403 4
5432 47705 72
33062 12154 70
8926 5205 25
38559 36488 44
40577 59028 76
30417 34418 96
43717 6738 86
12767 12396 64
16815 39560 51
54192 1516 50
5708 24640 11
56534 17889 62
6023 14144 26
28090 27821 50
43155 13635 36
25353 45516 13
56908 26094 59
58144 15436 54
20454 46123 59
35022 40075 87
16440 22398 53
24479 46038 32
4285 28012 81
17707 31595 5
36935 30850 71
33884 36353 20
30864 22860 5
44395 41632 73
44187 36 51
12189 19823 86
26412 6653 99
6777 41685 2
21409 35424 23
30751 32701 29
38768 25331 99
13330 38588 80
35301 35703 12
40729 55753 92
47312 40218 19
49660 35068 32
34253 13612 42
51739 3503 98
19301 31120 86
47319 31954 66
33015 19932 22
6788 3544 8
22810 11890 13
12547 33247 47
4405 1924 74
22576 58081 66
58087 51126 6
42519 49271 50
29872 19695 84
9137 17881 29
10301 27213 29
51054 1234 26
13592 57881 87
35365 52152 53
53607 33433 9
14719 39005 85
48516 27845 61
12494 36401 97
25327 20533 57
35806 3669 63
46780 58638 46
48802 17965 51
18634 56204 90
14384 21563 32
50382 48867 42
20223 37986 95
6512 27409 45
41248 10438 27
53743 35176 47
15911 41154 59
26538 52875 19
56081 34510 12
18389 3246 66
3293 9581 29
35865 2522 34
24453 14698 67
3140 7356 73
55821 43037 55
42931 38813 69
13871 8626 14
25676 2480 51
47994 51352 9
2182 25379 3
10184 18967 33
47552 18897 11
56794 40857 50
19518 28774 18
44446 41166 10
59573 32676 36
52716 33510 85
38716 41451 57
8666 10465 97
48018 9123 75
45272 54420 33
24047 11951 87
26282 50283 97
48583 58887 80
58968 40962 8
3573 22128 80
41068 865 38
40525 38323 11
48628 54414 74
30026 37742 30
57473 59273 49
23332 16951 49
37121 2463 80
48923 43367 34
18262 47233 77
31632 30684 18
28084 45751 51
34110 44939 35
4125 15761 9
22884 8672 96
30029 34123 29
55928 33521 64
52537 11082 26
44615 2002 3
31764 6271 84
23172 24629 81
1401 31091 13
6983 42967 32
16269 25365 62
7722 5635 7
58791 39351 29
2378 23445 29
7316 28986 34
6661 53686 94
30530 9447 19
34330 33837 33
45960 16286 16
35408 35150 47
33870 19235 2
11542 1656 51
42277 41768 84
4332 20344 33
2911 49618 27
52860 56992 84
28496 20564 5
35672 42603 54
6637 5119 28
16146 12770 56
24279 26040 28
54919 6042 92
17576 43767 52
58227 14509 90
7712 626 37
54445 2221 6
15811 27229 46
31066 6876 21
3170 6360 72
58836 42916 86
49031 58964 5
22122 28522 58
4222 11591 60
56475 19611 99
36932 42080 28
3146 32750 29
40916 50087 48
5718 31691 20
12935 59621 43
52902 37408 43
58886 57621 100
20373 44549 60
18308 2062 12
32389 15037 60
36821 39135 47
3444 57094 36
50143 29950 55
7433 47582 35
55154 24593 65
5478 53160 67
11087 2531 89
27979 16154 19
32475 21152 11
7984 92 48
22662 8250 70
30461 29142 30
45321 53644 97
45373 44726 42
34298 26554 79
38422 7268 50
24507 50289 48
32752 9741 94
26279 49233 28
57857 39832 58
14824 46708 47
10025 618 35
17204 57427 1
34329 44660 90
44946 5886 5
47574 11148 96
38887 31827 68
39417 24078 25
5137 22014 1
53890 1334 14
26936 23897 9
24672 40984 31
3126 26721 2
13519 46727 13
24502 44529 13
12688 396 53
39861 12103 67
48020 52985 87
20351 14155 30
10585 12234 15
46165 55278 96
59177 13964 61
44444 30193 22
47082 30148 47
51020 11010 34
13502 45712 42
47532 35174 64
6586 37663 40
46413 32955 25
17356 8475 14
57844 45279 81
1676 5984 51
1998 31776 41
8647 1131 76
33132 25890 8
2153 57190 14
32247 55876 58
30715 53312 94
56875 39406 65
1986 44911 30
52597 55152 84
49158 49550 45
31156 52832 80
33020 26459 39
53414 58614 79
6218 32266 9
18477 29463 53
40014 38396 80
45096 9806 36
8770 33918 33
47477 45509 52
33943 21883 8
57583 23107 63
33417 87 28
34558 55394 45
3853 3602 8
4012 37625 94
15050 34283 24
52507 11623 71
6778 42674 1
14255 42704 43
44004 29076 78
26730 21566 82
57057 58928 67
8307 43164 45
17764 44147 79
49568 48173 32
45953 35281 99
22344 2643 53
57171 38554 45
54960 4818 22
28925 41458 99
43704 53263 90
26286 57208 54
28116 2433 15
29863 21966 46
21174 18891 80
14387 56814 48
52332 14543 30
33658 21867 45
13020 18790 28
59603 40275 74
35565 52634 53
4536 17530 98
28238 40344 16
41206 37937 26
3536 21219 93
29381 25348 70
7865 48750 69
41378 5471 72
30492 8004 34
23846 54045 92
26945 15441 62
28874 20227 94
52640 36666 26
49752 12801 80
48364 4318 47
18985 9269 38
18536 3221 95
59035 21032 8
23588 56347 57
54941 14380 10
36377 3538 65
51734 29134 89
37254 45839 16
49099 16610 20
23384 5503 96
43699 40574 29
27753 38295 2
17154 9467 4
5655 23165 24
58238 34836 37
21080 48772 31
2935 11933 90
23776 36322 70
44265 51199 43
51347 24055 43
54119 13070 78
52085 39087 15
19361 15210 31
2613 19084 67
25611 4107 1
11799 19530 44
9056 14554 55
3843 37240 10
45521 9343 13
20795 3698 13
11275 30747 57
59345 52766 57
18561 31579 84
40967 35829 77
11123 34281 29
4308 47890 71
46627 29587 62
24941 6759 12
21876 36374 55
14799 54409 6
3646 49663 95
20626 9049 66
55101 691 41
6173 58230 98
36104 21292 32
54883 15570 66
40143 44233 40
2829 12352 78
23131 10612 37
26839 43462 92
19042 29048 65
52200 12436 26
47927 356 99
37269 18527 79
42023 3595 59
18183 1945 60
28900 47945 20
8450 50718 83
52945 56038 26
9824 51711 94
28816 48949 69
47719 56111 92
26316 54116 4
10276 2374 43
17466 17080 59
45324 13802 90
36753 47666 60
30558 46871 55
29173 25951 87
8070 36180 12
32965 31928 81
18344 15982 42
6841 40173 25
52057 55811 12
36475 12865 73
59133 6328 46
7415 17209 93
27199 12735 25
23623 8548 8
47496 26201 37
13232 15254 75
30891 3015 41
16262 34742 75
16415 32496 38
29172 50608 76
23650 43545 63
19528 33089 86
40074 57493 58
19079 46705 22
39334 23244 98
17617 13695 36
1123 44219 5
58063 26669 76
42484 28412 22
10281 37523 66
54113 35831 23
44442 58539 28
37298 26447 13
2025 21428 65
53295 38115 64
9549 40128 29
8411 42949 55
49702 10629 43
56425 32190 7
49145 37411 64
41131 9709 15
9855 47386 54
34049 6064 95
56680 14713 77
13225 52349 77
23975 23673 71
5266 41451 43
30465 43222 10
41348 46802 40
30242 42689 37
43626 56601 94
18600 34601 12
45482 45794 88
47896 15504 7
50575 945 98
44326 12823 45
27343 33554 55
35332 13015 69
42552 10085 70
58106 13300 38
18421 20885 85
31558 45555 83
26540 11463 66
27806 57606 98
47816 16747 84
17480 56036 4
17434 35915 69
2448 36064 13
36231 16632 4
20549 56581 9
53086 47419 31
31566 2752 24
3398 3381 36
44219 28896 93
4061 5477 26
10406 16547 6
37356 55739 39
40153 41112 92
13539 18880 31
2803 46435 27
59659 8668 91
15264 15554 8
43693 58410 69
51400 47009 23
5616 47431 38
44781 45887 58
7724 24744 48
59604 29082 82
25222 32365 11
25689 36082 17
54231 44267 22
43260 24893 10
50769 8115 11
35998 16499 28
17762 30201 10
29219 45112 40
6939 34157 36
17118 33375 8
12337 28703 46
25768 28306 6
46682 59808 76
13501 22825 66
54487 15272 44
38343 37322 96
28394 27627 31
275 34784 3
59733 26060 31
19441 46040 3
10672 1909 71
27151 16784 69
39594 42699 44
54046 34049 93
31628 9829 47
54923 4838 3
44353 14208 36
46943 48285 89
10943 14810 33
12226 55282 43
32056 45444 71
20473 13903 19
55049 25667 78
31561 29552 92
16848 7430 66
28501 35581 8
27477 56357 53
44061 38508 42
14511 28969 88
41371 23392 48
20206 50501 88
34373 19197 28
1931 11122 99
40464 23163 90
24219 43372 56
42029 57321 5
5389 24201 14
35741 51502 78
54893 41786 40
40085 55073 38
20441 21547 18
51956 15273 53
23540 52418 78
8911 54004 46
26706 52153 54
18734 47674 50
26953 17805 4
21169 18906 32
18143 49015 94
39557 46315 3
951 782 43
45330 26978 31
16505 47374 66
2497 49621 75
32311 23355 35
53724 48472 25
31446 45794 73
58737 781 28
33276 48145 46
5583 31924 63
36243 9718 31
51000 10797 17
51026 29544 69
53586 34226 97
10133 23239 1
28732 44612 87
44323 52214 61
296 2413 83
57545 44805 57
35550 36982 11
43063 25533 28
58366 42259 40
11626 5738 73
25299 43528 27
1247 4658 60
16786 59098 38
14446 46683 18
4651 12444 39
37061 39791 37
13312 56923 14
50570 27549 51
6735 27622 93
7858 55664 46
1238 1747 67
57875 19336 94
52877 24070 99
53100 46929 8
59822 56578 66
22962 28051 50
6474 42386 80
20095 12015 21
16241 33573 14
45769 27706 12
49266 16367 44
52328 42258 82
9677 45213 52
47644 16380 48
30041 29318 64
37640 8300 3
17781 20703 71
57915 3138 10
20102 51025 90
6106 20401 38
965 4207 7
2178 55455 71
39946 52618 2
16394 57330 16
26983 21711 56
57593 15169 6
54306 9721 94
4505 34163 4
54035 37358 46
25872 15576 75
26054 26542 65
3724 38019 21
9126 51304 68
33446 34063 58
26580 51541 73
59652 53076 22
45982 22732 10
1474 22408 16
56184 7624 28
3986 16608 84
53505 24202 11
59636 47045 70
41697 28140 63
38364 55834 82
19375 10246 78
11361 40970 18
35328 20282 30
42388 29239 45
35411 13789 92
26902 26582 30
33655 44630 20
17773 37264 4
30085 5600 15
32227 8206 78
46788 49687 31
4491 39512 19
49255 3798 68
10529 8257 48
18246 3118 3
9996 41878 48
28659 15231 77
6813 18391 34
955 52309 11
23220 52829 66
41941 46202 59
4105 50827 74
33130 26755 19
40899 20165 24
59714 19395 13
42753 25861 79
40769 5595 34
27531 11067 47
8122 17897 58
10028 16200 70
5424 12424 37
56756 56979 57
12916 2218 36
56539 34585 98
5302 8611 79
5310 57024 97
11092 59059 5
57395 27596 18
57046 35699 68
49176 57153 76
22742 15928 99
2577 58644 70
8844 42854 31
8370 3651 71
54888 46420 50
50481 17890 66
55844 5108 77
4637 40092 17
59446 45487 70
37180 22217 66
11004 23546 25
10934 59303 59
390 21421 73
21407 25763 34
17574 38339 56
53333 13710 78
6349 3423 17
42360 32282 26
34420 29857 44
37788 23962 88
21973 50495 24
37982 42546 61
37950 16600 69
21050 23932 66
32262 30868 24
42898 46017 65
1475 45889 34
19817 42221 21
30801 12742 86
6838 38316 79
41460 35081 4
53862 5720 77
46386 25602 99
25281 29283 87
23904 25758 74
47103 6793 61
43997 29947 7
53144 31886 32
13675 18390 36
5122 44661 7
5774 5113 57
34036 53096 7
50067 15018 16
20384 15867 57
16643 1529 89
17570 53045 25
43653 43413 79
55077 55967 5
11734 24261 27
56003 3709 82
33825 12591 34
4872 6184 34
28068 50011 68
21836 21068 70
45034 31625 16
36504 2808 54
36091 54159 44
1565 20734 76
30539 32712 92
15309 52270 71
35265 16481 9
48683 50125 15
16364 6760 28
9700 49222 71
37811 2835 32
50865 38232 38
9756 53841 69
30731 4597 69
39186 12024 26
54144 49180 60
50673 16908 1
47013 12072 40
57453 19305 73
19057 22532 72
35216 27654 36
53851 49443 3
3841 36189 71
41181 53332 33
41884 39911 58
41084 39469 13
51116 34097 74
56082 52632 56
31820 55531 77
58783 23175 18
55849 53282 99
4246 22385 95
6714 5939 45
29490 55401 69
33532 36303 94
6025 24347 73
6201 6867 2
12799 17006 72
22176 56936 21
1201 7991 86
34261 39456 60
104 30177 69
41905 254 71
839 56741 1
19069 49032 90
17729 19791 77
23811 32594 56
49418 57442 43
33788 57249 28
31583 1248 14
20091 15567 6
58286 28709 59
29895 52168 74
19202 59576 27
26018 21599 25
49525 44421 21
46292 15382 9
31905 33890 17
22479 20030 39
34273 22461 19
12800 45231 94
34962 29158 61
30518 50994 21
15573 41337 49
32355 48222 4
17014 3497 55
1218 33445 14
11451 58581 39
18483 55246 93
8449 40561 80
49209 17455 86
44361 5067 6
363 48467 70
30435 54029 66
18612 33043 46
5999 38276 16
1737 27398 62
3856 13636 59
5650 59337 16
1070 48039 15
44110 47442 68
36638 55762 51
43913 53655 80
27006 43058 31
30005 59374 3
37214 1273 55
13161 23350 36
48095 19205 62
31608 49252 96
56198 46624 16
458 43995 68
54866 7403 16
26363 23121 13
4725 41597 85
15614 46883 77
37973 53705 28
20340 37719 31
38177 38199 89
7284 38809 89
25490 18898 71
28054 15243 26
18473 21776 32
8584 58344 90
37558 22591 70
27298 24902 8
53052 52321 11
57891 27695 62
3480 37174 94
28219 26464 94
58019 38010 78
34760 1243 39
44216 27150 59
47346 20414 42
45072 26734 17
33793 49303 68
14701 30928 28
45202 58066 98
5529 8985 43
17308 29636 33
35450 28038 50
49491 2845 86
52975 40452 72
25111 19406 60
34058 31064 89
3 22383 24
11189 27356 3
2461 27379 71
59025 46243 27
28701 11002 8
51535 27565 41
13682 42648 38
17420 33975 87
16385 11091 95
9038 37391 81
21086 18928 24
13159 35242 31
3433 43114 62
41188 50045 9
7074 18255 2
27295 734 56
27105 5644 30
2065 43414 84
17515 57523 85
31014 30898 16
51748 20185 45
20933 55590 67
36315 45635 68
58128 40706 25
30539 34440 28
57814 25748 46
59217 33136 11
42041 53666 87
31415 15869 77
7914 8423 87
59484 27378 41
41302 28742 65
49264 48426 73
16218 51526 13
45652 46783 40
59492 38168 18
3372 16310 20
23161 45530 76
11446 5989 29
28748 30034 4
20881 4654 37
50514 31145 91
9101 3975 39
1550 20890 24
36055 12092 5
59662 46491 9
13642 11007 77
36335 25204 27
20822 17732 12
10471 6619 16
33763 14023 93
38256 10767 38
49480 1350 46
36345 43544 55
6828 30961 16
45937 8850 17
32333 20737 39
21095 6667 17
56421 37787 70
50560 2083 54
11091 12427 95
10416 5066 70
27828 35630 41
34966 18212 27
28597 58133 76
30063 9664 47
39775 19431 94
7191 46667 22
49899 16040 70
8480 25438 35
11013 28572 41
11763 46663 61
5329 45857 97
28814 29053 70
46975 19423 32
18171 13131 88
54714 15824 38
17291 29938 63
7168 1591 63
34391 42124 86
29031 59644 94
58694 18707 28
34632 52790 97
4884 23609 36
98 44705 25
12472 36999 71
48713 35864 59
15996 2858 49
51045 18084 21
30807 47345 67
39463 2072 39
55318 12204 92
45209 57124 11
43474 13555 20
40135 4370 80
5704 9666 68
36628 7190 29
8679 16145 5
49978 40820 26
31407 57796 17
18006 39919 6
46834 42222 84
37927 24620 12
39890 53822 71
24098 43796 53
49409 4898 63
27542 57342 33
45852 31209 10
5723 4197 53
19101 50062 99
43394 41192 2
54737 17574 59
53568 59859 7
1003 35148 93
35027 21049 21
37573 2636 89
19945 5489 91
43729 47019 12
11751 13234 53
32343 47696 5
15034 19066 52
27083 20677 73
49150 8067 5
15283 26270 97
37903 3075 82
25961 47207 26
20526 20501 69
13101 1202 18
47338 47721 54
34477 16667 93
29698 32562 86
50072 15289 71
22669 20583 11
17249 13542 45
59813 7049 77
36017 26871 100
19155 19863 39
9433 32156 2
54286 42272 89
36539 19644 33
3368 37767 92
12311 3171 50
37309 31006 27
19728 40785 55
22351 57553 99
38776 13431 81
32688 59869 82
48312 43908 20
49386 35522 76
22694 58722 91
24432 56738 93
44269 46378 96
25955 15577 3
3511 18453 87
51676 12329 73
2921 26141 63
24078 35222 62
22764 29251 49
54262 31027 51
7526 35259 95
10420 15893 42
34082 38186 71
39130 46102 54
36674 49256 80
25351 33531 66
18303 50209 69
33902 15437 95
48286 19382 52
51353 23507 6
18949 4430 34
58482 29232 13
44599 56688 2
18331 47534 17
6470 3555 89
18130 10964 39
30121 41830 69
28197 10718 35
39481 19779 90
17126 51405 28
30472 50107 89
17084 21006 2
37435 21981 17
17569 48561 12
48313 48507 48
38738 1473 34
58752 37819 59
16631 31847 42
53469 20168 34
46184 32481 84
43620 16863 26
6845 21420 57
11742 29712 82
41521 29035 54
36437 36462 80
37451 57673 4
50958 4069 91
29937 14723 9
33196 52178 35
28235 41567 46
7349 54915 94
12436 17361 82
19318 8561 81
7097 42512 24
8842 35655 41
44821 29795 17
16397 14732 65
2722 9696 59
7305 34888 73
41178 53619 58
40357 54403 36
57356 14001 35
13787 472 17
28259 1655 44
47780 2496 31
44350 36781 25
36801 3906 11
31094 1076 74
26390 14529 56
54376 30254 90
24728 1769 80
17529 12210 12
10148 45250 60
6387 27971 10
49154 28933 95
51244 32791 90
51141 13801 29
2512 47226 12
13689 58966 41
9164 19915 19
6088 26310 66
56264 11544 25
51403 35923 84
17883 8821 89
59450 59152 45
32719 36584 91
35513 13728 18
5115 37616 64
42027 43932 28
26234 27812 22
34526 20389 43
56007 52317 45
51727 44574 71
59572 2428 32
59128 59532 29
33823 52463 97
32335 2734 80
1152 41394 90
28494 9134 93
42309 3885 37
17389 27452 12
33467 652 42
8816 42539 82
34335 24737 35
11072 15605 81
52122 38239 45
55810 3003 60
7595 6704 51
34982 43986 41
37681 7534 15
53475 32513 17
7719 36438 56
15308 14122 44
57018 52638 46
24162 39733 40
41746 11157 80
1652 32867 23
44742 34372 73
48869 13024 63
3548 18002 75
53569 59048 97
49008 25455 26
39206 52017 100
12791 41472 34
19084 37645 39
49274 18401 51
16198 57545 10
14075 20947 6
39647 32892 57
9723 45774 19
48007 58453 45
33568 12178 77
28114 56533 33
10910 203 66
29564 41133 48
13797 28506 38
10667 56413 92
4740 19741 53
1898 46398 60
35154 1978 99
6504 208 1
11312 50839 79
45440 43012 43
56440 26392 29
59686 9570 64
56397 43306 3
40801 3643 86
31277 52221 46
12003 10079 41
42631 32141 32
57570 19962 55
35676 43215 64
11289 1940 12
21129 59761 10
37820 49120 47
54396 6271 75
15275 9544 25
42953 35489 19
31761 38140 94
52865 27207 6
24064 25721 21
43509 15373 41
34084 50972 20
36797 18046 11
12464 31084 7
9953 10803 14
45374 43361 22
43318 49266 68
13102 31859 1
22555 11961 44
16345 44980 79
54562 43621 10
12796 34405 58
56020 43636 62
12457 17259 94
32635 40622 71
54733 9638 27
23730 14180 5
10804 58356 32
4278 12583 60
30966 39345 95
46267 38909 74
9094 31600 88
39579 26757 53
877 53338 89
16893 46307 44
19409 5046 35
28855 7177 19
35543 39667 15
24495 21142 79
57580 53742 77
39497 30366 92
49739 44577 15
56473 44614 48
23639 50423 16
42703 42370 92
8031 34252 30
58362 14274 80
32714 33574 13
20240 11519 68
57504 22919 66
14617 30379 53
16528 47559 58
11346 19379 55
57852 2842 36
3376 35135 39
59878 53494 42
57587 41095 65
411 15316 14
4423 55533 40
26882 26323 35
25048 30315 39
36342 5697 28
4083 16512 64
9947 5753 35
30034 27269 36
2683 20247 30
43428 990 96
54099 47536 36
28200 21895 52
25773 50774 98
46571 43255 26
4309 2090 22
34213 50642 74
50743 26769 59
39892 31305 84
28075 40262 18
34762 23905 5
21539 43250 20
7043 52159 69
15602 36013 44
28583 2718 41
31665 59769 88
7559 2804 70
39602 37849 76
57311 19809 2
53980 56739 66
8170 59051 61
57750 55295 72
5283 22103 59
10009 38416 28
38383 48727 31
7410 1198 97
27046 40845 4
2138 50519 31
6437 11608 84
53746 31074 70
56783 20495 7
4810 5671 87
7272 48016 20
33065 34489 9
55899 51907 2
30851 564 5
59374 37859 35
32682 29175 73
3161 22023 34
28931 32899 67
38201 22951 64
30565 44090 42
54158 13180 5
6759 54716 24
44858 48186 50
4515 27148 3
43283 23560 29
45971 10955 80
41465 45667 94
42481 1440 9
9837 10289 84
4059 27585 27
36397 14304 69
14672 30549 69
14855 1342 99
57431 14063 73
10758 8340 84
22161 23124 27
40920 42682 42
20890 11135 62
46922 7990 27
47379 27290 38
44183 30981 90
17486 56892 2
15198 49303 17
20781 25024 56
53132 40546 96
29419 40261 37
28844 51845 23
59226 5520 64
6715 10459 65
4698 28813 6
59709 47418 40
56745 27582 22
28870 43357 66
215 15848 14
53980 58817 39
2885 53831 10
58598 15478 65
5729 24742 87
56542 680 46
11305 24861 81
59245 42265 35
2206 21846 21
5944 4647 33
55427 26473 92
34765 36051 46
50720 34687 62
4018 25540 37
33406 21830 63
33064 1172 97
44419 12586 92
21682 4281 5
4928 42711 97
19175 21842 89
48595 28352 83
4434 31544 84
50798 56168 23
20146 55695 30
36915 8270 44
28731 48828 45
33603 45707 53
21898 7716 5
23637 31085 83
7629 25326 1
10975 57264 80
44175 19485 45
11742 58939 34
34034 10887 86
21272 34102 2
40408 32592 24
23844 16438 77
54925 26991 72
20776 26309 5
11788 50236 21
30331 5606 28
46550 7241 7
58181 8295 35
26799 44380 37
26785 41724 39
3438 39638 36
39354 14947 5
52668 55668 20
20733 42420 42
33168 6567 93
18812 9331 98
20226 1681 87
55405 11589 78
41004 40973 42
5580 16239 25
55846 53824 85
11449 28054 13
59669 15059 56
13155 51274 52
29120 21251 72
2307 28852 44
19513 13810 2
54717 9673 54
31250 21408 78
44644 56837 33
58536 42007 70
367 58563 43
50192 4691 35
53190 55233 36
46584 43252 29
19420 16411 37
31190 26897 70
41997 50890 21
16437 16807 50
20142 742 99
28866 41716 44
18601 6483 15
26540 37532 18
59530 1260 89
45287 49418 78
47862 12712 86
39488 51715 12
33883 17207 19
20882 31063 32
9316 7807 45
27752 10756 68
6923 3158 11
50164 39394 47
12857 20906 3
32638 45191 72
9746 15689 47
43357 35291 91
41902 53769 39
44 4162 14
41150 36201 12
59715 9289 32
16369 20325 99
50902 42161 14
59907 10495 86
30493 8255 15
55878 35470 83
52987 9455 28
10152 56453 42
16651 20560 62
18756 51389 65
53963 35269 54
46141 39993 23
48865 57654 16
45334 442 40
34525 43873 21
58353 25047 13
46306 57929 9
8662 12002 19
8736 16986 89
34545 53803 36
46769 9863 83
44845 51483 36
59076 4408 78
22117 55771 16
31677 17808 76
28705 35801 97
5924 16948 91
53093 44371 51
105 22537 36
45316 4304 41
25777 1617 81
51503 56507 71
48424 22959 17
41696 1347 22
11594 14150 17
40794 59307 91
27401 47959 89
31694 51883 39
38608 52866 42
1353 12773 31
36369 16967 98
44493 56594 44
8077 29935 2
53634 14273 81
1737 31541 75
52483 35035 33
19095 39751 76
36964 31619 19
34274 46669 52
21533 32116 21
24670 48753 61
51613 58864 38
59582 29030 37
50081 47364 3
31085 22077 23
56879 12498 59
52580 23541 17
19255 10472 36
37452 10218 18
23893 17303 54
36664 31966 76
26390 58441 18
47646 47187 87
46043 40714 83
53991 16467 17
21051 3559 84
32052 53914 36
21086 16207 12
20381 52963 59
8416 11459 26
30124 58555 31
9453 58128 65
56897 37704 2
25044 3981 22
30358 50649 31
18008 9243 94
48501 11669 55
40431 27808 47
9166 42944 88
212 51102 92
2633 49107 41
43306 28291 67
53654 38192 25
47973 42276 76
25230 13917 76
42738 55158 62
22281 15758 29
7819 26019 78
56656 24010 81
18284 9133 83
33413 28277 89
53599 39475 55
17347 25527 1
42188 42813 93
13756 18120 26
58790 47175 22
55373 10855 65
24876 5611 49
33662 38817 62
25277 57700 83
36711 39473 18
46950 42055 92
12392 49861 78
29250 1623 99
49962 10331 66
40221 36418 97
1805 6667 14
56656 38374 27
7031 30507 7
40039 55726 80
40069 13148 76
29824 31574 1
41427 33140 22
38045 42540 9
19713 7694 5
41482 10415 88
48601 11874 60
53469 12156 1
44774 45920 81
32533 3541 31
23992 42233 20
5033 25028 25
59858 33211 7
26330 24340 92
9229 50656 89
47722 10047 86
14448 58429 92
33323 4753 1
51332 41132 4
22689 8195 10
22482 56033 99
57220 56255 54
15493 24700 94
41289 50230 85
16458 31499 80
29811 48613 35
45163 25049 16
39558 39049 9
31281 42076 4
53684 36702 15
55117 51926 33
24240 3081 60
10697 41991 28
36506 48849 61
5347 1385 57
51228 2745 16
32390 19802 60
52477 30022 90
8281 54775 92
50816 50990 98
39043 134 74
8372 21784 62
51621 22549 18
25609 37068 35
704 48031 8
28617 57384 67
43393 26808 6
31873 13618 63
54353 32182 67
39050 31197 58
11409 48543 32
33207 177 57
8433 8884 69
590 29119 84
25483 40797 42
3593 51963 87
4529 12307 29
23628 32064 38
24104 9821 50
31621 23207 16
8083 33430 9
47763 40337 7
59487 20124 83
35513 20369 38
12485 6353 13
1145 25824 43
21618 47033 93
22581 57690 8
48263 25698 95
43752 42157 45
19716 15257 55
48652 16192 89
21922 52810 49
50300 3099 38
34485 30943 16
10091 8012 37
17471 20929 24
52546 9612 83
352 33009 57
59856 9733 24
34307 41961 94
36699 43947 99
51283 9429 59
17262 21526 67
47568 24987 84
25270 20145 83
46169 53707 87
53275 26739 55
8425 33615 12
46278 919 18
41140 9154 46
4052 15138 90
17139 59915 92
10648 5588 42
19491 33641 35
14740 29278 3
58689 55898 78
35113 18121 75
38640 1683 28
28790 24859 34
17654 6293 8
4436 39790 27
15981 38611 64
48269 47089 85
31224 38159 13
15664 28377 96
14109 1392 96
35708 11277 85
56237 19357 71
18721 49091 8
38857 25754 35
40529 20887 99
44795 30559 34
8483 24463 45
30880 29005 43
24227 11561 15
36206 56176 100
38153 32350 64
38748 42918 49
13219 39641 7
38444 42535 33
36570 50745 73
52642 37115 34
50828 1375 42
36794 49111 46
1425 26185 18
15658 48776 48
1580 49907 96
46888 59231 75
30027 40822 73
19673 4212 74
4916 46358 15
32087 6933 35
49348 34817 73
53306 37466 56
33666 39893 50
53362 55257 26
2257 12239 25
59186 35728 88
6376 54574 56
34188 41411 74
47322 41896 30
15685 16391 96
12948 46630 52
14861 26878 12
24858 33589 34
23358 18245 77
26742 12170 68
28289 43401 89
153 27174 73
54355 37007 92
14280 45512 96
23665 43914 62
44974 20088 12
28102 31482 27
29870 46989 74
6396 59363 48
30733 59881 36
39677 49535 68
36685 32378 23
43436 33753 5
54247 38001 13
38895 38557 19
21787 20066 28
19779 50832 29
37456 6024 26
34999 23746 21
48360 6995 9
16484 50490 89
42300 21393 70
48009 46186 59
24295 9132 61
1369 7279 94
45746 33051 3
50428 41813 88
45033 14086 66
42530 6810 22
43728 16498 51
15921 29524 24
57104 28823 66
32915 14528 3
11936 59210 9
8649 57620 17
55856 54908 48
25803 3088 18
15277 55005 95
48241 53909 10
32017 29594 23
41464 11783 81
7200 33193 48
49238 365 36
48972 1837 38
39807 7301 85
38349 45338 33
23743 51234 92
43855 5491 48
34645 26114 56
26885 187 36
35763 42836 19
45282 628 21
30473 30806 95
48593 40083 8
42104 29286 13
57147 49968 77
48472 3356 92
57815 38789 98
8242 49416 30
977 58843 52
54378 35623 15
50277 54085 40
10628 22350 5
28478 38350 31
24434 52894 89
30908 54474 62
1896 6250 16
46472 11083 54
40116 20008 88
50368 46432 85
55824 55638 4
35555 13118 73
36459 50267 42
7872 8157 27
47702 16983 61
49002 12734 28
40667 9598 13
13924 23999 60
46327 14768 67
27298 25333 36
12389 36316 39
28563 49754 22
32178 30505 63
24390 43334 41
59430 39589 18
39730 41715 63
38607 2999 21
15716 58279 13
19111 27930 34
46868 41605 28
28176 57750 10
53002 4835 36
21450 36920 69
33626 48656 33
41439 29886 45
9287 24243 61
33799 1455 57
16041 11726 10
13822 35650 51
33951 44290 46
3402 6172 71
57763 10470 88
22416 52894 97
45038 4188 94
48574 4095 91
51404 31519 67
45474 46798 50
11738 34928 32
27059 10204 95
17786 11769 58
35023 39027 75
469 39998 84
28904 2132 93
20082 4351 29
24384 20762 1
42975 6385 33
2959 40043 79
766 46265 39
7899 49872 2
41952 32172 44
7344 55334 33
5414 5314 60
20782 55130 57
44664 46390 19
1649 31927 47
7075 33576 17
19762 9640 54
53524 14199 1
14858 13218 44
1428 47464 93
15340 44028 8
46573 52792 71
22392 22978 6
54287 1765 2
29348 595 29
15424 17368 70
13228 12269 79
13487 39482 98
41319 21816 85
41174 39732 97
40844 16045 1
19024 5230 79
21387 4687 58
26973 28439 69
44303 7795 14
49284 4450 8
514 37921 89
17144 6187 87
14281 18455 5
23263 46117 88
39376 40352 35
9115 53604 16
25382 13704 51
1609 5990 89
44734 5367 25
29990 31936 71
59289 37610 44
17651 506 1
8118 28533 5
4238 1526 88
22337 42477 75
57584 28424 55
52184 13272 78
59417 5581 9
8378 59360 49
34338 25296 16
8371 7916 6
2716 31127 84
28634 15276 27
37410 28536 74
25143 42082 79
837 19140 6
408 40017 31
37453 19054 44
24755 25941 68
19180 34302 2
7262 22341 16
50155 36219 23
30160 2560 38
26918 48111 51
24668 14856 79
2723 23177 60
47819 41027 34
32894 55399 69
31131 30105 82
51314 43847 55
15199 7381 2
33108 10689 66
12395 42365 55
16598 50864 67
2314 43795 33
151 18132 84
976 42088 90
2626 11247 50
38737 33790 20
51755 3722 8
45289 27348 84
56615 25741 16
18607 56702 41
44171 37975 96
18608 52591 74
47391 47848 79
2428 41636 19
42098 9115 20
24459 3741 93
15189 15938 23
42657 16430 13
25546 32914 1
57303 2255 82
10742 6204 92
24934 10321 76
30823 42878 12
48155 13905 92
48561 11217 51
59588 38023 43
39846 32528 83
48127 13898 18
45248 7446 73
33593 32504 5
6660 56170 52
13858 25805 66
51673 21962 69
25974 21328 50
11791 34202 66
36363 19883 8
51940 57802 87
16612 21069 92
46329 42308 46
25446 2042 23
57047 21818 30
45585 26176 68
31261 16922 23
12426 50528 26
20332 11952 53
25359 6936 55
36823 24715 16
780 12645 42
41518 46914 7
51569 2319 3
35719 50661 16
7016 18528 37
53667 13862 64
650 55611 90
37359 10325 32
17820 9794 67
56729 11965 89
28632 18625 86
23442 35991 69
37818 22108 87
45420 54387 74
4464 22172 47
48805 38313 14
21225 53063 24
48358 45934 58
4070 2799 47
5948 36771 21
33175 58914 29
39845 23774 48
48589 37725 16
15802 41814 73
729 30687 9
28881 43502 70
50842 44940 92
57649 47063 80
33157 16897 38
47499 42998 90
35518 15681 10
52602 12126 55
50516 2925 35
18952 41574 95
39855 54700 32
18004 28330 71
12437 20559 45
6678 8888 96
36176 28173 3
11323 56448 71
33599 10084 88
18705 13989 44
16417 38758 49
59695 20133 3
34723 10713 30
57151 9962 51
46422 1536 72
52371 29523 16
7937 48373 58
4920 8187 27
13757 37018 48
20371 7156 55
39271 22577 37
26074 40979 6
1103 10221 78
31205 22867 51
43815 15444 75
38172 32447 23
23779 56331 3
50110 39659 84
4527 20498 73
34602 48447 83
39159 20648 75
14505 59047 74
10271 29107 44
53632 20127 46
53955 53072 48
37100 5016 48
4236 6472 93
56533 27502 79
34061 21410 5
11807 12074 6
21829 35310 34
42497 15527 45
24779 20176 53
57937 9262 13
21213 53075 76
5028 18255 24
38075 46851 82
957 56426 64
2225 38354 73
15657 32685 93
11736 17011 8
24584 42810 61
13443 513 26
8300 25691 99
27889 44110 96
42470 32337 36
42347 53172 35
30761 48732 44
51225 53098 74
42199 57006 48
3790 4184 67
34294 22402 71
36750 517 40
372 55843 64
42739 43301 10
9104 50676 14
13453 20303 38
37971 28527 90
34096 33316 76
53906 32999 52
35728 34741 41
26395 24213 48
8442 1531 35
36895 57864 22
47087 2053 70
6680 26974 35
54801 20458 49
8357 26665 81
23112 42717 56
45187 4219 55
59299 5125 90
28426 36683 90
39009 57376 43
50940 41918 54
56287 57293 8
34682 37213 73
14704 43149 10
56940 52048 58
56426 14344 88
32605 9831 7
49355 52930 3
22928 2867 4
23719 17462 23
52611 51360 11
3024 41617 34
41053 41717 35
34368 2716 71
56547 47451 88
4510 34436 57
35713 59364 95
56027 5344 85
12037 7414 42
27890 59353 61
35358 42243 95
11330 41516 97
22830 8518 5
20950 23873 99
50024 40278 2
17010 12349 46
50549 44834 51
50873 24724 17
24580 30976 81
3459 46071 41
18655 20298 21
21453 5874 43
28957 22951 98
42276 15872 56
8192 55719 13
28341 53886 10
20954 31845 79
25966 6649 29
40686 53861 43
5897 28111 65
38840 32366 21
29655 24063 98
663 58789 93
38508 25397 11
23115 39926 83
30477 8082 6
3115 45735 3
26233 23500 8
23386 36888 31
19672 55723 57
39783 27135 21
239 39395 20
48634 44425 12
48420 37513 47
35806 6813 2
38111 41185 92
18813 11891 87
2114 4104 71
35146 17734 98
9267 6689 100
38211 40917 80
8495 44887 10
50237 43994 51
21834 47166 98
5287 5067 17
53884 8711 34
57311 7007 50
29538 19076 79
2317 46531 95
2827 17383 32
28654 34889 27
34148 17742 93
6387 42728 15
31428 41620 98
37176 22748 62
43691 40054 26
23559 20729 58
31158 47433 63
44047 50595 45
50115 41393 13
36381 52961 21
34884 7715 70
50854 48759 22
8469 13879 37
34770 14440 16
1797 17698 46
30412 22216 83
8240 40250 52
11459 26683 82
43586 15298 61
15840 4726 41
35482 4810 97
58304 58043 42
33884 17919 55
15516 24293 76
33979 52581 25
50261 2244 74
10302 43992 63
40656 15005 51
17645 44117 27
41740 20176 84
16825 9230 44
32426 34522 91
24917 1933 31
45355 13339 8
54554 52899 46
32416 46653 73
55852 51594 16
706 27657 60
12500 32971 49
40685 12086 56
35232 56177 18
31862 35053 82
30442 16403 62
7332 20694 46
38784 54225 70
32960 23367 98
34905 33617 48
6090 3394 87
43831 25579 14
45030 41196 80
21584 31431 59
4554 52954 31
56422 47780 36
48061 8313 45
25701 13917 41
37612 34368 68
32014 44144 76
44928 2388 32
17603 22781 11
38039 9440 11
20908 18110 89
15936 50432 22
18494 47936 31
36379 5034 67
35624 39631 74
2853 5136 72
54707 47200 8
5689 8535 7
53593 33711 15
44731 43542 6
47652 34825 13
41374 9426 72
49612 25342 68
52919 10631 59
46076 43689 82
54825 5226 20
39651 45470 78
29218 15074 63
44340 18518 65
15688 34068 4
39041 42467 16
2514 57925 93
33800 18660 64
58756 44213 43
43684 51334 95
21185 4279 64
48967 16171 73
29751 58163 85
11520 57403 2
42340 55607 13
45364 43851 93
18995 56763 47
23643 49141 24
59509 48359 9
5396 32370 24
53392 12291 91
4693 50162 71
33942 41089 48
4472 52705 89
45148 40872 48
38134 51786 84
27771 14100 14
12952 57744 61
49108 54748 68
27456 41339 89
2071 593 56
37531 35930 70
50274 41925 45
35103 40754 71
11017 21333 55
53421 3912 89
10130 21692 39
10130 28272 72
12900 43130 96
772 56907 68
3117 17447 62
21170 47951 8
19715 59168 34
24036 21052 75
21344 11196 9
20303 47665 91
3031 42234 77
42242 3806 59
16858 56958 43
59792 46984 22
3326 40294 39
59841 28675 94
46179 37613 75
48084 49966 10
30193 30962 39
22841 35164 15
27028 876 38
30789 59862 17
13991 26717 29
50369 34815 67
27664 55358 22
807 8337 90
43373 55904 12
44263 31573 80
58134 36133 5
34274 23385 8
53269 44256 83
24469 8439 11
27197 43882 67
57337 7865 36
37688 8526 84
22528 38386 6
41698 35861 24
40620 25107 81
34059 51418 93
38126 4145 7
28317 45490 89
18224 30322 16
18338 22283 44
7829 58692 49
55147 44405 95
24003 9760 63
14598 34597 19
44716 508 45
52247 55770 89
32643 59776 6
1047 56485 38
45595 2771 100
7184 54732 11
52575 38351 82
19709 33449 25
35406 16616 61
57797 43852 12
23761 18215 75
13974 34209 25
11263 22718 69
26723 10029 15
59179 51130 5
58258 17477 63
48926 13058 58
8441 13241 43
50190 8798 90
53703 51464 60
21214 52058 57
28618 21014 41
40144 54833 1
39724 30509 47
12815 33096 50
34913 54930 12
30650 26989 8
36707 48886 17
53283 36662 38
51207 18276 26
34724 40999 12
55770 6287 7
55470 49399 5
20208 29450 80
41395 59115 39
45528 54355 51
35359 36762 79
3461 58396 15
47490 54924 73
24250 6351 10
14247 10181 4
36043 21904 4
11962 10505 9
42043 16657 19
4556 59859 80
58716 57801 69
52171 54035 8
59880 2242 86
33021 15042 21
24848 32142 15
48893 59243 47
25022 20919 45
49300 26972 85
9604 39500 88
31201 21836 68
28593 42268 42
6920 36175 65
36164 34869 19
48536 10522 46
2588 49014 49
47165 47186 87
41947 57125 58
10386 47008 10
2343 57052 71
49494 49465 3
6624 33887 15
22831 46774 36
38829 19758 61
20533 9123 19
18761 8354 67
27218 58225 94
44981 58169 53
32501 17213 99
23489 57167 34
41544 37938 51
13627 26139 42
47075 53657 59
11495 51655 66
22147 32500 75
42789 22934 91
43410 23440 48
11690 51135 25
27814 19584 27
56384 34405 40
23210 360 14
56677 24010 25
24733 36142 62
16215 14312 91
5446 30416 52
49593 20083 92
52863 1019 66
8619 207 51
12899 30107 17
8268 14556 40
33358 15728 94
28856 26523 42
57898 46594 94
39684 54109 4
39310 34638 98
28974 51846 5
6711 55881 38
29646 51563 6
4573 37111 1
52980 51900 35
48701 3057 99
57780 45902 72
52334 5703 56
24483 50968 82
58065 56347 65
19101 41524 4
34811 49137 82
11404 3829 75
11271 35514 25
23022 12534 67
41452 59358 29
34990 7159 69
3285 26631 10
18329 57764 40
34774 32159 3
55014 46716 39
13162 23265 60
21895 11842 33
38473 48919 74
5597 14999 8
8431 52672 56
50595 53233 8
21488 55913 71
33408 7204 98
22266 50165 99
29133 5133 100
15643 21048 54
50771 36580 17
34131 39459 71
53109 4816 46
46519 35292 53
51499 18837 98
16359 51329 96
31536 56900 14
17064 31359 51
42102 59884 24
37897 5719 58
26961 9539 81
7588 24423 52
6221 12201 23
42813 22405 7
53659 45413 33
58209 35952 36
21554 30919 11
45799 49365 25
23715 48890 35
58159 46415 30
37719 32692 41
20705 8009 46
39823 51941 7
28241 13970 87
6893 28658 46
34930 42582 44
28203 49992 100
42735 11650 22
24272 49651 39
52361 15541 96
57227 55160 41
14937 3246 44
21019 56478 16
41167 55685 52
33961 51272 96
21463 25706 47
31039 39230 22
28599 54799 26
27898 8821 19
14005 18274 89
57838 55365 55
16501 30081 63
55577 14835 13
8842 39505 92
59890 40555 94
31805 25218 27
3452 43877 91
47337 52797 49
17388 37478 78
35230 38953 19
41098 10160 5
28378 46215 13
20123 3754 37
14061 54274 32
35847 24027 92
55737 58506 27
44826 52561 33
13416 30488 52
49314 3184 10
11296 11005 50
24601 49998 67
22528 4703 93
11225 53470 73
4040 5966 55
2018 27173 75
8181 47891 61
5360 27119 83
16255 9410 98
24683 9964 79
24169 50957 22
36993 30029 73
9365 16834 63
59178 44656 27
44187 43596 95
59800 24409 99
58216 55090 6
21016 4320 76
17616 20992 26
46973 32180 45
41295 18803 83
26407 52067 95
20353 7492 74
38675 18846 16
30933 20242 91
45882 52045 45
52942 11057 20
47018 15714 97
28314 45738 23
18066 28451 29
25521 57490 72
36128 44462 28
1394 29796 54
21493 26409 80
13219 3839 1
18741 6657 35
13843 27352 13
57123 37089 14
3110 237 78
28781 47698 92
30631 16032 55
25218 15607 57
19243 20529 31
27790 40478 9
14518 59116 13
19847 5338 10
53962 39895 25
47894 10798 4
15313 25268 21
14896 45019 10
12616 16125 88
45779 26535 52
48234 46137 73
13690 26955 4
7594 50470 86
28908 53277 25
37771 59638 17
52248 46313 29
34722 14413 6
38029 58056 15
30432 14515 57
30408 20211 40
1363 20876 78
12770 45848 17
40477 55983 89
30518 22070 43
54339 41635 40
59404 14275 12
6707 41498 77
38281 33700 19
24982 41231 80
42502 51169 38
18362 22243 14
26018 33343 56
37690 13411 44
28764 47205 39
44775 31849 4
35042 43080 79
19886 1360 38
33559 36519 33
1870 32383 4
28539 36444 1
45300 21975 96
57296 58278 48
18241 1231 82
41294 1562 69
15188 26204 43
22811 35757 59
40119 11355 36
19477 12965 37
55467 17270 31
17171 10135 56
1497 1119 60
55406 53897 89
55592 48004 97
10431 10909 20
38042 40685 95
57836 19338 66
43330 25081 68
19564 10551 15
19647 24143 68
34517 13282 16
17140 41829 96
12195 15759 5
21002 23030 90
24345 4186 25
46741 42259 74
1061 25111 90
36151 1117 14
48708 22096 99
33329 40638 21
58686 44611 44
31412 26023 70
8130 57285 29
970 12095 42
11449 15752 19
14409 6100 15
14265 25663 50
31812 34703 64
10998 56556 9
39317 32738 51
8929 52430 55
26124 4999 79
47778 50815 39
502 15292 38
40778 8875 82
19603 55625 70
25633 57176 75
29183 46986 7
37058 37466 87
18398 8166 45
24330 6544 42
7047 14682 19
27644 11090 40
36641 15403 47
16857 53869 79
43483 35552 32
14991 15479 26
29263 33549 46
44038 29547 12
10765 40169 64
30349 28385 22
49978 13106 20
57196 5541 99
14947 6161 41
44533 59290 93
17433 210 100
44376 27209 79
48147 39003 55
26003 54153 35
1966 22410 30
17932 26998 58
35228 59287 92
57178 58220 97
43145 5957 88
2011 4450 19
6080 19767 46
46689 42706 89
20859 17554 66
43640 58728 20
32743 28395 97
15764 48012 87
18911 48322 79
584 28242 14
30512 22148 71
14576 58145 61
18001 6949 22
42373 40928 93
35066 57862 83
405 4514 93
51111 12552 98
19500 27886 13
5951 44824 95
18094 541 71
3371 56744 71
46947 13245 75
32829 7945 65
58549 35420 74
35221 48876 56
2765 17941 73
14533 35083 72
1369 15340 34
1362 17555 73
47903 49072 10
47212 30507 81
10231 3776 27
31428 27073 76
19668 30340 91
49892 20238 69
44822 8134 5
51269 41914 11
17397 13063 50
11387 21091 86
4382 51525 16
31000 22104 93
41379 3715 15
54670 57508 78
37304 38855 14
51094 40667 95
15218 45392 29
34091 48412 7
39743 19025 30
8899 58253 17
41037 44658 23
9651 27370 82
24751 48169 3
1029 31214 73
45314 19285 83
4582 27383 29
37121 53186 60
49131 19459 54
29510 13083 63
46660 22041 99
29091 5445 94
42952 48302 9
48161 34520 44
25503 59573 64
27969 49832 11
3336 10389 30
50269 31288 81
42092 11775 61
30688 45467 96
55886 15342 49
53829 54618 68
31090 34885 36
44078 19065 23
24845 51781 30
2043 10134 39
9033 16812 84
11156 51575 69
31605 50966 85
31962 41415 69
47182 11725 91
52008 57530 84
33003 13953 19
51869 45023 33
48977 48845 10
30782 5469 73
28639 17067 36
48323 56089 94
27317 37495 44
48097 34359 15
4118 32943 46
19994 41640 92
25841 14264 29
18820 21907 62
15443 16573 2
16138 32896 63
38027 41343 40
37817 10902 55
4858 2488 6
16746 33742 99
18910 46853 6
41171 20272 72
18460 10137 98
45178 23160 76
45150 11077 48
37321 3646 96
32557 21134 77
30495 49069 48
4603 44649 80
36849 16431 18
9531 34871 7
20200 49521 94
45929 5931 36
37422 27662 98
35740 3691 56
33414 38746 4
47468 28082 2
22936 38953 95
53320 6723 4
28531 27671 87
15361 34837 24
51531 52481 27
7576 12105 35
29404 21698 12
13200 18696 17
39305 39036 86
38527 31974 21
933 19787 21
33348 54762 87
9341 42217 26
724 23566 72
7940 46608 48
28776 49143 40
45593 38698 10
56985 18647 52
32466 5900 59
15065 23082 21
43573 54721 1
37585 56257 85
41726 36134 22
1753 22813 59
42737 28444 25
29823 25286 39
10297 40006 67
36972 22201 76
59488 18128 92
43201 39872 33
47548 56998 13
20305 15801 64
21134 26720 55
11717 53589 23
59440 10535 66
57001 55199 30
25654 32988 16
38651 50764 43
27282 36736 14
32909 54628 90
23801 56584 92
51381 23195 96
19488 29308 23
11260 2997 29
39173 51152 26
24725 46537 76
16384 30705 34
16596 44838 54
23177 10417 94
34461 12120 96
21077 39314 48
1903 15878 62
56127 7052 52
17641 27853 95
56330 30710 72
24929 10195 55
43876 18623 94
9201 31601 83
40076 59690 94
15533 53959 19
24399 37818 10
15682 12638 6
17468 49615 25
47399 18105 69
38878 54884 55
11993 47511 90
35271 45899 13
28719 21713 99
41741 38819 100
1051 43254 70
35883 14984 97
39237 10621 96
28191 24382 92
17663 12212 23
7490 39498 83
33418 57275 79
33852 25911 42
54604 33543 78
9706 12124 92
27720 39914 49
26146 23912 93
53022 19750 56
13731 38922 40
32583 33396 48
16579 48809 21
49697 8063 89
59300 33233 71
54938 39802 97
28572 39566 62
7516 37935 83
29287 44025 79
12618 49864 59
25441 24898 98
50959 2329 49
4688 59206 42
34940 18532 44
29789 12854 81
6801 12249 83
16429 53936 80
8599 32066 86
41664 18320 39
34493 30903 1
24880 24950 12
37812 24379 66
31589 53300 2
23488 779 85
47711 53601 24
4723 43049 89
26685 27834 58
784 7973 85
2691 8099 98
12544 46432 74
19199 841 4
20930 51638 66
13681 49060 82
38207 24319 80
54211 4306 30
24468 29816 43
7047 35893 39
16702 2262 3
26230 46703 43
11431 57339 73
58074 32116 15
30548 17702 20
25554 21496 40
53558 34480 52
50811 3054 7
3799 34978 12
3603 25944 7
14253 36408 89
41089 21469 88
18456 36141 35
49502 32797 56
39853 18362 55
52954 7872 79
30644 42265 11
57271 28468 75
31170 49233 74
10182 50566 72
26577 11195 21
41519 7114 54
34726 25837 72
30647 59693 83
52929 11757 45
42672 19422 29
52508 56816 8
57520 55116 16
29764 54138 93
26876 30673 77
4967 28741 27
23073 7395 52
10518 24604 46
1560 6592 13
9967 46736 3
4014 28825 33
12627 57997 42
24903 58705 50
19891 56308 84
4325 53034 8
49658 40531 23
58301 10125 77
11492 23193 73
44283 37189 50
34446 28132 99
4372 31362 70
1011 10795 39
23886 28968 37
8507 25214 65
47550 54709 68
11151 28626 85
4608 59419 51
26161 11394 80
53928 13108 17
53339 41729 17
16233 29399 40
16777 17533 35
20817 51713 10
52260 58043 50
21724 40557 66
13711 21443 57
55482 16073 35
27084 51601 29
35504 15220 84
32957 17286 72
35258 2704 1
42177 6332 36
53766 29056 4
41353 7812 36
21438 52875 98
33666 52788 4
49181 38544 70
38483 5131 5
28101 10037 59
6877 35739 15
38578 30820 97
38881 5173 87
19395 53509 31
2156 41606 26
28868 48568 69
9484 25356 76
8040 44427 60
8582 31250 21
42921 21778 40
34642 672 29
40709 32683 88
33599 24341 63
12581 1665 15
50853 8129 65
20959 29068 27
32792 40162 71
22911 57804 18
3552 20457 5
34994 20757 5
20891 56559 50
41216 1775 44
37691 43173 97
20029 552 48
6840 7388 33
16338 13742 69
36587 18567 9
45040 35715 51
53069 48815 22
4455 1423 17
1890 52497 1
57731 10350 10
44417 18569 54
15794 16465 12
40960 18510 87
11877 15018 32
38822 15349 84
20377 28229 77
3851 58763 24
58893 17619 84
23155 254 55
26370 3406 29
24666 16161 80
40571 34892 16
23668 59457 37
38686 49736 29
29821 56545 92
52236 44650 22
27342 15963 86
4268 13051 81
43414 10228 1
22044 46135 36
55734 24313 95
42450 4402 48
45622 57754 17
8217 54695 39
42167 52486 41
40039 23615 8
44221 24436 89
21259 27799 34
26613 59052 43
18033 45843 91
54239 36172 59
44907 27621 62
51722 19021 99
19742 23901 77
56413 42693 70
40017 31703 83
4790 14183 50
42529 38809 58
58957 39742 56
13623 41279 2
39319 6629 15
39224 32819 89
41828 58523 75
22955 51377 76
27116 17392 76
43563 24652 77
36260 46829 10
5071 34467 15
14277 8573 52
9061 3880 8
48703 42451 54
50556 20251 69
29164 9215 73
2906 5902 61
19011 39781 68
13519 16556 53
27972 21300 93
1513 38952 27
57951 4699 34
33596 9975 97
25879 31798 79
53879 36665 68
24585 44991 80
55760 54163 23
7205 48158 81
50596 42893 75
41504 49295 5
5747 38331 94
40267 53505 30
52508 27478 14
33256 45120 34
56135 22912 61
59912 26480 28
32285 48252 76
11547 51176 40
18851 8792 23
38003 58901 26
838 43495 17
34388 56541 73
39788 36939 71
42192 22579 71
20547 7848 8
56497 42917 64
18515 5049 1
48148 29893 85
28641 3937 64
22428 54462 84
24843 2663 68
11863 6753 31
48615 11982 21
44166 27031 92
13139 55564 45
17976 14182 41
1380 24230 26
30649 22692 66
32071 15114 80
6173 35224 52
50748 21436 39
45726 11997 75
47253 48400 50
37055 38418 38
11251 4944 70
23356 26605 37
6030 27309 90
851 39077 45
30939 52884 13
24256 42105 2
16990 42357 55
54951 44605 56
25173 24034 31
355 1443 32
7792 57437 16
6229 22251 60
45221 7857 34
10330 30385 70
40347 51593 78
34999 13057 72
36159 45224 75
5177 23468 12
51186 30046 7
7154 40184 17
54328 19536 93
49472 5300 83
33214 48343 92
6669 50432 13
20338 48617 21
3922 58365 99
856 14821 26
9288 13913 40
2445 55221 98
19889 59326 66
46511 34193 90
19752 7922 3
27222 47960 54
15731 19934 36
39374 20032 36
11276 56257 5
13645 27797 93
13191 7915 10
38599 56306 78
44705 9079 85
49903 17226 46
54951 7323 5
3368 48177 12
23857 17239 56
46867 17392 24
22363 24380 60
33983 988 18
13614 46988 32
55753 58183 47
5184 27415 96
23 37550 13
10451 54978 21
38429 10807 14
11296 39457 55
22708 46522 46
52470 19354 56
50688 9135 40
40564 42645 97
39465 9462 35
16331 41414 82
48816 50046 73
51821 9293 77
53102 43153 50
28386 32445 75
31470 51724 95
47005 43793 71
6529 50106 44
55689 17001 99
21502 14488 5
19397 5492 38
14758 8708 3
44817 6220 84
52453 57099 59
46703 29894 59
44051 50383 49
6239 57971 61
34301 799 34
59454 5054 44
8928 30482 99
18043 4631 19
53859 34926 30
29072 5013 93
22085 42848 41
55102 59914 13
35252 5557 33
56736 50762 41
1322 49585 63
50626 10922 100
43151 59066 61
3496 45307 85
49757 5351 75
48242 58305 86
10196 15030 72
54948 52097 29
10027 9086 84
56417 52090 99
6374 26924 33
23571 56482 86
15537 22854 86
6969 55079 100
21441 29261 5
44640 1630 20
50812 28611 85
41968 39903 43
7539 8812 27
25913 20079 95
12622 44411 29
41581 44623 14
22510 45473 17
48858 22449 93
28461 56273 47
6583 47514 29
57066 7944 40
31074 28427 81
38704 21736 24
33120 55083 49
13575 5455 85
13609 53241 48
34904 4548 85
52775 37521 6
9584 12550 38
42172 37276 2
15455 8536 68
56852 42650 64
49494 40551 97
18108 39997 44
22535 11026 74
47101 36496 44
51481 34886 78
11850 28584 24
24528 13468 49
38668 58370 69
10686 38614 19
43998 28704 83
52107 26302 11
24209 52427 62
26162 18787 30
21614 9257 20
56045 43121 6
51189 23014 29
34476 58317 63
998 58745 29
9873 43647 62
9460 51431 45
7610 10637 55
23048 27940 36
54612 13054 98
17496 39379 74
27698 25926 24
16498 34664 78
17008 10516 93
40511 8774 46
53070 32422 34
35348 21556 26
56003 35214 10
58239 16378 33
42091 51905 21
3967 32861 2
33917 45671 9
46557 56982 11
46816 45866 78
14890 50108 60
523 7866 46
9014 21399 78
329 40601 60
36509 56630 96
58015 42539 28
7103 44632 90
46187 13178 22
15844 15144 84
32665 3803 88
36827 45643 16
28190 47926 95
33109 13309 97
24386 2458 21
10483 48896 4
54479 55704 74
33762 25509 76
3299 42117 57
42677 50917 28
44648 41600 36
3639 45463 56
9783 49557 71
2687 58952 31
37894 53925 52
13185 42991 100
12007 27757 54
657 32279 9
37170 43455 85
34510 11182 21
35021 15428 84
48041 52599 87
13295 12019 36
50935 59257 8
6584 27275 20
44703 56315 31
19627 44381 93
8151 8538 87
35192 43828 41
24216 41794 55
23775 34139 41
6051 11529 3
20570 16247 62
12431 45296 46
45359 55141 46
26924 11200 72
20875 14934 74
54600 30863 27
58264 11439 43
59796 9015 31
3730 3065 62
6718 28725 77
58247 42339 86
12926 30144 79
34451 14458 51
59509 35410 44
20931 28662 85
16511 749 46
35879 28505 44
54590 39188 46
51405 59578 77
16933 5937 21
31767 30696 42
7056 51338 78
27740 57125 21
25215 52762 97
3930 15469 30
11359 39109 5
29835 6205 98
35987 39885 7
24814 6800 63
29638 57740 37
24370 30953 10
50265 54051 19
56083 26447 13
54322 17283 15
4696 14940 47
32107 38384 36
33820 17969 46
28261 55269 51
4602 21809 55
9425 21593 90
33367 2737 97
35588 37575 79
57991 29401 78
4072 10890 56
6220 15400 93
4652 25473 58
9583 54065 81
6139 53902 72
44606 52893 78
38083 32250 14
41966 2456 84
56229 20961 100
40293 5137 31
31732 34078 22
19301 43683 76
36212 43710 44
35866 50084 61
5773 11369 95
59649 54606 32
10361 33644 44
41473 54724 1
31541 54912 7
27997 668 14
28550 40311 69
15812 23243 70
56706 10962 95
54993 25409 57
34028 13320 39
47845 8533 18
53929 43836 25
27748 14344 97
54758 10205 46
49395 51380 15
29083 33031 85
31456 7635 79
25390 11396 82
38665 50032 49
36311 41331 7
29795 23502 10
1345 55861 12
35139 57582 66
52836 51666 79
48676 25915 23
34047 10366 78
16156 14833 97
44737 21456 60
8361 23158 51
36384 19178 9
45103 14161 56
25644 21088 74
26919 21432 75
24304 42348 90
4036 57601 88
45190 2552 42
39961 30769 63
20107 12551 8
25352 25228 60
10626 11600 94
17052 1078 4
53415 28108 36
46281 42478 99
21568 54706 99
25216 3664 33
51535 37540 31
46668 6163 70
23638 27587 58
34546 46335 51
37046 41213 87
38474 17962 33
11786 29065 51
40080 43573 30
26011 50730 29
5174 49014 9
26012 27741 24
8218 39382 51
33469 52173 41
39721 52838 53
38463 13060 98
18692 45020 24
1287 48441 52
32262 41425 39
44074 27533 77
43716 53235 24
43307 56807 80
37848 36761 50
54363 40402 34
57066 58811 60
36313 59746 96
17657 34415 52
48275 22806 57
1912 24521 59
16129 16496 88
38919 21536 42
20634 46725 53
50312 33359 18
32633 42909 52
57444 22467 51
41664 3252 42
44109 50662 82
38946 43849 97
27395 49432 48
33767 1182 7
25870 39551 58
20865 44959 96
12874 33464 99
51825 19627 9
37090 49684 94
26434 25144 44
14915 9812 44
4213 13631 96
32458 161 32
13735 42984 39
31592 7651 22
49694 28735 36
21197 47241 16
59254 3006 54
30757 45573 97
32539 39451 15
38839 58547 76
20103 36899 68
53546 35725 9
11673 362 99
11663 8169 76
35670 12370 55
9541 19812 68
21298 15580 96
12000 46949 48
27036 44204 6
13094 42863 46
40835 39066 77
33933 28898 63
40101 51440 6
13149 36754 38
27606 52323 91
56884 29266 17
7187 19058 3
13367 2681 21
57748 55714 6
12531 2605 100
50908 50976 66
47834 56620 43
32687 35399 2
3713 41029 71
45533 56682 14
47724 29032 15
20842 29930 62
32216 58289 78
43516 44849 2
19275 37041 42
15188 26286 59
42524 50624 66
27988 745 22
28591 21648 86
57592 17093 48
37486 49466 96
31419 15662 45
14025 24161 23
20998 20660 46
48131 42184 79
13620 7885 37
5153 46362 23
41701 48076 31
9675 20629 58
5044 13634 21
45914 3116 63
48599 32624 60
11221 20363 66
42594 47239 49
46628 49298 17
54301 52964 98
37638 50313 5
6277 58010 51
31075 7511 80
20786 59267 42
7369 47825 48
41231 23424 38
236 23604 92
55408 3069 17
11996 55502 53
48131 18674 94
6755 16204 89
18399 46814 78
51047 25730 79
44542 22173 87
1190 8354 21
46299 21650 25
44481 39125 86
3107 12190 44
34140 23742 9
53016 21149 26
14882 10915 46
32652 10254 99
20447 7891 86
7796 38264 13
26999 25315 75
5873 18354 2
25119 4585 14
23919 18518 11
55513 39932 43
39720 46404 40
26870 14084 8
54726 26063 61
35095 29827 33
15159 25289 3
15759 15265 25
6606 44953 63
690 37913 64
50105 57227 29
51280 55493 89
23456 56439 58
57993 49376 33
11011 32136 10
27525 34633 9
49776 27487 18
6755 6392 79
47110 1054 57
26102 53804 21
34729 45141 7
13475 55172 93
23414 4062 55
49734 19625 42
48457 44049 96
34030 15044 4
23402 40846 36
466 27732 76
38630 46982 91
38620 58481 73
33780 13520 70
44406 9655 84
13488 12662 36
38370 10989 81
49741 3415 56
39609 43249 48
29313 37188 68
3595 39161 84
40042 12322 43
7728 32399 27
34986 13005 87
54781 39455 35
50542 38711 28
51645 13252 55
11859 26786 86
49169 54576 7
27135 25430 90
16665 8740 64
47057 15762 12
24178 11215 96
21177 13374 46
42898 21851 54
26254 27127 89
14078 31700 70
57182 54430 18
22882 13416 33
46244 5617 55
32293 34470 88
6843 15268 51
7024 2241 12
45147 8001 68
28963 29303 40
46600 2537 94
42937 13916 86
26697 15744 23
48864 35840 15
20291 9975 15
12867 13207 31
53693 25627 8
21249 58921 85
6454 13748 30
46147 38719 17
36866 44918 9
31894 59286 46
54651 10752 43
56663 19621 15
15685 39296 9
6281 45252 69
1392 59325 63
19329 59524 51
35104 7803 47
8651 38251 9
13504 5336 58
13222 10597 36
18370 55903 54
15972 5162 91
16932 4726 89
30283 43747 33
41029 22690 16
1834 41684 92
36390 42414 76
32327 47445 81
31863 35311 52
48439 38301 74
37057 19109 78
25335 58678 35
45281 8436 44
55321 5303 12
14245 17696 18
40808 12843 77
44655 11776 63
36168 25175 4
14648 36681 86
43105 35469 60
52164 17329 62
41966 51552 100
55628 33974 49
20815 18551 22
59794 6479 80
19605 43789 11
19977 2994 91
15961 17425 8
18150 694 41
26277 23441 65
52812 53478 93
40851 56086 39
16624 1390 24
28844 1199 82
22185 55562 81
52794 21378 89
58690 51252 25
52224 8043 10
28302 35766 87
33612 47216 48
31769 5639 27
10923 2236 10
43837 47416 47
33282 28585 57
48781 18086 62
51657 1169 79
56808 58616 85
10691 36696 45
2504 32483 96
17716 38451 27
28942 53440 50
14612 59829 60
37337 29714 96
43859 43648 99
18810 59550 20
1594 2730 66
39067 43298 6
36338 51600 35
25786 35537 30
3773 50681 20
42883 57564 35
52622 10262 18
37912 14397 54
9793 48690 2
1614 23571 98
14172 27113 98
1751 8830 56
59761 18005 11
55675 7000 59
55489 27023 58
12941 23136 46
18379 11108 62
2029 48088 84
20306 37133 42
54678 49605 92
21400 39512 21
20029 30643 77
11267 46293 94
12415 52230 21
3618 43344 86
27423 4393 8
37472 47212 12
21157 23503 81
30327 51344 94
19476 38577 75
15076 17349 43
36679 33792 41
18388 2255 78
47400 29678 17
58630 51188 51
54967 29964 27
42769 48040 24
6418 22383 53
51077 53670 90
29863 24371 68
3809 37704 62
17864 3214 27
25798 30550 97
35428 24518 35
9241 5794 74
40842 6546 58
54987 46203 55
16325 25366 16
17036 55217 15
15069 24138 1
42638 28941 51
35121 30817 62
19770 8095 71
52826 13293 89
2341 3087 26
26941 21231 61
10895 59885 35
29100 1913 3
52004 30701 40
29097 7998 10
10655 14900 10
32397 37598 6
25814 14179 70
179 13726 1
30129 44324 27
54677 23418 21
32844 6002 45
18396 55316 71
47806 34046 98
43456 30103 71
41481 38008 8
26564 12048 41
19114 6130 44
49017 8846 3
48444 14832 7
45704 48759 13
47777 375 51
27672 29108 6
41020 26877 75
40864 45673 36
46060 3980 80
55744 49586 87
19531 46734 98
16536 33074 87
34664 13227 77
26700 2946 30
11190 12633 86
56101 10177 96
9139 29546 3
18083 16773 12
30381 4335 59
39283 52347 55
22879 49898 16
16226 58500 35
30610 17221 35
56087 31041 9
4774 30686 2
21906 50520 30
18912 5972 16
49548 34564 72
14042 20348 27
34031 44798 75
51648 39083 94
29742 17345 37
19340 4561 93
20448 21289 51
54894 51911 47
21557 46534 68
29280 28250 44
32277 43715 82
18601 15446 6
58201 4925 90
26629 24881 7
12227 18958 3
17114 1166 94
39327 18336 30
29933 12678 41
36422 29316 47
57870 16864 99
27721 35260 60
49770 29468 73
20484 9779 44
35692 32457 25
8737 19507 73
12589 25021 52
2003 23134 84
39960 25796 94
33094 28397 72
9376 17335 20
29548 3962 98
56558 48565 32
48372 48562 30
5339 21998 68
59236 25700 61
15859 17171 5
27625 13742 91
51446 57123 80
36536 8574 85
4674 7377 37
41426 50575 77
9490 10464 28
39277 49706 51
29028 17809 7
36886 58412 69
8380 33482 28
50861 58733 50
17760 31249 8
16968 44437 58
57703 18116 50
15091 59753 63
56360 37753 23
40814 57692 8
22095 49475 97
21078 13663 55
52869 19858 50
10942 3642 25
13206 52754 29
3466 54792 75
15479 33766 6
6402 36102 17
20280 33096 18
49744 54005 70
28070 44482 58
49789 58057 39
47368 37374 20
51587 50605 1
6849 45409 80
59424 6715 36
45674 57332 80
18728 59345 99
53746 29109 21
4676 37794 99
45317 25265 38
23700 6644 97
17685 19574 58
43144 59343 12
25918 59505 57
42487 38063 51
26374 52441 78
12689 29391 31
19242 46094 99
36878 55193 47
49605 52471 36
22491 2017 39
22932 15145 23
45090 32450 55
45880 51207 10
40477 43657 86
43623 9579 21
4891 22904 68
32048 16671 97
50139 19313 17
48020 39516 76
13182 15228 48
10602 9388 25
529 34159 23
24015 37206 68
1724 51183 3
42105 45743 65
35844 57004 70
32255 2823 64
53491 28811 56
38982 29526 3
10764 12348 4
21151 14534 56
47985 39192 37
55801 13290 9
7936 20573 51
14757 26827 61
53739 38517 17
56175 43654 57
32794 55052 56
13913 31093 99
56422 59399 71
46367 44908 8
339 21423 64
6174 22974 88
25937 57950 41
25372 7183 93
24181 1928 6
37946 59099 88
10251 319 67
22395 1527 82
2567 34795 99
17310 45470 29
44347 50485 46
56780 49782 100
14703 34048 20
54342 4504 41
6637 54403 3
43408 18849 4
23396 23675 64
57826 19467 50
4216 11073 83
12831 33993 54
43498 45260 50
25063 13013 22
27727 54368 51
15318 29420 38
36648 57806 66
37899 12384 7
41314 25017 63
2800 48518 50
25160 45668 46
20343 18584 58
20753 30544 51
26112 862 23
53356 48328 51
10293 100 42
37044 23591 92
19777 56991 40
41243 36237 61
48373 48051 98
50174 40989 95
26199 38429 82
44308 50615 4
39058 2824 52
50728 45790 29
19294 20846 31
45807 37629 76
57631 5409 13
20123 16890 17
18701 12953 50
33676 22565 78
1533 52924 38
5450 47595 61
33919 30285 100
21104 56808 86
15770 39821 55
46595 57323 33
25806 4764 95
7447 1761 96
12171 30756 87
21153 27495 51
54635 25466 93
6647 55951 24
16862 10484 29
7557 33757 32
24531 18979 8
24356 34624 48
31253 33564 44
40738 25190 68
19699 41135 99
20288 6169 43
17863 53935 37
3991 25827 41
34499 18801 55
3391 3764 2
6516 26491 41
49768 53008 62
47570 2594 63
58930 15405 28
20225 51056 51
39264 38521 18
41495 43147 61
13762 17861 82
52083 43981 88
27710 21434 31
43308 42675 88
21285 51118 96
18482 7713 57
43555 26600 2
42905 13152 26
14750 45987 76
10095 35324 88
46514 24028 17
27921 37804 41
14171 19391 70
47603 1784 94
10619 10584 80
32327 12573 65
15195 15966 60
24139 28113 49
13849 23556 77
35118 43395 82
23835 55369 82
11585 27944 89
34530 7451 38
976 14622 10
26182 25728 44
50819 25911 37
41863 32357 12
42886 50497 74
23209 36910 26
57963 54534 92
23368 8111 82
13401 12872 46
18850 20668 98
14860 42273 38
27905 35807 11
44471 9036 60
23391 13799 90
56274 37688 50
36867 25061 70
29924 47872 9
48220 59831 27
50228 11408 86
14377 19547 90
27685 42508 93
46664 32324 78
31010 48791 50
16387 19063 74
5515 7252 91
43388 56667 21
58787 44181 56
3892 38207 48
38190 56186 45
49557 8169 9
27640 22905 43
42815 1191 62
53621 15510 53
19563 38345 64
17341 13398 31
43464 41597 78
54563 44479 48
3136 28532 82
42553 54842 32
14342 9161 16
24186 57914 21
49774 15103 45
13954 24225 1
40730 59896 38
3181 420 6
1543 3675 85
40672 11333 74
14405 574 50
10298 49101 8
4477 16214 33
29200 55169 80
27332 45237 39
45421 20692 82
15299 35459 45
2838 39053 59
3242 55366 6
35804 41762 65
47044 7968 18
54896 11365 34
23872 16945 83
29231 57796 3
37892 50112 6
51285 24094 39
10753 20034 33
51851 10153 43
817 7662 2
20106 15866 100
20203 25360 1
24909 57860 81
45025 5935 5
47099 17354 72
43426 16024 42
57153 9371 39
8593 53969 17
25638 18986 31
5604 55016 83
6741 41903 49
13681 38573 39
58984 49036 13
30396 4781 23
43579 17986 13
644 11457 60
45278 31315 76
1451 14330 36
33566 27590 76
18381 54302 13
47587 2491 65
7445 44579 51
14863 59368 100
17107 7780 8
27661 52005 25
48935 45390 1
17543 46396 43
6425 55113 13
7713 20750 70
16194 10262 21
59684 20682 99
16526 9493 7
51351 43177 94
47385 27660 96
14327 23551 56
48413 40191 24
56395 26307 59
6564 31916 61
739 8691 44
19364 1017 53
35443 8886 88
10311 14502 24
50845 27025 11
24192 17100 29
39417 10126 61
6945 38925 21
41749 51029 46
7966 8408 9
10891 2123 41
7259 9736 4
48738 53493 98
3897 41826 78
21590 36077 95
29125 20597 54
2284 19135 87
48466 20022 95
15220 22034 53
11032 51702 47
33794 58098 87
27073 40186 35
51001 32696 14
25474 28402 10
11789 42637 80
32841 44175 8
56499 17367 60
37435 11255 17
56805 22751 73
12055 58568 79
27236 13239 74
31021 17460 47
21028 54993 35
56398 54442 68
5002 6125 75
42776 24925 94
29908 25426 95
30031 41780 33
22306 47104 32
42849 49118 36
2627 11188 40
28080 8440 98
34690 34854 76
4574 4467 52
20759 27501 86
40164 11099 38
15032 52822 2
13918 4768 4
38462 35818 54
41330 21940 9
16761 39427 70
5186 33536 14
47546 8635 34
26086 33524 94
2988 56174 9
39991 34885 99
39840 59632 6
39559 44927 98
43458 20952 81
18926 51669 37
6611 28526 48
24445 34261 14
5944 48698 100
35666 27119 79
964 8083 44
33138 57416 48
26349 13880 81
34987 11363 1
57008 31942 62
48823 38148 60
19165 38065 22
39817 1402 19
44166 2801 19
49392 57341 95
57921 27882 32
18547 14147 41
59130 54698 69
7660 11974 72
26217 7474 76
17012 8388 24
43611 41853 42
847 13048 50
55101 14766 18
5375 50293 76
5130 6531 64
9617 57760 34
32118 26195 19
25018 11953 13
30639 24579 47
23619 52717 82
59176 53772 23
38336 27557 37
53883 35425 57
56327 8907 25
18234 49240 5
13098 39087 84
28484 42254 9
45247 44924 6
2352 13740 82
15393 53738 57
52713 1549 66
44053 15232 77
23351 27150 70
26110 8823 33
6013 48474 3
19271 55055 9
6143 26368 75
39808 58482 95
19302 57832 96
43178 987 20
26325 34218 38
16047 11865 98
25801 22605 17
17078 31146 81
54017 45503 85
36225 17572 22
28990 21688 38
35293 10192 97
22455 44212 13
48069 30952 99
32648 50982 70
10217 56871 28
43180 10539 19
29542 15629 8
49438 554 78
21982 35319 10
13244 48902 58
23242 10988 34
1336 37053 70
32828 17719 30
38369 16028 94
57576 58248 18
22626 32549 30
15328 27243 97
414 50889 26
51477 18758 26
38958 8370 14
42515 43678 85
26413 46185 16
38181 55076 53
33580 46057 20
34275 40248 57
33944 4900 69
3860 28370 18
43080 54853 35
43116 27784 32
59575 56099 68
27627 30921 15
1099 41669 72
52222 11511 7
56970 41474 14
55010 42171 83
26563 23663 37
13465 41316 61
26463 15418 48
59202 3770 56
52595 13372 65
580 47931 11
49361 23471 74
35970 4830 57
29188 24383 90
12943 8394 89
2045 57783 61
40708 50390 47
59886 17159 31
59783 38386 83
25952 31046 50
53942 34516 90
14589 58931 64
32584 38067 35
5033 48854 7
11019 15941 86
26253 37366 5
50807 1576 1
31103 41929 68
37479 47898 94
8027 25613 15
7775 5406 27
52117 17393 87
39708 33313 64
23541 32971 41
25718 2595 50
40748 44244 36
26356 45073 52
55030 55678 21
8436 54690 6
56395 3716 93
2893 32016 43
7295 1396 42
21941 17705 55
59637 27210 80
17439 5385 41
16514 12351 40
9978 29494 82
22845 42914 49
6093 51317 14
52520 2222 61
50453 30484 48
17912 35346 54
37396 34444 58
15837 39040 75
43498 30458 24
30427 28640 74
5394 17857 12
36375 2180 67
12772 13073 74
14526 56346 94
23684 23264 51
9055 20671 44
3206 10248 16
17047 36254 29
46577 25471 25
30732 22644 60
27956 22102 40
24806 16206 57
54451 46301 13
39750 12176 25
28951 31146 9
31525 7939 52
30882 29956 84
43195 9919 13
49406 23637 28
38112 42939 37
52577 8098 86
55031 21121 46
10488 33939 14
39511 50114 10
51982 58851 76
33457 39587 47
2608 23702 6
25989 1884 61
55278 2193 23
26772 17656 32
24734 43939 18
15285 21683 90
9125 38144 71
45262 18965 5
8283 46484 70
9892 25269 77
54106 24623 52
57448 36015 35
11000 5078 97
36830 42109 47
28883 56860 76
58271 22953 77
52810 31533 12
55644 2617 11
48710 18037 29
50710 23174 39
6856 37027 20
23672 39748 39
32568 51804 76
5965 56096 57
8788 11360 29
41280 40806 17
4613 57532 84
30228 1951 33
30332 50393 41
5713 51615 44
5987 59865 100
40430 23401 24
56354 18564 48
29323 54095 59
26912 30033 88
33681 35689 59
5728 58222 38
57619 44344 98
54679 51268 85
31835 8179 38
45385 22013 15
1792 17796 9
9891 43848 89
7696 52764 66
49922 17376 1
38591 33295 9
41099 2278 23
18772 2807 69
49759 14575 53
15654 30013 57
45406 9258 88
9961 37204 96
26393 41066 82
34014 21532 86
37745 31912 44
30947 484 40
42292 3870 40
33789 21192 41
45092 37748 42
11104 41749 85
3579 10944 25
16302 12211 76
10883 59080 31
43175 40236 86
56221 39795 64
4850 28645 64
653 38644 15
4394 18733 99
26250 9207 20
55975 49081 59
31963 31740 16
56823 32175 77
27949 36702 9
15243 26910 46
8056 19764 51
15813 18312 88
22411 7177 78
40385 20656 60
7679 54840 88
51290 59107 96
37196 22204 40
41238 31955 32
53402 16261 41
39523 30900 89
59674 56317 4
19373 27159 91
27486 47967 54
53400 49527 85
50921 55020 37
52551 40503 43
17978 30291 36
41566 45970 14
1999 56658 18
28553 59377 15
8002 59259 55
35506 59748 80
47250 43473 39
5277 26570 9
52305 39708 77
36476 54064 51
25330 10024 99
17485 26175 82
49046 34011 89
56536 25468 67
18322 25945 97
14193 32714 30
9485 46839 99
3910 8954 96
56858 31795 12
47523 21182 15
59898 35115 90
9084 972 53
46107 41585 96
47299 51262 80
25407 38902 53
22917 28713 83
7495 59875 73
31834 27351 73
29116 25892 76
23589 24336 16
48650 24716 39
5656 46146 87
52335 23012 34
412 53896 61
27889 31631 11
26477 28359 17
55654 11145 70
17670 42383 10
26366 36619 86
33268 6577 52
22633 8114 35
24671 9019 3
8487 51783 4
6338 41322 66
50084 3047 18
57347 24791 53
48527 11261 81
21366 59851 71
122 8674 67
17595 13414 23
21677 14212 36
9775 21751 44
57106 1738 34
45000 5643 88
27588 50855 17
43167 55056 14
12571 4282 73
25824 37850 28
48386 7324 59
17134 42142 14
31279 59842 76
15351 48856 56
4741 53938 56
48899 10554 70
40776 3064 68
53009 1046 39
43609 44808 74
20830 54472 39
42079 33045 37
58775 32466 52
51153 32663 93
56978 7166 41
3328 45281 82
48987 57150 39
40642 33440 31
50621 35807 67
3794 1133 12
22635 40413 87
45268 16836 26
13307 47265 56
2951 43409 58
52953 43108 59
9804 50541 60
58850 36530 28
47454 56619 50
42486 49254 47
49771 52307 48
38773 52896 51
14754 44929 46
58815 30573 48
52987 40454 47
17367 4391 77
57119 48937 53
57200 59593 53
29063 59484 38
8443 45681 7
6146 52929 49
10889 49999 57
2260 39586 19
59105 39143 100
49113 3869 11
38586 45462 17
27687 2022 69
38469 20077 73
39322 46955 41
5092 30395 10
28671 43517 10
6734 42889 91
51259 20902 40
31919 9748 96
52717 49594 18
27356 27759 96
575 6003 53
31295 11375 24
45411 15138 15
23468 20036 82
47461 6567 24
6506 48129 72
35954 10465 69
39185 5514 54
43820 32386 21
31011 51355 46
46225 15800 1
23641 21275 66
1527 43842 67
47856 44748 85
1572 42584 25
25308 33787 26
55574 54784 49
35047 18686 63
56664 28687 24
59249 19208 11
11477 47290 54
27864 7514 5
18425 17438 59
59601 22338 67
55207 5293 53
5331 54008 96
12177 14916 96
2438 17270 68
10310 53205 64
28809 13487 10
38458 43588 76
6364 56792 22
56131 47695 45
7573 18256 38
42393 33636 25
41313 40134 18
15368 41675 56
37630 37014 24
29574 59235 8
56989 38050 43
32284 56441 52
22734 8595 2
17795 46361 36
25696 2927 63
7303 29059 4
52414 46089 44
42709 51168 27
29096 12238 29
23497 17729 78
8208 33534 2
36100 45432 78
50270 21782 52
29391 2587 86
24012 24991 75
6972 10644 4
56607 30237 33
42994 5862 65
45847 35421 30
29094 21116 97
31570 2073 69
45492 44721 70
1824 32434 22
32672 2315 36
55535 1558 70
47507 5704 46
58250 51229 33
57032 46012 47
17638 5164 24
56743 21026 67
705 55074 34
46402 12241 38
58864 53126 13
57726 35718 61
21173 53857 41
2181 38712 86
12324 7218 96
23528 488 57
27407 8597 1
25785 32151 72
21875 26462 91
37177 7936 63
58132 24936 48
49531 281 83
26370 45759 75
6471 48288 69
982 20946 28
2833 44403 21
47715 27701 86
54330 58498 99
25444 30057 24
55706 36689 94
59602 17091 32
56494 25269 56
37021 47286 35
32090 59592 88
30860 55547 91
53231 53767 29
15110 25580 20
46303 30128 81
36981 55642 57
15078 40436 44
29957 47751 14
3652 57955 71
15832 43999 13
51814 25778 20
46436 15558 71
12835 24648 58
32443 12049 45
52527 10579 41
26687 26423 58
40829 4933 96
50175 44162 42
32077 57983 98
58382 2039 15
41738 27081 47
36701 10660 44
23568 15628 81
28832 47656 59
43668 14181 20
7859 42623 87
29833 4734 66
11167 5433 16
27749 23556 57
19951 19037 11
50965 28020 47
916 29378 54
35534 6799 15
42001 44260 100
44261 6919 3
30649 25888 71
43364 21112 57
23575 36442 44
3829 19587 13
28220 37985 42
51788 33548 63
5319 17501 70
13780 14523 13
13159 56640 27
56146 19328 41
18087 24441 97
59311 23483 34
41241 20882 34
45311 44809 24
52146 51448 32
33016 57240 1
53808 5542 91
981 39138 96
33965 53399 80
14386 55922 14
54349 41453 70
25047 459 27
58762 49750 60
43918 26292 59
24946 8924 37
21464 6737 31
33424 1149 58
37186 45782 35
40359 38401 85
34214 12276 24
29194 55709 52
45634 22360 21
42162 36016 66
18147 4294 67
46049 46913 14
18879 19175 96
9448 41958 97
55289 20267 8
38253 15113 68
14118 19844 78
44587 13972 83
20714 36493 36
12054 690 14
33144 33405 99
26933 21388 92
27515 12042 89
13294 37494 96
18418 13275 5
14936 55320 37
22201 25717 6
54713 39583 56
3026 30667 29
53101 46104 11
13524 52233 11
48967 57638 42
22475 7668 53
57616 58730 69
2427 43315 58
42952 52769 95
6255 6279 33
57305 55224 97
46813 11475 51
51155 28750 4
44062 38412 59
18620 5597 32
6742 29403 68
44271 56362 51
10540 28830 38
13859 34950 98
10779 22970 92
27690 29272 6
57702 42480 26
14591 12008 63
1072 27698 62
49414 38713 55
48892 11191 27
31654 36524 62
6519 37676 57
39100 37491 49
1026 3144 97
3337 20876 32
40814 20596 3
55397 33940 44
37883 56798 2
49448 19872 37
3653 53095 98
5112 15787 73
9014 19438 5
21009 46031 80
7498 35319 12
32642 54759 45
49599 9253 80
46294 42687 4
19349 58492 96
19610 16901 50
22473 7408 5
43806 11843 32
55958 16441 10
38502 32406 89
9601 28908 10
43785 44468 62
47351 56297 37
5087 30238 73
9222 48280 41
23326 41846 27
13611 40389 76
6442 45173 82
296 18687 68
53951 23746 88
28347 37849 70
55478 38282 73
42758 45647 84
7019 763 92
58349 14592 65
18190 42949 6
56274 56260 15
27878 8231 27
32690 31189 62
24865 47658 58
25998 23603 40
11208 40456 33
14826 41804 53
59131 48184 96
48383 39379 88
39974 35494 67
52409 800 78
25206 21581 60
48046 49481 48
42587 13270 42
14614 1872 30
5878 19219 44
13362 31403 44
7402 35723 63
43770 6181 16
32806 7900 55
15684 41973 47
55945 18706 74
37875 42913 69
36480 48389 46
22094 35803 42
41686 44289 59
24158 37550 38
44925 10578 42
45202 13407 7
45815 31204 82
36924 9874 18
14484 57354 70
19835 49983 72
55245 35928 59
9183 47448 18
36433 58542 66
1894 19150 38
20304 43534 42
55594 19333 80
5311 45644 100
28854 45412 68
15009 3923 63
38450 18319 67
42731 30916 75
59166 16546 30
20642 43036 56
5186 40208 21
47648 22885 16
11093 43900 13
33459 17136 36
5818 49600 79
19087 35910 64
2944 2778 48
46317 44643 60
30070 37418 78
27789 24355 79
51885 36464 56
11097 33619 52
28970 7572 6
26461 56236 17
22597 3605 65
5728 26096 62
10781 52455 5
49256 14779 4
56563 22055 79
38149 42619 99
9615 34539 84
48689 49449 93
43962 19104 28
7286 30706 91
18574 35353 93
3305 11851 42
42517 39603 99
13774 52542 38
24665 55174 65
50397 44615 99
55191 10432 61
40752 11177 74
49065 29362 13
59795 511 2
56720 16821 99
33266 14101 77
39668 37996 40
41325 20456 42
37109 21765 45
7522 47071 44
36622 12708 69
28275 608 43
25995 6084 33
35762 18145 25
9399 6020 48
27033 18221 11
45721 43057 1
33633 50187 21
46954 37339 83
46591 45863 10
36523 38849 60
1187 10693 49
5086 6600 16
18709 44160 50
44844 45777 29
28642 2318 45
29527 13667 39
56251 47069 19
59462 31979 1
7431 54703 20
32810 29472 86
44823 33984 18
468 34366 92
2616 16481 64
49403 51515 54
35215 36144 28
38375 44097 56
39881 52212 17
16946 49445 62
45587 53120 13
39217 38737 6
40542 39265 92
32073 11807 41
25276 45371 79
5354 20945 36
25882 37146 4
54261 7783 94
13996 24709 27
12207 31322 56
34241 35349 24
12967 16738 5
54929 11705 28
50145 4853 21
39608 15259 71
27449 48146 43
46152 19064 51
6735 3683 63
42747 4407 31
26047 59334 28
49223 28855 25
51467 20868 82
1047 24500 82
20463 48466 53
19710 28833 90
37248 6134 71
13065 29566 66
4652 21372 67
28521 4272 24
19032 34725 88
3319 20744 67
5513 58209 79
34426 10952 39
29387 25416 52
15178 50310 17
30285 11134 79
27460 27788 73
22356 3245 47
53607 14031 38
23059 45453 88
49139 41818 31
51301 42614 13
31533 18668 15
32013 36625 58
41805 59286 46
53007 53141 49
24323 5443 44
4115 40454 20
47897 1804 92
37257 14297 96
54096 11236 63
6201 37689 38
24721 49050 51
14475 327 38
35745 59564 13
47353 37862 15
4754 52878 55
50332 5973 2
29625 15236 76
31037 43607 63
30015 42066 50
26953 40075 9
36541 53801 66
29284 4822 2
46341 43696 48
40951 41545 95
25427 30090 29
33557 44340 79
15500 15970 8
1502 18635 85
51099 11295 13
35356 18383 42
48528 29696 47
19110 14350 89
39169 13671 21
29477 23735 11
42884 32155 88
8664 46234 18
45304 22889 9
55558 43224 44
4568 44864 93
53821 8598 48
32928 37746 53
12315 5765 5
22987 15628 28
56569 35777 55
55205 46791 15
52022 48860 63
5981 41832 13
2062 39355 45
46230 16391 40
4769 35627 15
21885 4917 66
32385 22630 15
41710 58055 13
1731 28161 64
23205 29759 32
35202 26443 10
48497 34410 67
12273 57856 55
56802 29713 22
24583 46223 77
4267 54002 93
36921 22703 79
37423 5651 2
1142 22551 16
8668 35898 61
19572 38881 65
3697 5373 13
9285 52468 37
15754 32188 79
276 6526 44
21100 23459 77
9958 16118 23
19319 43569 23
6924 20323 59
11405 1564 2
57938 850 88
29707 24911 9
20157 48309 36
9803 8039 62
36423 17621 1
22731 16213 32
59627 14057 39
8752 28492 72
48555 37155 56
32168 15750 9
24838 56757 28
49762 3517 15
43049 42550 15
568 9267 47
9408 59724 11
29351 3147 87
8016 59024 83
14304 59412 77
39774 15459 35
29249 42807 88
58518 56122 14
28327 14707 40
13925 57451 41
39658 38314 73
23374 48368 59
2495 23950 21
57974 46460 38
57887 44944 21
3625 27311 10
15908 1149 9
37485 11987 95
24856 51596 32
27220 49749 92
38581 25916 83
40055 23310 42
52282 49810 38
9946 27108 12
37282 22924 89
13092 26769 59
26216 13852 22
59623 8005 49
39804 17805 84
56217 40753 47
23009 41085 9
3302 42695 6
44773 46805 6
27205 55901 24
43724 36478 92
57835 32253 61
21154 51306 32
40246 46885 72
53858 3457 28
20521 8579 20
50760 33016 32
23785 1490 41
11402 53058 16
54774 48269 54
30473 18208 10
50304 14252 14
43966 51947 64
17245 5572 11
56294 58348 66
29495 43214 31
34336 35240 57
10361 21710 47
6630 29948 99
57067 4870 48
5329 28973 86
31703 16475 22
40567 1986 13
17708 23114 64
26419 26150 47
41655 55671 81
11481 35361 61
4535 46369 82
17870 4990 16
12368 20184 53
54474 57672 35
59266 41346 71
38971 7328 84
48709 25252 89
8601 42730 26
59165 36527 88
54406 43930 1
20267 3093 68
13785 52734 86
21713 10061 57
3936 12875 24
26939 11571 48
55605 51995 57
30425 38193 47
10243 33156 61
43921 37934 85
43062 28070 59
26076 36067 4
15657 49394 53
14677 28174 25
13378 27330 54
2953 15157 99
50017 16902 34
7198 51831 54
38764 35278 24
39812 48956 56
12671 13364 85
42418 3211 22
22543 20181 20
46350 50931 32
22832 49291 63
8053 52470 48
57440 10534 80
39680 56595 73
17082 22490 9
36826 50635 94
4377 31441 72
13522 772 34
1071 51222 86
36798 10629 82
30462 39423 62
1948 25884 19
21159 3495 81
58446 28315 79
37261 40641 26
16978 13071 59
52965 3270 78
37974 36228 23
44610 23082 1
22702 5832 6
43571 54446 80
9744 37587 68
45388 5558 2
8581 43690 62
45143 6747 75
70 2303 14
53450 15711 26
42058 15827 94
13458 33263 82
55203 36705 63
56738 30536 5
38538 14457 1
5366 57753 14
48054 46008 42
32265 45940 2
34708 9375 36
25630 33240 41
11683 10524 16
44275 11475 19
12257 25564 96
48584 45416 61
28512 35777 2
103 52758 53
59432 34436 13
54429 32594 7
10478 9816 45
3971 33621 24
39794 12084 85
54868 54851 29
51761 29592 13
17049 5444 50
45733 15208 54
1875 37643 37
3908 34333 35
35149 21305 83
33145 4276 48
23629 497 34
53971 58576 65
42472 15693 92
9979 13442 90
43545 39615 45
16857 9296 68
41269 45249 13
27669 29254 53
6162 7085 33
18500 21673 55
33956 8054 2
14797 40219 13
36320 40083 52
53243 26118 10
11399 27173 68
43134 8082 83
11498 8671 27
8327 34097 55
49132 16220 93
44426 43024 88
9740 50771 76
50706 31299 17
50283 40417 15
44616 18045 91
17516 59755 72
55381 7493 11
16958 7001 47
22676 26177 88
40261 572 13
27288 23894 9
42445 23939 38
51470 31486 100
9335 42678 59
21423 11960 22
10885 42464 16
7670 58462 67
7893 5452 28
33923 58668 97
30685 17770 30
27976 59020 20
26036 38138 61
51312 6700 90
49904 22784 82
32163 11423 100
7068 36492 49
29971 14990 59
51228 38984 81
20955 11563 42
37923 51363 39
9366 56586 85
35877 25087 17
54314 47234 49
14409 54498 74
57962 14282 79
21724 58036 24
37404 52039 2
32467 36270 71
21397 29247 90
56072 55649 66
19810 14580 56
34184 53644 100
27573 41296 52
33229 27101 39
56977 29012 40
47431 26202 69
5760 18404 48
36292 54745 52
42730 4541 59
29672 28467 39
2911 12776 99
12112 46917 23
51889 45108 7
44553 51431 70
44346 37097 40
20960 33919 7
8658 29052 49
20772 46387 68
44855 42800 47
862 39122 4
45585 39560 3
30593 28583 91
41401 11495 97
12791 54059 46
21859 9189 76
9560 44647 58
3668 59844 55
21609 31897 18
11102 6244 52
40182 53121 63
11817 27004 7
38382 59691 92
38012 20912 49
41434 43931 56
55538 8973 74
43356 46511 50
49763 48371 10
28363 7465 78
47260 50132 45
37096 28931 28
54485 55414 17
4077 33475 1
11425 22376 85
24822 54980 62
44131 13702 11
42286 30157 43
11469 40178 75
28343 13428 25
17203 23853 26
6536 53290 74
55321 51971 27
31595 33877 8
27703 27833 83
9117 20873 93
12928 18470 9
790 51189 31
3718 27046 83
49467 10417 39
12981 32376 100
9908 47529 83
3601 39165 71
49095 51847 23
15995 25426 56
31033 20628 83
30599 22257 3
24577 34392 51
17926 7978 68
27126 58847 3
57975 22255 49
43802 4899 25
26728 20754 56
56896 28771 70
51795 33463 19
37924 47257 14
33240 59075 75
25227 1450 61
56110 45543 12
18414 42859 100
11418 13213 66
32983 37477 74
31885 44066 97
6844 23937 6
37368 5391 92
51395 50599 59
4406 1153 65
5403 18907 1
25328 2079 1
54055 50723 78
44469 41247 95
13960 48491 8
21501 28149 15
40765 24869 53
16886 13659 28
37155 54305 33
5998 15881 77
50819 54850 48
45347 5182 65
23326 41888 95
962 55368 76
33030 44016 46
53865 42084 18
30639 25101 15
35122 28183 37
5604 52337 80
35170 4012 57
477 43945 72
2209 25521 89
17415 28165 7
4343 36538 1
45892 36627 40
1698 21371 89
38452 15419 63
30055 3756 54
26983 7952 5
359 44302 1
41464 9713 80
57252 17308 100
24482 40751 72
46224 47271 80
27422 33822 31
59526 25795 34
22453 50433 99
23859 59892 89
22378 34116 77
28214 8710 11
29279 57246 71
48185 57819 58
16744 31794 51
31956 50523 82
52990 36969 84
52841 40919 46
29498 2822 99
14591 6683 68
7996 50407 54
56986 36452 89
23231 32548 25
6322 26470 36
7141 51369 62
25400 34266 68
49395 58854 85
20372 41376 40
47216 28218 11
46726 15250 99
55655 48164 79
29913 36478 13
46681 49317 36
38086 41122 77
55388 1250 48
33466 30290 41
1808 10492 88
6319 33041 75
49924 6980 63
43964 9827 68
31035 33677 61
53043 56112 71
6239 48232 91
58601 40544 15
28801 5682 12
43166 45571 88
41592 39315 23
31992 7725 30
29296 20704 8
54214 17285 82
42351 10369 32
5083 52914 58
36381 25384 92
45578 7060 28
12860 54891 31
25284 59608 59
16098 53115 95
8456 39857 27
20040 6927 34
49093 32744 45
12106 48736 18
35046 48247 97
16802 17862 72
32502 17672 56
57851 1011 51
45421 51245 64
40409 34262 12
7343 6721 14
21163 10657 98
20010 2381 100
33897 21714 84
36959 2054 11
5003 16106 78
10174 38905 93
44930 56811 33
45204 17297 8
20910 45850 19
28098 52398 39
28029 43279 20
59249 11512 93
41448 14926 22
40735 28876 87
45231 52553 45
30369 42881 98
24647 43510 87
24670 19139 87
21301 26600 29
19924 19219 49
26231 25823 51
9765 45296 36
56208 42651 72
29582 40828 45
17390 23920 68
18834 22739 42
18803 53529 100
19637 9231 41
1253 58146 63
51166 31414 9
7327 18938 59
47902 48405 63
57259 26676 48
7499 27742 6
43340 5602 61
19494 16066 13
35321 30737 100
59313 19738 85
39167 37578 87
9182 6031 46
14870 35345 36
21290 13413 29
50571 58655 47
18619 10491 53
26719 27496 31
860 3672 11
2387 30025 14
41255 718 97
39471 2791 51
23222 2566 19
21552 26679 73
48520 39940 61
44517 35148 69
44933 991 61
14111 38146 91
16281 29853 10
39888 33640 52
10762 3846 61
31372 23192 62
43521 42239 31
8148 49875 19
5260 49183 56
4320 20795 95
1653 27085 42
7525 32805 13
44716 53368 65
47566 44054 34
41678 44355 47
53570 25098 80
58026 38290 38
42304 12378 62
10553 20190 84
16549 4905 59
33859 23861 98
50963 27305 74
39302 8447 33
29432 52330 28
11708 3003 8
52094 52334 40
32925 46292 31
3344 21913 75
21939 24450 24
2586 48607 28
22523 23629 17
31137 49318 59
10796 1244 19
377 42569 65
23282 22421 42
50701 9318 58
37249 46744 18
33336 55550 13
16931 26847 44
43087 54197 39
25186 15775 16
2202 15980 65
19229 4074 55
26840 2974 44
43496 15796 45
59723 39727 40
48081 47180 42
44581 56904 82
30853 18684 44
18140 55061 1
59118 34690 87
35097 57678 32
30325 47027 99
22714 47425 5
10020 33373 46
17263 16315 47
42735 53730 84
51595 48523 76
5674 23763 32
51266 42972 57
28213 55676 51
12658 50491 12
28112 21558 86
12642 39411 24
47678 33546 14
17895 10226 85
16721 1528 42
25715 4466 45
51689 13941 20
12313 34328 2
33551 30712 56
28748 3898 84
48144 30378 54
7125 53845 35
43946 31043 78
17196 28637 28
8892 50893 86
45744 28763 3
39837 36287 17
2102 58257 59
10725 59136 92
57565 56679 88
42402 28042 81
30596 58196 95
5258 51973 87
5591 36200 31
9625 51381 55
1453 21994 86
56976 14305 82
15334 28292 63
58314 6732 36
35417 14303 2
11688 17549 39
12287 48181 49
16929 2348 60
4507 53305 8
22143 39759 45
35343 30933 35
35756 53473 4
36883 6537 29
40440 19845 10
54475 1483 50
22502 51874 89
25242 40450 21
56609 59011 12
22533 57574 23
44771 49457 85
22521 45169 14
537 41819 82
32514 33504 67
56806 36933 97
59718 46686 2
15774 2269 5
39458 21156 62
7562 38963 100
8681 48953 74
1971 37388 63
41953 57941 35
52119 52905 76
43599 15227 11
42954 28015 42
17214 28728 37
13495 22946 70
51438 39661 35
6739 17542 60
47937 1044 77
22594 41104 80
26049 22886 93
33797 45750 16
38021 32858 26
2816 15902 23
8221 40922 99
36199 48678 5
56014 21217 58
12556 15271 16
33525 41228 20
58824 30304 54
59664 34394 72
13829 24331 14
23999 48571 96
14985 57085 44
51562 43423 30
41526 53236 4
35825 22194 86
13460 18514 58
43373 52301 96
52393 54921 43
35618 57127 4
1062 28474 43
46655 11919 12
46724 5056 32
12611 9688 30
14827 1142 100
47979 24237 31
31485 4653 64
22764 32869 95
49521 15328 18
29761 44877 54
43377 20680 91
37870 5463 33
15985 42830 56
24130 23753 31
6456 32515 23
36719 56945 44
5840 23764 75
30658 19177 49
9380 35693 17
3478 13820 17
29554 48260 34
51668 36586 92
51042 14162 43
15406 33903 57
43585 34951 47
41504 41388 43
24393 45711 95
51367 24852 18
57891 54390 95
19120 20735 3
23645 25165 28
24184 29814 44
56068 38403 12
30573 372 58
23614 56774 82
52591 8537 53
30315 2577 49
24995 56120 91
27296 48768 42
57800 48577 26
28612 16668 85
17909 19198 53
33228 53785 86
49047 42658 81
1237 19680 55
11592 38425 83
24750 20557 92
31453 18271 45
5565 48284 79
7785 10134 92
50306 49262 9
49340 2454 37
14129 738 46
31410 28679 47
46390 15908 29
19721 23317 41
19813 31355 67
23272 43810 71
22437 52755 61
33515 45218 41
1802 34457 20
39996 46777 27
32725 16505 45
56282 39415 48
48344 8103 54
5076 10039 72
13670 38732 67
3093 10379 56
10871 310 65
8963 32686 75
1391 53405 39
21933 58465 92
48402 34880 12
46338 37461 45
13277 13757 1
53403 58855 59
6364 10646 2
45832 56458 95
19640 3162 98
34258 25834 63
16257 15042 4
27200 41364 76
18968 58532 23
7763 29063 69
12006 13830 62
51256 13106 3
7774 36401 8
1608 17206 30
38975 58693 38
52093 6055 90
25897 37238 88
36505 30426 27
5582 29390 21
5740 35871 66
1984 48812 96
59376 52073 98
29771 31814 44
33945 54523 95
1664 48499 94
38883 36393 100
49884 36450 57
5421 53912 17
26222 27214 82
19445 40933 65
46630 37098 31
25132 42343 54
57823 56310 49
52625 37166 17
30645 10748 3
14962 1950 72
42393 2860 51
15743 408 90
46079 40026 69
44028 21096 2
32986 45155 7
7378 59613 55
723 56850 41
20874 50345 33
53945 17694 83
18542 7253 38
48289 5161 98
54720 33178 2
49896 16936 14
40866 17406 67
8672 50984 56
9970 19298 18
55128 11231 13
2592 15028 61
53361 36034 24
15467 37957 15
47215 17920 99
49497 35099 45
29551 55973 74
28759 11403 10
54876 41058 95
6536 33272 2
12060 35119 38
22144 47852 44
16162 5551 48
21890 45514 3
29040 21670 39
17298 8550 98
27355 42231 89
35559 199 76
44883 16692 17
10086 6306 32
26312 38380 99
44621 9726 82
22327 36081 32
40542 15232 42
42911 33503 4
45017 32026 8
8331 17772 46
57601 27840 49
11986 23205 40
33212 58892 96
40025 29244 24
15751 48411 31
6439 35853 96
3144 22612 46
27188 47455 7
58645 1890 54
11674 29377 95
33986 8939 48
23354 4518 27
22134 25482 10
15513 37946 68
39029 59533 72
46716 18676 46
23448 7424 75
44438 35620 80
51098 14032 25
34204 4008 85
47450 46044 95
51798 58986 59
47754 2599 41
5540 17035 61
24107 50053 29
50001 82 80
40433 2367 83
48986 374 62
6819 9811 53
21975 54964 5
10686 20626 4
42545 31763 83
29819 19617 27
53854 22753 28
44898 4404 1
59194 56482 8
45147 27943 15
8609 21317 48
25109 14486 14
4442 58038 57
57642 27054 69
4419 50445 52
33860 34273 47
46825 24624 14
53614 54541 15
41964 36026 20
9716 43462 61
2897 52043 80
31389 13352 66
1587 52528 96
41142 25291 15
15437 22036 48
55766 26604 31
17327 21603 71
52484 36700 49
23374 16271 84
11256 32046 40
53600 36305 33
41783 51463 5
45893 12188 59
48077 33146 33
8257 37470 19
4825 2895 86
8004 43599 52
27972 59688 43
7734 31944 40
19662 24785 92
31695 15462 21
14097 15085 29
52096 44542 99
37187 5727 90
28655 7731 86
51853 11874 92
5637 48996 31
9396 47779 8
44772 26333 94
28791 59824 93
47716 13503 18
20569 35792 21
42775 2622 84
30387 34035 19
48715 31016 37
41194 48297 19
50583 30343 93
35300 26001 8
11171 25263 11
3818 5458 42
20802 3037 19
45694 32593 76
58963 20980 49
28700 3007 86
45910 36175 21
266 30511 13
36533 2361 32
44389 22527 43
8093 59741 23
35161 3810 98
52505 39951 36
4080 31546 26
18373 579 14
57626 44020 86
58148 26817 60
42436 40505 59
56125 5993 50
44320 16527 4
27937 10904 41
42976 49716 81
19839 59577 3
57893 23521 82
25091 36417 6
22329 13812 74
37504 48344 38
52630 13272 24
24567 7134 8
13479 5717 17
31226 46004 25
25183 12690 24
32486 31734 74
5475 38007 53
34313 27524 79
17980 50977 85
9922 42855 89
38743 47509 80
1359 19689 46
7560 30372 26
50586 12778 64
41437 15721 85
6785 17483 55
1204 10032 45
17952 40141 76
26859 17216 97
17087 42491 45
45856 39170 99
8864 21623 12
32319 35988 17
3539 45826 4
15518 58292 64
20430 26354 8
56301 4184 19
519 24235 20
8239 30000 11
11282 41931 80
30119 28966 5
37481 39008 12
57346 53221 45
19138 32153 28
18409 26271 99
58388 48290 43
51092 24879 17
24425 53615 14
57739 23169 58
35537 5129 19
19607 35721 56
36569 58522 62
6839 18743 55
11293 24736 8
33014 45492 42
9628 16427 55
5877 52166 46
42964 51457 58
51966 9825 12
16202 55297 2
27930 46354 24
45705 38879 5
26842 25435 81
25078 8056 76
57959 6339 43
22602 38823 55
2076 29707 74
5957 12256 27
8903 32288 57
38119 28321 4
48647 45398 12
36350 20573 84
19396 46877 11
55812 55374 93
23617 55160 68
56927 30841 28
46210 25748 22
6087 42341 62
52258 17738 54
37929 11230 71
21535 31165 26
42556 40220 9
35755 45198 6
8985 4753 57
23597 11233 76
57385 45298 30
26551 53737 10
22916 14050 45
58188 40496 9
19473 34831 24
32823 25200 82
52403 49049 19
31177 41890 84
36454 37962 85
51993 57104 88
33411 48074 95
57448 3919 32
52572 39614 13
43601 34901 82
22007 5673 25
49957 47588 45
21841 30595 75
53574 28641 73
27455 10044 36
47499 5821 71
2002 6354 98
27951 19476 88
23045 23065 71
5803 23539 40
14851 46500 15
17669 47774 82
24267 43476 63
139 58678 50
40284 29978 93
41636 43734 89
27708 56773 98
53775 10764 99
9553 34864 59
38526 19264 87
58067 55981 34
14151 16289 98
28169 51348 12
23264 45253 48
12379 53701 18
6763 9202 87
23203 8848 62
21763 41661 36
594 24122 16
56079 45704 43
11006 21155 4
33731 47756 86
50257 38543 61
8424 35437 54
48248 19046 22
55502 37884 17
52973 20797 80
422 43184 27
7111 51977 95
18110 50168 27
33896 11048 56
57213 54938 26
50833 42711 54
24045 39625 47
39294 18376 74
11111 46160 82
598 35241 86
33500 56456 41
16571 32641 43
1807 56914 83
39478 58311 67
45798 18719 67
32424 44474 16
43661 8317 20
7338 58571 72
2027 12146 7
1545 33258 51
19837 6319 29
51315 5815 4
17802 52202 99
20618 18915 86
43245 9363 92
55373 50099 51
56187 14780 21
46987 29051 19
1482 57213 36
50581 25857 12
9903 22541 47
56268 11227 15
10530 19618 71
36704 25311 73
25089 56431 96
20396 40493 36
39214 18919 71
49333 6628 99
22368 5759 27
15013 40632 26
14637 16011 47
52653 52657 1
57397 58990 76
51065 55919 68
45333 41872 34
29998 46184 41
22839 48264 90
51782 34888 82
16689 17945 6
37590 56686 10
56057 43344 32
11027 22280 77
22067 52601 55
34683 21003 47
57344 50294 66
33008 50893 12
18243 27363 1
54684 8267 66
33915 22639 65
47133 17256 28
51038 15907 25
56660 3935 96
41647 56668 44
47678 13268 88
52631 58997 77
989 617 17
6281 27696 80
33523 3645 34
53635 42210 57
50660 10446 50
52071 54981 47
25317 58242 74
29350 53096 86
5422 23167 59
1508 45731 38
18595 31297 57
32476 38194 41
56692 15960 46
12989 35460 53
36025 58369 54
45250 51620 28
58825 45937 62
14412 45006 31
31179 32375 37
35082 24894 61
48780 37132 13
53171 57335 54
29756 23710 20
47858 9060 67
17086 50401 46
19973 46400 42
8486 58937 31
37229 16366 83
10277 43659 65
13679 7450 65
52638 15674 4
33807 21646 81
8045 12961 84
17974 50869 91
41682 42713 84
8287 42142 84
11946 38178 58
53163 2649 14
53386 43675 28
45213 7422 88
8906 24401 84
14595 7636 5
2273 39994 89
8685 6886 17
57014 23400 55
45272 18996 48
57927 15031 21
5204 48059 48
59114 41657 28
22500 25223 36
18660 10685 86
3624 35206 28
47628 39127 7
49182 36791 73
45842 45045 27
59043 27409 26
41095 8826 23
29277 37782 33
40545 42602 73
53178 14403 36
1845 38688 5
21879 13933 46
11228 41221 40
44345 58979 72
15331 30974 90
54094 84 98
20804 38179 91
31449 34231 29
35151 242 16
711 16397 97
24472 35903 63
16705 26364 83
38636 23664 27
41656 39802 58
7326 7761 95
7924 31844 1
21948 27364 67
35997 32399 10
46693 19576 27
9770 18668 58
58133 56080 80
7805 2884 31
33298 13716 74
39251 57936 82
42950 21401 23
58023 4433 96
58908 55900 16
56756 45051 62
35287 28974 100
45924 53253 57
54887 29864 44
12502 26126 42
7548 12432 7
2322 1284 14
21515 5490 21
28665 37421 74
37367 27876 16
8333 58051 7
2332 43223 78
8052 3776 92
14337 1714 39
56828 24744 49
16094 18024 54
306 57506 1
59244 35760 37
3852 38966 40
43440 43589 81
39581 34005 73
38358 2711 93
7925 35430 92
39418 36483 32
30810 36540 8
40571 11917 36
9972 6059 53
895 26163 87
22725 23346 92
33549 54409 50
17082 31900 18
5218 30564 8
9036 11343 29
45798 35454 44
55567 37235 98
9263 42101 67
49317 20861 55
4483 23443 38
30587 15027 35
56650 5410 13
1141 44281 1
52155 48614 51
27539 7612 64
51480 32507 69
7625 57465 83
56130 43442 98
25008 27576 83
7729 44214 72
34638 56283 93
10835 42112 5
39118 22164 79
55413 59638 63
14235 43103 2
54704 57179 9
5306 1365 76
46790 27651 47
27418 21422 71
10696 20156 60
16121 17370 18
26084 942 39
8010 31566 8
13977 31996 38
4463 37228 8
31560 14432 89
52051 43152 58
26704 20609 15
19893 17995 1
16141 22101 67
48058 57421 11
3186 36543 34
51670 20425 96
39700 46608 1
16737 54603 16
18716 39200 64
43384 17058 54
51598 11315 38
26131 7638 17
53919 45898 57
31643 5010 21
35962 40520 30
18283 44627 9
53473 36782 86
45842 57081 31
40992 45659 45
9282 23380 65
12459 23755 84
44038 36095 92
31153 26087 25
13285 42757 64
26542 6805 55
36136 25446 98
16768 55740 69
41668 15846 35
50815 48239 42
18745 21330 85
44423 45454 69
11425 55906 4
51677 30260 37
54708 38074 25
35026 14487 42
24904 13781 73
7243 46772 74
28452 7623 99
31442 57016 21
33749 29982 33
25893 20938 45
46411 55238 79
23537 52514 67
40816 53880 64
8540 40624 22
57674 28288 53
6971 17663 34
18816 51449 40
25350 26662 35
37510 6852 10
28999 33630 24
52955 7237 82
35595 27480 75
18752 20790 11
1710 38044 79
33281 33298 96
52689 56169 39
39497 28491 21
19204 6102 23
39374 56474 16
3647 56064 74
11902 41203 65
27554 21248 56
12422 1072 86
34714 47949 99
15415 18358 32
5258 27591 26
52817 58639 1
38769 50863 68
7143 49389 54
33649 37720 56
22561 13414 29
26214 228 35
25625 16169 28
55674 29471 96
15262 56334 84
1020 39588 17
16705 25013 51
57141 41545 17
27062 31200 50
30461 24266 93
14414 35092 78
37727 42718 23
13855 58658 24
35856 2992 78
6535 44408 27
52643 37574 66
34626 21720 5
32704 40007 38
2596 35156 21
36045 57809 15
20104 34150 15
25029 24084 94
14160 54611 14
50405 58231 17
4176 35272 37
58064 27846 10
13669 58136 89
20143 290 87
12340 1886 97
4015 55260 7
55799 51747 36
23817 20329 58
1514 35302 83
8530 47344 76
46765 22679 39
9755 55614 76
53036 17418 8
7697 6190 38
53875 42733 50
37756 18617 42
20480 23722 70
54750 27592 80
33222 23813 68
15160 48770 42
18384 48486 80
57086 57308 50
57313 20412 21
5342 31457 84
37013 57549 57
10766 42059 29
12874 51224 81
11947 31634 7
57970 7850 49
35529 45828 3
36033 16103 17
41010 50939 42
34075 58339 62
56951 18917 31
59624 33176 93
57878 29148 99
13393 30985 76
51950 53915 32
27217 2941 95
1891 19618 67
59738 28009 59
56174 4299 15
41515 24895 93
38803 46735 70
28621 49263 93
10257 42062 82
20264 55733 6
15015 18875 20
50587 20108 20
12089 44293 56
29388 24676 57
36879 34890 46
51929 19704 14
48191 34978 55
35075 2517 80
1749 5492 21
12235 45097 85
36590 6075 46
19932 33935 17
12549 20401 93
41885 41704 11
7371 36370 98
2139 4227 76
40664 18298 69
29966 35950 48
29667 29722 98
15769 19711 79
30334 39825 18
46139 7618 7
38103 51792 27
592 26898 23
49976 38329 58
4145 53411 47
39655 25631 5
27590 7751 31
9414 55244 49
39540 31686 36
19210 37046 88
8964 11342 15
33521 45494 7
37317 30192 19
51223 24070 17
16575 37105 63
57900 41968 24
46229 58688 61
57907 57643 17
45161 26833 85
58304 3310 63
55175 8079 55
53314 7930 74
44461 41688 72
34958 40852 59
1098 55227 77
