244214401
609241238
891170036
755552710
257445225
865770125
726244250
615417909
913234403
689541722
155746251
390317220
858832667
328486933
572069322
803094142
327750990
94173774
667941955
611758288
643280581
684335864
518374281
364511095
577631975
358793303
876512127
764164547
274591140
985194260
938793910
510735177
625368922
579252860
559993024
706985169
203872626
361116083
448860210
839720081
645621761
52519996
172297577
134645436
68048794
501867163
771165118
812037224
630139880
441108175
837295948
161856421
900455368
670133098
411183759
392993052
1002915
376383310
37162281
78702105
964459576
992989448
330317918
186838625
734263130
146673708
788626946
289024929
40994000
390705786
196305310
336103790
831492502
167669191
657771372
75560544
534596186
298077481
710480385
320957047
141498795
46069057
126348939
650859995
465781637
498332031
857848665
614649241
676379578
181766683
574574802
359281739
376321178
744967245
840217660
182280048
790549364
308497650
270815556
834472096
637128920
199231048
980821413
817361722
619754491
44556857
510700991
351154524
912029054
431651512
165688279
6907461
346216656
396464884
401729675
892633260
716785083
441553286
350848215
386595839
905611142
901498259
22518339
157109136
655669940
177505000
812097296
144288638
14509942
160034775
660869933
684636927
670333918
445531479
241053143
247926528
893790353
574738379
445715199
453429928
521619624
548915972
897055509
407217190
944897634
610699780
828853318
555035702
286354082
51909535
737681673
317152564
485999864
307098833
558232061
668306820
204441974
291123938
465591068
361138613
690915594
281944640
558107522
117580374
204905909
729921643
808122704
750402206
240505705
567346349
669140189
768956598
220954188
269172281
57784343
178811742
339480328
188991849
765080373
833610402
673016528
741634579
922636251
449055772
896695102
608126780
698937545
251518134
940721685
43731883
418508831
324300168
731286890
844512502
598559099
123537006
506555506
297091113
394132771
935595168
741108710
145227557
392342916
221467711
166592110
250879590
431431091
661392099
698884632
983322210
634965622
630071979
486566798
964118489
164267616
135340027
351978693
819369377
409532362
986682030
300714291
436593311
459355844
5315056
264766112
44263157
581787577
516549806
416160688
172426467
778697057
791010514
965483640
985888626
243665441
22136725
369463080
248564846
523736558
473331796
965284345
605338355
784541912
829269448
342718701
471244711
860401880
771874090
96184599
562397627
950542419
218090823
842379501
949428938
264475679
242591303
236753543
600150394
593728988
778775994
751562666
797234707
362323931
796864646
306227053
91522916
337557502
780637709
230534427
578534077
56607659
309572905
505972055
562695138
471548808
895867380
815670472
851858390
417484287
605710569
121088713
984643720
731393371
62969667
29025132
976162042
449049267
180103010
177034274
800519581
171032627
868264236
751957734
717598602
693143805
142820457
784374539
162006976
858831055
810888005
483042098
411672498
738004038
575328124
250007291
429823094
18975829
317268690
642468921
270065830
304599317
721144174
109258691
742274037
676592042
982093108
662545881
142782667
730558907
453870184
764328124
43665128
923121662
127757232
569992284
772023687
193812784
92129391
939737737
732854149
221241445
526083932
783053553
447612506
364268922
31811454
87534719
518371311
139601781
748400235
568959150
264682269
376589992
776052038
356597146
370264221
726551561
347220214
627683155
156129436
115600323
477440515
652710411
708399119
886247344
20623872
968127752
434196808
82911013
741915523
632974723
442672196
321595051
136543424
158624688
26446527
765446915
186938760
553901966
967747472
710008219
789181070
821753321
419827466
678133780
155991731
165928442
264018521
971489983
604755372
983806171
656281519
230966275
687028493
961769364
658846528
925201722
481723433
642826102
286564513
297428353
726272425
167772703
516710357
738137691
24533035
426833733
90923516
545124771
658573102
307235128
619497512
350883499
204873221
276585991
364390387
647745040
35791391
322488522
874761570
675813534
87964528
849258273
718033147
262169009
456860359
605548740
9075060
3989908
366584415
572647774
27996404
38658611
535564654
282575950
199810988
719335930
708685816
83283576
154220823
386416687
745193292
769205241
453021609
703044245
920710365
957966611
229635694
76072819
75467851
563222482
975478124
186037907
385993399
156687829
169321397
99736961
807474070
139879785
737986481
110041850
988450599
659344440
810142910
933087954
437039237
287315235
722634125
600793290
139167125
72949777
940176115
283051255
928788426
766141961
411180450
845087450
760163863
115581948
290913488
190026626
279692757
54582921
521213223
804113753
952996125
27584778
31428848
997596486
828491597
438603650
600104992
909960483
357912548
761565001
52950141
44626411
944014002
5621837
93480335
150240484
171973737
716516084
424288704
814935104
383833159
998047067
454181134
762784850
947554819
315324497
323316198
35086523
716223454
681416345
865697473
6093691
835885215
575314723
98830401
871480062
372102523
843623667
794043901
750017385
720767912
202191132
126012438
402925696
253823341
225269662
41336960
885647871
496800484
907336355
390334545
950285338
1080293
570968467
892724597
211479114
265608981
242809362
952231930
226364416
968523277
920955169
529534975
472403765
106812286
701774298
462641119
298414620
805111827
690198014
156516346
2491492
204238920
1576006
227811386
276933012
174540926
20852252
625765344
408602106
954740809
94565732
475460293
504984771
565094243
314134494
161249263
564698581
633447832
86462147
135123105
27475087
28567010
828348398
371595066
773395323
86161324
424383774
398216521
879253669
234172422
275353912
804554865
199022587
922243073
637401117
272666236
177677241
592013004
609085007
366046954
509102656
141992574
64785707
66617122
727291293
679028299
797611991
216716257
929280704
313904387
392394509
371011018
88270992
288942201
736324611
727392791
228858604
467860996
833718245
587971385
339054356
461862736
496007516
477145770
521709664
752318010
979387993
693558707
94580868
165399456
624536985
841008721
806308026
99218920
624687882
184928098
254708530
206345421
833938284
25320812
546463139
429957822
843517630
433575163
580346474
88136411
869613803
439717569
961261733
748599417
463431829
346109229
598242548
416596451
596798924
285146700
170523442
623772111
140226931
350578943
846532380
251249858
431322907
533585133
986981233
81555016
958717866
256601571
139308932
195261682
121166917
392077325
706316128
726077666
234197544
568841432
860229705
438522338
896220233
485703549
617414580
514044942
273600376
984140644
345256828
705976261
89459543
326001619
622110331
33915058
764736036
789200794
904957385
172758861
200180453
560145617
415582796
283870164
107198904
772143497
450305894
755651857
594808757
468462139
757105427
174697998
342678907
335964746
673217806
208128455
662440438
650816249
380597052
375053223
629200192
549203615
121197804
146628588
107667402
908958367
758696487
132973652
256774852
301701236
210768639
378510542
625694145
960001516
868718405
940733350
908824892
188978073
469647114
772777894
48048677
613986004
362306305
55804639
826768934
938582479
610520883
248895041
986336465
43815922
807739182
533376478
269617649
294208530
335738893
328849450
193424780
145937503
827270969
13315508
574110912
905321275
1482660
364748987
42481674
182310763
734615611
671270748
107997654
813474743
227164175
788326064
577027971
601129716
202053760
895831355
44515157
516800408
394284967
135760845
800408460
114182039
929294251
757050295
236326257
654886832
889158802
943359869
579345994
302069173
321222142
188900510
651991385
399840897
472845332
279974717
169143270
747515234
532302107
576217540
169617957
532399011
557380967
608757180
324214996
238912432
873952447
190387225
367311895
834612244
949821056
278034740
362380545
513560319
470539075
90676241
490760659
157894951
930703594
858964191
122320224
716389932
240525762
815808029
856296161
795582762
297397660
979020299
759829727
724426027
872202397
864571394
748410527
604933195
903608142
443211641
832592693
235496022
355235585
860810359
722863052
987509667
958346756
706473605
491984126
572177505
923896119
146268194
193629511
389131597
201981274
64611500
940226259
425900023
958676640
23702248
596776029
11292320
403489618
432534496
998099188
866850816
613050931
696336260
589967424
603800747
159120032
667618043
903237972
561804622
240563142
240201277
62263327
900741938
483660442
27599515
443914667
249882477
721241828
745298116
786491997
304799213
548216884
316560618
822728002
996361322
509242638
487161968
720156681
938647578
747633082
247112240
27266780
577127038
734390370
928112209
537720093
557304089
593360173
451130902
840916215
781335799
205503914
422530631
13502427
839062991
780113343
526573007
675317510
648156470
855274802
384816882
217002305
260522055
360497027
399684312
485814812
556034692
105863825
369022060
385866399
434878509
266792147
62416250
496457478
289770020
566783912
448933807
997535603
571939237
941615036
67817681
265435277
659763626
314175116
718113018
354758334
220299101
737283931
806063250
830339920
965570541
330186569
57294809
636452608
424662724
654315730
540831364
217167260
31469230
203499208
607801803
487744472
238265607
570852852
421444445
345718831
88337423
256591305
268232361
76470122
739509773
652807012
603514375
380325784
713096346
521888923
570393791
347990594
292026144
301416194
240022700
459024034
751162999
26290028
288925863
309314275
539326368
157638571
648194530
145058427
855474327
263088487
251145112
422402644
208465270
660213303
60229344
587036804
160632281
633374670
595560250
716837320
822206644
287055025
571269671
743923736
103026294
864651683
586485968
11634930
77677770
657988136
665636440
683813408
362428314
205961450
675866007
615298558
638747926
357754278
695110291
973501308
483937812
261139241
268113557
415967582
682626637
372721330
826399256
396460429
21001751
263784242
484688085
729117
148495101
531778650
138821293
778520698
641939181
683818365
576599999
286867295
636503944
204119770
73325161
804695482
729630007
272173382
309311086
196293365
303509174
298086707
881647084
955627878
371050390
772896403
121814169
926268216
678870260
89134051
347474769
697549627
240132508
908905848
342673883
765140486
683584659
969572381
917066050
926973508
658266010
405043741
331541922
168586089
121637993
882864431
486181242
486759013
896702155
582926309
350890934
478890421
919670430
243188832
888143081
141948517
8142144
280904490
807562634
22899961
643600339
14738479
673941187
83475565
450210309
844698415
149777533
644010647
437340634
968556871
104383596
886137565
55006285
172430171
728857104
766580692
633154577
842864217
41578996
273166494
582450322
589939803
951522553
173412913
191065941
159305877
810649371
641962900
733753438
184317758
403636871
994263084
294766893
116826002
894652356
678177444
358618816
943751156
284479502
631706946
314232516
330048419
302808383
804934835
114303406
683180708
437452641
294200547
959676919
817355321
315065353
531810149
571067628
310903707
43552626
526709996
605308762
885748281
467542187
988250914
837471667
448176683
992242102
711783417
140894019
563045957
34824921
788454885
599449887
113009158
725377050
575066501
736346488
330072505
384529967
737407071
380239516
700119697
782033666
489696394
961762261
964830654
428560715
223835536
436248973
273312473
878791431
639289039
663253427
514774827
340385441
358368827
600239012
820323023
829046310
231365756
683156109
3819568
762172584
569088275
873282270
471992267
929546546
293534760
464515937
560678092
694918885
322153782
798592266
955794114
793830462
352032156
185056801
747126699
216610857
569108806
946041945
179278153
882200856
251998058
651061234
156839276
820783925
440751225
829758078
207993203
40841292
834075394
29134900
687276633
142558732
557545955
547093006
225498622
790926760
45007686
185588314
306716426
917113071
972463712
354117105
266294313
732526300
457045083
144637540
286731236
51787578
845949976
436028896
568129787
935179263
893206888
494009115
511280089
257954894
768056725
904421503
553116482
5231031
234992362
548908341
896987836
182524106
504818514
404515110
18319975
780274579
102955016
820599511
199750777
635532715
753525202
809722089
838941380
981242725
262945001
498051699
984894714
50552624
582315066
982067526
548242908
752961592
368271526
925559624
217763892
218572032
411973835
916711929
383912295
299174770
971518539
355584626
549461512
279566758
141561442
771885502
39021265
508051698
237753995
201200499
206729177
104146394
379556709
609328284
202068626
192063068
420042849
948310966
452153291
47900081
449452368
279233530
975961820
715060186
750869241
192462790
311560587
405217498
285839655
150733046
116978560
970295978
683819023
489290786
510859320
265500102
834704732
81258480
528924688
292310786
631032565
798690022
231105055
397561738
573064614
957378052
195767138
307571181
20183081
719340582
579523449
286248774
49109380
981845001
599411763
718725016
648870315
319230888
381258794
168334761
351964706
258084384
452809682
764871029
388899967
843601330
915732270
52614181
175316576
11263334
995377750
181534731
57025463
148401332
307311214
547951570
401085398
793295616
8577635
649404144
554934565
453640347
496711954
373503136
974318654
306698282
806073425
917743605
617642349
153173778
302453158
925850693
683107125
894351404
211090951
186963610
143129846
325551486
803554161
221067055
984892851
240873525
876146068
173208468
399865968
402577359
663470463
732102296
387825705
194802908
413008256
325828535
354524959
838353195
30307242
315863701
860590325
564979459
175300554
404234137
211182872
371316113
832094554
44047150
503531957
57135842
559868228
575398451
205237467
764010180
262011410
602736705
949741397
691884566
745244609
670334839
6745151
699588300
897072867
713102379
171039415
403290094
77185667
656559228
923308585
481690517
219830272
391285653
429427561
619462032
223012793
182541223
266787238
686813894
389108855
792735696
707839636
639447662
951489869
384184245
328616124
596732810
850134114
781214145
780547150
202703926
553827099
87026203
417763936
684750740
66509188
271458346
850980297
320962990
672905218
134737797
453440159
630739903
590908575
738925708
913113174
949141995
572355960
614528518
332434489
180682715
821434195
324263635
708264794
396685848
172148099
661383021
170013173
763620298
401345360
551238994
288019825
227929382
547912409
949340205
856557292
817689963
924446585
714267982
130057721
894044087
245021638
804706222
516641989
374922341
52316571
724617064
229946241
477587145
914292821
374618968
457213350
460654534
366733379
742226006
221707587
118048630
279684005
970441914
226119482
704202205
778892561
393156263
966927930
716319532
191059116
313265483
368730856
953326095
929228472
593001723
362078298
601166997
586698320
948299365
417873271
595949054
619357641
525106313
987208131
657015304
165593575
876241874
231249859
359669066
719821987
601321294
466203837
660351183
909628110
947510900
328067061
214450130
264066083
293742523
623391327
985154917
28827729
984015408
355816733
586390451
706436316
438366293
632890027
666253782
427442538
657406953
109312141
288719163
374968210
876003807
704629143
859764819
259341490
530909543
405289279
464071455
509226620
151257226
380723276
878004512
685186380
687314509
551998972
169953605
125726627
33831819
46113881
185477385
602971594
871701310
561645001
657294929
756935712
141897687
413126763
117761042
254656755
170469459
924285448
400088992
619144888
616528259
11189126
818681550
39060681
563311391
821514629
712988785
935020295
636642749
96130417
686113617
412153080
266269425
973368916
947543772
552610136
468889987
23515617
602693591
781256869
879148604
214237890
734367161
60642208
248668244
829725331
150442540
740253256
152077630
199070405
99921356
105220948
512102836
209084705
608732030
631859022
566771887
981192692
418003581
525915777
199027287
465251623
64485557
312228541
427467616
420257214
824185024
676361705
39884021
839541202
101837343
698988728
864155880
264274264
966451906
219051604
127444592
290428501
132726304
539755318
151983790
587390860
97669164
786811581
634983760
722344460
683476908
392430114
391776899
24106452
255587196
938891207
152187028
800283587
211586895
750512915
310698618
789360104
669602506
931080229
390576346
253119044
584006254
391450741
556802135
508658387
258342683
515547810
504787443
421030737
354276962
543841406
339863622
977463530
801479341
23932229
586679724
764646265
857450342
6383792
340173593
389483214
341646961
276327322
484392920
793505589
615640632
772484798
273572824
455234984
935713158
380894656
759403294
657565705
771455232
443215564
961785970
950941334
598628390
787977185
885426624
333133511
448961401
657397826
676425644
743885295
48984638
507092366
536853844
296187093
351103580
844062431
118639561
238278245
737388647
486774275
874074993
213835233
255764855
647661911
394806657
567592726
139921696
249203810
142706652
661701406
108219796
761652610
926380325
297864437
333680547
938454036
925187761
225231483
466708293
949675921
857555185
986820192
4408299
893384289
516845829
456355622
338604197
698507632
783448831
884727615
643041224
607945399
581141747
207500553
872078291
401419286
611595751
790457247
265284970
357700333
166041796
523009240
389751980
726076940
458084869
482293950
63242816
383125905
939788231
545315394
90153946
480197647
792978736
94093565
617900032
516986269
752202514
40926787
621796024
340432475
23116141
609952307
618950203
667756091
2471243
965058964
884841410
152186601
141361264
171164176
903061249
695416640
499270662
264230319
721445291
132126125
214606134
307824443
617664356
105545060
298404922
924366876
543730724
945175327
692466453
680800770
19476066
31832538
936569675
453545517
363170924
929746193
90365395
462023224
34310130
4310703
200103477
443733404
293337520
619884781
582426532
736533814
10855242
621384554
54957598
346042291
10332058
930004703
845689943
313802251
113611110
869549113
481966287
314989127
189969142
665784188
486554442
914332542
663571235
363611741
731886166
430799536
412146238
594156943
85986489
459374818
553831556
46060355
835700567
272195073
392674099
10127880
302165796
534603776
359118772
797971518
382906301
723078884
707179987
302192689
158809413
478700466
68989570
349592156
429700571
165902772
190782403
564278497
644688635
117504656
287526246
754879367
103554837
889130502
815488747
488498711
114032506
537163636
804873959
18114904
474540327
634162540
893026800
601199768
790727873
374401593
480654835
358112601
704170876
248223018
709909127
553420886
147465907
402194311
25034351
635856798
265272326
213614351
907178753
742334217
605688538
840798208
596973363
337991494
325533531
766935020
864591567
433707794
288697312
913444603
644025707
613490798
612170157
564547215
717961798
53893959
588996042
702845119
226151244
135196035
828493349
964492515
619681324
216868125
128724040
374987478
866319091
609892198
498298470
205424736
689605414
688131833
359275663
741743931
874725798
457816400
818111515
577023868
181655861
175790454
706611465
509752982
701641360
758180782
639366543
571108143
436192327
246483955
492788650
892883232
361611289
919695488
940849009
617129549
638645061
491862691
423857376
626108583
858936369
116637906
320841824
586824862
74058024
542365975
718607280
65406879
481945329
840422182
573133719
440984838
547987192
527361444
316957332
963760072
941109475
200273582
501939369
238677990
277963021
166698724
182442332
805715202
865835344
241018531
288411915
80620214
487592104
387658786
289249773
804575968
650070489
684028020
111527838
263249421
120031627
358145284
33606819
211672295
322560352
296911418
986920825
658493815
198914922
948485384
843548258
811522245
68468808
775262164
70558496
797355213
301929702
456664542
877627478
990497702
605805335
977079203
507734498
847343107
534485734
185268853
576045527
272844717
987160681
35083001
440171203
809219882
152158927
452286963
385374707
242459881
273787366
472055931
721677642
471935953
927692729
98951447
971292008
703644768
112854500
651942274
485319921
186027401
577601851
876724309
567957744
958467777
497801830
142662032
414121911
38144579
193198754
215932022
730116240
65565692
659315721
120000873
323554671
334327886
578658393
182526208
286103636
175585521
680681269
14916324
844005606
899509068
432779374
708362705
524525433
240143061
186499108
144262589
80280273
888502499
711057394
508036303
391288541
595037570
699303129
23983381
286493403
680997427
181701756
868092598
246653997
914365105
312666826
716104464
268948777
343895674
141643434
801767846
651658116
288133918
991667790
937133819
504648656
641958548
781226180
85841833
971973978
426771979
758473520
747841299
320976883
666241653
279171094
967609910
771049250
404588739
792716553
622219252
23744441
463150097
987747254
833459618
79713374
937676155
550699603
519418414
805353984
4286789
619755169
978083728
393193000
172046810
31199891
660304025
15077359
496097317
619805779
176905492
143594945
636382486
973479383
324069776
687534634
645506309
234575320
941590142
67639801
899314936
402420071
883350722
871898930
183699892
262572580
791150057
700746716
841705907
49184247
202667864
115148539
797902492
490336362
950330625
483521965
881409631
873932777
164797074
201416899
124679949
98167361
248427852
706123637
526490853
567014315
354976590
869161369
927439914
427700904
42038090
2198604
519905417
52171178
803975251
972898486
182069245
468475738
162323566
901512396
709855931
624339139
831898051
152467729
549719842
917623659
878206034
809325506
454023251
712091577
546800727
719650449
2873348
408896403
552130733
917919487
951788099
856442121
608081587
428652682
899753815
484170316
545291406
855170070
715654239
259837385
430526052
670997576
902711271
270691110
204233534
272586825
823817834
144010351
111397134
10062953
716094234
548884973
621015349
340291884
457004725
541962906
669117041
53272705
89821023
596998235
321705396
598433479
449332326
145880816
293546796
551625363
451707529
534781107
874663250
994344004
440129212
111455897
431739489
174890154
247311816
718845078
519193164
567112810
764100646
546047810
931230707
899799968
674213369
493667175
501677116
737304244
52375492
322194389
63646485
631926691
398000352
121306511
407921294
127082636
276128237
547028687
221744955
745914091
743625373
488736734
797385677
932769892
364065651
316498951
402055429
196699576
397380709
491505045
1095661
557315763
979082690
98705906
107651101
49931567
967131072
95027069
744268776
758498646
748475653
183236790
294956579
133764745
525604847
907299803
220364907
316187613
45036440
513515592
211922471
986346632
723780370
741531635
686781244
603230307
475127928
352088157
630247502
197649563
267154387
979020185
771088732
775415927
603736668
834960004
38628853
830703868
854372293
946914317
668694383
367808795
366345970
781590584
512604345
350676629
281402456
676442841
148985927
808248514
397090138
464734092
688074470
126145915
441875748
145854104
687059580
667754561
109724006
393610775
200235362
560350363
46106699
367439376
722896926
331406042
25115984
56202060
976827647
41967414
318020948
847890137
393873198
51567597
433975209
595241551
820725670
206896832
731242626
91901998
312630280
161250726
989577730
847303609
115170753
303630852
278487983
777053717
194623262
952403398
464066441
388288257
801809356
877121177
886743747
223438322
884289953
545802815
207175329
428642771
522588045
884389299
147648367
868776637
785677336
400726399
892572353
809556950
965260437
721288206
778002346
167281810
246444408
377269762
238170607
240128390
878051974
65559832
206832157
520832705
964542369
744686059
54109378
68832709
496288630
449126179
665045803
524620083
341739969
258448482
817327968
286369019
917086575
997359724
330088163
498826000
937240311
478805604
336921710
30090745
215548980
676362986
75982100
766345199
803508035
486698058
284096708
600678824
34462971
929687072
786039848
733838399
659377267
129627793
267035941
718474028
16948832
399637520
450973869
460531150
383296175
930250479
797909456
63582488
970642878
825993605
633519519
853018001
563904890
916093052
94664798
405905258
3000519
750803136
170535391
30517509
994057165
349312918
452853658
395395731
949206102
17218605
392709117
534791580
153855986
638341307
327754273
160482402
552395177
634274294
625022610
460438574
660706597
558769443
396419488
15119208
328670621
425863444
694015021
853276832
488142025
956963421
417411675
862791146
421998897
51640358
40038599
191671113
870972275
701348885
317494105
357767566
603949812
632434503
637713902
537802821
356026305
168612636
485533695
827277990
201809676
121839600
256153084
912503312
955947241
386236124
612206658
370125858
220513736
313567838
422058349
843381394
605213433
335520083
387771965
169084079
396821981
46618063
895522554
15557154
584579092
24201551
140948807
920155623
476182481
785771196
267795104
968717714
872001127
257856257
229334461
638796779
713912839
995187180
975137560
307408644
661487113
212961970
103599142
443386713
472359143
197222255
635249347
351645760
126664230
951547613
934535587
176691239
93015637
535028482
757052032
133517108
430017870
977858422
506530352
73239785
656724927
596614900
525694138
385906418
299668965
863354897
606980900
878146169
47016066
505003743
249845895
86298411
563637471
781739948
240921158
798345925
369167277
897284292
963994252
551816465
282529890
524118778
578766028
925095654
299564777
57912641
804161860
400196670
474562119
171803388
608888200
948618454
706127065
572574740
968476619
375126366
421319388
773101187
343084590
778787718
937948343
726013219
949898894
186174265
766389488
185968743
252318406
609596443
860730872
705171145
106507659
969880969
15793142
251962699
767774613
385633637
991794777
554182757
22431923
697131033
631195082
625546561
222499427
56167170
240176684
307867086
196442848
580750804
463365170
127035190
7960058
795891751
266902004
618773447
579765986
470334326
878061390
403969464
70299559
125183090
759735424
927120856
771897180
548621902
305981445
597405771
538701651
678745923
45459402
828810091
691037914
723938453
189591091
467396581
96211506
636625588
589143911
287316069
220123312
301969971
365382569
465563139
713917999
366527279
906878951
27282697
441345336
509890496
570479451
799604466
789857925
754329945
649626336
889144769
43740204
315913329
500490150
860104266
984886056
606861238
99388516
107881677
566089827
165386699
81549861
294906967
54411850
222266445
228600729
306879000
254103806
573191756
302983225
301376390
86149786
61454695
146144778
844728757
661646024
780780315
487909982
805268967
876471112
499773345
38324830
749027170
700339113
375877564
668290869
291115889
742751309
478692339
475532371
915840904
313203886
902769603
14762298
862397223
960209037
709042026
846635495
364183980
86014510
821871236
924039814
517298752
806593269
536689595
242644539
234461645
122598083
371192054
379314934
758072846
845136546
473029208
84975973
184713401
713856610
964230102
38684456
766839710
139131878
61270240
909380621
529903110
220258660
663495382
66433978
984319849
271014867
100381841
127663225
316279688
548658516
755162339
314440377
576461967
659218997
395927736
143674142
56069729
380295750
636286781
488722098
547025749
456873903
527633082
734299806
729130392
292521775
854638052
981978903
125195007
565200905
684207978
152340195
76841099
734431602
500459090
817929329
359282282
681157016
34789480
435080311
97602282
85150393
196235209
315999651
435968337
835206662
898156541
756627235
640543210
879406094
122932230
27920489
431710298
667899781
366298826
592340924
389645530
189987616
648326259
358984985
667923826
910584003
40774842
234807367
585222013
817555049
636152143
188419373
642584399
438391838
829201237
979092850
941334846
392953234
450904655
850326992
3586348
434112376
392041472
58116151
47174689
261005647
270735
734136300
960242263
746499125
431123250
795606189
913619378
3995519
474728604
288587338
458195478
94468636
886670271
565683209
926495668
833261192
931772446
382504353
192097130
751722040
958507269
400018739
875601831
208195182
158100760
333776799
430386235
346940538
159722769
631503791
865196493
939950647
989715866
973420660
888977165
82675869
545288179
70900283
893681684
800894482
477477799
679843871
461322005
782479157
607752994
881230733
198130723
491483691
143480860
440077216
600833717
931914688
169551282
38478089
448304443
395137553
573555798
697691483
455409378
480295612
352933717
655588641
991300585
511201685
522042414
181308565
863774561
435551489
381825381
595744900
521128606
114914378
646461918
797301341
580241516
755815496
647978357
297941980
342708797
965952115
55480624
132884077
749864328
801774305
515375748
266125826
166918886
454777714
556445353
968828736
853900729
282380801
838194715
939195988
268048213
535120187
616023488
713014883
634619307
808965448
992471430
34765359
902232961
90476114
93567095
808128770
662215039
221251669
157191114
779397189
476349839
829464082
222716764
856468168
63642008
30130207
432044521
266007446
895696537
172707011
925641885
494186812
529437850
462408678
781510633
168746878
753476071
515944289
480391043
777798
844337066
160216778
199123296
836039950
921160931
318528519
810598818
110027081
532694941
793585945
835720781
480486353
907932550
612145904
29833370
804909195
86555987
169035883
525571065
498036604
380093995
208580272
55557070
700789483
573897190
479867680
244206428
702077169
948065592
435503523
525022563
712104145
902774774
830843567
672555010
255010730
294550074
968268509
338689834
186386934
343416171
304151392
580089034
709699088
716416316
635891860
939147809
794701702
962700431
763095137
997034677
569281511
355662111
55628417
940821892
996598590
920840498
462796898
411204771
3382988
496908999
380536181
9051815
798598983
931716354
493936583
719793944
767310492
475724029
745250958
539640943
756506997
893108512
468781934
715808284
351584424
641928780
428049575
868760776
145875913
114075555
470710346
454862175
175917386
610332566
112854269
485553243
884737043
642900582
600280676
489176137
938555364
655007905
88111116
41845810
967041703
834268270
652194814
907008748
423508805
208431136
247490487
230173127
177498739
997702920
256684586
704355792
116242438
489160127
539782250
353295002
951859825
820885180
38635410
557437465
392733246
105127338
17627300
993488222
452240947
552768966
29845418
460216269
217829178
641999195
802408835
70111354
685242020
436409156
811715363
897927280
906498575
925919928
116010472
696018593
44436743
364079544
647766284
941607856
199249848
940491998
432271005
353837822
900991087
691772330
341232864
259006367
324144309
787802311
442537076
339486395
855905636
743599147
436122426
717586363
479569486
29027746
192894501
456566028
809483095
208009534
340202451
322714337
639757300
56002713
758567753
828575212
922590839
433959010
470574569
304062688
946665500
369905600
262239806
590687692
335259887
95107010
754395647
281042943
930430446
227354780
633723770
395172189
86305858
498180656
831648137
143493027
731147845
569050879
41554788
281841598
413195829
393113987
166642511
512447127
945416605
531626677
539274767
29128524
660449893
902670061
91378483
516492783
461307319
467834680
697769287
843777858
402187538
807758699
507229571
500829781
43802917
580915559
702617921
212939435
908794931
228873314
685773308
46442411
812700163
721803048
273138438
619226110
270441713
932111515
482230309
82127301
417642663
596974446
777938836
824842458
677113232
485048408
584958494
608695399
164950749
745139529
439091567
681307099
253412309
683812209
656454635
967870028
542920850
686117833
533871531
55441151
452737719
149023512
981247400
519168620
808142307
354734132
207254970
77949211
839593943
15128899
282827859
363850339
584747374
166500979
693086147
727854575
177761660
483650538
88271269
167554250
385438655
191149677
5077488
609789101
585391363
507977881
281971791
485408431
351984318
764860361
86478346
61651956
306163974
643055751
995912933
927770106
346440349
873169092
261141002
886317633
624760628
526335616
160057390
507908982
996149298
24298309
523981052
3215570
331728629
360531536
124385425
599392134
267259989
145031270
723916843
822592171
45777326
863014537
830778677
728614013
692168120
818266619
490414219
683013850
779712831
497657358
483247416
56002095
525722793
792705684
417464240
979605761
532873870
401703144
281496140
672301691
174347022
757571894
935336829
636087393
568153386
735167449
531711925
648845104
455311636
730892902
50952635
404197834
517433826
639019221
341824848
318025164
546198136
485064081
50761696
412311854
471101881
964509462
470884266
144529782
975231118
926195003
140012447
919285247
737825143
679052790
657791269
266860462
133780206
909133774
474656204
863624358
468283610
179633542
750734966
323825093
411155118
784933963
680049765
142381147
859968231
546009283
966056400
366225827
724553571
261141683
714313202
145341019
815900303
897928796
495570781
138843614
783551170
140185403
673242798
626469695
905120816
648570456
384809451
55770629
830444672
968364138
583127552
938199893
306513958
956259825
603306281
594463085
336258840
115229287
978559931
621276498
811398119
825938328
305909753
515321642
253633456
988829610
664554626
693593339
586945261
427881152
714860690
136806917
202600890
984997947
971705641
567737435
675407407
91295523
3270842
984114075
536381909
163385204
583189736
670183646
493110534
920128334
751456646
461275737
335936578
754377856
812504022
935866408
602658123
241805719
366692223
666885862
335478506
47274244
795823773
692426374
416414328
486224027
791494599
638682507
751239687
666613847
472448870
889283800
73740553
449580240
113242031
323198119
558697950
15072854
726985907
393714521
853164001
766898604
482259549
408422042
748441409
854369339
79640212
189526525
911946249
815352500
15180548
890136716
509476788
939956126
798222769
965880541
340485424
322565874
517536721
731879113
895264078
402120836
497206076
443303927
734248129
890165979
694289368
702649489
926449177
88988567
595230245
638692483
339396489
410980924
401345087
603647390
379411235
704027982
10654677
671450668
44161359
362451566
953130182
984465148
492965058
10389589
429183056
331025432
709638980
460775050
455279316
99806009
922968283
945063718
70340142
855858981
261528478
685422914
213691709
938606657
772531454
661144294
968389101
597323250
765819060
295893191
238778442
61272454
74373725
145898954
258714076
932838513
811149431
195199015
523339171
755510753
404712531
726199121
621453953
529560427
697311784
131689728
537491058
162103380
287415262
82893918
385787758
577140815
155439162
666332585
663374284
127291390
846691587
976646024
734824301
932673777
404020751
196657473
82010362
970225731
678529644
131017438
642994753
509327817
171045815
228455902
260941948
496486511
209384856
291707631
519120616
975616808
461669780
180544737
932466090
383411176
681622226
603033171
138052460
884958897
148125791
903653894
336201692
74898014
591566449
796450296
200872872
261506567
248882407
717983529
988395901
489562950
130103869
534054994
586621340
650040101
177901385
187401686
98957511
756535849
306502133
168154889
57863980
560516355
43455143
847730684
501459950
620031324
68833394
982406737
69597305
584193212
881703869
440429453
813686557
871425326
143962106
442632655
7327197
164932247
257978907
348196139
432928717
794019685
757671427
321736048
664844343
380151516
995436907
859241976
985337609
770892103
462206639
798254776
726522460
730601688
893315494
930672722
229514565
633340257
64245699
347957693
562682960
712749089
430372409
271811166
537140134
571028796
849174538
328686917
676588694
851394607
504935760
683338762
783130995
296060102
283016285
459945512
539428838
764141248
50150528
318499653
355632998
795073327
496589901
849429229
775033326
968661879
209381333
654655442
941647970
345068705
965163834
546771649
636058439
983781783
609775040
332713359
83380879
311091145
243146473
750232404
485204568
126877007
462841387
253246336
896530247
944611555
554487763
925805830
368198171
571108656
129499735
996022708
188659097
640458331
786873945
176782225
340138980
287669205
183349146
724297393
707720166
958580589
387583465
519390230
962549778
742815475
533376872
755698053
138769168
622844318
181949155
321974390
524374109
368078762
414841459
558655311
676772637
202107889
927065506
270797626
477718995
692344041
261281114
302125025
268400023
523533613
738910956
512296060
43489978
585803409
822830397
80291106
770731109
554734639
429248771
431266697
881897392
558103484
923263273
757193484
291436125
794964987
903084900
46647054
390405146
524072509
84708524
622984392
415876248
786102655
190896275
271605593
118872493
708522202
977683671
662438944
402477876
54614769
658623802
10482306
412667549
953241338
797371782
938616849
866335804
347149204
47464036
348339794
395969114
592085648
905519463
356034145
536684867
723448004
419578749
494920147
313929444
210669991
371149334
774128524
702276285
124809640
768873909
153749545
877936646
377280171
931319020
747399148
966032661
771898421
686660298
109928615
943716180
41035567
627376578
211872820
681278824
739610067
782697897
713114180
396576006
834558826
375419565
495068774
623827724
351491723
670384047
810931263
686341876
303418701
806548456
810780178
164209579
233557296
633634123
452541369
353996648
655284385
860593290
478879070
830200732
47779664
717923267
4340925
339152629
359388846
903970859
579342181
479285621
896791121
201133050
202820376
305939622
50459386
438145507
159710743
886783565
87722556
885892637
630010455
462661325
341880043
163578503
520366415
576290193
533867603
78670694
313375883
888699100
956867624
347885282
680096648
853606298
81185224
637093963
438253797
699672698
21149592
765590544
91437213
943595476
967036543
328973652
96709624
25666322
147982453
901077185
300687169
143338460
313286862
221244050
460312681
108854102
642616428
141003740
805827145
129740586
10842243
626757049
12155507
284503291
2889991
762170444
708768348
481857026
421436530
413904373
993953010
191113200
475121630
512443389
228200992
86999619
776020329
259252934
180763133
430264318
149828620
623978387
927487923
94030342
522667426
591702000
549230005
41091279
781984763
161978765
855628719
729371428
56045375
957009778
228006514
120380797
297655733
402238056
935325018
138492241
162115023
961755512
620694792
236479871
369762307
476187905
718055335
798283967
657972351
893940644
642141218
255664184
499276685
243585618
959424980
387797598
23785486
746941498
835532477
2296684
708517334
667668559
508607754
525591157
941104535
198570152
459556603
923490109
131868326
817147567
683550297
854729919
86639721
582026815
659986136
966403188
275828882
880284902
811415499
594657631
141229806
721946330
816274101
648243501
316423323
143465035
19090085
400664354
477258606
321594137
748360643
902134563
735705912
727153412
811728871
579715850
619894192
181014496
119457099
676370916
378163858
727602665
994579425
186530158
130014849
875288517
831913831
554153464
683106155
394045797
84955602
745532378
913074416
30203314
82481627
466934730
559426546
2108484
811173606
998008852
783698684
903474944
719048306
11830620
21627245
835169820
471530332
967955195
253182606
148832571
901824892
576131093
988660605
34565303
986573442
343430134
645652122
556183089
485258890
431002325
755745401
319231084
574403061
459839213
118075021
512015572
354593797
748321876
832165385
156795577
307906384
672437928
380087782
716816153
433951050
641856532
485159024
238774642
93681989
980551556
746704250
711465864
421219730
662260124
216328266
979849503
689575861
546366527
752748212
634444208
537526638
319883485
17369371
635989636
386150019
119474175
26996911
45562388
398873905
313516615
503133969
639941302
287335497
471625296
24962683
916174182
426732698
583200526
557439448
356527309
363664107
592580067
919120276
846307690
597263114
836343670
939676929
81300268
799393836
8285961
825688405
100124422
489608079
129117578
585151410
504048079
321047792
661610681
29963734
826663822
824071241
715502463
207330610
580944779
622932220
809538399
722324665
494062105
601760848
244449176
434045501
348130922
125700851
714139807
313308099
537516620
426664236
921410653
487077217
487547395
148527795
293134373
636807977
895310670
690764502
403179617
487459164
710528170
799958875
374520326
113358568
379729806
243495499
26940057
484467395
42483227
556677311
581663433
708035311
145032549
943495595
928742225
279706725
583196915
713524535
308905434
530823199
331045057
884612414
539130142
580560143
599747890
169379912
590090312
835627571
259344905
320454674
937153792
552936584
830969208
159378966
502469729
559770062
619037846
184682307
924047400
160268895
337401376
624823369
394784597
913081785
642196971
108182051
241899552
850469222
472935883
667472840
191608190
823252675
934064407
208707564
830651811
524000848
102715510
353199004
834923050
90386024
832046174
8959729
329561693
982886349
686256515
195764590
370495633
755298964
72889820
504054057
564399755
186995855
629270894
998224478
617267990
537268393
289221756
326811259
623091987
193493107
692129032
298263286
649241293
700428984
959587847
924036920
962302752
896571675
615261038
860129032
75310085
501558536
249927935
206445862
527076198
225022766
821061213
197927486
511885586
632618698
789658373
883081860
526922661
304694196
212203075
595772619
492596322
637450455
75986465
125598284
719683991
693363644
709295114
356488606
246212700
763869962
671082891
481369114
277201313
91744021
353776350
276730167
658906904
837507067
597338275
101544321
973282483
271457917
796007392
948788149
459357268
168785664
659846473
812644991
893157145
469736379
716626571
637812248
177750855
891693398
426510513
276703856
606073591
489225751
781565293
255202849
168378435
229697735
485230790
792822465
432560655
481094719
25332615
808597778
959731782
860485369
942185857
386326418
943027810
800326454
667310755
742772816
30096408
567314587
413343874
357073196
844869697
529814529
926280485
50609428
58360173
502448267
659235904
432458449
969090152
59570219
91404636
322009594
581030268
849187637
907586589
695431387
193999607
92953041
869018681
544747312
555968794
48090628
136761126
726571178
201790685
819255703
423555362
531313977
16158405
199246413
936183111
479924736
157470395
901427610
370972082
457095831
905257565
788831976
456333794
857151359
296004241
717453715
361452437
184183713
630327147
928370178
495532057
491802636
372284184
803858682
821941246
845804993
693762450
337722556
732376382
82673279
960123977
900547756
820077054
155758530
300248430
129983900
993692111
162816309
436907247
87535294
215268706
649314410
304388441
229148371
406713923
207654511
120607973
867918369
173537349
974596068
505917121
515198596
190407909
240318067
760728915
815299126
895849779
257349580
971864567
781466340
929049877
774985533
107589985
671216728
483985860
854501405
91722840
613731045
940311882
185723594
42301378
339965749
140435808
885366324
148826600
843436543
102406063
19203029
945507196
419844673
979122502
362662635
688248960
222097612
903694723
897095523
294422040
598539470
696398762
580604251
197331750
141543344
123557689
965683154
58341121
952792995
680620257
646374558
281246024
494969839
489417221
690974616
185349387
5262406
769296665
159830043
530311443
718166409
256398949
57471040
427094483
113341359
344858227
238664166
353477776
215321676
123780363
200799130
879196049
843117146
275653607
529001939
100383659
380682533
39372999
238678266
697044819
265875287
196433301
118384471
555078561
292847584
301527846
207403518
84202755
305452135
138049100
203681762
823821993
431700873
757214126
495437841
954507233
795632234
516808196
782135675
85407047
154765510
36150603
788471000
840718022
335254009
368305406
715608007
901458648
222074095
666923500
391912786
972547544
278721003
149458677
768538578
394465250
778252443
31825670
426161056
754721836
980965984
768099468
564005128
569068532
318849972
609715180
539639968
826902803
237731081
201532903
831120912
345521853
534308619
14197027
455951047
924088858
407479295
952997737
749874905
208847720
205546834
825251025
327847590
197332675
846486392
995215432
888393914
432020999
311664141
367324348
284928704
85412310
840322431
587852076
877923305
932983691
361709018
98301794
747386240
237870418
372653823
505004788
602008601
588915924
110388586
472584391
424292584
880008092
729981799
525944652
341019699
166174428
283797110
23586599
787410435
859722640
705149964
683881081
833006780
505722013
805040418
253584868
950127720
601734539
742787184
590638251
294470271
654274067
868743187
838590049
696841128
126774795
457581407
938048777
341212771
188485322
38054603
198859157
464294560
988419469
160672963
912105058
14970382
301399063
324640751
626772974
749535552
173178994
667736453
268999144
770333559
19698326
492076963
463939555
220583972
45065436
281374149
447547892
528579584
346859404
42640480
560878827
180178734
726079980
726035677
785687379
933393202
919897001
317595490
194500386
366554263
652128278
122185551
340767038
860227004
828922324
412895684
576686643
771051892
972787904
748909511
867158034
499094188
471436787
241748745
487711539
321546896
968736540
346109881
542081049
769138132
785320401
229843824
568439947
163597219
110232487
38506667
577185964
672549032
34827413
837533447
555306896
720171449
936490212
10851601
660962896
254230126
331686886
626726256
94142801
550199141
333087564
805953706
873427424
734200312
87051779
635121184
294407001
868679447
816721193
167825589
788235088
959030670
10643425
979168237
497860997
427468545
522598588
90664778
714310996
257727658
684705418
528125114
347752214
870799644
23051158
443355371
869756510
538648894
348711723
402594569
718944814
957207969
384971297
343252792
483445746
319561126
674500822
220140365
211350200
562816167
354836497
62011130
506873134
474904506
17787145
455995740
374312468
496577522
487806622
487715405
425064496
318997256
507028331
179598431
400669779
541366553
664243729
293584114
323137323
72523346
326761641
59939321
869972867
312892065
611432554
281717378
800075592
160956832
781626416
473171022
703232556
876406203
85051908
374436202
593391624
16123726
155045159
161718824
983593760
343799599
391164294
144979496
623082308
260321387
409555941
190104736
49615774
932626372
972264747
128718290
928867672
63730245
44926526
674021063
878859075
401493176
678872047
559591962
110883560
221526140
62484276
513032081
983081307
736273194
568416782
952110223
576185448
595883400
391120809
784432533
773989680
333650949
501598532
619516363
834024687
833837458
932045092
124524713
282070194
747344854
778382066
775964372
792419140
632556321
368387528
339484704
92462458
750246872
18934679
491727792
303058322
649322108
994281800
473377361
378346709
200603735
145736767
997934765
764914589
143539435
884080470
272562151
930777827
952383259
292215042
619947131
842042136
841762277
205360820
561114321
109046958
781390316
97190033
106888455
707752873
398662269
902971066
666124972
175022298
561006974
325062702
813432864
767226386
827505256
267445442
425433479
972908850
47455179
564923633
538807836
493841717
184693921
289521065
410865121
23520652
28840613
951650002
846923112
32193367
677704984
229084097
911786382
860346957
800038639
794523442
415050868
521653428
185685052
453567067
294242391
243979437
172361301
27394980
155626964
122570473
650812964
385448103
650877663
115541825
440515536
326005338
594648224
881413122
481445593
435119025
267692103
277772827
998045632
260523728
252716331
379746659
71030964
566498172
550596043
494406896
522294529
203123504
505228374
190734359
932843242
755680446
333811593
361906653
900116796
36996939
816310294
27238177
649960619
106844994
206436920
724017434
692239147
785507770
948004999
588576808
384975948
527555995
417959075
895081182
338677611
458640772
611723706
699981042
955803815
223914342
432476191
538049100
718382936
470227140
20314453
441813525
88977147
760680114
91573594
651924761
129073935
848096709
454962130
305139237
834720610
199698410
727725968
491263569
45144027
695130966
758564939
291326632
206944641
673116788
455512797
210664562
502074293
595301144
72488977
274182667
71100034
412150555
824786110
420702108
713203536
375150568
111913679
100199056
687235593
399578701
682957488
681416873
983130462
716574484
227001492
939618109
73249911
625544192
38276408
783498473
771377989
579335349
890902200
389654182
386578994
778147567
26381079
273714444
352373512
33982208
544378521
642547576
703633125
490322635
585625078
548147209
821227712
460427608
200061424
904557111
860357191
910990660
446816672
6948021
386377940
870414808
557182099
470914514
633102633
827936928
867552413
748559057
726538831
699337301
809360077
450786549
563997041
152146738
881797731
166685446
730169223
728839118
117398262
755164766
50786004
977868555
148436275
315418008
576046185
897018421
133114225
309979040
304816512
29318714
23314539
39628415
756662897
775968028
526407339
983025674
248825757
172766560
310638067
371636902
614191780
854466591
952234739
340691958
777755987
606619940
116754780
374988302
816757525
424032026
918224549
969257941
753106475
268576220
982468960
982502669
956743736
425646825
470681669
346249749
279616206
714028148
625344017
609863457
319635375
503455920
185673053
74768016
574805570
249378902
739072308
19462326
311335941
358295668
601372354
773897716
432197238
671013269
840350082
909347660
474191444
830420028
628613583
390728204
406092457
495192960
89311510
580541043
626965767
217074805
694671223
892265406
24286651
28465746
743457860
400142464
57506409
33880331
934386141
452794203
949754936
497640737
534295825
496302073
219940779
112754991
717491529
496804409
543157127
389804839
770136538
838900580
876377759
526480223
893294267
562883488
556599749
243412536
138608638
300311517
624136183
669749868
559792534
918250333
400987390
334671766
90864126
349385627
894221136
409215657
318931374
686685778
538240989
586790712
100170152
391488225
899543236
140073952
605304048
813259334
201726409
78758209
112134055
77435140
987689452
837086979
66803249
864878862
786630424
950691679
581004155
707745323
418484576
326573195
542619997
953986321
726523056
654715817
834471970
238659029
926817196
679331775
172390450
103739291
79915896
655223718
120182306
65713505
612715259
455866257
304306048
34693131
962022342
926033048
112013224
882163220
38438901
154794924
405703098
551064395
305061541
702670957
516892735
885735866
720666611
243535504
259846843
133222034
199565651
330644192
528035909
478461885
779435884
591642345
878439861
770642115
162834543
375610963
174806069
787988356
964844837
270032355
114064533
339812593
915370789
628261256
524760804
340017908
164703670
300970099
155011092
3926752
532441004
488913896
565292536
148439131
98822245
706637996
128804457
970415781
870034338
37232733
295220143
186446899
826143202
613398653
655867698
352354010
474649266
794488986
567806324
571214215
544303014
534514659
573451343
202442186
5327826
839831791
760928421
929175803
31109419
954701999
335656907
934838863
487073127
5992668
80682961
773792495
814451108
962031648
635928583
137078315
227445812
629283563
779266331
7093064
982225943
416793997
224896671
826219328
378855476
570094214
254093768
110512362
366242231
294595748
30825256
409732242
525638971
176425617
442259752
75074290
869142336
382906306
762905321
665746203
745125431
232445442
436527495
421653243
434964948
421697684
220305701
632290260
377594070
949137548
618835926
89501412
137892521
879990954
843748841
952758274
321020724
51161128
35239620
940901244
194862178
457761592
419071304
165664182
851263279
709716317
460548032
57778760
98699367
379484697
656092174
375770894
381594601
584386978
211693789
997421974
241173277
906372883
830676385
408469092
423583737
683494945
868135838
533785741
939903924
451577512
291004546
779160460
17395832
331279882
836531137
364031618
606702469
250169969
413918921
557903750
507437951
941371156
724702592
406516612
948949433
935299196
729684619
207243373
12140838
995245841
294357157
179361330
96564942
632601269
787679964
129724597
704022209
120318562
393722356
845751235
972367136
688363098
457924797
358893030
857702260
127987731
965018461
957621988
965960666
287638307
173590585
459321475
430529105
100409196
792228024
664170234
661687982
347807983
178422536
12567737
528563715
605207436
303799200
587999062
754676131
64598165
818208767
551780573
1937750
447409566
203399470
137450383
99746222
927802850
657237208
288067047
954446380
470426313
414383564
566063704
318711137
232513864
481483726
325439872
803031163
295618716
156358384
225331227
710407455
366070691
346451015
25862716
430874641
690663881
418236454
453240072
801447737
286463069
801480753
662810475
481506044
963568245
460564442
81136183
574226602
59745190
309914390
156335668
614468025
993041450
433625083
667978420
289595410
54922452
125458881
918179485
982479272
36767562
710748257
286532075
966098910
620036178
289313520
679373616
192743693
517201680
130545830
844873283
521951233
448859518
792524384
363362332
291713792
355140694
951892534
530825064
978691958
17453696
81538364
925691015
899352506
337798229
105858311
399241139
228588468
583416555
191116863
789874325
885190406
494404158
851649889
505328505
385102640
850689947
694579099
719854895
63848438
211378148
520402241
426551061
374885235
295281472
539456158
220358127
281637634
335524896
53727004
694221925
281464439
857070697
815342230
618607134
191449420
195369024
456456373
280674443
161302166
894170343
511477894
693931528
646661565
609337356
906729713
71146377
314938190
393448167
413192409
972160849
927039080
583058744
852260692
881526128
86558635
361445012
277408004
897620891
718073809
159962150
845125516
989615593
470352651
506631573
651873319
758999747
192043201
713762599
636611326
233997490
932870891
102155808
206674674
681304974
544512248
133595067
574589999
383616310
850105332
703346161
898148873
905187544
257287219
591870014
268974449
775055838
950841981
686218927
140991647
66951533
989152472
197860
890618952
756744435
404379650
624780413
420426433
427371114
835729734
415063307
523798034
64243796
996751934
523229902
763119519
133089942
756403515
700430842
635470012
961506759
904573244
807554170
710520847
875772803
699609357
661881206
141316332
295085881
362232232
96399566
212463870
312325244
451603613
791493412
911713432
872588525
732946196
307447350
11044253
66697729
536005652
72457940
186698424
945326906
467627529
159874264
655012448
810320983
531253718
724009645
966351355
985230909
239384448
622159561
691595896
718110054
279921311
871052407
480123916
971945952
478296980
356163383
264256114
360797592
974010323
294689597
2948470
771468485
799241113
143922142
18043368
381984328
326964168
512044383
440124525
916915997
690390827
274364541
226347543
122894525
154291013
47333864
940842971
30933924
243863561
112187081
314415279
745924752
557812456
977340919
829151349
321183726
67704740
734994557
46167752
613539350
890986913
423608204
984394707
399878211
934965159
396987913
534067131
707593686
180281165
412602821
18179635
326376477
432472838
659077520
832574788
950017528
696547031
475874996
32115746
260256869
129939311
746861934
858361412
663838463
519114524
126470254
35185327
461158639
215052491
245341922
293580995
455827553
988749850
511482155
20012497
200393017
698431042
61852183
110678934
953132772
326008744
78357539
683015483
121422363
471920091
787656306
719677723
982532055
421728987
564678899
981658156
749164660
129593868
791897416
309135285
418751100
815940619
987475739
516584195
208329135
65770542
527361369
835945384
143192267
661803205
943186590
968642962
785536751
773966633
161261930
859321045
175087507
572650967
792576213
969975311
9659329
381871717
498500271
889243607
830333049
570933438
810752934
386032838
795235902
780443077
817583692
498424195
386334785
601698559
972418314
97033686
254735212
299925901
418451638
115285239
466534973
558287753
459916118
177008591
585152780
628485411
97573390
506420131
526453621
655768251
461386013
323513896
81061650
613523866
293855136
841833092
282660186
136855963
859065586
929601263
301573215
695284596
865525935
763591713
649626403
992259847
957211772
186480324
465421619
179932774
846034224
523440464
721979738
726678972
319567602
468846150
535694118
716257576
470032472
229828702
525823787
679852218
589932598
740124365
171581314
185582595
677783532
975666864
58794919
255249579
815477528
428714240
290541071
470688487
884551127
163533561
883890363
613911985
736879936
530337836
396395709
987885573
376552868
939608103
176604916
86092847
490307797
939758444
269726453
101753842
805410133
387601234
323446654
212977535
443498613
654423979
626256507
779879394
388471344
795237314
346183836
47541163
360049810
175934412
309121059
541706418
719428496
29332218
402576741
124476493
522509995
197811007
288980986
41615018
887395684
700847709
241859896
613455617
575893008
276134719
828680437
218239721
764584690
826420926
766937954
39885093
705359294
374996105
164488290
87067169
706181350
165447776
177674152
628208387
887518586
85584300
837594855
468618631
588702053
875930331
491098997
892645869
488355035
408189323
342385019
258450265
988649843
124248504
337774196
154324487
634952720
58801925
200260859
982427960
387772015
856962560
858008794
857097543
35954175
406748164
895322175
938835387
471962017
990964488
873171675
631799576
559721203
879249938
768573370
217819132
689380384
604318391
361965939
344850413
370317998
441818026
790317446
312841891
506730899
470524697
893655352
449420902
291770188
989890134
123543772
993105649
696980729
615491575
32535642
36250756
803433413
120727059
50984843
663756553
465903606
127024206
220091533
33679789
580237805
741076016
111533172
526258458
856518033
727006762
365365159
335535876
199004907
920824629
859559637
518065377
817385901
503238434
843791698
216047904
809219519
61908124
810855876
398286489
593113000
411635271
815504417
438190838
622032025
965728245
598174218
157845288
144457826
652117162
559396512
956638316
977214145
492388857
933372273
651286566
46988982
917105016
390898137
794209467
649717781
881494958
605644545
685147425
713897291
616288118
921982781
772849718
689098183
158511552
306241722
361274134
984944114
178110690
417002753
131777000
410671206
409096671
338255622
566175214
346626538
604948669
771841761
632612475
643649937
489573499
100174647
411168632
441437111
74930936
253938822
870857973
704970665
994125470
370228882
40842317
66609251
382992783
525436502
335088430
285154167
531392109
98071961
18852676
169191301
200801650
875605211
80960814
704687207
663193058
654114892
651683195
226707292
499090898
132338252
489306571
758964712
410896256
922930043
995708530
743680467
627004801
685126391
915350763
132910079
195647166
536001121
654384048
157425421
309463792
749331261
894006340
1457313
436499966
820289710
481795757
521283832
695529901
235168084
138752403
602921000
323962030
27970904
49513082
345977327
441476034
349367911
276043730
290941261
683827032
2638594
247831223
506730159
311512095
90838099
402544244
785646594
770298664
651767653
711638532
374708967
150339228
832597195
353166584
379187963
446092833
435626982
586375756
809533019
91646079
879799016
956801579
997831675
657667933
832821514
734166939
700474209
443187193
481741067
171522467
586280780
450489988
284426707
354874106
356305997
375683250
552480382
234124833
434624051
645446194
755391750
575691903
701113764
540652603
912930359
910649037
333643499
313963236
123371141
353554111
552377652
108655163
704336140
665446209
562923171
38795235
32357135
49299214
244205313
926790093
504664585
817137294
208612193
435599529
715437354
194011009
161974017
392047860
357297457
807032762
203004854
174885615
863916880
993355926
823784800
589149019
562573894
408583418
808754881
366318072
654711517
509028564
270772517
301193149
579999470
544009694
914728767
849188201
133651595
466419275
771408804
565862160
413991232
652393345
4921628
186783453
70501088
186530081
923551177
983239980
728734659
115304226
332182976
156537881
359048797
819941289
171908677
656849613
218009535
892317181
515956642
62748339
807515624
460332991
554479368
549530154
691372357
565098815
856120134
408046511
338639715
533225238
484572179
687736065
165835781
871491645
741424677
536275230
98566494
510885904
105362710
459748974
822152035
407818932
353201444
701809262
992622987
429699076
63395945
910269840
455060417
773474712
205849160
827394832
304493741
406803181
723850366
901083697
227022201
481534056
133668973
62056470
756446549
247991374
584148933
773514568
398532390
122777068
555564987
573191667
319907726
124018575
247242669
539971381
10426859
850137732
807783007
175714374
914359220
297244468
285870730
231421268
920957193
964032163
596283767
402368300
706480054
844664239
267432257
786565424
683007499
348281014
491207429
666038297
232525512
26769557
151893168
370529293
38111880
554965552
695349625
959842105
309379402
993460700
769386999
145955730
337911237
627045292
62886070
426058862
754009361
328573308
817286602
733112803
976054267
766457140
391748088
388826523
957304642
622862998
681871832
643942466
625708188
734071787
792107746
982174230
243605091
726164453
613892583
126026141
804781073
884165846
837975180
818171320
553382627
214631086
312077495
272953137
556166768
142736637
690420008
308630785
848581224
357552165
931712038
128422633
936211349
568458344
994701184
771124168
160237718
633683244
12748986
437930536
735026665
811171280
253319395
283133884
388561804
742730949
639787743
657195983
987042852
724501005
906539035
15154505
70413156
984682450
342136464
633154273
134456462
184201307
55320856
394748819
565954888
838742088
467603198
584674251
284098480
926019712
145340712
392384079
96367572
848403495
894834636
68487559
247535707
565583926
458916450
140983251
593902326
925432092
435815855
55157450
308745520
942204168
977888976
771982183
752419177
720664956
953470211
477831521
786641521
880274916
35715749
66662065
993621783
251947952
427434506
458329374
95017460
647411511
206133391
648947847
413966637
131778979
582352172
475154188
911500477
908966852
359487622
66679928
43838271
108151580
314553526
440156798
877899642
765087753
865633488
964467336
377396755
282505388
908601672
707287733
759753164
944272018
18493476
777479710
193558915
861473195
826023407
649418799
933293900
30759779
267986356
223051277
142590412
493524633
48227194
324410694
501649834
682866841
631291064
776834213
458713630
947238038
575563533
885681703
174129457
56754549
149973587
685704268
830932191
818025365
435554926
544543219
212853405
172564364
384348791
543196624
841818105
459430701
407183015
20933384
551491607
468742929
751643324
402009483
799732458
132136283
35586786
799064498
559819872
756413701
325224083
958317983
545768097
459506777
886825645
676347662
612379542
827490147
31249330
14957023
761031515
816182527
98086333
605323736
683714763
346615357
448396616
449499634
126611487
587298534
552272857
642583886
918727617
148347443
668621233
833506830
88306046
502438930
752944637
417198000
608502953
919169774
314895636
412358330
339077782
22965386
850543800
698630207
169687456
812780614
752188992
250256838
682860059
295098820
563947410
764806921
306511147
725801154
242955407
848772374
359607451
338789288
756747888
713001976
669022904
818519952
420070017
492801055
274717394
128163336
278147396
648580261
443118951
946711296
768759210
724717252
45510807
493870269
241186220
769628112
248704238
718042691
429267145
376864643
805367089
245900297
627229595
351150156
141384235
43500759
442838872
780684802
820158662
804285754
800755116
345277284
390748704
704025479
399082542
817240441
258033495
132027547
291100020
82400226
183776084
211003557
704625505
778951191
943186819
390069337
554302120
835229466
430603075
315171818
598250326
801477770
658146588
75555316
101627586
786626089
410710335
887167504
162409721
899258711
327440341
951365877
630696253
784364891
679759685
958564710
562697734
820250966
197332479
109778085
14448259
762391110
894151184
634530310
937197496
435526551
436437990
540916421
55779965
634615082
520142442
996662264
544168691
432218155
476052785
222618214
267364198
954576109
884885613
691244273
370672235
991512208
47707062
374609127
704239421
257522933
611609563
98179308
879390862
587029033
250369387
377618054
603882841
860188174
345956226
633648877
989284643
986060040
436563560
509017987
566358750
632938067
367104757
678508397
430638779
30615891
159134729
576420994
458616412
290624436
215881743
291072559
79006579
125127616
853028870
833339463
649438370
723318282
13048596
228855499
115626341
259263701
703733309
682368143
236737684
925536940
408493224
658039234
362242733
266498417
75530230
215021587
721372062
974686005
934549213
731722830
592031317
78444122
889451069
911533387
280102596
353969753
663918933
130635257
614701062
655614815
373038844
364142714
213097939
48706281
482542204
616772970
345048047
172138225
28214646
557998764
730132879
294142226
903442832
364743506
933296041
750891962
842082748
275532434
172426663
16572313
494804666
555249752
659504457
260837893
386927554
79663518
659571151
194980450
506954621
126291229
968980516
166465328
144786863
567563816
343195896
599902282
282633419
100026385
841068241
18572691
784839035
20673818
714058370
475938041
655482028
274416502
91397678
666367769
181549358
870266114
138050035
737740110
552669888
426012229
210727185
618101706
562153838
408354964
759484317
370650943
56416711
240577268
394338250
297682569
582744561
698368011
310721971
119534102
631633119
295396367
778485440
710474133
576176143
130512809
702893703
457704232
645940856
530233852
388117896
849612987
821236302
10400682
988047354
292473370
248134459
100615113
7504957
244392451
883800000
53362914
676744798
620738123
34767006
227883751
122785172
465869450
751499599
54499809
260873185
157377003
494198975
69296294
36618512
72140966
163290826
854782491
482866488
122532697
960007361
166521156
228181832
873350199
640764144
574440540
210121208
337965181
881826847
193569081
931203089
777394147
413038158
233317142
227276016
694368525
43755691
63255657
704376524
576238696
759994764
419320819
990422394
884704047
567913230
213977173
602917122
980125297
100302792
510382657
821882384
280389376
751574199
694447571
819113633
367498702
267264645
927408658
246172368
870814845
954745315
768709688
773340647
729390432
192209608
390812441
931731165
87062890
470004462
742393521
913286157
15268041
123950134
910760114
734546219
45281287
432176181
453348517
134373138
291322786
586702642
263626014
795377160
3256954
735021042
784462920
350276269
128673460
401957729
944063773
801958932
390380897
652553033
718422071
455453761
107965326
368138374
621745413
459874936
404736893
960527647
558573648
136470244
416311255
257269269
683659154
171577250
565421133
305990264
835633
566904927
312573817
402867231
391883845
796133421
939673626
990171293
496616645
173165784
637370158
745014642
573841856
721553442
261251599
778355908
540184123
360735809
602033458
84411551
53465568
215676555
468141758
749869177
536645028
781090216
285143878
315649395
275219990
100224042
49630492
250467861
822248514
503831629
252014756
121670297
8662481
527460401
539930982
228088927
74145959
527553291
484629870
991432900
785313148
251961749
39882206
599393237
967306090
821871493
730498856
866886670
678796483
266002582
269384166
858062501
696335176
248568357
194398584
582925654
925952937
229170095
586879765
150869998
541023321
543044745
552143658
152223395
470698333
206799710
560134837
348902735
669291451
305428993
394759840
92575812
941451005
147598270
923970406
315700433
54894562
852214657
108686490
72204352
55937177
352109300
170141441
598181348
891396920
749313895
593972625
338633070
310359808
468624525
452899293
472801548
391206924
79442190
149172741
207653746
6204326
85932909
94206461
14559273
847765549
570064409
326046024
678947421
923766259
809898655
276631462
497336693
855542586
390370414
546118793
990328593
930544815
514125774
243036243
339354374
59109377
548102391
160487302
412697914
474456255
133202743
667536344
250284926
736228531
187093594
849151383
426828511
179586337
262808104
839508172
528087611
966197236
73434797
725183759
877483505
975320352
483031599
473809738
139092551
56546202
376975337
334941040
23226007
511043030
599175754
256846736
639409213
870332203
397567790
888869435
140750467
216317800
804955426
29031533
20274782
54636620
705729578
403948691
590166687
949591897
287864673
667303271
821498696
613404245
788677589
622341629
528561059
570230067
910899600
885575904
252644291
462644825
385315847
190567388
691826029
77660613
915769576
50197839
913786757
486161015
815494288
850678368
326237561
355100983
608057660
866545060
374852782
192414133
420554531
378062990
670971929
803345378
909301846
333215656
643844844
81821027
628399504
839323295
382712637
317215681
545908963
52960856
438968530
333121886
59455159
845793449
682323248
507493288
92757930
364503574
373518301
487785545
726484988
417157153
388175919
779046914
2028733
942914633
872170597
401141606
431044844
197608316
917144598
626659827
202240544
72860010
962873192
607674161
928694108
68364333
349531276
19280831
505958240
499579478
442938683
960688644
719209680
51071534
501380885
335215372
689989651
886889140
199723431
72271495
224498055
601739715
417050251
75251160
565690524
441950211
833754845
64941202
625597850
731488608
941160157
131223715
996282160
286365586
837849173
434583463
408740407
508141163
557999690
543699891
741995926
717391652
657702210
11484389
22340002
577864800
43806533
126421934
657332772
400676385
693564090
403898801
790035907
910436750
917578307
255712590
862502307
359393084
303369263
471348221
33282277
59392731
126969602
137448242
536644799
923600965
457706224
390275019
307479118
498563023
748875010
925333360
492100876
686555761
512546196
806829144
571605292
569429275
968045345
809055263
211621823
487092376
717612116
30203741
515575236
470515062
221625517
707698977
810754258
852495270
725914576
206163663
798410829
128843433
282279594
27911988
159047361
681121343
290539010
606168961
347200002
886189959
172356295
570204235
580479702
333132976
718205373
502671627
882382346
491682340
977495415
200881782
57921784
704553379
831213937
935572143
800283321
208315718
71753156
85500322
231677062
838925650
188694087
378317733
858285073
922504033
829401159
994985507
861851453
290689507
779080379
111216371
336188266
456662871
882332648
997479113
631655682
13138201
776206939
318681248
445461764
17095136
428208431
508233240
893628468
990968406
481672205
406887786
605613945
537932079
239379267
154894488
267182240
315654330
882310693
361247227
797379863
919122961
166767627
74388189
161497637
801042996
278440961
455658583
475398877
981728278
93361473
757989556
519565342
465046858
278144513
878157706
417114759
520037979
444627874
329830947
940951797
355715520
676143925
846746251
662527101
744519046
105736619
988338331
239455882
444880217
996817177
886282160
194951724
983791494
673468647
606719941
107498277
644910078
186299875
261861195
624516728
995464405
819441909
148089156
788743242
152361725
448779715
26407985
118760065
170487400
356454852
794206009
714423268
883603703
401838965
707914536
708761620
634032433
88857018
875471727
227889150
161424547
762068197
158934682
469394695
601037937
75749008
169024517
499386286
654758454
3153603
530470633
664230898
363399364
974036039
653217864
378613934
94724890
549401754
883262528
727823544
736680830
317979770
358105313
821712016
599323593
666577770
675737425
850016469
412038238
941516593
91845726
759750374
163232180
57611866
197750251
978508777
754782794
71743916
985034547
826765621
499896200
29260833
74423196
816376749
574149337
958166750
59904880
611725182
887762787
765712125
459395458
794834403
683674767
139300532
60800338
186714965
236358869
318841996
842947920
116677243
651446484
335891777
481006293
725466898
393823763
473639397
82430182
670936609
610021249
920565371
336116901
616049227
940316145
457844850
453678383
150366672
439999518
360985117
277580155
855440839
546002940
949117455
422618684
550920104
32927119
736379629
472070690
693417239
303568177
825284931
742134520
680289877
983355755
974300657
504835558
364626001
690470452
982786978
300915090
972892326
841840805
736513988
701574313
799851755
304880742
80883932
444789510
719439445
739147655
344907436
559917692
824038194
447637434
63612452
207701732
531362994
104541600
237203514
944034726
572091902
328843406
303286225
816842533
27205637
675263767
637190376
37902703
106252758
515193070
741587832
429191106
47039812
211990439
5122286
591794901
66559077
886639354
780101808
377785665
886369544
508438040
341996641
920262788
361246032
488138485
63257960
414637322
330776456
295689669
925897765
598331574
345760935
499893515
167377102
638938645
112880064
328898370
936494621
15467736
273551382
308419387
879868419
218163303
512481320
859579123
267183890
857832502
523910249
223483139
699289172
783797146
627640432
246526057
855032439
172506984
695794189
707341624
356351341
288873923
496766155
160672390
688250006
523119648
954013310
564216932
523011193
251789878
475975860
438278662
66363702
86450274
186681344
29833443
561812455
456185133
571993438
560169169
374915981
367307785
20062477
802135353
200737071
516912453
129512046
116145171
336143819
522746670
479301109
417213660
703766639
867500743
618481974
552853147
869968238
971620238
906493891
304479751
517317429
968643608
762011984
112892982
24822910
409401142
11332821
850768443
375011853
889258895
628699336
184781850
10175255
763535327
442448511
703353562
370659603
229374662
727274862
886376451
843585808
44091100
133104295
326341945
877841358
948961845
354103403
974792440
822103187
581379979
638379319
464233293
283996847
244732544
848237164
942784441
869539525
326196210
404512553
87448720
938770076
812926651
322389473
245478145
10288497
622791707
713011530
78201990
322557372
195320338
72908009
242933171
881032734
984683638
838337912
475192414
895658688
703553344
263439048
166970245
460266690
152454675
588795537
450214492
482560606
183672039
435399705
690663893
654660815
664553945
80661334
327348151
594614801
488961797
32464238
277225363
78656395
672705076
749041839
536069573
467946127
908653538
96418810
306705659
356672816
60966780
272854065
97397075
786480249
10068826
425879524
522145344
285294984
142421501
550952937
184444670
30906083
46475235
1577828
917804508
280130926
551690742
68950242
383378547
29573424
713791218
914108859
162187480
46206807
890222158
702988478
761829879
409347719
105235042
812084691
134509484
329387437
6935764
726709341
907239898
126206843
143447217
526639945
364606899
378832949
884418940
644589037
333526601
523020309
290405496
394372221
6937475
168985726
777373828
697061107
303066138
397335910
516722751
298534972
64623371
102744697
185531556
131059039
758411155
310503707
522708997
628228073
455645263
932429062
722104995
545454676
669790282
588742946
415921569
823265116
712783983
699828224
67368963
625755895
809998584
752816411
176698504
871132202
882857349
408073020
143620153
881452829
512048169
492998466
760879227
580108511
884830307
584136538
277373363
528436527
289074009
342383836
774412857
606640162
638389618
498133149
418727
811033255
3831362
370625466
485291826
994703661
328709402
218281439
510522825
267848790
259419358
34736385
791684675
886946631
255161038
844112650
284151960
822047930
379175830
683082317
403594490
412800788
142896927
822702040
481345360
608362969
822867360
374069570
746584725
985397585
862865240
542059880
78272055
638282403
656686449
246634147
559970836
346633168
341497749
434683184
115819859
265045754
864662047
746777381
375003869
82916058
64383667
235312246
617481689
396954585
146049290
884711452
198767075
418018975
235531713
528554154
413891235
230516793
803505705
482759812
298388679
107540385
969105226
580070724
662236163
944196485
843245865
649448371
896907007
237688813
344612328
456143807
102002660
125633122
128674000
806658118
353520210
76549866
137184851
688737203
593843133
871022204
438467710
909462655
831391031
154271309
488513740
554943447
837500145
693268921
137051599
609907824
450943026
952755771
146594945
487453050
253984587
982504095
858586003
522824075
528307955
658314314
8389050
917672108
906833566
106090239
666850958
118639719
37585363
320151763
290612317
238067148
222818113
480059052
328527498
142121503
80338924
273520307
464791289
197379454
301960750
474918152
342248038
983031561
653551813
842506256
806456055
351850414
972400104
942852118
121044869
813412291
428605493
426952618
63139736
251818072
744746814
634372181
762664776
174267552
784701508
741352457
744394619
371621989
710443364
712521784
146328144
948363612
495259727
617061268
429693900
923804584
85825418
71947056
745478133
155086574
256490802
920392611
286749910
739715568
49422963
805213272
435945012
995032735
942231870
89088107
875608382
757492387
80739951
889559639
4745196
872844749
770190639
443537001
938961704
124472341
345834436
526552086
256435360
507236490
313669743
210828863
754175313
765771651
245656276
421907617
378827565
158520565
303869692
139239578
13117136
15736846
354189975
600035931
868309525
66767678
210300572
540015783
589413393
360746173
381492843
569928378
728244382
148004755
709023734
395126937
532912090
640962429
378380830
821120985
137502577
948168657
755836643
696989030
752084368
715471499
863435021
920854639
648308798
585983812
337602668
539329560
196810463
108389188
3885834
414463288
387843127
307488907
476242573
569342113
228106474
170289427
847461278
788513204
283291066
422514607
909924118
329265817
547672833
460477391
467802699
384698252
183520803
638514026
519934498
979397614
632693076
712955255
375953805
892238983
117796069
286305845
652673333
425794252
561658321
234029030
330664805
733044720
900258174
194172919
487965423
161354546
912100078
176830169
645661641
464439951
691675029
24612047
706002717
489921576
102160958
548981191
763258876
712099112
390566308
904251875
872385276
492607071
778296020
464441678
136642155
569255714
662458783
924414225
172667760
132017316
545635174
167576183
118673554
60598712
146136064
306103344
895088892
177655170
480229571
558922969
909126494
708211288
895502641
837906639
710601662
626964963
758148290
593430826
204168038
367709466
389172581
78841663
160010862
470890135
218943331
374803401
756957884
536234072
459054851
194674833
884467803
459581895
957276509
505639260
268478543
658043081
556106466
462171354
186045964
712644244
825216034
259286166
529643254
231123581
657623897
759616682
908318207
109914781
733582978
726958121
817255772
274740949
976055325
489669356
379591343
501186189
47487154
34311423
207355250
825876666
734882705
234863934
322645339
215553310
105681616
893874898
128818707
158942253
637603101
739370184
145750112
546605809
433405173
854628770
946025437
648727768
252243003
321766804
57041891
95262693
604914328
613385936
310403343
765009532
783967668
247788232
39864922
148348613
235445622
75873282
19694353
156714991
779709340
68691414
367916727
448422399
561428309
243495394
872413983
47305197
778929121
56290258
330939792
436501886
315586056
443092352
637297328
274104060
744572528
208299147
492365744
732949350
223050308
795317636
441225891
781371013
447728786
375472229
510337590
349497415
240703795
258793286
325068300
984434440
925082259
123066989
319824946
894809132
500144080
954770456
324943411
874501012
831178628
726159169
228799468
591140203
275582736
521809716
561183080
243486237
691170911
857397682
414007955
886608630
506613668
775916999
172535536
635915852
419565792
77801537
384604672
293856987
778845962
253539489
83336959
712646479
344678131
45703745
871864831
15455231
53845177
226300448
895826057
972254841
856343857
925363990
877824268
20863008
867453314
349318073
747931034
298977713
410563336
812374826
168579686
589016647
654809057
223728737
504718697
968118556
158934124
345129985
579991558
901303139
1703376
731701636
447816437
975925004
989212094
280498826
346050783
630083594
123735773
708275819
759754587
740701079
47043686
982666138
263912779
189638521
265210142
987749611
657369032
876732686
838505183
835941184
236877167
392497173
429137346
437995388
348524865
749801841
191509530
864210346
833310296
88787283
31414997
696145122
414739910
88303249
129423391
944861641
156413478
884731597
556725720
915389945
828901316
656643872
6936966
54014707
655857861
302564347
876033597
840428050
943553772
570127736
995126603
950706250
858805125
191049593
257773385
266663173
867430884
738551173
83745521
660922041
274048337
172717240
647625009
283888553
26107452
210710458
268469750
770678336
437377702
449130849
357583536
748719268
462625594
860082797
3619457
221587188
231851197
994150203
357269250
709432165
401618197
40455288
42856263
984252741
284358556
275091776
693869679
699074853
853167472
651109451
433028791
104383740
273122913
414269499
476217770
257236090
416594660
846655641
704620132
579714338
868580887
971601882
833693953
454590543
304972121
581171834
188556265
607313479
104532590
333323761
416140719
270009601
352014922
816806056
78513946
540918714
493191691
361776529
567407693
399269243
148318115
496416219
580194604
238787916
746305103
891840497
538179940
709245020
830505453
382886846
406612610
227124050
848652003
177286209
935778432
931773120
94378209
197763001
162023697
209104235
205572504
101468970
851230659
331492575
465956086
733051681
340968068
280448582
935531901
173889893
568193419
807183312
388406561
206860813
965503461
515430892
695716828
399622314
657465992
29308367
757925099
487746791
841870042
867586191
674091727
379570937
242720830
470388817
869345629
510119319
763588392
382848447
701010972
382712184
596453283
30250550
648251949
667302055
481194706
181092658
175505894
828337357
106981315
697072417
380682823
787965742
584330153
18212162
863164467
84549002
341369029
775296070
299315634
915779831
825479813
249888887
578901216
26705843
679067984
191503307
198318897
285091513
174095683
818131799
409013902
167048111
339175619
326777883
822190177
946143753
134710158
43017812
857750790
947539555
541242834
743412364
18340603
258720826
9712050
49909581
564297259
73026700
358095418
985384418
362312276
727645572
399688797
588538326
254603607
113945937
530368114
166394961
508403513
889193794
475602689
377501455
594678631
321686955
186833181
248444405
15846785
433266874
111894117
28820220
226452907
405151249
354059824
616390319
476673148
813043983
924124631
325607657
13028456
262371722
776590972
45005750
380486856
468681603
255359480
147773027
316103565
389063027
77534866
179809452
479193815
487319791
864794544
420832838
877339696
543867594
20678281
410188231
175943814
961501414
899005892
32584571
33950370
318375688
120528868
727114206
235553650
422448250
715272823
183220623
382142500
378103393
184066088
792883655
49073320
801166011
805729968
614264865
500817694
392708585
316581124
102427796
723335302
476536361
579082998
883887176
243229392
754368879
270093813
60257039
455103473
145147625
751161727
411617638
66709438
249001580
822602647
277304187
837945052
184473385
938575538
212081697
981803732
822227993
652149625
710674888
118835315
819375044
429938231
596576927
22063835
311173556
791437510
83660502
120628624
874396496
686307219
635843541
212251025
853109631
48344691
791443380
637154782
769989767
10056534
283451037
350437136
114164078
38665663
610457664
923042851
994325479
467126332
448205181
47806346
661980197
360727197
363271829
76528341
374917956
856581484
657223487
346736444
289815039
816883045
218579241
704507273
736713107
956751058
362641620
868122220
442875382
144007963
347074719
702502850
406071091
287464679
511450669
552280058
377783561
879932315
850541361
529851398
22587637
562658529
217528247
334099840
510599489
545168270
130658950
751834021
251867673
240248298
808628465
631672998
260505777
559601482
478983281
537183874
764428932
63408770
348223960
606729335
570967730
418485448
672767055
352745974
802002692
957472509
102852596
564469647
853233113
29920675
28143984
217568315
115374988
54737425
523611453
781077060
195952443
177367721
133548162
124805628
124982784
742215938
43155417
692358
218089001
195851573
864836653
788085891
373273281
960481223
638948950
855822977
693644707
913844918
536108732
869516781
70972945
519715638
37004806
653160928
60476467
804223654
530015763
231322539
318141318
210950444
563277001
402110375
953307527
648926354
175611284
789603400
467758809
76267850
550997381
667137484
711002896
736894900
171971985
340090814
695125313
5537611
111840129
349124653
578258233
177136591
704702916
415337554
413478943
746733185
426631110
497440893
116311553
29680008
535127425
988315200
516249747
680891333
890014986
989923803
947360116
529123879
341400314
555024762
741573066
384447954
456300982
54646434
829297956
365964487
186420257
143559099
973537140
184812588
861039877
33052858
693075148
43261249
334418449
244379310
510074456
389972969
364785326
894370891
356860454
753347319
887496030
204303756
891799731
198557415
687659777
488644664
11667360
235099649
5975848
78328048
881125165
770446227
895231211
637293696
443217339
643529571
281795938
913698475
302137503
473998633
427977660
632691927
535610603
66395258
371720259
404517982
68152411
571726164
115753101
237285775
56546841
628723978
693251043
847370896
906914217
462577959
399144165
820583128
152126950
80785253
438312224
833600138
816263168
606608041
87931892
862618242
848281715
158242840
247860736
497038964
951768145
277627939
385003570
738458200
83060841
887380953
188412688
806747657
766479456
416829898
707830088
277038173
973296255
316489130
911740348
783817658
447274985
882337397
212581117
461386430
680717109
730695619
351585871
26854176
867151434
258148134
173933032
317205811
842892909
942299036
400881802
374635376
746143439
282721207
269276395
430425168
443883631
675231560
531126169
766758764
161133421
162176593
875382495
80769310
201953915
181117211
383020959
262246203
292482539
456001014
847176137
798205905
393286874
78761227
931964388
7754817
903682650
871057651
791383299
820134891
238816219
723463440
564877144
315566684
600066765
980740493
475044391
506900445
183760991
534954733
540205727
981674034
408531819
127390535
492886395
410537555
261042
807453146
584563501
916314611
700292629
367450930
9817946
827919371
24685599
812964768
82026819
47836890
240778324
268775877
517514151
884549804
114331389
284752158
30729228
187753180
483160349
560969471
825309456
906744453
59859589
991249512
758035390
360361104
815857650
344970723
297509148
804520319
849921650
491570451
538687098
145769336
952101152
703267656
10590639
307686751
155864850
857939983
622321738
444730857
481936724
866754500
359217204
155734757
440044561
398426465
763013285
81394820
439026942
707845030
886263181
15707214
25608654
172237459
372392388
479211445
65440283
627245143
883523542
295138646
601331800
221202776
68236195
552100050
140686712
943592672
607334664
435534328
410835359
63621367
183095315
404362178
978012911
845183631
168770031
964042739
851415392
2271498
247053777
28244730
885834031
198020352
453557549
759933889
969429478
576268877
160698052
901079372
83665524
50896432
803347085
136874801
893356136
315375789
413284781
949721492
991635271
74894348
296977715
720956181
225816403
476016993
665804341
34200187
484897474
147227315
413408624
171417874
850626687
561077267
993421362
612678920
38078121
788985173
432482486
593397010
724839825
422987065
704771020
554620001
791413095
137851035
454490513
678040194
462330213
716579067
584293294
415580002
578694819
707653397
915359616
389226468
690255539
462848058
625004903
655288886
878852933
107335385
769776886
345357975
959247847
820287941
844512555
165593013
739840780
808988531
656159580
913320496
932328258
228393772
841239129
781890611
563432671
68873716
111132708
569542837
540306728
137800904
895777844
449735602
976749749
711518580
817384120
771444335
527158266
70994683
372360379
873336708
654141389
174708708
34802922
93950403
649881941
34693358
316763361
718800287
631999146
169281507
681758445
281922454
620692999
789352867
450596281
218171060
234315323
455648422
188225838
812943995
135658962
410462278
701842759
349588290
573995576
407876357
239892763
227165821
735187274
856141445
302263360
500804807
183666377
13249595
506506480
98183539
38000131
610876284
991044976
798933578
792123710
719993717
821537586
894333283
260982275
232068369
956013218
337003022
525887216
974769744
648580962
738572634
682232857
14424560
139920362
330010769
193758682
990432700
885487757
663088604
204810529
927509207
230639333
161049972
435718947
608951350
809097302
129976879
283644079
17540957
650261933
390469797
155977209
94910482
178874867
934355427
191479161
809587236
375034115
452666243
905744398
144711637
578937822
582021533
776005701
186699630
891010647
664033231
167450027
340528205
780513679
614685434
894531630
392242507
203053334
794913043
618883083
321208981
406348857
531161404
401849774
582216193
374422261
562233359
377371136
586824949
153838724
370130465
336385356
523600496
12579590
561085874
997304379
743916614
505375539
509291146
347421548
499876204
866949418
428641832
755428599
695486128
505760984
423028365
475440347
253148353
248993640
311091217
884175059
778145839
36146700
777511124
491643796
777450169
433460237
425526694
221977774
816554965
300441122
894649566
906623107
235918738
247975969
566823037
993905794
440822506
595219935
68345876
610254409
462345427
166591033
187139647
606837087
441909142
856271729
219034392
795359361
229021756
583267034
200940602
447075151
837034486
488133920
534480375
344424835
408868459
431317635
590858314
278893952
303785264
67496314
348608028
831185201
614183691
326921432
42124993
449522788
892228105
590699803
78462566
646821647
196130623
224085989
174498773
460104130
558593421
348143436
597105701
983404284
828860076
24219581
563458001
802735622
822937683
44513969
236917048
745247907
16658010
376919464
100518264
293818923
453503873
379609658
199208778
975165771
345867247
800081670
613948286
495014727
415929199
523541043
191985598
455596279
146218757
822143543
34133398
96501872
90841896
479864730
517355342
977508164
419047101
780706328
826972829
53866003
273395551
553643250
740448711
421075700
80661716
628309002
305303951
913023103
607439875
605376309
553745836
389751962
857652305
887426507
986931396
149650319
15254289
386134596
925829548
690960054
528211199
802823109
691213552
954143614
438079412
882826791
206555850
868165711
828950540
175969697
328331026
906628899
402640855
297832943
318729991
525305800
841439679
110937871
529258818
495459549
23668657
864439802
109887092
584945985
325916657
684533029
979902109
697367589
478440807
611785504
598371275
238128047
533599824
967335255
837234254
746692358
71911816
251967152
33143416
563415572
661856103
82155010
432698170
799513782
472266914
908216050
852848488
623619115
744128270
874910999
828644863
187856106
14561868
453227691
534896186
642300865
138348947
348268354
186734365
568654936
830099965
262194070
678774691
582763719
258740963
187080898
264072290
919918793
233043024
290673264
567903922
122509618
679399441
175879711
221013498
305508803
240655087
385943277
414391548
314676898
207832622
624161175
911975857
89824278
165470874
787569940
942359154
39292676
802775165
135721415
459819208
141896876
697474187
909407422
533643199
159398256
326654490
306002439
238520947
217482194
661094121
733936710
155588310
102639582
279366536
700303918
161038681
588003875
944719294
391094524
252291686
669417119
132115629
142872188
38012
253723510
499657768
891023844
559076448
619928594
602690476
111234320
485507089
234245217
547693543
546624880
431460571
813371617
116828581
678422721
538065671
617383308
63245601
186820260
922781246
961682155
185260188
353393105
225018819
931761643
449814160
541614847
225740904
529100399
849456168
723003479
506644436
878259418
117663814
270579119
244455194
484707382
984294656
944276971
528615608
133503574
412118200
285595149
939843726
243060698
663234097
464937859
95407512
11148261
535106125
6802902
690378806
637664304
702191646
973054558
878441177
451919950
216389102
242414085
240105191
289358368
674804161
439568040
451982779
603386833
263390590
840153663
82119387
44399018
525717430
16035376
988502011
132573888
649820098
226956705
670362703
378566478
248644859
146988405
366049508
868331876
611417627
149243414
596938425
688745315
284622947
644681489
850290186
468714779
144669306
221325239
836807075
321230629
641849100
354886449
513476202
577844470
449972792
875363360
314175565
673519314
214917590
993886729
649137565
974106936
112085563
912589620
757281481
569069823
613465802
923019698
869002177
953982552
340117580
983844920
386349974
536752591
399464443
331186828
203201658
379069904
442627502
414880046
634110336
126617548
545503012
712439830
478299051
6049102
297115133
131022128
185983303
562373701
539339564
462988875
766577267
88215267
993760789
235492719
724575730
328606913
812501948
529159328
259168304
735530782
741183873
389447706
936218338
246078111
973339596
824058047
867828391
771256772
312349118
715433425
933248889
311158500
973185140
301302325
275201378
651234427
12195507
825177676
249951720
923739459
825044
332630865
571912383
38927754
435204571
156523415
762335483
176370576
907834038
453357911
318072211
356478892
579105712
446685025
773108427
343588739
728925686
242764656
524780491
229533264
196843263
634816718
76066756
334161062
109022983
601163135
810375529
183878986
629816606
930078829
864426558
209835096
251389193
105705950
918184518
508676991
229359293
74606105
522165613
260278536
815125114
604987903
503959150
227618007
635359681
936804379
883366998
179341190
444848593
447712442
616580434
975474544
687277624
891926363
794356971
860834190
286611916
715225318
780819962
722912924
107771740
787227226
9555973
878038306
829401444
612288816
130311838
211044686
504625903
393340427
317125642
7026311
51552458
403261759
544543902
636339243
730587811
754759460
742054370
731164745
187996010
234159043
50049540
843624060
308774821
496706301
624832662
418315362
88498588
206912622
277589138
659555346
367635136
832241708
694035933
404848937
418217821
419145682
997139392
925642667
719446212
593451515
939632784
938090947
799712997
810058951
886259600
661724578
648135900
982523956
473074688
540286775
500342715
731835036
221859861
88793662
745048125
697422374
695019204
253955103
972186274
267749057
127737635
585928035
846460968
918246853
755727439
866462342
17153245
473874521
305779592
904807504
472038436
307186156
781800600
571098600
106546769
993244146
258275072
726881465
47388902
77539168
591725848
248467303
5599125
888749259
776377908
845059142
78313554
194456592
688969239
140176871
490023201
645927378
931349197
202052756
226230120
186713890
776214901
894266264
331731258
563398445
171629332
131269772
222102621
902722421
518922281
7204439
35907918
980939302
481870890
489490049
516830119
104095083
146107573
755792352
800001872
600623208
803165869
479930605
513712926
483459580
125444205
458748328
807581618
514495291
796122058
433672719
484884195
499078130
606875844
344479303
902252207
248636197
759884571
359225526
993017563
589554557
115212382
159304051
157380521
274108845
822106542
250643271
269808151
34223175
253412147
656461983
968509667
832232601
151219170
222753784
74615994
996539960
334231435
826033615
20283482
402079427
513847018
109703963
737907818
170029878
679086198
652430343
762054844
923132924
989406635
365527774
654092201
501051065
757160916
959304256
159922145
630586683
886077444
128024832
322034248
895353176
764308139
807388426
791913398
422376147
53718872
339774885
784093053
705462796
914356046
839328976
397338614
413126497
943862681
840646075
433134772
725802906
677437777
757425667
439392693
488063737
894596464
13067095
218124195
514867246
165974542
510314457
116089130
170952559
964172201
131210962
550003862
237227414
376966325
117538365
215264179
687172728
943555937
279359
561512937
569983611
654711102
715536755
692302132
93131472
985004242
84705919
535741506
525408049
715019144
893348458
466701376
993173925
901800303
54494336
276190902
387740430
195789208
425135494
947144650
506154153
422902121
431418981
395914316
721716073
140162124
452995234
842777287
39492729
615769583
923282684
531041530
875362912
202117396
481088987
493417735
97892600
652059787
613959475
599439030
814301468
290628281
51656180
111261592
447614559
579822075
483304390
813065869
381306501
959085225
765036611
535528815
213834961
397530606
841521235
369019132
426232293
272101469
224360626
912806268
72943542
311822302
856747715
54254097
879188950
931583470
774853522
116862870
872390436
118068297
787775949
772621162
812654482
114701928
42692028
159549278
842398715
169568163
884934783
474457662
891435637
734982668
396674286
655666417
401628695
431214051
218890362
570888094
180470389
313920283
890123918
130300897
573507694
409704796
338316982
248881251
921030888
248426992
814214227
184878803
789864740
331448466
865633597
228477095
704096811
83689496
976096150
627804840
164525227
780154919
707058719
72753653
527035546
957108283
750627668
121220663
371937023
2477662
355241578
691894646
757624037
273836486
280037867
757032532
852903217
364736202
733561506
542361534
673650174
282608639
49467609
631972367
480452244
705523476
175584274
712788433
314499307
679073956
880671528
543025880
843239250
31920479
634142538
709667654
240089332
767346968
83811347
95686998
880708888
249318625
63902284
643090054
409718523
659827138
129174109
4031452
290279008
909225369
819052626
699337188
688387953
750514310
548560879
876391657
394837633
494814342
128246237
526182107
603272331
451923029
675266598
836716103
20521383
157384550
384576216
535999438
603968220
807182279
566596204
649010845
569490397
546955390
542395520
909319789
91742876
627660239
980707316
901015064
177808867
673681746
418943730
652225643
686540222
154833395
814877237
309787344
161170628
751762267
22419212
782072564
21819945
273031526
351500486
696247226
3537272
79849650
305688567
812980494
332172790
818549734
98594473
762394361
802327037
234463746
653773545
489846840
526464952
670619577
134252704
332851336
830001973
194235657
966591704
856020708
906944813
557092731
925845228
552043063
558666934
340888152
106321489
64088150
924000124
184094760
933618272
264583172
364204686
602755785
685110370
458661166
793092659
514209187
365809265
93325138
246444755
422866958
703085879
792060299
252751284
489331846
128732740
961344973
567915590
21996228
443910573
879682318
182451771
690975474
170839467
819173883
357288616
962441037
481484151
569583290
146378497
632532119
552427339
654749001
990278956
512105261
112003778
911474944
754508645
339508688
714268239
642303788
448904152
220161559
705476578
458521370
980578327
723274211
261915271
930571566
889477220
62138639
298658580
565216880
334122473
612751647
840041580
173729108
187325770
732823467
830220739
283356904
604066896
282026772
270164264
368275188
856177714
18164738
191966949
284156018
267039599
956132696
332546451
875887943
99725901
836561132
487195840
363134519
186776637
567883201
792618359
538823428
595603
785401971
377930143
961458764
602674946
749639392
650849858
983623973
705744989
75359683
238351108
483508614
734104663
774097756
241102536
794946299
780761610
342460317
460936141
456042736
627434613
777291431
272890451
958060290
730422438
696451796
762573611
382864556
607122936
371668134
9151700
926366346
89088248
723752814
98857068
992854817
542075082
891622718
593087856
930154499
551393470
552691158
43654212
930017951
746642334
496737398
154624229
449604110
24343308
668059644
796185381
155536307
192211072
926587467
194090475
884533602
704664197
839057897
697016718
846138672
461207177
961849630
400457821
530576348
756642119
201729281
301046902
223019348
496846248
844444761
417655404
769281825
284355515
366222125
499235679
735772367
586103608
872112117
17444070
154346282
889891551
691939787
897555579
399706355
11993241
966949429
582942119
430868333
540852090
222375617
598445810
811215985
920985049
710527616
381575496
786990993
7486450
235793477
954429485
739741019
786081590
7814617
909839380
730039408
143596326
776273298
376800028
680606315
661025815
407271073
396836418
353588100
695238099
120237640
643006842
17630765
972855451
638685599
151501531
384927262
987556007
293913247
594528936
373705704
297900521
369984933
258626685
927874184
711447321
52648400
601820172
426485557
985311337
92656413
355068469
293295948
790299060
261728544
728979215
711902391
873623481
16991568
93108024
935654004
448581937
33915101
755870723
792602891
103971039
472087954
161836573
363267487
202648108
460161607
196350527
492016159
979169866
313691914
118936843
673760118
607083565
700488997
730203925
219523292
647875610
294155048
515034829
18549427
656205998
474802019
125314607
96641551
185225319
96656133
757590811
921360202
368025890
860832576
31073095
262077858
5102554
342359166
42735516
764042882
451594802
66265026
78638511
351418781
970517724
718470461
768222753
437570445
734350550
234147143
783544100
511393169
550190534
858982422
743920450
132845944
845638574
516314192
232971855
227974042
735508308
538275001
415395844
731343947
871253384
209915654
729169582
960029766
850486323
276394582
221557896
838045693
194860357
216059550
300410696
247959032
497948522
909627349
202906984
849790812
641309230
204905966
755263357
350585663
780690699
859074299
760282735
108964393
587368778
853303022
359673687
379509296
424568612
226669471
554206503
93762635
715305358
707502735
116608866
898014375
684046024
606827107
127108748
984665633
43684526
319246492
537969587
871116194
215863594
940025402
206148773
52986682
959796804
27640640
807532502
115909323
540503727
151667565
788624748
691256767
838389708
189356191
308393007
30394872
361561967
922817081
313107702
166586109
468299962
210673308
789187048
883313948
622872008
69744718
46628835
45464854
77073485
502431240
887143461
893431692
418567242
379608352
225259768
904304031
350783619
14597470
567275749
963700049
622778322
750522431
709308391
685601050
513798091
328439573
14398946
320581336
373878536
126869279
465264974
960871986
257329196
709159597
214103385
720918678
115950845
108809863
840087501
603943541
940198691
89100339
706939816
817007712
49509691
180441622
970830321
645360708
367556861
617376759
509569837
776461119
657492435
856722781
281363792
53246142
236087969
43213380
837946316
587091165
4062227
619136573
66746040
178672305
270666460
659760152
468859951
600211558
654978340
218915224
989373522
535079595
644431917
974968190
34193299
755685287
547898858
520634178
678830642
915882512
675913319
38053216
235736987
802353372
270665783
451140731
691671826
896119826
271273968
336850028
12496449
418211114
360450686
643155230
735442821
269136859
684633382
65448922
597156274
34967460
918192969
413423098
158182846
301806580
788092090
262607247
270696096
363524460
377935333
518817520
516107199
683829359
377992239
544183802
582385890
600337768
719041838
422851554
211266611
248681191
871341775
617402792
165999486
641484552
147874570
259777156
218119228
544674413
91536685
371359772
410406011
777892521
741417487
681978691
896087095
89966210
684409600
547276225
651396664
351895483
872094330
16202659
834029883
756147497
511381133
331293308
992646167
778662481
314342832
138105694
929630775
202784225
194752072
31647530
69077142
521018667
613763647
265090402
706792091
109594639
494409479
877080873
263559553
836701919
959739831
530052434
405871534
639372056
711217871
171467413
359373522
105373327
634942189
463129209
604227266
960716534
40829772
479561750
978150457
180673491
975805104
432979871
224807883
558749443
770926432
608964291
216624504
694269411
310856455
374690009
227625276
292573530
928335312
506503270
281632575
262861519
229380510
311362008
551829953
15864830
211369556
886600977
470662852
412896034
314088106
257250570
245530277
591586580
151056171
389781531
81352285
666373663
10346564
870738059
687223376
680651183
442347884
289398867
252926439
697826156
976275032
59941363
747249827
669019004
551677291
426364273
23383967
285196713
357627717
917179009
625343190
79589253
588516087
929596487
957153273
712259386
701052593
341856528
505905472
484124380
71308318
91613458
876064918
471494991
256741785
843872643
147579496
32675430
401730562
874511319
20072776
57760621
464374710
384566100
230713953
555215572
98362583
213363839
542491912
40471984
173140034
531988080
259364041
223338295
453090697
444925623
801821962
276818987
671044185
311737070
600487756
599261231
609197295
726645228
58019557
451152215
33380952
329635994
939245515
830488213
943098674
206345710
471104031
281338775
525853566
549467746
582387513
543401885
743068040
536890484
139083962
162125771
530223620
981707946
213952350
22873014
112294565
5593521
482432005
37531672
22542047
397170563
372666839
860621445
67293413
402229206
118204455
665276792
93471666
85242987
494878141
29571615
191516395
356145927
198504580
600921090
868120999
404493878
315604963
75052824
570932398
681288027
314334350
538710102
292515196
185545582
14583934
274495403
262656799
941392337
969117359
274139324
669238441
57366981
444544423
928832413
142682794
817604102
132839874
13955808
612947635
135569948
579835348
159943737
437941030
344602690
590226873
450496656
961282782
216336948
162307949
875728807
584791253
76087092
250229035
501406879
687976663
173505750
843696010
734974496
874743328
725061024
887990314
2772210
956159390
663866146
280823655
597427518
676644206
760283004
695872992
815699514
718578319
536502367
596293822
5138614
531092088
390263866
228135643
187076883
649143363
151227072
491235758
362298540
636031029
910176300
178013287
913360587
935775010
709380639
732659918
693534566
156152484
846692051
632097874
659158656
70874085
701690876
513112593
57861825
334044861
20102645
846185219
358748991
609633985
437178237
620847984
750490889
409249795
810607313
762881395
509758916
996986723
308931249
291020382
88956322
40645909
614022263
511145409
283966386
912450903
176513513
588031415
151001957
941661221
283997154
490934451
261958796
425334101
9704228
422827959
255208055
358552550
680108846
327475890
115463222
141522933
605209417
82344129
484500587
931017771
767562319
943584966
978269181
70478808
690642168
247012307
118805263
950061817
504640973
122529445
770582276
887281920
283488376
570611961
718264993
879911382
919916343
353224238
442059226
682621713
691300584
812979326
112971264
186082205
529092953
912744418
759613849
243693180
223386574
366222340
209316801
863447471
107122937
882009644
326666778
249584434
450689782
50837371
22112983
112930447
315813475
880130368
331549175
150812482
980417747
382500523
120535302
260062983
34105098
1674001
865152684
970913672
785091720
479532913
977799997
120450980
213354648
452515062
883397285
508561627
652636173
430682076
710928533
317868902
182116855
854910854
807795663
478523923
386593334
145344045
722002209
750362157
506949262
865199542
526148014
300491972
511179392
255992692
852254531
490737479
471068880
82654195
145504827
343780932
36681754
385921209
361395812
383419894
886506033
138701239
738773737
837211351
167265721
152902842
371722316
336352351
655316373
71303361
649659422
951902625
36972681
199617981
118352836
486704332
404156137
815545085
112296830
835374508
133108503
688119754
301820317
380153136
536551070
207136717
732280204
274026688
248396767
329483861
821559279
664391010
422888502
526447661
48007632
351527177
425739003
877894652
205683448
900657735
509528156
953342031
802589643
194101466
423058093
166597585
912776956
137227330
914346432
935025844
653106074
221109341
942137461
651662775
135067576
795884312
202417126
975823646
715911674
520610018
632826770
661752916
524106645
570060384
17383171
899159543
589582459
391047450
377540613
430596164
81590685
734280095
688386714
108027192
273755175
710018184
924468920
155267815
700602928
136386114
967549789
615544007
317420476
807058330
480766942
430684630
647291070
159862080
949183710
921727855
635309106
238209509
465106786
165071079
657310499
439946325
121475289
490976202
440667735
886257556
83496813
205057770
189364354
67394070
402996672
447950967
578638700
906952877
942709074
270696375
595523310
349220263
33581380
54143589
860209534
522604895
364991826
315682509
323220660
23513570
115446618
392787685
666984843
468653735
692396846
630090941
805876621
103836155
196198314
352060237
20467429
311256168
892545168
848306489
232067115
865085510
199712065
908714469
768104868
106948398
842883495
384931457
520714963
866590583
583882712
23636349
656575302
449873720
331802798
107043895
103624888
62950726
893987955
763938844
196703988
678495241
377866168
806446058
81078169
775919516
788825460
709070622
212937477
401493179
603908763
129427194
151836790
967895572
577314156
633986087
204200138
684738521
23929894
2804027
128523805
826736547
634684999
731120720
449094051
570693775
355783863
431255532
852241519
118613852
101211812
68451865
696718065
201930548
569324433
12072232
475715104
512057327
604242123
924144400
789018070
816692496
877358484
953938457
857918568
327283821
13812772
42583839
871732554
372467263
216201050
694671030
210930386
658571061
28221711
303310440
1996762
590689155
499508673
725274656
442565484
553721111
929297980
381363628
943578667
23106531
955124882
892563069
133715076
646721688
848179417
71856523
302533563
869359252
989302363
831634870
607228419
642834449
988200137
177311568
428286820
134022742
904631584
195719047
900568981
661536167
793819329
41720993
435465998
451479918
796240064
299992699
47489165
614541362
739633482
272121538
796637430
629088406
138757331
270145311
378757491
236632589
215313917
692802558
551960343
13040639
923298523
928138488
224439252
207681575
460997072
13344032
453474941
290395517
778199277
790589574
585100661
130155454
307116234
705071850
680203532
25512111
854065961
347269075
663355439
499308165
105366086
468172371
838759284
712464220
550066447
326791259
882697108
141831312
495937765
487745434
801896633
80784686
100835923
179399681
29515580
615833079
888624407
436652681
203794063
15867650
392365822
140516909
294799823
575528529
768318497
879418968
484871054
771416198
878147232
45066566
873354837
508156856
163258212
5711711
924804280
266956702
465502399
58590891
262045069
812408961
74302407
832811692
458974092
843030316
261166732
492535155
633073258
827293615
88734399
945571368
89919314
33061115
696812923
350888181
904440018
372221173
780701578
299608235
782974735
441013131
586071395
558814663
835518224
223467498
158943346
703372111
824092937
938415685
174803339
816031638
420838836
451983525
395816973
816184027
413894410
187390247
143436722
394163945
616321590
472861568
287270246
102979997
871036470
855029462
930072656
819688561
460482216
933355062
336747303
115183307
573348990
185587755
112765109
805800886
775740903
694861154
641142021
251823398
276742609
811371604
621631685
233630431
492326452
909318369
356080059
925436712
911469065
108766441
597000345
437792113
467113109
713028229
965317704
403533028
125664590
105678957
210772234
815067630
832795205
753556197
609500859
699750545
698004262
149938858
671035303
351681911
576124537
976230803
657878327
697547534
339044070
755962862
761186717
556448561
44424713
957215290
710163048
134337175
404595847
259696380
71439017
197136567
914366228
851958403
348261022
154642430
950329620
787849441
429235511
343365033
781030645
511289945
542389161
846562732
279232749
83085393
493628291
390131806
81650932
529288844
57789232
87740574
313952383
674268122
238251126
465890468
325597456
24819220
477699064
2021596
733067072
81587781
238696843
378961608
238095571
362863151
154295491
611894645
971556298
277369362
129991261
474105004
95427164
814146462
704113600
585204135
492007568
143248845
283685700
209236616
830941048
672424198
317048656
962549672
720642409
979975882
919848926
67553308
761852755
147591708
325190795
500538691
624065886
886109424
4554793
398660624
925186620
206389256
535741544
69793615
735822919
234141646
110952339
369184785
904234380
314054233
763144729
941107627
170102282
303227927
480184598
769812077
640464257
566437037
610256729
962963384
263957359
647683462
420514172
323839652
61219741
33741799
157783433
725731753
198656354
23191575
821927376
253809126
208699584
935967657
367919301
927565102
137394226
289540238
52031437
666309984
551344049
375446254
553901319
469538186
736239781
205605462
866166697
751984028
641740616
188802299
47879561
431077534
397694849
207162995
606032536
644618911
417541182
516796939
108048744
809598649
88018099
596835761
197822055
790694887
617549409
301483205
18260133
113661974
571377356
363783800
534130304
541613060
6988019
684850272
612916675
613197923
679531877
683431628
893093230
562076142
118049441
80132981
234714451
338579140
984890530
316157952
688873593
972597986
366526837
544498695
1910257
598137575
883808446
37416294
749359806
251247057
43463737
546733456
863442940
474123949
269869705
769346235
977816576
507042760
831354795
395919846
118752153
829863004
156860325
946825190
387337979
906298460
681326875
70142021
379406390
965640850
596412666
172116678
331876743
545543960
227599903
246315801
300740868
69534161
865300235
677080009
137251930
329927992
504783615
577877752
648692681
746205090
504455026
495472118
622785599
792244848
296376948
211281462
464949934
310416075
694873248
992083268
636074156
838548577
511111718
540397044
122137449
14583085
609941658
569947744
105234289
979499804
935352073
47133571
817255535
529728084
840250547
157163554
942169954
604160938
166161067
591951211
858671786
57020341
913785906
788169376
996987172
975425477
274920480
25021341
734227613
799207465
440986295
364586105
556633211
792633891
225689903
831775766
841610301
624038594
160008546
149730049
445329150
559928162
534531480
211995266
846888380
937237736
276567437
145227595
470510451
522967798
208415716
298137240
375767167
213681190
944573409
747177914
24874069
224041577
966260027
427416477
162633874
409901171
572543845
136458586
660059377
642648971
43975572
715319447
398032499
747440755
803856930
922349706
701374632
568654015
573501933
118723
698275084
755344303
153515265
354945694
63430656
722993719
677774517
227822327
359053438
165647012
38001022
857387166
682686803
563384844
672184089
782894854
51689126
527662861
653647971
252560910
522480802
77552959
592311930
621139351
827485372
327916492
231738158
615516234
423670322
258172911
64436086
540097389
744229293
368987688
226079784
966203837
195163141
231313103
437395939
328541418
118862384
592163809
653498788
670483832
944622100
801927455
881739196
399159841
293694965
892323897
142253973
723284963
17416594
409634249
441453492
772959165
685779841
356478562
855711117
662017787
535095938
525984371
773038463
410592426
917957882
181290895
413222588
632551159
873411147
302145984
227353657
968249107
695561673
5870127
451436599
346355176
30441244
807351206
354479087
777189138
996747194
54661092
620287552
244497829
924194859
795513112
632860850
860484267
470428172
684186200
538004095
82491588
166241384
654549969
124352512
925259927
25471232
443428814
135021221
839224739
938481308
708903249
721334290
334713867
131927115
804483121
149886348
802589977
915342345
715762513
119606374
938538309
121872988
603813125
769898298
64954382
41474
908218215
508962604
135313591
484412598
746216997
85389883
756516531
361353670
992408119
204771258
689608684
416308342
995352135
976263984
362468379
563668171
446064620
911857567
315528155
510134246
724359260
73672398
570351686
829929333
18867155
338556471
544859329
970462971
8508052
763600685
908728213
155899298
907222786
211717888
522551815
462724843
447330163
50589326
41086552
362729933
475189139
88470000
470626102
450343203
642104063
433710806
229940964
661882375
168942182
793733492
86168832
196456773
770108575
282955340
72880092
825423100
128209252
207183721
846893280
530236012
360206047
109090058
879250066
432925546
469947084
722518832
466537090
126448820
920520607
435306071
598182886
231401581
833872319
137500248
618918018
664584350
756705035
265564538
57220266
970794509
14921806
43318830
450459602
379404215
219694699
613934480
964699981
112587585
904439803
360693615
976311473
838800879
72631606
59934239
545519834
934903789
356560762
897911381
101699101
595555904
441215136
21014062
476556290
75611448
645403176
650815413
1079694
296817171
142970191
140810779
30376906
532182171
290997532
435455287
651032027
371693499
2528606
195206034
794995679
445882985
552921186
670778331
314290348
752300548
792868568
856160235
585334518
846598621
283915746
397355682
440950260
46184213
676109492
656704464
973797791
534549740
247007486
84301770
788495862
37054970
941546719
441140097
899212350
578367168
29924739
381969188
786750475
700206045
448670347
95821425
348997489
379221809
699445995
672371518
1852865
518532126
945419700
95589367
861636362
284206487
14483397
736378581
672493838
125654049
171422946
404003208
817219730
668729370
930478133
142095037
755234300
694260650
282350185
926749544
961250182
169036316
211189972
906281664
734933333
198094386
704050336
353465825
95703790
589126139
357626578
155778700
481641355
500890799
80339284
155251956
539440572
145461719
883194018
293973142
922094729
792176015
355954203
521684730
942531476
558735838
916352118
28756445
749890310
627627395
831881599
815880763
564180361
303412408
184457086
549167269
813550008
679657610
387647549
764876401
194648186
901603368
568561473
475588507
680352032
907432194
807878037
53085341
238940527
416517398
459062966
179348022
547221536
523571334
441384100
499751643
33074369
346396963
897857675
902876482
482112010
923277024
87891698
878495468
154313951
497827159
144239789
886339662
996135177
149662638
337999436
458678332
237341696
912522742
194108200
329044367
753179285
168504953
941994059
758828820
337851488
466086866
205557795
518998445
653648734
83462669
472131524
94373200
727048370
606309259
771731213
424780797
8145387
491638278
978951003
847041242
676389466
578998571
350186823
97368573
2897784
153381627
709718754
592355174
77403499
815193620
588918760
433060483
123488130
282060275
224676081
451709095
336253868
123103446
252442350
689142710
953046484
872986682
28735438
602801590
343612260
821448763
58629234
772413326
655353635
390555510
469338857
412176156
10653643
567848766
869935850
785928197
611637848
888686203
124332739
674525059
830578521
631203337
922105936
880318124
840397844
534584024
501893987
247827083
224431578
120935049
499045634
115538792
862557978
6538811
905490707
888175510
19023761
952851895
283850038
504620452
534135790
991642838
344886547
66471047
863753257
834484382
510429419
326072091
157936532
422605322
248178873
677338421
674362784
93986933
117088750
367210748
582023924
860824309
222024895
719235889
755955871
568716635
188139305
146703961
531652130
704653462
475685959
378870522
371957452
802234986
144349132
124221964
523559941
256787432
898256301
269769878
238034222
818411615
954803254
776711793
737628533
426413866
128494518
327252402
242295142
665894281
482256130
660004168
184353816
434469548
471517251
505001964
942919340
707540240
611914394
759646736
922104874
355156422
410620383
626138852
769860260
987859870
512480900
783342001
539622664
872042436
767315287
926379233
908254053
268129731
990361262
438654364
357170771
14271828
225373677
764753808
274861406
812798103
82137303
436902446
200421599
855551113
978813216
910479564
600008631
877638715
119507707
219348559
885348601
893458319
175315430
811493056
126485319
882915688
215108032
109836028
174998187
420687265
475550777
872555772
611174101
208035750
781325437
790324496
403449299
383240405
272631677
42260179
686602204
483530767
418326183
637881780
457646599
390473496
46040539
462924790
296851939
317593915
52847869
325026201
990698892
986043112
920551116
349841060
700802593
50186062
424580472
213430896
606908629
764711940
123392270
278440725
968051315
809142742
361042713
454227664
311472154
265279986
583391476
420165693
415451365
237303561
70163939
909272031
90150072
971843187
479805135
540570193
750525088
209693758
730511589
619023847
327002605
671687305
825744864
976960710
360816626
252327365
209781262
391912408
844444240
302603224
48166057
91243646
430614110
343340343
565094005
409001223
686862261
257198932
990175904
648108521
642564652
551841722
25994559
801330863
255098985
864004546
589691889
974183457
876163032
625815867
317376028
957441233
694750001
816043002
385277658
139159696
661609750
325585192
464178845
281825417
967975700
460803175
129134298
670463019
689912668
329146660
156222868
104318350
698578467
425755027
738695903
792407589
641802945
918033740
640978387
456243236
946982579
948749828
846772506
475400627
224692681
905389428
674400949
650510736
67328974
808258596
95398654
235400562
836097776
867864366
15212841
105788967
600244754
821815408
953598314
10495455
532287043
341317076
884696657
508385311
247268622
617405805
100534442
332138836
787128380
641783112
358776441
777824130
835841286
200953241
281995841
5113930
102134751
454123571
697095777
981491652
400233635
355691904
746371135
565575430
425127517
694069005
229802783
735456784
586391480
950145819
333474235
773014868
406339797
346650155
789259697
240154606
47266675
229093400
901021351
479827634
673464871
655581624
401986758
89371073
364550168
439721645
92658649
868997343
538728422
717491150
140777985
350131318
574695102
8777083
669010261
168524221
417836064
348703058
952867095
35046213
382820407
149137276
871637217
852835391
434162400
576942471
566468410
545236516
287557801
576963238
481200003
910978859
678963403
644579802
771002149
156085434
641384131
86358872
11062840
998150608
717079901
884842504
139360986
803590898
107429044
224818094
574628756
214698945
19287436
61555857
34135526
522940976
97282746
171667640
396018534
631468991
647113716
262132306
383330941
654104604
506765303
574164086
566202903
550577728
500229660
351724018
151100532
670516674
2474979
750541380
469696811
966843803
586859744
221890973
153864312
849574689
129870132
690748144
726265684
987274077
152659830
415531914
563577730
172110521
446192136
286335021
627817789
837031251
466255476
726744043
338203208
119211436
10333832
587840685
436582768
185950450
27713849
695058439
463902770
588120228
19305425
460191325
938059687
594869657
719929703
954393040
99946472
728720395
493803281
52615183
606568356
410803678
874851815
752658799
687735736
265033390
596889243
499695889
155611921
748850598
139182414
658664464
720281442
417676151
545042272
516013851
364854182
29476700
747070674
768394886
787026882
561681460
673877926
805668960
749906263
851139684
123602280
705405415
106384316
466174140
318928775
957390604
569622661
161086731
389207956
137124003
4799788
151923286
825923270
639483466
134172552
61532388
950335216
857233614
630039121
507690759
591354640
67021734
378460044
210822709
497945220
366028955
946000296
819157403
37582307
149727954
636065285
599480552
818910993
617167108
262101354
779796070
205008850
270250749
200883093
401387304
85779357
464711059
474164341
722417326
63728849
41910119
281290235
780650904
561299644
315407666
738332000
809677319
16372893
329139801
225539967
947524501
672443394
646369475
211270011
888231006
737784496
303764981
993979913
542005405
173831158
51232945
105529690
66787724
826684607
159896648
472122181
399460548
108571619
344140472
466387990
411628878
838567560
516581132
951790518
201217342
195121335
884353395
711804704
848140033
260553175
929352989
336056829
856469067
751809092
397805470
911388793
240879349
778251802
976684378
536396358
320618320
426565453
964356514
131545044
233156415
389193532
986702108
363397043
81917984
8950478
634264285
978140670
64683796
913769709
269277608
609695289
997789797
633776969
548114921
916374895
179688791
92469663
921235342
775376911
592650283
726042027
733697091
78655248
555085072
933288052
21325417
845195240
542822914
235397695
482768292
979333753
477918983
674254871
544268834
725385518
691339620
626213879
7334024
876500382
38624393
734101133
552399893
504234003
321947053
77187570
139975217
255447426
426165629
116181749
593782654
169432336
57264380
235373363
124230840
776138124
568925100
726013681
96254184
870088658
617799394
271813815
41570948
758132656
819162594
168814090
229804723
594219939
437676526
808027131
578749363
225180797
542117914
150405120
86169958
192429633
499817139
617923608
924912953
503845250
263757357
278566274
609940847
938386704
57710588
65762979
983945761
306921287
708900848
696282234
824613264
530342435
696410271
293073995
736576136
574113010
800106602
780718083
319653420
619420360
822567271
95601124
585019731
780511737
833083405
409606863
812922946
218459594
721960986
806174491
592117151