18302 102713 5 13838
16824 2476 17979
6568 7085 135548
13828 6334 83529
3244 14167 39968
905 11536 46287
15005 12991 36966
12297 17953 145755
9847 5920 102713
5430 18178 178122
16508 14692 6562
6482 8988 177355
194 17873 29207
4961 4126 100290
14874 3765 50042
2961 12126 170132
13391 15604 3889
6554 7255 109643
17328 2087 48420
11523 9356 114479
2291 17461 43141
13252 11619 178122
12819 15209 50998
7759 12909 147722
649 6120 55837
3953 18053 87727
12842 2974 133736
6999 15780 43709
17615 5507 50998
15476 12348 181854
8751 6968 36966
8498 15970 159719
6757 1085 185041
13527 13898 63911
6268 8286 129461
14021 12782 114998
13409 13199 157464
3737 5933 55108
3352 2008 126204
7446 13228 166049
5305 3494 155200
8937 7748 186117
1762 18257 114479
17156 7369 185041
17318 11126 108612
17257 8252 39968
7480 9305 166049
1515 8893 92557
3231 6710 73294
7505 14206 58235
3814 9690 152368
12355 14613 75494
5146 2512 133067
3437 8495 177806
18297 14148 111814
6593 1037 119449
3032 12006 5042
15389 6550 139758
43 12134 185915
7754 9676 103594
7526 8101 155200
8470 4783 149733
7636 9671 98753
1301 16090 15968
1207 16785 33705
14226 4401 137686
3196 9124 119449
12904 3366 50156
12336 318 73163
12599 3773 170132
9353 12575 198502
17513 10218 75494
9716 14381 99071
3655 1184 105893
9330 7699 94530
5909 17699 49594
5921 16042 133067
3564 1030 66415
9116 15247 2071
6309 7871 171604
12585 4530 28287
13140 14153 102772
4905 13803 190760
5009 18289 194591
3932 13775 102987
2604 7652 33705
8761 2409 37918
5786 6879 180988
12155 10318 10957
17835 16331 98594
292 6841 33705
5233 7102 111814
4687 14956 98594
25 566 111814
17548 8522 55837
5700 7599 177355
6374 16022 2817
13001 16089 198502
17369 3299 41128
8631 3009 16234
9171 17107 2528
2207 7397 126389
12951 772 89415
9165 17938 50156
15729 7141 87968
12518 4125 181854
8628 11680 61352
1377 12827 5288
13289 394 185915
7565 2647 28287
5639 8724 20623
8730 12750 24123
17855 5 13331
8137 6867 73294
9001 18227 119449
14701 1762 50998
16024 4904 167981
7706 2089 90777
15146 8009 33633
9238 12562 2528
405 7237 90777
11545 12602 103621
2718 18061 186117
5179 6879 40041
5390 1030 43141
14128 17501 42179
1451 18012 139758
1410 4261 41780
17 7360 71804
11016 18187 2817
7549 13583 2817
2416 6640 52591
1729 13952 2817
21 7295 88717
12283 10178 91557
17249 12310 114475
16513 8359 5392
11836 17549 73294
14873 1230 167981
9311 3314 33705
1057 2489 170316
18047 15928 46287
14901 12464 109987
10501 17129 108612
13655 518 63911
5902 3552 24123
10672 15685 146954
5411 17849 55837
6547 5180 28287
594 843 2071
3499 10412 180988
17360 12593 145820
15037 5513 123876
5618 14141 58235
5252 8298 62222
9143 14220 21114
14906 237 33705
8192 8267 77354
10428 17814 46287
15102 11792 186411
6560 12024 157464
13793 8245 38720
14829 8034 133736
3858 4578 177972
16150 16191 126389
6861 10120 96706
1832 16707 120123
1201 3901 6562
16471 3317 91557
17702 13176 90777
1041 7978 146201
4834 17002 190644
2456 1444 167981
15919 2179 164116
8880 16069 99071
8373 8267 83529
6125 4154 84763
3710 4583 190295
18221 11141 118499
8420 15055 105239
9882 1138 171331
12447 16868 75499
18160 16187 28287
8589 4740 88717
1083 200 10957
11750 2484 114998
14322 7700 6562
17239 13946 157464
9050 10907 41128
12670 3627 41705
15130 1020 50998
17088 1977 120829
749 2514 133067
6076 11978 91417
1254 4154 105239
14550 2955 98753
10338 3927 118499
3102 6758 185041
6636 17399 177972
1721 10778 129461
10115 13631 48420
16942 3762 194811
17254 3529 44981
16531 7474 13331
11861 5684 152439
13175 13279 187340
13421 10103 29207
607 126 135548
15650 6425 63911
12564 1231 36413
2706 1106 41705
7845 17334 185915
6919 12735 119830
13561 6531 109987
14024 10866 44981
6037 2102 71266
12955 76 36966
304 7629 133736
17595 15361 145820
13954 9269 133067
16164 6488 92557
470 17617 178488
13890 5635 35170
6199 12170 155605
6013 393 55108
16577 16637 122436
8652 3601 170316
6039 6523 57177
11468 6373 57177
484 5688 3889
3274 9939 41982
8339 15562 43709
3981 14329 17979
11712 6054 177972
6661 5899 5042
13567 7144 185915
1703 8778 73294
4226 12854 146954
15369 5595 91417
4935 7174 98753
2301 2937 103304
6822 10938 89415
14742 11390 114479
1450 6950 75494
17716 1172 103304
15194 7747 5042
15371 16858 52591
10674 17423 166049
4112 16457 2071
4706 8342 87727
2179 8209 152807
13926 5203 89415
18147 7529 178122
12704 6117 24123
9121 2294 21114
7068 15747 170316
11881 16597 41128
5878 15588 138102
16067 12149 49594
15218 15501 16372
8427 5721 41128
8104 9608 80030
17755 6780 126412
11035 13926 77354
11735 13752 2817
12693 16620 171331
17486 12398 52525
6589 12600 100290
17599 12309 21837
11450 2148 55837
1572 14111 64821
8624 14305 77354
495 3070 114998
13794 2849 126140
11943 12478 114590
13946 6294 38720
2095 14094 136615
11201 14881 75494
13351 4624 139311
16422 125 103621
4152 487 50998
17893 12672 139311
12815 3618 38720
13604 14572 167846
1880 16352 82022
9684 17071 191131
2084 4437 119449
9562 1492 55108
1601 16713 91424
872 2239 49729
7950 11978 135548
6397 13172 64821
16152 10469 39968
17172 13345 180988
3671 1051 103621
7484 13478 126389
11868 17771 180988
8456 2124 135548
10401 12535 111814
18174 10308 75499
6961 9101 71266
4846 10841 119830
3493 16068 185041
5948 10066 181854
11720 3302 187340
13674 7085 21939
10539 6879 186117
14568 1814 24123
524 1689 6562
4324 16593 111814
13977 11741 199406
1393 2047 145755
16930 6158 33705
15685 14953 64821
4356 3389 178122
2045 5286 13331
4475 5191 38720
17751 15158 109643
7934 18233 55108
7558 1254 82022
14686 15601 199022
7181 12102 188528
17484 638 61352
5964 2735 185041
9009 2689 5042
7755 16280 75494
11723 2588 41128
12025 5579 166049
3059 7465 5288
11706 6488 66415
4642 13926 71266
7819 12681 87727
1659 14590 152368
18201 12653 21114
12019 13551 126389
4384 16771 38720
15652 10796 171331
11397 4145 96706
6110 2732 151438
246 9472 159719
6696 6753 188528
4453 9433 114590
4873 14723 190760
14848 7120 21837
4956 13752 187340
9943 13830 87968
7685 9536 34420
9992 4674 177806
10288 6115 94802
16100 10095 194591
3609 811 41128
4385 2454 177972
12952 8283 88717
4638 12052 185915
5471 18187 155792
16090 7639 87727
13805 10174 123876
12475 5092 147722
11278 12439 34420
5858 378 151438
8668 7739 177806
3414 2934 100214
7787 6785 154311
5947 2342 190644
2202 15957 41982
6818 1149 126204
1980 10909 40083
3093 2521 155605
9813 6750 145838
13318 8685 46287
10909 13145 16234
16725 14255 133067
5599 9419 94530
65 12039 1416
7792 13134 16234
14195 2239 10957
1956 3576 188528
2217 15827 114590
12156 15091 21114
6286 13966 98594
15987 4105 194591
12724 5062 159719
7072 2487 190644
2281 584 180779
12836 13677 28287
6910 10467 177972
2631 12180 87727
7053 15360 194591
8713 2400 88717
252 6051 177806
12023 8915 91557
9266 15192 25777
11484 17011 98753
2977 655 98594
5290 13584 41128
15983 1415 122436
1660 15192 103621
11042 5548 102772
2733 10197 152807
5682 4783 21939
3039 10836 146201
3047 13541 126389
3786 14774 102987
924 1785 152807
12511 17207 42179
15186 17955 157464
1511 6406 105893
12707 14459 43141
13865 14478 66415
14172 13495 146251
6623 1398 29207
2704 17962 17979
16637 11530 64821
6958 16945 13331
8973 18176 2817
12624 15017 177355
6952 6100 137686
16599 17695 13331
3918 6777 96706
17228 2096 84763
11503 4412 109643
4887 6943 15968
3746 13672 2817
911 15073 178488
6887 13994 78762
14082 4365 62222
1800 12179 2071
7547 1741 147722
13802 8322 102094
11756 8885 5288
1798 5436 50042
13349 6978 14262
15259 15086 99071
8256 7028 38720
15291 285 92557
15205 16547 108612
1829 13500 83529
17381 9486 139758
16988 11520 185915
11957 12249 84763
14076 2507 126140
7979 10941 102094
10 9543 146355
16376 4250 28287
16827 16876 167846
15943 17351 139758
1640 5593 139311
5626 13874 39968
7654 7733 151438
13129 2270 20916
2575 13100 24123
452 3300 108612
17843 3680 178122
8348 3703 11650
4985 311 2817
4622 5108 55108
17898 4317 40041
15166 5580 191131
6162 531 75499
3790 1844 102713
9946 12036 17979
15760 914 82022
15430 6913 132082
1982 16417 178122
5452 2771 52525
1166 6443 145838
17502 3637 64821
5359 7194 96706
16568 15137 43709
4618 11660 119449
16702 9236 111814
8140 15633 138102
1934 15387 99071
7146 4849 78762
2993 14797 91417
2447 12645 98594
13305 8781 90777
10960 9950 119830
167 7399 2817
13217 9457 94802
7574 9332 190644
2981 17032 105239
10671 6742 41982
4600 14898 61352
6206 1647 186411
6362 15084 44981
18103 3550 35223
14242 5903 50156
16579 14443 111661
2957 15497 50998
10996 16183 52591
10211 16766 41128
856 10260 171600
1269 16226 94530
16192 1421 122610
5095 9020 24123
5062 3168 91557
638 10220 55108
8563 9882 80030
12042 9666 139311
11958 6017 25071
9720 3680 36966
18051 15639 166049
7962 6033 73294
8777 5593 50042
4973 16367 171331
17586 524 109987
14656 5548 181854
1963 16068 49594
13209 10201 181832
9793 10890 52525
10151 8877 36413
18271 930 78762
3939 15675 171623
5023 14209 137686
8210 1832 111814
8447 3796 183966
1611 6353 111814
4741 11327 3889
9224 2257 122610
8467 1754 100290
7928 16891 126140
74 6575 181832
17543 5301 165806
11492 3476 136434
2389 17824 2071
7197 14755 181832
6483 16113 16372
8888 3141 50042
40 11713 3889
6022 8015 92557
3287 7550 137686
630 3926 126412
3980 17271 171600
792 2177 199406
4582 6252 63911
12610 6066 25071
3903 9590 152439
10304 14178 180988
10947 5337 58235
7570 6518 154311
3520 12216 29207
7087 584 25777
16283 2057 3889
13337 12523 55108
13743 11373 25777
3745 9897 155792
15482 12550 98753
6358 244 139311
10145 9917 83529
14112 17342 111310
12412 12145 180988
13196 12651 25071
6764 2598 114998
15429 1219 154311
10500 16665 178488
5152 3277 180988
8041 5939 190760
16139 11706 177806
18141 1317 111814
2438 1480 118499
9796 16560 2071
1422 9962 199022
12120 17531 171604
9841 17963 96706
877 12134 126204
16779 6050 2817
10084 11538 187340
479 6400 3889
2310 9372 166049
9443 16747 43709
9190 3579 34428
5520 2992 100214
2515 1890 185915
8063 8697 133736
1261 1165 38720
6659 6253 41705
14099 1254 147722
4847 6667 57177
3781 5382 122436
16175 10661 191131
16249 1820 62222
15974 7802 164116
601 1057 147722
11829 9540 64821
17784 16044 39968
12000 10660 129461
5276 2224 122610
5393 1375 102987
10831 5039 145820
1264 14929 180988
4401 1337 136615
6824 1003 55108
2971 14497 102772
1063 2985 73163
17190 9810 171604
4254 6608 198502
13975 164 66415
14479 8911 100290
2517 15945 41780
3384 9455 180988
5860 1832 16234
5962 8208 58235
4099 17670 171604
1933 10638 171331
3792 13003 198502
12295 9271 73294
14211 14388 84763
16913 17733 41982
6372 8848 139758
18104 18174 15968
457 1743 78762
6081 5397 129461
15997 2584 41705
2945 17298 146954
11100 2311 3889
10421 15395 35223
1558 8579 199406
2119 13353 83529
10438 8206 126140
2820 9983 145755
2909 7568 6562
15210 3198 152368
13979 4011 177806
11560 14859 107854
14675 12045 80030
15659 15321 5042
7141 2818 5288
10122 10362 111310
7288 7445 180988
13189 9507 165806
7912 14369 109805
4034 1204 171604
573 15342 114475
7823 8886 132082
12340 6586 39968
15129 6652 178488
1358 6940 199022
8878 12571 122610
15324 3613 114475
611 17132 171331
14395 10058 109643
16184 14909 105239
14412 18097 123876
3341 12212 98753
11117 12239 89415
2385 18211 100214
1793 8810 1416
1790 12507 55837
753 7340 109987
17539 17805 91424
8913 2979 3889
13574 1319 114590
10761 8224 21837
7219 10792 49594
14258 1526 186117
6817 4500 80030
12343 3031 46287
16760 12944 43709
2548 8627 35223
6451 5197 16234
11376 2469 99071
9213 14947 82022
16432 7336 102772
10124 14305 170316
9234 6596 84763
5570 717 157464
9848 2518 83529
8549 16018 80030
3448 1946 199022
17566 7807 37918
11252 4007 145755
10227 3686 87727
16894 6826 50042
3484 10158 191131
15999 9991 109987
16546 3448 145838
10647 11188 190760
612 16469 168086
12054 13479 57177
13958 5343 2071
16907 12536 52591
1902 17493 102772
2266 14938 73294
13077 17381 41780
4939 2934 188528
17703 11781 33633
5382 11927 41780
14639 8408 1416
16082 13990 111310
14006 10995 13331
4128 12596 35223
12807 12218 145820
5708 13145 1416
6115 12553 33705
11073 8017 20623
15460 6882 73294
9606 7253 15968
257 4982 133736
4441 13541 17979
3171 5296 71266
4089 14146 71804
18095 14906 109805
8425 365 177806
13784 13682 5392
12579 3088 171600
15226 17972 96706
13452 12808 155200
497 6348 103594
5651 16385 145838
15577 16361 199022
2639 4584 147722
17873 3253 52525
12983 7642 190295
9284 1304 88717
6967 18194 11650
17151 2571 149733
11306 14697 178488
7920 5016 109987
2496 6837 86803
7465 16754 63911
17136 7764 151438
15374 10880 145820
5568 12609 2071
12537 8671 102987
2466 6068 15968
4279 12735 35170
16852 13901 40041
4782 397 36413
7191 3151 55108
522 998 47523
11400 9783 181854
5370 15084 100290
864 12922 75494
5751 17711 145755
13689 12925 119792
776 12872 36966
14081 1091 33633
472 8044 21837
5746 3315 190644
14770 8890 177806
14463 11379 14262
7836 3286 50042
12100 1929 102713
16893 16657 64821
16559 13888 21939
6124 17853 103621
10078 16593 46287
17078 14051 114479
9825 3980 50998
14696 1841 171623
5542 16201 171331
17185 2031 126140
17752 15756 102713
1804 2353 71804
543 2136 91557
67 10354 126412
14465 15925 102094
7873 18273 135548
1503 8735 35170
14854 4674 21939
13186 4433 165806
17994 7647 44981
2966 15278 94802
4374 5326 73294
12552 13780 139311
6827 12385 170316
879 152 88717
14233 17717 100290
17051 3215 114475
1927 8894 96706
16526 6234 64821
15140 11420 170316
8822 1958 119449
8831 14645 38720
7179 8875 55108
5823 11913 2817
1860 10685 47523
12269 8813 155200
3975 5444 38720
15892 3743 55837
13696 1868 178488
11431 8823 50998
7494 3478 36966
1226 8790 146251
15660 11380 28287
10766 9335 157464
2410 4537 13331
7959 9342 89415
10201 8037 118499
17892 3262 103621
6541 5126 91417
217 1087 55108
14816 13759 146954
4031 580 58235
14850 14789 178488
12414 15488 147722
5744 9698 139311
17010 14374 98594
10112 4327 103594
17100 3250 157464
613 16588 199406
5971 11899 146355
15578 9166 111814
13218 5292 157464
3494 15756 89415
3583 3207 155792
12706 15764 103621
10899 12906 170132
5767 3765 55837
18030 7684 99071
7892 12334 2528
4832 1974 17979
10254 8781 181854
18119 3875 152368
11147 10008 91424
4898 1570 102772
3881 1087 13331
17470 15594 61352
12126 9519 167846
2350 14466 21114
16344 13609 87968
10306 4177 155792
2284 14210 66415
2239 3352 36413
1746 6715 114998
10850 17269 102713
8394 10712 177972
14903 811 86803
10667 6746 49729
3028 13268 164116
6274 11437 58235
130 2393 103594
9896 157 186411
13116 7422 178332
10408 7687 75499
7779 2271 63911
16758 5011 35223
17800 4638 102094
1005 14934 146355
16914 767 98753
6975 9012 199022
15758 11983 37918
4161 14542 61352
18121 7687 50156
1552 8075 41982
8222 17080 152439
12123 16137 187340
4438 18218 16372
12496 13151 171331
1099 8864 170132
793 15487 11650
7544 6089 136615
9429 12367 109987
4882 7600 52525
8998 2131 109805
12686 5839 170316
15035 1124 43141
5725 12121 35223
781 34 103621
767 2176 139311
1811 14745 102772
11615 14066 91424
16695 18248 137686
11886 6798 105239
17155 13704 41780
2978 3842 41705
6119 8843 41705
9845 4100 168086
11960 15619 155792
15727 11412 83529
7009 11634 103594
9513 2176 138102
10852 10639 129461
6508 12716 52525
10686 930 102094
1459 8657 108612
13690 14400 181854
3500 192 185915
7491 13345 177355
16992 14462 89415
3835 9348 28287
14509 8209 175276
5162 4878 145820
8180 6217 105239
77 12608 168086
7510 7645 149733
17028 3724 109643
6282 10582 41982
9770 7099 73163
16959 7393 177806
8043 2392 100214
1482 1404 171600
340 7630 55837
12577 8977 138102
9016 17163 66415
2160 12488 42179
15090 9657 133736
13549 6917 44981
15120 15515 164116
16303 1047 37918
12788 184 114998
12615 817 146954
8953 6309 108403
14194 3498 71266
13214 1939 34420
14051 10467 122436
17129 13700 21114
5801 6253 49729
8509 8304 114479
8246 7630 34428
1620 8223 62617
9539 17146 25071
14471 5143 5392
15621 13672 180988
6017 2504 96706
7520 3297 21114
17801 4982 188528
863 1138 20969
11150 9630 103304
10113 10177 105893
9856 2370 39968
11539 12111 98594
5817 476 186411
11703 17593 199022
8910 3076 75499
3026 14264 146954
6900 5400 1416
11329 11561 5392
6142 16045 119830
14733 12513 55108
14204 1913 118499
11558 7168 47523
1461 2439 111814
1369 15649 75499
7660 6051 178332
2349 16390 103621
16260 3131 49594
735 15080 50998
12554 15436 76266
17888 15984 178488
13593 14643 119830
4146 3559 136615
11160 18254 171623
8836 9471 34428
11797 15737 152807
413 1112 83529
4660 11906 198502
3834 13020 47523
9114 16114 149733
1705 13879 146201
12153 3244 36966
8386 6509 183966
6080 16762 86803
5113 15835 137686
11166 10458 109987
5455 14028 133736
16749 5245 136615
15799 1092 40041
13698 16551 91417
2565 767 126412
389 8054 102713
13347 10975 168086
8073 15519 64821
4511 2447 102987
16842 10374 129461
16259 16703 186117
11529 4609 58235
16677 13195 55108
352 15175 21114
2848 7914 152807
8547 12059 20623
12094 2321 105893
29 6137 146251
16174 12178 114479
12040 1814 135548
10939 5087 2071
1777 808 102772
9807 12537 102713
9371 9473 119830
8859 11027 42179
8177 12750 178488
9059 9371 107854
10858 12367 41705
2674 1030 91557
6513 7009 178122
13616 8368 57177
5551 13760 91424
9132 5549 14262
17169 4326 105239
14349 12802 40041
10737 10158 63911
7298 1484 41128
9370 5094 102772
566 18248 102987
5289 4440 114479
13170 2136 15968
4868 8635 3889
10804 5234 89415
9380 16491 11650
1104 15070 34420
242 8614 171600
8804 16408 2528
14148 11373 170132
11069 10632 190760
16770 14075 5392
14256 18223 91417
7543 5271 66415
12921 2347 170132
2380 14931 137686
6825 15543 103304
10825 15047 190295
2295 12197 73294
17023 6469 152439
2283 3883 135548
3752 8394 92557
1751 7666 34428
8555 14344 145755
15356 5771 146954
17585 3633 164116
3023 1540 108612
13807 4273 90777
5205 86 185915
17673 284 151438
8499 9932 199022
6170 7908 181854
7681 2345 57177
12227 9332 190760
7140 17204 181854
2781 9395 122610
17439 4660 126140
111 15996 194591
5510 6943 99071
11467 5275 188528
18281 4786 52525
5937 17715 33633
1509 15517 137686
8564 6206 178332
3973 13204 103304
9080 15386 66415
7286 16432 186117
1277 10882 73294
6463 14328 170132
315 17064 76266
633 1888 80030
4396 2154 135548
17672 12328 62222
8424 14567 152439
17772 16571 109805
11969 7453 1416
10507 12400 114998
17201 6079 120829
4360 16493 109805
504 7046 181832
8446 11741 35170
13986 11299 43709
13057 15695 151438
2969 17739 20969
2623 11067 46287
14015 1189 177355
7290 9811 92557
14297 4500 136434
12413 12045 171600
11206 17679 177972
6407 1230 83529
7751 5651 186117
6293 5288 118499
5564 3829 103621
11834 17059 171600
10188 13366 103621
15351 15226 41982
5286 1919 50998
914 12739 15968
32 2345 177355
8928 10481 145820
16597 11636 58235
15525 11554 91424
17959 5769 147722
4675 13091 118499
7686 11622 126204
17207 1551 75499
3233 7940 155792
14022 6215 16234
7820 4642 122436
14448 3502 16234
943 11890 49594
205 4857 20969
11321 14833 5042
2467 4243 41982
5737 8464 181854
15252 13975 165806
1476 9175 181832
8677 14318 135548
11373 5692 98753
16838 12389 78762
10835 9817 44981
5039 15368 111814
8166 2991 48420
15043 6065 180779
6651 5831 92557
17327 13869 77354
4677 11785 20623
9668 2244 77354
7504 14988 126140
2999 14208 40083
14057 919 63911
1341 12107 25777
10187 14151 103304
17646 13204 36413
8501 3297 152439
6202 16503 5042
1456 17266 111310
1796 9563 91557
14706 10186 98753
12846 10668 28287
4077 8915 57177
5299 7474 155792
6995 1203 20969
7099 638 119830
8344 14514 126389
6289 5556 198502
2528 2907 157464
18194 3425 98594
13891 10069 78762
6484 6460 11650
2024 17066 25777
1263 18203 105239
1670 14755 111310
5467 10155 87727
4663 1294 64821
9415 5253 178332
7322 2248 94530
13617 10448 133067
15904 17981 157464
2499 7509 36966
5036 2873 84763
10945 4662 135548
13510 7826 16234
1877 14514 126389
13648 5397 43709
10676 5880 49594
2619 9561 47523
8941 8120 35223
10126 6643 58235
15989 7724 80030
1048 13609 25777
15947 15800 146201
5531 13850 170316
15390 16454 187340
15076 7352 76266
16070 4015 87727
2420 15860 108403
13778 12477 102772
12994 13134 171604
18009 3441 20623
11896 14204 52525
14971 4081 75494
6710 3941 166049
11818 10866 114475
1338 2846 84763
11748 492 62617
2393 6926 49729
3902 11322 119449
6564 2635 91557
8752 1425 29207
17669 17461 2071
3988 15898 63911
4647 14400 146201
17807 543 41128
12817 3895 3889
2062 3610 171623
1382 496 199022
3588 8104 41780
14913 12668 49594
11923 15797 186117
10935 5831 5288
4654 6707 136615
13831 1123 118499
9695 16125 146251
4289 9702 108403
16167 13252 199406
13291 13815 137686
11512 3083 28287
1586 3000 17979
7864 6501 41705
2586 9806 43141
474 16169 63911
13342 10661 186411
5124 13045 152807
16661 16767 90777
6542 9983 132082
3913 3741 170132
1351 8383 102713
4497 1821 167846
17565 9782 111814
4063 2609 34428
2980 1431 186411
7380 14332 183966
2836 9522 14262
2863 12300 6562
1374 9347 177806
6237 10542 186411
9381 15962 146355
9685 1407 109805
18228 1646 2071
10545 10573 190644
2749 12402 40083
2953 2316 166049
9036 8755 10957
17693 8266 147722
13105 3846 5288
8785 4320 177972
10463 12629 84763
4884 2048 107854
12849 4221 194591
14064 5283 98753
1884 17485 50156
13285 13830 147722
8185 12653 33633
107 3820 145820
8397 7669 66415
6838 14808 91557
14915 17591 155200
619 2813 171331
6149 13633 2071
18186 1230 102094
16137 7584 40041
2514 17495 185041
5890 837 129461
17320 13108 151438
989 13100 139311
17679 4382 108612
13961 5999 83529
4362 4830 139311
14590 1915 185915
2033 9100 177806
16771 9609 126204
7420 16899 126389
18000 10964 36966
544 6840 20623
5361 6386 49594
15276 2006 188528
15933 15955 57177
13795 18235 58235
6095 2119 28287
14887 10022 103594
4473 16234 178122
1887 9452 123876
7304 9974 171604
18014 12896 43141
16674 12940 91557
15608 16921 166049
16603 3703 102772
12396 6622 2528
280 8890 103621
5893 8674 119830
7449 5937 190760
14849 18176 75494
12917 11705 49729
14354 6576 80030
5527 15772 145820
10601 16732 146954
425 3277 198502
8767 17843 187340
916 2952 120829
6000 6981 33633
15279 2053 10957
7084 15024 147722
16935 12111 25071
12168 10503 187340
366 14493 47523
3606 8763 123876
14995 15925 166049
16816 2757 185041
5318 1733 126140
3656 1866 17979
487 16577 155792
15746 3163 10957
11260 122 29207
17905 6766 83529
15107 17653 47523
14530 8506 49729
2074 11372 133067
8037 17818 6562
3761 9722 63911
3345 12323 5288
8762 2785 35223
4785 12064 2071
5254 9176 64821
4039 15084 102094
172 8103 76266
10273 8708 122610
17682 10299 108403
14613 1519 147722
663 9666 139758
15364 11566 14262
18078 1058 177355
17402 1261 94802
1852 4124 52525
17353 13144 90777
8988 2448 135548
7430 16375 83529
10949 18275 100214
15298 3837 36966
10228 8182 146201
13035 11994 10957
4701 8786 138102
6683 4840 139311
6594 6041 138102
8949 6644 61352
9966 8254 33633
14093 8848 78762
10668 18257 177355
16261 913 185915
17526 14978 76266
8450 3780 66415
14087 4158 89415
2715 2980 155792
2175 12255 166049
10505 13529 88717
12922 4015 152368
13808 7130 186411
30 10494 178488
16594 5515 78762
12437 14867 103594
8445 10295 126389
367 2847 55837
2195 14460 120123
797 14089 118499
12775 13036 139311
3579 9428 73163
13027 16560 2071
4941 15583 185915
14786 13237 66415
11393 3218 167981
9875 13603 120829
11485 10363 103621
12896 7210 28287
2138 18246 83529
561 4543 78762
2378 11255 136434
837 18284 28287
11669 1737 178122
3129 18066 152368
11726 12130 111310
7122 14336 55837
3067 9790 155792
2665 9524 114590
17313 11976 75494
6025 9149 175276
11602 12058 62222
10571 8336 120123
16178 13602 181854
4565 1776 25071
18166 11864 152807
11038 4830 20969
4591 6896 126389
1064 18199 120829
1549 7077 39968
14270 13766 94802
15688 3132 35170
17084 4758 198502
6449 11222 147722
2048 11172 185915
6269 7764 135548
6778 8252 114475
8378 3365 33633
98 730 181832
13886 219 114475
13769 7284 55108
10797 423 109805
14260 6074 126412
7082 6526 35223
4705 15929 62617
7384 2229 133067
979 9201 149733
9937 6337 92557
6152 14338 154311
15024 1800 109805
16495 1706 55837
14116 14440 34420
4406 9346 21114
10337 13863 98753
6596 4425 185041
18155 9007 168086
12589 16385 177806
2634 15416 15968
15651 10199 21939
1173 16951 133736
15012 16872 80030
15051 10466 122610
10375 13126 2817
13704 15795 94530
9168 14282 20969
6053 7465 111814
9204 1955 20969
13357 17471 139758
902 6614 90777
5283 5697 2071
3595 16110 52525
3405 14703 199406
8986 118 185041
13235 10522 63911
13645 13674 157464
9610 2549 71804
4947 10274 159719
17874 12389 66415
160 7809 41128
8712 11787 151438
214 10684 14262
7475 16724 155605
3299 2616 155605
17469 6571 146201
11477 14961 49594
3495 7762 105893
9493 3881 186117
6387 13759 152368
12188 18010 55108
5896 15073 139758
3766 7036 177972
9373 7376 80030
2958 6862 38720
14038 13437 62617
132 13990 177972
7904 2903 91424
12653 4380 75494
1049 7364 135548
12777 14243 188528
13494 16098 177806
2546 15301 146251
12845 14310 2528
9779 16333 170316
1407 14881 21114
16001 5424 29207
16570 5163 133736
18252 15621 20916
4011 5412 94802
16373 3449 99071
13612 17660 138102
18043 12858 2528
12793 8226 80030
17677 3436 152439
9662 14415 64821
4097 13412 46287
8705 16668 111661
343 7417 41982
1442 121 43141
17459 11067 34428
8199 8685 178332
14942 5593 28287
9584 9018 24123
7887 6463 99071
12785 10941 58235
5333 7364 122436
17564 14139 90777
10473 6309 16372
9123 443 41705
4081 8670 122436
8948 4254 78762
17070 12758 43141
226 11304 111814
6040 11908 183966
3829 2497 35170
10600 15473 199406
1554 1217 139758
10730 9713 6562
16858 10900 25071
14180 7079 52591
14654 4250 123876
14941 6618 5392
8183 2430 24123
17063 10356 171600
108 1174 109987
11824 4692 63911
8130 12341 50998
834 15110 94802
16074 6248 164116
6731 6074 111661
267 14878 139758
9911 16123 102094
10864 15675 86803
10923 14891 25071
9626 11881 49729
13809 39 94802
3693 8313 58235
14587 12050 181854
5898 7467 119792
14749 2761 114998
10958 2470 13331
10620 14109 36413
7496 4221 36966
4182 3705 100214
17376 17615 94530
6666 4961 52591
1690 17800 41982
17322 184 114590
13944 6883 146251
11556 1663 199406
551 5295 21939
10879 16557 178122
8598 17116 75499
9337 10689 5288
1600 2543 111310
7643 4819 105893
3216 6947 168086
6984 10426 42179
3394 16935 73163
13413 490 71266
3301 2691 118499
2750 5163 155792
6295 3203 25777
16425 14809 52525
3847 13818 180988
13415 14460 122610
1658 17661 100290
16000 12575 41128
12741 15403 100214
14173 17070 41128
15512 10820 36966
5414 4437 82022
5343 14102 191131
13815 17701 126389
13885 719 171604
8874 5408 114475
15103 10792 43709
8051 4857 36413
8370 7919 48420
2879 13523 171600
18112 9442 198502
15000 8554 183966
13566 17201 183966
14767 6435 25777
9221 14338 164116
18190 318 61352
6271 10845 20623
10623 7936 62617
8920 670 168086
934 8095 167981
15001 15858 119792
10120 10900 103594
18266 11696 73163
3288 8702 92557
12754 10361 2528
9092 3223 171604
6740 2108 73163
12417 3895 105239
13523 8769 190760
4527 6172 37918
14344 125 175276
12368 15847 119792
10415 10083 71266
17049 5406 129461
10251 13833 103594
4377 11682 102772
1714 14889 105239
17175 2902 50156
13397 3857 181832
12282 11471 145838
4512 3590 47523
4230 9281 25071
12235 5556 194591
3906 9878 178488
6321 7145 109643
17761 16895 98753
7830 7138 133736
11134 1757 102772
10419 10347 129461
4881 1572 126389
11976 5235 164116
1206 10866 35223
15807 10504 118499
268 327 194591
2908 18259 13331
3539 9100 75499
14025 5319 119830
14885 1740 77354
1353 3412 48420
8053 7144 133736
16275 10059 83529
5448 4494 129461
9223 3317 151438
3757 7529 118499
3708 3251 33705
17076 5612 25071
9619 14484 73294
13835 11529 152368
11903 317 50042
17035 7628 171623
7441 2342 42179
7078 10167 177355
9709 4874 55837
4287 1798 109987
7631 12893 152439
7331 2474 55837
6567 15700 186411
3344 17151 178332
12239 3662 111310
13096 2171 50042
11794 1573 47523
2669 388 29207
13353 12507 75499
12018 11714 102094
786 17684 91424
10027 12862 164116
7985 15481 119792
9573 12295 66415
11513 12403 109643
12309 1838 3889
3760 5531 198502
2798 1413 126389
10172 12219 62617
4134 4627 186117
16520 5750 135548
10226 11629 186117
7254 8400 14262
11246 9942 15968
6844 10533 105893
10127 5743 138102
2559 3634 55108
12450 4286 49594
2083 3132 152439
6742 5389 35170
5589 4335 198502
11900 1705 40083
2804 5612 36413
12264 15030 33633
4 10928 77354
4171 10154 86803
7205 2237 34428
8701 2855 171604
9515 12203 43141
16782 11237 21114
15894 12998 36413
8226 5337 39968
9448 7110 34428
6159 14278 92557
17238 17271 40083
2850 14715 21939
10308 2061 98753
712 11282 145820
11626 10095 194591
18171 10708 194811
17983 8449 34420
209 1846 84763
18182 5696 14262
15628 1695 99071
8860 4532 183966
12647 11465 89415
17611 16319 109643
10781 5210 133067
10848 7992 102987
6007 16726 1416
17240 15642 76266
8132 3284 105239
15078 10239 34428
5540 9020 64821
10753 17186 92557
12547 1287 155792
3446 4892 102094
6480 811 71266
8490 7597 94802
8020 8899 33633
15387 16274 29207
17753 2481 73294
12102 11067 137686
3151 4660 133067
17854 9100 100290
18283 14141 62222
908 8226 186117
3543 678 58235
5334 6999 126140
9041 4852 62222
18 10958 146954
6551 4786 73163
16473 6124 96706
8491 10221 43141
14476 14284 145755
6155 11043 164116
713 9782 139311
9557 4136 25777
1685 16314 119830
9147 8584 62222
1385 2381 91417
16865 7945 177806
17345 4059 145838
1801 3997 114998
15092 1898 111661
5797 13682 20916
13436 14 28287
7775 9859 177355
9134 3762 135548
5388 6722 180988
5046 9212 41982
7698 426 164116
14425 12345 33633
4536 3704 137686
14946 5508 120829
5122 14334 181854
16066 6831 109987
5200 2820 63911
12127 17301 20916
7433 7724 16234
1872 12894 188528
9419 6201 80030
18180 10786 136434
12134 17988 137686
11192 18121 3889
3552 5052 10957
7472 4734 165806
6177 2583 188528
12358 677 94530
8201 4679 21837
17065 9216 186411
16979 15591 114998
2826 8353 155200
11197 10187 40083
1740 9555 86803
13033 1832 194811
10475 4169 21114
5362 15341 137686
9618 13037 66415
6375 10467 191131
3993 17057 83529
7012 350 133067
16327 15425 21939
9687 17069 100214
11399 5382 180988
8265 8177 120123
4496 13130 132082
2885 12784 120123
18123 9984 88717
17989 6730 47523
5308 10348 49594
10738 12039 28287
15338 12753 178332
17735 6867 16234
13635 17064 177355
13080 1997 136434
8412 15091 82022
15084 17997 55108
15661 16118 73163
1004 6952 75499
12833 11422 39968
8379 894 50998
4666 18044 118499
208 8389 28287
2700 10729 10957
12808 15335 186117
13149 5877 186411
14804 6570 102094
775 10348 41128
16690 18003 98753
2224 13592 146355
258 12219 126204
5479 4701 96706
4526 15480 86803
3003 9133 108403
3991 4365 133067
14734 5455 180988
11080 11739 61352
14818 9713 2817
1299 10471 63911
6841 6200 157464
2411 534 122610
1564 13585 136615
9228 12467 198502
1510 4248 177355
16918 12947 178122
16721 17423 25777
8341 11530 99071
9999 5940 171604
13388 14647 107854
2652 1181 129461
14690 9878 38720
13463 2905 126140
7650 17793 109987
1589 5176 2071
7802 18048 114998
907 17484 41982
15049 10515 100290
11403 4893 171600
5053 4826 5288
16375 8224 133736
4980 950 98753
16984 9959 2817
6365 4908 16372
5226 17681 147722
12317 14827 13331
2789 11401 199022
3169 510 102094
8616 9376 43709
440 4464 5042
2884 3854 34428
12494 4206 96706
7560 7089 186411
17532 14579 198502
3844 6567 119830
5121 16126 181854
6980 13918 167981
11684 5640 46287
13320 15040 171623
2161 16552 50042
9478 16081 103621
11763 11629 166049
11219 15284 44981
8830 15922 73163
2222 11450 199022
2663 12397 43709
9172 10912 94802
18053 1425 136434
4269 2925 66415
1327 5318 82022
1308 5305 10957
15308 12541 94530
9673 15054 147722
3911 15302 5042
5040 9609 102987
5447 17528 73294
6291 9441 16372
16744 5733 2528
4649 2900 145838
4807 15436 114590
13940 15829 20916
8625 7890 155200
2477 16493 80030
7564 16415 50156
5103 2494 171331
14806 15663 171623
6470 7378 14262
13017 9188 170132
11289 11393 126204
1981 17738 155200
5932 5999 181854
11614 5433 123876
17695 8627 126204
308 102 109805
17727 3744 191131
6600 7582 91424
10131 8302 187340
16350 7668 190295
13192 11036 6562
4447 9731 146954
18273 12052 129461
2997 5618 71266
3901 17698 5042
12383 4067 50042
606 802 152807
5642 13534 185041
6241 5203 119449
12946 7836 120829
5866 17271 151438
3203 9142 155200
2320 15489 96706
13356 5775 2528
5360 12602 98594
15669 4008 5392
7369 9741 180779
10136 3096 119830
1176 15209 155200
2204 16459 5042
8573 4749 198502
13488 11006 119449
8503 8345 171623
16881 14375 188528
11694 743 133067
5876 8076 178332
9120 1000 6562
4467 13464 36966
17294 14400 180779
11562 9490 75494
14288 3232 41128
9921 2788 62617
16420 4887 16372
8118 716 152368
16202 8765 149733
7485 8941 20969
8782 1246 164116
14562 13446 44981
14504 5109 90777
2829 9447 28287
17794 8500 177806
14374 14023 34428
6226 10296 21114
3295 11234 96706
14813 10194 10957
1367 7535 2817
10534 18049 41982
17485 4620 43141
17218 12255 73294
2125 4235 145755
15399 2412 100214
33 6930 120829
7215 1231 102094
328 16655 167846
10645 10046 71266
9653 1452 41705
3112 12837 109805
7989 17893 114998
15310 1261 164116
7851 2640 66415
10376 9519 133736
13425 10493 90777
7860 14321 137686
8553 10803 21939
11708 10216 183966
5389 4617 42179
2571 10001 129461
7811 164 17979
9674 10842 33633
18026 12682 145755
6381 11179 157464
11798 13592 82022
11213 14559 166049
1194 17420 155200
14723 15145 188528
2646 13990 151438
1945 10685 21837
7535 14750 133067
17122 7960 171604
13449 17177 5288
8461 15182 111814
16551 13856 137686
2868 7538 109643
13272 13822 52591
1610 16762 105239
18033 5194 41780
4646 6017 139311
4950 14380 91424
17231 14981 41780
15958 856 114479
16477 17150 194591
9625 16839 38720
7493 4875 138102
3225 7369 135548
7035 32 99071
12461 17227 190295
1959 13431 114998
2451 15995 44981
12802 6742 36966
16112 1225 145820
9699 8157 139758
10892 11267 180988
9690 2700 136434
9199 11397 88717
6803 13449 147722
17937 17160 11650
10061 13405 11650
5178 15470 40041
4715 58 126389
9027 17182 29207
11041 4012 190760
15490 4543 129461
11153 9175 108403
15617 2508 36966
16396 607 188528
4335 7806 29207
13431 12833 102987
5144 9450 55837
8261 995 139758
6570 8746 122436
14916 6766 16234
16413 4138 82022
16574 1072 129461
378 6731 159719
14455 1129 50042
15391 5419 13331
6760 2191 152368
3133 14075 146201
1782 6239 155200
14221 12514 21837
15053 7468 126140
113 12866 164116
17996 9772 188528
12941 13845 40041
12893 9983 114998
6239 8746 180988
7964 2814 120829
16101 14835 102772
11781 16420 119449
7550 13046 170316
6685 3796 100214
9868 13839 55837
14356 14295 61352
4224 13311 103594
15471 404 102713
12566 13551 114475
12230 15939 114475
7176 11167 186411
3336 10881 126204
1597 17871 50998
7624 15798 50042
4494 10975 64821
3794 16839 114998
15448 1646 94802
6447 17963 114998
17986 3365 102094
520 1491 122610
17627 17153 64821
13103 6472 137686
2094 15610 157464
13128 10928 13331
9499 8938 11650
2989 6236 114998
8323 14711 199022
9044 17781 168086
7482 13922 5392
12441 3856 146251
8540 16334 111814
8257 2175 91424
7079 6570 137686
809 9686 47523
17885 10362 146954
10970 16175 35170
8088 643 6562
13858 10335 171623
11625 2189 119449
9613 9984 183966
12321 15933 63911
6728 8195 100214
17508 13926 152368
5229 6100 102713
6344 6758 25071
4822 4817 43709
12135 15634 119792
10719 1224 61352
12347 15546 111814
16593 998 96706
2257 192 136615
13302 14029 21114
4479 17811 21837
12136 11764 25071
6044 6526 87727
7712 8650 185041
1527 360 187340
7981 12408 84763
500 10177 90777
3034 8600 152807
17719 5016 152807
81 14378 180988
6535 2430 11650
7622 10866 78762
18223 17105 99071
6876 6879 57177
11949 4454 114998
11292 12759 149733
2482 3568 36966
17274 10695 185915
16833 16418 105893
11704 15634 33705
11395 5444 167846
3823 17653 183966
6180 13682 84763
3669 2345 91557
3972 16116 108403
6938 13992 43141
17121 5539 170316
2847 244 114475
7652 3265 119449
9155 8139 33705
1460 6732 2817
6678 5464 1416
16777 8455 43141
16019 1300 186411
15899 14767 34428
6051 12045 190760
15898 17265 2071
17823 12715 35223
9377 7323 146251
3328 5929 55837
18257 7629 186411
15554 6448 152368
7350 15405 114479
16694 18037 111661
13242 14280 28287
13045 1843 20916
14617 10729 58235
5804 1753 165806
2090 14640 86803
11791 10624 191131
89 16666 190295
3605 15119 29207
17288 17858 102772
2342 4077 181832
5272 17204 186117
1842 3127 6562
8603 5616 82022
9715 12226 152439
7236 8664 2528
15367 13516 126389
4390 2056 175276
10994 10586 82022
125 11163 199022
5133 11491 48420
14345 10503 188528
13253 16762 5042
16156 10239 21837
7417 18073 147722
6056 4351 83529
6609 17568 171623
8674 17920 73294
6777 17422 13331
17619 2796 44981
4296 13230 99071
1864 2492 136434
16243 1499 146954
16751 14543 61352
9067 9078 11650
9838 15962 37918
9057 14994 96706
7226 1746 146954
12209 1105 129461
6874 6515 135548
14994 332 136434
16998 2434 20916
4315 2299 155200
11052 10223 177806
8797 6488 28287
17507 10645 5392
525 13670 50042
8336 13086 41780
7714 16955 36413
5349 15404 137686
2537 18097 168086
11675 2740 135548
5747 16555 168086
2544 9486 100214
615 16516 77354
11490 13316 33633
15985 11343 98753
6762 15148 186411
3998 7518 171604
14097 4311 25777
15737 2633 100290
14162 13440 180779
15552 1245 186411
5440 4361 21939
8264 2432 41705
9395 6091 21837
12289 11898 119449
15349 17022 152439
2307 4875 34420
71 1165 71804
8276 2454 107854
17552 16114 2817
10942 8535 146201
2326 17317 41982
14728 14426 186411
12603 1409 33705
8249 11674 47523
17920 2409 73163
3422 12630 50042
8865 12555 154311
4516 618 147722
17060 13233 139311
4217 5147 99071
12768 11476 52525
4286 10168 92557
16717 7085 13331
6752 184 55108
5486 7334 39968
10430 9701 49594
17973 3279 63911
6318 4065 88717
5955 13683 146355
4921 12018 5392
8720 8930 100214
17612 12364 21837
1470 8761 129461
18247 7525 89415
6466 2026 49594
17724 4674 109643
11335 5912 94530
11002 13564 114590
15811 12611 187340
11971 17493 102094
13471 10918 133736
14167 6052 168086
3817 4768 137686
15370 1914 55837
15519 1305 2071
15357 11780 194811
2707 17830 24123
2386 589 111814
16588 3419 71804
7741 2950 6562
10644 7907 178332
5051 18098 41780
2508 6649 35170
17531 13126 199022
15916 12391 111661
14418 13391 126389
9328 2290 91557
13281 9178 52591
296 12707 88717
16547 17569 181854
4167 16089 35223
9069 8301 90777
6058 9529 171604
11661 7293 10957
14095 8448 111661
9230 12716 33633
2012 4165 145838
12821 14338 187340
9675 870 186117
545 17305 29207
2954 11500 120829
16567 14601 94530
11448 925 64821
3362 14517 34420
7080 2270 41780
15403 524 99071
494 1968 2071
7541 6120 102987
10434 13547 55837
8108 14720 168086
10425 2735 73294
14513 12813 5042
5057 7072 166049
12925 6267 13331
14367 7951 171623
12506 4361 168086
8867 6665 186411
8882 4349 146954
1519 8095 34420
9904 5585 105893
14673 2626 152368
1435 5876 48420
3631 6311 126204
4599 2585 41982
13542 2539 100290
2854 12555 98594
8907 11737 77354
18187 1307 52591
10928 14797 126204
13568 10591 49594
11817 331 17979
2156 18136 94802
3896 5302 25071
4070 10253 38720
8139 8251 57177
2578 8350 62617
16407 15208 20969
4988 3764 139758
14557 3002 181832
3177 16876 50998
12702 10899 152439
4173 10449 6562
7734 12391 16372
935 8528 28287
3200 13727 17979
14795 14358 198502
12419 12546 181854
7770 11261 5392
3065 4985 98753
16271 4026 91417
18022 2289 55837
7423 13979 61352
8059 15066 11650
1562 13921 155792
7782 10746 133067
11783 2993 178332
12850 5052 180988
17941 14590 168086
9555 14128 111814
7540 3796 175276
10002 5091 98753
3945 4429 171331
7801 3250 33705
2117 739 57177
13304 10803 146954
12046 7222 188528
8040 16059 187340
11414 11966 88717
12266 3250 111814
1328 1521 132082
1133 1811 187340
4949 14995 126412
10582 12686 126412
12979 1149 33705
16754 15228 183966
9269 12922 91424
15046 9526 145838
1785 17224 114590
17831 6998 16234
14140 3120 57177
2323 7211 103304
10755 8533 40041
5324 6983 99071
13164 8268 123876
16424 9652 119792
13821 8040 111310
11666 15564 119449
8962 17817 25071
9689 2020 75499
8843 4361 190760
2285 11179 63911
17575 744 66415
3461 9571 146355
10022 2294 41128
11488 8380 102713
2498 5202 35170
1017 16392 34420
16867 16430 34428
5504 14299 146355
8389 1868 58235
12314 12163 194591
1391 9472 87727
867 7843 167981
14992 6122 20916
5135 14976 73163
10060 8989 11650
6639 13208 171600
4757 12203 177972
5874 5364 145838
1473 15428 100214
5244 4335 1416
12113 13273 108612
16480 1246 86803
15119 744 133067
9698 15192 13331
1418 3382 108612
12637 2784 73163
16488 15720 5288
10264 10408 82022
9765 11976 57177
17749 10816 114998
13647 7330 190295
13758 8758 170316
2768 10141 186411
17598 11035 168086
13662 14491 88717
9964 11206 86803
6858 15405 181832
16815 817 114998
9941 2046 171623
14926 13524 146201
4648 11482 177355
17012 820 20623
3893 5016 102713
8524 18186 102094
1911 12209 75499
1279 1537 100214
4474 2774 123876
1403 9353 40083
2157 662 20969
13457 7260 190295
10253 6330 126389
5297 9423 109643
2166 13984 170132
13700 3883 114590
17371 3538 126140
7861 3650 91557
2636 17395 133067
8405 5394 177355
9778 13905 25071
8332 2299 108612
15483 11536 39968
15725 3975 177806
4282 906 120829
5919 10564 50042
8022 11641 98594
15172 8263 52591
8844 131 103621
10258 9969 170316
8204 6366 13331
14034 4147 178488
14335 8404 40041
5400 4335 33705
12315 12942 133736
12004 11539 47523
1523 6872 175276
2377 9115 102713
3866 4735 62222
1780 11774 181832
5323 15473 139758
5158 220 126204
3715 11947 5288
11941 7329 20623
10030 5920 114998
17363 9508 49729
13359 995 164116
17342 9988 20916
18237 4817 40083
8039 13768 103594
2271 5712 186411
10291 2192 44981
12727 6120 78762
9317 5920 136615
6617 3086 136434
3898 12515 36966
8289 3250 177355
12536 12566 185041
4871 1627 146251
17022 7239 123876
4283 7811 133067
8266 4206 126140
8259 13058 17979
16655 6542 50156
11796 9763 50042
5338 13047 98594
3674 15534 33633
8103 4145 108403
3132 12909 46287
4797 11833 103594
12561 553 84763
11678 10822 78762
8476 6245 151438
11691 8324 49729
4349 16176 171604
13503 16033 24123
318 1850 136434
11946 8120 29207
12708 4877 40041
115 10973 149733
13259 16992 20969
10876 15335 50156
3181 10251 21114
721 5956 108403
5750 12986 198502
15426 12702 122436
5783 13990 155200
13575 10951 63911
17935 8616 10957
14384 11069 44981
17204 7284 194591
9843 3549 149733
9682 10080 126412
11676 12264 102713
3524 8777 152368
9239 13245 20969
12694 15282 146355
14438 6024 170132
16106 8158 34428
10701 5956 42179
16162 13040 126140
16892 4771 46287
11039 12890 109805
7992 11255 34428
15843 1866 100290
8223 12177 43141
3783 5847 170132
5864 775 49729
17754 16157 135548
6624 4775 14262
17869 7540 132082
4554 1394 92557
10608 10952 41982
6584 11721 35223
6620 5203 73294
3791 10125 138102
17124 9100 170132
17347 16738 43709
7063 13753 191131
4422 17512 103621
5459 14206 122436
1023 14517 86803
10666 16389 186411
15937 8761 57177
1068 12039 159719
8960 16846 87968
1602 14751 15968
14705 8759 102987
8174 3725 120123
7640 11286 91417
16859 2929 20916
2415 3945 114998
6070 9846 33633
13404 7965 190295
10780 10428 21837
9873 905 48420
3553 11360 100290
5749 17546 16234
16340 9452 20916
11679 2199 107854
7131 5625 109643
10164 9279 71266
9659 10687 58235
7983 9293 41705
3819 4731 105239
12794 1010 57177
18176 13068 105239
10989 9653 71266
12253 8346 21939
6109 1696 145838
11023 9936 94802
2939 8308 137686
6884 16176 171600
9010 15482 49729
2561 3151 180988
2914 13337 55837
4762 12347 188528
2109 9578 194811
9607 14242 2817
10012 2050 13331
11112 14344 33705
5280 2665 33633
15977 2693 1416
3930 1483 126204
1617 11126 25071
8862 5982 168086
11568 17975 35170
16974 8269 43141
14252 10606 139758
15864 4829 33705
9718 1585 16234
14951 14730 155792
11596 10842 14262
11148 3834 166049
9012 12740 5392
1387 12858 167981
7139 12809 123876
987 5424 2817
13321 2404 98753
13906 15141 73294
12067 8038 109805
4630 7890 155200
15740 10658 114479
8901 16891 20916
16986 17609 194591
4388 18163 40083
6576 13218 109987
11931 3691 119792
8385 7656 186411
7346 17278 145838
9918 5574 199406
16245 10141 52591
4664 4796 149733
1298 8394 37918
7708 13883 62222
8511 15050 165806
1058 15051 154311
14970 25 114998
11767 15483 16234
12436 3956 20623
12545 6238 43709
9977 12753 171604
1946 1036 13331
799 13864 136434
9551 1912 35223
11110 11428 177355
3 1796 171623
3859 8000 64821
12514 8134 133736
12110 3145 100214
11942 10100 57177
5154 15380 152368
1397 13131 2071
17827 17380 36966
5351 1521 171600
6046 9094 73163
885 2556 164116
3934 1126 87727
10869 2762 100290
15511 9880 80030
12180 12089 83529
11466 10270 28287
7533 13422 138102
3667 9573 194811
10256 11830 102772
1444 743 91417
3480 221 151438
1014 16926 152368
8390 12371 183966
2763 10632 114590
15326 12942 77354
6776 11327 122436
6160 3991 177806
16583 5068 29207
2002 917 15968
216 8887 114475
14681 8665 102987
11334 2006 171331
10400 4193 98753
11837 9889 170316
8581 6335 6562
8672 757 119830
15207 18116 33705
15067 9702 91557
3105 13437 164116
4365 1831 114998
5665 3167 114998
13722 7949 111661
2279 11901 171623
17643 3037 24123
8153 10279 50998
15433 2962 96706
8502 6390 168086
2475 15230 42179
14759 6067 126140
11947 16035 87727
1607 14450 171604
15437 16546 152439
13216 14864 24123
2552 9721 20916
5194 1004 43141
169 17711 100290
1322 13197 41128
10455 898 29207
2286 12814 41982
10157 13633 20969
9104 2974 52591
16487 3129 105239
7189 17814 80030
13560 8734 11650
11133 892 43141
10624 5536 171331
3250 9292 11650
3045 6598 178122
14679 6239 114475
9546 4047 1416
2987 995 171600
7349 2668 87727
7923 7538 90777
10018 9671 119792
1584 6523 41780
860 17607 102094
4576 8241 71266
1496 1143 107854
563 17265 171600
11047 558 145820
14182 15249 28287
14435 2020 44981
15234 5011 43709
666 9900 126204
10537 12561 33705
1728 14392 20916
11053 3188 147722
2723 17899 139758
12920 3942 86803
7608 12914 100214
5336 3820 168086
2643 9654 102987
16071 6745 98753
15255 886 21939
6932 17958 99071
823 3766 180988
11055 3498 170132
1960 7806 5042
12285 15300 137686
2061 3425 133067
1416 6368 14262
5079 17939 190644
12888 14711 41982
15813 8285 5288
4110 12151 28287
14973 15463 33705
7827 18183 170316
17166 6987 84763
11366 13431 105239
2098 12156 178488
10974 13603 181832
3900 11413 133067
10183 638 80030
6021 7143 98753
18063 10612 180988
10229 8330 5042
1481 14402 136434
14556 6051 194811
2771 886 119830
6247 17946 132082
11628 16337 157464
11217 9233 183966
12147 12638 89415
13914 4600 58235
1543 18198 47523
6186 7590 43141
2368 10348 166049
10466 118 102772
10484 12421 167846
15125 10222 46287
5829 11278 126140
11195 13727 2817
1303 10079 123876
1824 11070 5392
8799 1016 66415
13716 1743 10957
11926 14329 58235
5789 8247 42179
15708 15190 21114
13708 2050 3889
14046 5921 126412
16397 14991 136615
12182 9476 103621
14532 2275 34428
11920 5302 114479
3615 3165 154311
3373 9503 39968
13299 7651 147722
13423 18185 185915
7999 13584 50156
14449 876 132082
2913 9364 2071
2574 4422 108403
13691 15560 20916
13829 13479 146954
1147 9275 114590
16706 14177 133736
10413 13588 136434
4695 906 145755
11698 1163 103594
9630 14705 114998
11413 16795 71266
3156 3823 171604
15970 17971 199022
12194 11437 83529
2269 4617 120123
5161 15061 111310
2918 11191 178332
2675 11587 145838
17501 18027 126204
11927 17549 126140
15237 7948 133067
6897 3365 55108
15522 3281 3889
8764 8891 171604
13667 14732 136615
8313 8886 171600
12231 12877 152807
4464 3583 42179
272 794 33633
6590 13696 82022
3785 17465 20916
3567 3993 133736
10367 13713 157464
8079 8237 50042
10056 17417 109987
2126 15702 126140
5929 393 20969
16938 15633 62222
5836 1181 129461
4658 3099 114590
4476 1791 102713
2318 1759 41128
14203 10493 147722
7684 1186 61352
3580 2768 102987
10105 8879 5288
9487 4237 82022
3433 9285 135548
16830 18145 111661
15451 16034 119792
10217 10212 145755
6028 13484 94802
4899 5257 28287
7996 18131 98594
15099 13486 94802
13417 10684 187340
11800 16906 155605
12556 7451 180988
15562 10542 111814
4082 13023 55108
2121 1582 111661
14117 11552 185915
102 17013 91557
15588 14089 58235
6099 8887 20916
7348 4050 120123
2686 12757 13331
7425 10479 126204
7352 17063 111661
4733 13449 78762
10309 1652 96706
11227 13595 33633
9473 1387 100214
10297 1800 36966
18118 11397 100290
7230 5847 147722
17272 7066 58235
3358 3976 25071
18192 80 114998
16960 3030 171604
14646 14392 98594
4064 4477 177806
14154 2515 165806
11391 4624 177972
11579 7141 91557
7602 7539 3889
9157 3997 41705
9883 13923 166049
15063 15687 120829
6230 6714 138102
16628 13708 28287
8214 5841 154311
12501 1666 42179
1755 1273 136615
14540 12168 16234
6688 14808 52591
9200 7075 58235
5516 13541 24123
9286 18131 42179
1606 13699 33705
5567 3256 152439
403 1500 107854
8841 670 126389
4242 2644 43709
10827 1190 136434
4943 6489 49729
16806 8694 20916
3463 11906 41128
4525 13884 108403
13925 17433 146954
13896 16620 146355
5818 5009 111310
11636 1374 36966
5613 14697 99071
1566 5444 77354
5157 15059 49729
3497 15017 105239
7059 11821 103594
9922 13464 16372
6717 11629 107854
6892 12428 190295
12082 417 138102
14192 7851 66415
1803 9897 61352
9480 17903 188528
3926 3502 91557
3080 7144 194591
10184 11542 139311
728 6880 3889
11021 5439 34420
13280 2917 120123
15209 9607 154311
1491 15877 86803
16855 2389 177972
2418 13377 41128
12044 8769 73163
16870 1974 87727
15059 3089 155200
7589 4077 50998
3000 14892 92557
4353 3448 111814
16207 496 155200
7154 4617 114479
17614 17607 88717
12243 18125 49594
15330 574 118499
16117 76 86803
11534 8554 98594
14857 14629 157464
12077 2618 2071
10611 2592 62222
12393 6545 151438
15583 2895 37918
10605 5487 100290
6686 10380 139311
6573 10852 155605
1195 3556 48420
15131 12742 11650
10506 5313 87727
11933 1268 100290
239 10380 126389
881 14358 186117
17591 11291 137686
15576 3739 165806
17006 11054 41982
9462 12120 37918
963 16752 41705
15558 9902 145755
11564 16194 102713
12302 3695 155200
7634 2148 136615
8463 1439 55108
15006 12638 96706
9447 13665 49729
13395 8932 133067
3053 16072 55108
10648 14812 185041
6348 8665 149733
17699 2237 3889
8542 13767 103304
2756 8606 105893
16844 17239 40083
15610 8606 154311
6259 11207 71804
9326 4794 170132
7436 3794 46287
16812 16503 100214
10596 1471 175276
751 3930 87727
14845 1636 17979
17259 10898 178122
12303 2367 20916
9923 4038 62222
6260 1335 75499
10872 8951 83529
8666 17221 188528
1079 842 71804
9428 14913 183966
13573 11051 80030
9910 11277 61352
3052 6620 146355
513 18000 91424
1573 4427 64821
2529 15112 199406
5949 14828 49729
8123 640 194591
6916 8221 55837
18236 13798 105893
7885 4532 126204
13355 14183 181854
18004 9449 99071
13290 3791 194591
4211 17913 62617
15488 13199 177806
15529 2743 92557
8755 14400 183966
2043 2197 178122
15033 10729 83529
10810 14435 133736
7267 4880 164116
6647 3486 73294
11422 58 100290
3703 3521 178332
7794 18215 50156
16963 16546 61352
9341 4570 96706
199 7067 181854
9944 17841 62222
13710 5712 96706
3922 1759 37918
11241 15105 118499
277 5338 73163
12975 17494 5392
6191 1991 41982
590 2693 178488
5425 18028 157464
5108 6394 180779
10426 8224 2817
15968 3802 146251
7256 7631 11650
8757 6284 114479
5697 3671 5288
9184 7524 152807
15516 1866 107854
9300 1198 14262
1370 16493 180988
8743 291 102713
6493 14315 2817
2598 6826 41705
1773 15025 146201
10561 2934 186411
14207 16176 122436
7471 11994 16372
17766 8389 29207
9568 1739 75494
13473 12680 137686
13922 16704 109643
13279 4020 14262
6487 8669 78762
6045 62 35170
2941 15221 89415
743 12441 177972
5738 13562 181854
12210 16220 37918
3330 12126 155605
12726 4701 39968
17553 9797 66415
6343 5877 136434
18150 14633 2071
10023 11857 107854
10195 18020 41982
7947 1712 55837
4493 9556 167846
1710 12709 136615
254 3830 29207
11261 13118 102987
14669 12790 186117
4472 13160 47523
6459 15997 36413
3699 6782 24123
18169 14167 87968
15912 12091 178332
11878 16622 35223
1961 8674 29207
3689 10066 149733
2229 16188 21939
1381 3400 40041
6366 2020 62617
14122 15361 49729
11813 16118 98594
5800 15840 126389
1463 13393 14262
13261 16581 73163
2356 14181 100290
16502 4775 129461
5256 10207 21837
16823 10111 199406
1485 15756 80030
10811 1042 96706
1819 15841 52525
6697 1912 33633
4330 3109 78762
17953 1227 146201
15877 6879 146201
6578 1373 87727
14363 818 80030
7135 10660 155200
13427 5530 29207
2764 10318 152439
15498 4324 139311
7805 10806 183966
4266 11645 66415
9404 3924 100214
15768 12532 180988
4769 16753 194811
4954 3054 39968
12930 12349 35223
1227 8268 155605
576 7656 73294
9545 13566 159719
8149 2670 11650
9156 4160 154311
16331 1425 155200
16031 8731 164116
16613 2967 175276
6061 10673 165806
15706 595 91424
11310 7372 49729
489 7424 84763
1688 11451 152439
11386 13392 138102
1730 9899 62222
3313 564 120829
4018 12147 50042
2339 4426 91417
2115 13612 76266
14023 998 5288
12108 4340 191131
7341 11165 28287
1045 8355 135548
1776 6166 132082
10573 11164 120829
3920 237 109643
4620 15844 52525
1569 9373 191131
16068 16742 42179
17982 5774 147722
7907 14141 164116
13924 9446 103594
674 9649 190760
14497 2487 33705
16212 16867 86803
4693 15096 88717
5957 13399 62222
14982 13319 177355
2946 18053 88717
805 15584 39968
18205 3234 191131
6863 5061 118499
17778 17123 146201
2752 4660 66415
8664 3511 107854
2762 1516 41780
11531 9483 33705
10339 12064 1416
8251 7474 118499
12729 13101 35223
10523 9878 62222
5164 10115 120829
2876 4628 108612
5049 16041 114475
16772 13344 34420
9256 3676 145838
12884 12485 82022
17098 7810 114475
6502 2401 78762
11953 1158 91424
968 4533 146355
7245 3835 44981
5485 15849 83529
12635 15149 62617
4255 2150 136434
12651 16073 41128
9520 9040 37918
5831 10819 155792
7453 16123 41982
3941 12476 119830
10034 12507 122436
15152 14173 149733
3832 8494 84763
2581 14919 84763
1557 11530 138102
11001 13575 164116
17415 2423 44981
13521 763 118499
9479 4433 168086
18005 219 71266
8200 1717 178122
3594 464 145820
10394 16320 98753
13917 12519 146954
8352 9821 102094
840 2623 103304
14518 6967 123876
17839 17901 84763
17052 10017 177972
15280 8724 186117
851 12161 180779
8367 4436 154311
2685 14230 63911
10263 2324 55108
17082 2842 108612
5368 17885 89415
9468 164 118499
6497 8176 111310
15257 13606 170316
2226 16924 166049
13286 1996 94530
4872 5643 175276
10641 1647 114475
12578 7318 84763
15691 2633 58235
7022 2240 114479
5684 14978 34428
16107 8879 107854
11426 11315 34420
7016 7733 40041
7103 7987 137686
2015 17649 103304
15220 16750 180988
16848 7991 105893
8131 2094 100214
10194 4711 164116
17112 13995 25777
11065 18024 167981
15703 5171 82022
3788 11930 139311
12287 4145 118499
8207 15499 126412
14964 12134 91424
2890 14267 171331
11396 4078 145838
11761 4228 107854
3739 884 17979
9700 9938 155605
16498 12775 123876
450 12969 44981
18198 9930 33633
14223 16257 96706
10374 1955 40041
14084 4305 41780
1652 11899 75499
11123 3236 41780
6629 12578 102094
4659 10483 5288
2728 988 90777
8454 6220 66415
1282 7948 2071
1259 12089 149733
6619 15916 137686
2241 15259 138102
7097 722 13331
12254 14964 126389
16980 10660 6562
1204 3095 3889
17583 7690 154311
2951 1202 194591
8796 2199 52591
6928 15036 40041
6069 12159 175276
4123 332 11650
9091 2365 107854
12161 6926 29207
12087 2640 159719
3174 2379 122610
1920 16308 170132
6283 1040 66415
2582 12725 82022
3025 8743 190295
6154 7168 118499
3575 3830 15968
9511 16018 10957
17974 9349 50042
10085 8270 152807
9519 12212 165806
9679 3768 170132
7897 6344 119792
17233 6132 75499
13287 15888 73294
3566 4768 58235
11984 14018 75494
3286 9685 133736
13889 5928 111310
5477 7924 190760
17781 944 87727
16905 4273 105893
4824 9232 159719
11546 4768 98594
5799 4821 138102
16617 13482 190644
4016 5649 77354
3137 4594 1416
2825 1580 62222
6324 14267 132082
10851 812 177972
14842 17314 73163
12730 11201 100290
369 742 119830
4214 8825 181832
18276 17259 136434
8924 5424 105893
10448 1875 151438
14466 12827 75494
11234 7629 102094
11143 818 61352
12646 10972 178332
4710 2993 146201
19 6926 42179
7231 8061 89415
12045 7951 91557
13525 17306 139758
6194 9663 188528
2679 3784 102772
4670 16234 2071
2776 11303 2528
17769 7628 167981
12499 9548 62617
1043 12678 120829
10843 3625 96706
6698 7181 25071
3596 9256 114998
6136 15510 100290
10054 16938 87968
10248 4096 109987
16161 9635 171623
5630 906 103621
8497 16440 126140
16029 1655 62222
5074 17265 120123
3763 6990 46287
1441 9415 167981
12252 4559 155200
12480 7360 37918
7194 1651 155792
8392 16037 55108
2155 5039 108403
8374 17511 199406
6317 13586 100290
9729 13608 109805
5427 17347 2071
10446 2498 177972
16301 1964 75494
6788 1165 16372
5142 1743 151438
17422 9051 159719
9126 3688 98753
17926 17567 94530
3022 8697 167846
651 14872 188528
8596 7330 34420
1135 8093 52525
3166 14748 14262
1847 17485 170132
1247 16168 122436
1106 7939 5288
15093 14622 177972
15414 5241 73294
1664 13621 102772
10568 18196 36413
4800 7395 41128
2853 13411 107854
14856 1973 155605
9427 5712 58235
16788 14151 17979
17462 5083 152368
15420 14418 190760
10134 1791 20969
16321 10046 62617
567 1694 108612
15509 10384 123876
11906 5075 94530
3398 5434 98594
237 9266 123876
15392 17583 14262
10167 9432 41780
4391 4193 180779
16154 15127 152807
4683 16606 25777
17403 1788 177355
10439 2208 86803
6440 16438 16234
2773 16682 194591
9295 13665 40041
8679 5583 99071
14357 4452 64821
669 5458 1416
11421 2867 198502
6625 16428 146251
11253 244 105893
4740 4291 76266
10521 3640 29207
4256 4944 171331
12667 3950 118499
6692 7120 154311
4265 17871 58235
4072 12088 119449
17845 5165 109987
14631 16512 91417
16669 5780 1416
5428 2563 154311
12583 13022 71266
6123 11581 29207
661 7825 111661
4144 1378 138102
8642 874 86803
16796 17179 2817
8981 2841 139758
12862 3284 34428
10109 15145 50042
15034 12629 20969
5648 2691 126412
13306 15466 135548
10317 2209 94530
1313 15041 105239
7039 4638 139758
15607 2208 178332
16288 4515 89415
14446 10971 126412
13477 3215 2528
5399 5915 3889
11390 8657 21939
7334 1230 3889
788 9891 177972
14604 5083 186411
1567 17976 152439
2343 8810 41982
14383 10543 165806
8791 12441 136434
5724 13112 73294
1772 11279 123876
137 3109 90777
198 18110 152439
12820 1364 170132
9989 11567 199406
14229 10737 11650
9901 5144 41982
5683 3989 25777
12542 12100 13331
2264 9007 78762
14817 17671 100214
9993 9712 145755
12074 11279 171604
15504 6416 71804
4786 5283 139311
14525 15107 50042
11483 9104 180779
11711 80 10957
2458 2182 5392
4126 16627 34428
7527 9983 177972
5061 22 42179
10886 11780 129461
4978 3256 98594
1131 1981 146954
13578 952 177355
7914 9635 178122
10946 12968 103621
15731 16417 137686
16266 602 1416
14377 12146 80030
15068 7183 138102
17331 5972 111310
15320 3478 102772
13734 2652 107854
13792 14579 191131
16316 5702 10957
1968 13873 40083
3764 863 145838
347 17771 15968
1123 16278 118499
4307 6001 199406
2640 4341 94530
7478 6920 181832
6087 17006 58235
7697 2229 91417
16393 4692 102987
11251 16371 175276
1595 1830 24123
10733 8089 41705
8847 18003 40083
16791 17149 66415
14199 14327 132082
11765 12507 2071
14090 12682 119449
7580 13182 20969
15789 7376 145820
12271 3512 46287
6866 15665 5042
14515 16177 118499
15300 904 16234
10221 4585 100214
1192 5431 137686
6090 2048 108403
11582 13849 129461
8049 1875 3889
17826 16292 13331
11389 5839 37918
14234 11994 20969
3562 18292 49594
15091 8251 154311
13183 8479 151438
11970 8569 105239
7638 5092 87727
4334 3918 126204
16449 7724 194591
10021 18063 190760
15570 14321 80030
14365 16016 86803
636 11155 120123
16215 2162 114479
6248 3074 119449
15854 6795 76266
13976 10075 5392
16478 534 103621
5664 7869 78762
4825 5850 41982
9191 7696 114998
7328 5103 21837
16773 17963 109987
14179 3469 178488
8033 6510 75494
1550 16914 66415
14635 10732 109987
17998 18187 146355
3839 14503 20969
1040 5070 126140
17657 15049 126389
1501 8383 39968
14475 2084 145755
11118 11564 55837
9274 10371 94530
4316 8467 25777
5855 998 49729
16784 205 66415
10816 15684 155605
6837 8739 139758
8229 14450 40083
9691 8977 145820
3677 7077 111310
9950 4777 155200
8984 8955 181832
10199 8646 2817
116 15771 1416
2525 15950 50998
13048 15977 77354
12363 12245 39968
5671 11322 194591
4428 5739 145755
14499 5464 2528
200 17805 119830
10459 9609 34428
14110 9670 43709
9099 8671 152439
12725 14162 139758
14895 14255 114475
4188 10949 167981
3617 18072 119449
5757 9141 146954
8883 4713 88717
4610 7615 146251
17809 10591 41780
13050 14798 145755
15971 14023 177806
9669 16086 40041
196 899 126140
8012 2459 146954
11255 16593 199406
507 16606 129461
5044 8746 185915
6498 374 132082
16774 9948 91424
8443 13530 91417
3306 12615 114479
13433 2618 3889
2553 3939 137686
17027 9018 16234
16280 8915 114479
17335 1469 5392
9319 18282 34420
15563 15798 21837
15253 5556 25071
4944 9292 129461
13205 10481 191131
9169 7512 98594
13780 12686 146954
11928 6923 123876
16650 10881 135548
4093 15962 83529
10602 13309 100290
8001 3130 109987
10058 796 149733
5407 14361 28287
9947 794 145820
9970 17570 114998
10039 3159 114475
6068 12625 89415
7269 11134 147722
7536 16904 152439
5634 1162 111310
4561 11526 33705
8029 15200 88717
18109 6543 155792
9815 8665 5288
14119 3368 25071
15468 17675 29207
11290 5408 175276
17162 16348 119449
11990 17980 123876
11680 12039 199406
4808 7330 88717
8483 14084 187340
8186 8769 89415
8934 3151 108612
16965 293 119830
12079 18006 83529
9605 7109 146954
3254 17527 109987
4309 12146 6562
260 13031 16372
17504 7669 178332
11974 4061 5042
7972 9098 41128
9324 17692 36966
14125 18216 103594
15096 7138 89415
13499 9704 52591
1763 17084 14262
2985 9263 50042
17634 4194 71266
1648 3814 103621
2163 11545 50156
2214 16725 126204
17106 990 63911
10910 8135 100214
16743 18098 71266
7050 6844 177972
129 9209 86803
1570 17271 39968
6023 13997 2817
12834 10632 114479
5500 6372 119449
15309 156 199406
4079 12074 190760
5690 17845 100214
16102 13313 62222
16455 6223 33633
6954 11704 146201
10837 1835 77354
6330 6303 164116
15700 779 73163
478 16492 14262
5090 13733 33633
7467 12147 63911
8227 18255 111661
13469 5486 120829
2191 14778 44981
10364 10492 145820
17624 1976 52525
17499 10199 100290
818 12045 102772
13763 3325 87727
4914 13415 24123
2106 2872 170316
12469 1289 49594
122 4736 102094
13016 551 185041
4175 14876 41982
12634 6166 149733
7758 13823 77354
2628 2279 91424
15149 668 21837
8085 8953 50998
12882 9692 146251
18191 13845 21939
14625 5353 86803
3263 15964 13331
9696 15395 28287
10292 388 5392
18206 16307 44981
4321 722 34420
532 9188 40083
2407 15335 180779
5676 10194 102987
11109 16337 190295
12872 11110 84763
1151 16012 178332
10690 13189 76266
12165 17467 62222
11412 1036 75499
11983 1650 183966
14404 2718 36966
12409 2507 180779
2345 9473 98594
4823 7638 90777
438 4158 185041
6549 3494 198502
10695 4786 34428
1662 14388 138102
1745 11975 178122
14936 17726 21114
3897 3633 191131
15075 15756 171623
3176 12163 190295
1541 8685 96706
16790 6776 146201
10032 13113 136615
4841 10816 114998
12105 15588 146201
9523 4856 2071
4304 9602 94530
7954 11567 114998
692 6137 178332
577 17297 17979
2813 1421 20969
9418 11425 102772
3909 16807 64821
4547 5759 103594
2911 8522 114475
9928 1881 194811
7017 7291 123876
18299 6097 98594
11433 12809 29207
9363 12348 139311
2196 3942 135548
3872 6231 119792
12655 7747 80030
2705 17896 178332
2022 4079 6562
435 17853 11650
17401 7120 66415
12497 14464 171604
4276 5753 122610
1216 15755 82022
15198 6431 136615
8156 17496 185041
10575 10053 17979
4378 15689 40083
15852 14637 137686
8157 12756 52591
5704 1706 102713
6379 9282 167981
7110 3942 194591
2738 7810 185915
4522 11566 120123
10483 3810 87968
5015 16822 118499
3085 12147 152368
17146 11540 111310
17884 1053 66415
10203 12789 155200
812 14758 76266
2142 8726 47523
15629 4660 6562
15410 2372 57177
8891 6033 36413
10333 6731 146251
13227 4553 155200
8363 3402 170316
2557 2409 66415
3321 5744 49594
5392 13594 126204
9124 17853 91424
8853 1362 198502
4959 7672 75499
16746 2439 43141
13501 8502 20623
10026 6122 181832
9620 8258 34420
15352 16982 190644
1769 11941 103594
17177 10251 40083
6751 13040 88717
8334 3314 103304
15065 15240 136615
15584 2521 100214
243 12438 28287
13590 9854 73294
3504 10893 84763
1794 17780 135548
644 2955 73163
1085 13107 96706
11121 739 122436
15834 7272 73163
1851 13073 167981
1372 17669 16372
18175 14694 185915
8556 14705 187340
8485 5792 2528
14503 8073 102094
12538 12741 3889
7938 12434 175276
9387 3665 102094
8846 13405 15968
10504 18155 61352
16197 5502 41128
16289 9878 46287
4892 1832 114590
1531 11345 180988
6845 5220 91557
15408 16870 49729
8982 308 25777
6401 4181 102094
5127 9600 76266
8231 16705 185041
3079 18061 42179
12800 4392 11650
2058 2655 146201
14041 4796 147722
16571 13899 82022
14674 6073 157464
18168 7480 167846
17380 3670 186117
12430 8957 21939
7338 2332 83529
12382 16974 25071
16369 13153 168086
1092 3552 191131
12238 12894 20916
5224 6575 100290
7132 15642 191131
16426 14291 91557
610 5845 21939
15499 4849 16372
12170 5948 180779
9281 8462 109805
7337 3448 36966
14828 7626 132082
5201 17063 5042
16562 7076 132082
17571 14767 111310
6665 4118 75494
15769 12317 177355
12207 11170 146201
11919 7038 96706
17783 5363 2817
3518 14541 76266
11451 15908 190644
12418 14944 170316
1031 6012 28287
11156 7647 187340
3146 2666 137686
18125 10762 34428
12858 2409 90777
3382 1743 181832
3360 12681 94802
15658 12890 61352
6867 15487 180988
6997 15131 136615
4929 8868 83529
9292 7810 73294
1594 2721 149733
17943 4143 21837
774 4940 43709
14074 14159 6562
838 16951 181832
14904 16768 2817
9185 6580 5392
3959 11299 82022
10788 17355 40083
11905 14795 1416
17558 1841 177806
16292 5201 188528
15132 7166 14262
12216 1138 37918
17270 16885 2071
15994 10940 122610
10042 15357 190644
10866 4683 102094
11026 12573 33633
8783 5326 199022
3379 17255 98753
3062 2991 139311
17339 8091 181854
11027 12712 167846
9386 4726 168086
3501 995 111814
6091 15793 120829
10316 7445 103621
4572 2917 198502
17189 18080 145820
10729 10801 175276
6275 11900 146251
7896 4582 50042
3765 7633 167981
15139 13571 50998
714 925 2071
11215 13949 50042
5320 553 29207
233 13131 58235
7263 5930 41780
60 7924 108403
17111 11243 11650
14215 10996 84763
5885 16478 102987
9821 14078 103304
15517 5721 146355
12591 17386 41705
17472 4059 36413
78 5442 198502
3870 12555 102987
11022 8034 167981
11245 15203 194811
14605 8183 170316
16940 11531 80030
9567 16033 190760
13514 10125 190760
8845 2229 111661
2921 1492 152368
2032 14643 138102
11139 269 36966
6280 5537 123876
770 17735 138102
4997 4249 42179
14802 13250 100290
10252 3149 145838
9647 15227 171600
8125 1322 170316
10660 4530 164116
11075 8868 100214
1818 5238 145838
9029 6711 62617
10135 493 139311
9686 6398 126204
11142 11446 87727
11360 12195 94802
18133 5241 126412
14458 6644 133736
11091 6642 38720
13992 16549 181854
15456 2584 41982
11995 4309 171623
14710 15303 88717
12942 11634 185041
14327 14264 50156
13268 921 96706
10863 1307 102772
12674 3262 108403
3602 4739 66415
2895 650 87968
17011 4621 146201
1134 12969 145820
8145 2919 133736
15015 6581 36966
7516 1067 187340
8763 18107 138102
9592 11111 180988
104 3037 1416
9888 8104 133067
1218 2379 91417
15612 18176 21939
18090 4158 105239
8942 4379 171604
13350 14448 102713
2615 5011 84763
15322 8801 13331
8771 5644 11650
18163 9608 190644
11469 3489 41705
2360 16214 50042
10934 7639 99071
11714 12653 178488
5541 11878 126140
12068 14379 15968
5768 3208 50156
14158 244 119830
13636 13640 194591
10855 15945 98753
7619 13492 86803
16466 14128 90777
15487 1166 149733
14487 5298 126140
817 5203 199022
18081 14269 88717
13781 48 190644
1809 6366 64821
13995 6782 118499
8134 3766 98594
5013 2437 100290
17655 1067 94802
16308 16492 55108
14638 11888 185041
6441 9798 136615
2938 7406 170316
17721 3524 111661
15565 11131 75499
9129 290 49729
6102 13360 190295
10720 12559 99071
11356 2611 111814
5457 2485 55837
800 17549 149733
13345 12235 114475
11464 9224 20916
3444 13683 2817
6500 2165 119830
10890 11024 2817
17184 2012 199406
3694 2662 107854
10079 3425 194591
3144 16716 35170
10943 12708 28287
8613 17033 94530
2873 15395 119449
15853 16202 114998
11212 13837 10957
15055 3994 55837
13999 13237 194811
3742 6265 62222
12992 3765 5042
162 17532 146355
16069 2494 171623
12652 9447 37918
9089 7545 61352
3976 1029 177355
11914 978 24123
1421 6804 43141
13159 12345 43141
15736 3967 10957
16587 7028 43141
15002 5880 63911
944 58 111661
6852 10962 43141
16203 6881 145838
15260 6776 41705
15784 13716 103594
1926 5680 191131
15606 283 111661
17081 14044 175276
118 1434 33633
8965 13198 41128
3672 6283 180988
10604 8078 133067
14708 2736 36413
3657 16326 62617
13011 13612 103621
4375 11155 190644
9747 5573 123876
4830 7853 24123
3316 6383 103594
2042 8761 44981
11853 4326 52591
16722 12335 118499
15274 9018 33705
2988 16675 199406
4662 11101 119792
2120 6307 146355
4517 11666 90777
16956 2965 50998
5940 4740 155605
4734 50 170316
7477 9371 146954
2192 7668 20623
1487 5574 91417
2778 15997 111661
11449 17541 155792
10897 8553 5042
7813 8110 88717
5027 8982 105893
11113 14903 14262
17475 5133 41705
9241 17508 63911
10399 4808 90777
1744 10698 38720
16124 5251 42179
10005 16306 94802
15248 561 2528
2324 12090 155792
17747 1202 94802
3685 7072 126204
1750 6773 13331
37 17808 137686
9571 4198 199022
17437 317 29207
14456 13431 137686
13231 15262 165806
3240 18293 191131
17510 13728 103304
14108 16456 126140
5837 1104 171600
13860 9735 190760
15478 4821 11650
17832 3251 21114
9756 110 57177
1635 11845 114998
2545 840 171600
14451 16515 105239
13610 17614 109643
6862 14898 36966
16189 2300 80030
5838 9963 1416
12356 863 5392
16841 17415 103594
5373 4891 170316
12050 15515 111310
10802 11012 102713
11440 11937 139311
17114 9302 109805
17392 988 177972
16346 6727 91424
12631 12911 108403
4225 9518 2817
12765 8099 188528
3393 13707 186117
8780 5203 198502
3136 2283 41705
6746 5431 108612
1089 6009 123876
3229 5094 2528
15536 14394 43709
9031 14087 35223
2563 10358 52591
4421 2175 180988
5293 6739 21939
16789 9698 190295
17999 15288 55837
17326 2855 21939
8248 4857 88717
6896 3931 114475
4261 6110 122436
7158 4460 100290
10868 14366 33705
12206 2215 50998
16237 10632 1416
13511 14220 118499
7447 8615 111814
17125 7995 175276
15175 4927 152368
667 8331 43141
6735 12651 34420
13173 1704 178122
13014 17503 178332
3658 3511 166049
210 1430 181854
13179 10608 71804
7148 16825 178332
10090 12176 126389
2359 1993 21837
7239 8777 98594
153 14686 146355
3230 8442 41982
11083 6769 34420
1846 17711 36966
984 17645 21837
18302 8058 181832
14569 15528 145820
13213 10062 100214
4615 1092 138102
12142 18096 111814
12397 6443 120829
5273 16598 44981
70 10141 33705
12568 6722 13331
2403 5989 50998
8444 11443 75499
7075 18289 5392
10191 6170 100290
4071 11101 41705
548 18286 114998
3924 16037 152439
4027 1330 120829
4742 384 20623
10783 3751 50042
11685 12943 136434
1405 12713 98753
1903 6904 155792
1834 12165 136434
2530 15585 120829
15976 3192 102713
18096 7920 55108
14141 12090 194591
12837 8729 50998
13683 10893 171623
10334 676 2071
8958 341 16372
9096 4877 107854
7975 7537 55837
13224 1527 129461
13928 7049 34428
10782 10051 114998
4154 17417 152807
16868 1228 37918
18255 14290 157464
8356 4947 170132
16501 12543 43141
965 13345 178122
17157 12628 21114
8417 16994 198502
4869 17911 105893
11188 10187 47523
14596 6107 135548
13060 5121 73294
13692 13260 111310
10414 10671 41982
2602 15597 155200
11425 12124 109643
5183 1747 105239
2864 7206 171600
12006 8044 35170
2783 574 91417
15560 18146 175276
6712 6543 1416
5147 11890 102987
4264 14117 61352
6675 13831 16234
14998 4086 118499
6571 12364 49729
11250 11858 198502
16186 252 164116
17622 9246 47523
11061 3295 147722
12233 14828 139311
13142 17963 5392
8271 3778 178332
3466 16439 17979
8719 6567 98594
5973 2367 186117
1929 11790 73294
15295 13195 180779
13682 6065 126412
18037 3198 86803
15836 13979 5042
6033 1967 33705
8587 3585 119792
3051 8240 102987
13052 15925 136434
5038 6242 94802
6956 1404 34428
7748 2485 11650
15340 4564 126412
11737 15806 20623
5163 5478 199406
5394 5411 167846
14564 11008 137686
17632 17220 181832
13679 15588 126140
3701 12782 178488
4743 8491 102094
2655 15282 190295
5680 9824 21837
9915 5878 120123
13827 12802 181832
15873 5894 170132
17457 12028 177806
17091 13605 111310
7266 15282 157464
16675 1214 50042
10225 16609 111310
15155 5784 20916
17306 5358 102094
15604 15790 146251
6667 14769 1416
17269 3494 199406
2198 4958 41780
3436 18015 136615
12435 13599 52525
5030 8270 190295
1240 5292 103621
17991 364 16372
14222 15188 48420
6313 2208 114590
8433 5065 152807
11498 11347 48420
11208 4715 92557
15040 15749 29207
5508 3512 167981
18048 418 152439
9077 156 48420
16983 1036 183966
17567 5756 91417
1296 17145 147722
6092 16351 100290
7270 13414 139311
8861 14501 146251
6714 760 6562
12938 5212 180779
2708 3129 185041
8554 11773 181832
9634 17425 146355
912 17077 118499
1957 7591 55837
1608 17030 49729
1992 6112 146355
17816 1108 102772
16349 3405 133067
12351 17950 178122
3234 9983 17979
11385 4080 41780
17227 8893 20623
17952 5431 118499
2833 15492 133067
8298 9824 10957
11688 7629 77354
10684 16587 109987
16006 749 139311
112 14690 83529
2875 14023 50156
11037 4113 190644
10809 2537 145755
15241 17592 50998
14615 721 35223
12291 1330 171604
3258 11604 129461
12400 4234 43141
15752 1221 41780
3554 12090 138102
18241 8950 168086
9385 6290 61352
412 7395 102772
11349 515 16372
9265 5985 120123
3509 13174 147722
17582 3381 16372
12549 898 86803
2861 14624 111661
5950 7551 123876
4075 18163 49729
7321 8124 75499
11697 12312 178488
18290 3830 87727
4539 6007 105239
12648 12387 109987
5137 4194 50156
8706 1459 41705
14919 15357 155200
13915 12875 71804
16576 10047 147722
8931 15603 111310
5862 10506 199022
2243 8268 152439
13791 16998 102094
12452 14137 145838
18011 15862 183966
3928 4574 191131
16287 8304 63911
290 13330 166049
10373 11920 167846
13122 12382 35170
3476 16080 186411
8721 6416 149733
2228 4913 181854
15022 7073 190644
12466 4794 102713
9957 15957 48420
12855 10542 13331
4357 3568 185915
18227 17644 177806
892 3250 105893
7615 16430 78762
7509 8032 66415
14311 12438 2071
7464 12942 92557
10562 12655 5392
7693 15688 109643
5431 12929 146201
14268 4955 170132
9379 6583 194811
12886 2146 2528
7739 8473 5288
3538 17556 108403
7701 5087 86803
1966 6305 75494
4163 1796 155792
7572 5861 5392
16018 3757 133067
222 4254 111661
10630 16873 24123
11541 2800 178488
2865 5783 75494
16723 10407 107854
13540 10522 181832
8431 3680 122610
12981 2680 40083
14461 16225 34428
13735 17445 171600
221 7107 84763
2722 5473 100290
5840 14909 50998
7723 13615 20916
2542 49 180779
5171 15940 107854
13684 5950 152368
189 15208 109987
14794 10650 90777
2964 1019 33633
7941 2563 35223
1722 18093 34420
7223 3922 183966
4661 17952 20969
3910 5451 29207
18250 15147 180779
11436 13713 41982
9721 1452 33633
8629 15746 199406
2252 2503 33633
831 8971 165806
12519 11495 21837
4495 331 5042
11826 14682 91557
10584 12421 114998
4605 7332 20916
17912 13780 178122
15350 13260 29207
2692 6738 109643
15913 13583 171623
7386 6682 98594
12391 8268 40083
17477 10220 43709
14004 10793 159719
386 13342 71804
4528 9864 165806
3892 4388 99071
8170 16082 73163
11738 12585 57177
8136 3335 105239
15804 728 63911
17978 14102 120829
15036 4786 20623
7204 6879 35170
2727 17593 52591
578 17564 186411
5668 3612 17979
10474 9453 178122
6334 4628 171331
2893 12764 178122
671 12591 178332
3894 1302 17979
16302 10457 187340
12973 2869 191131
13978 8757 3889
1220 8462 75499
5364 17292 37918
699 8924 129461
8671 1977 147722
1448 12999 96706
16290 15166 64821
13526 7018 52591
6736 6098 78762
3860 7149 86803
6078 7120 167846
7545 1013 157464
14522 4566 199406
6682 9372 133067
6410 237 126389
8753 17376 171604
15004 6392 71804
5602 1660 5042
971 14983 80030
5692 3120 90777
3648 5241 37918
5728 12617 185915
1858 4437 5042
3443 9910 24123
523 5545 16234
4149 8981 40041
8754 5065 62222
13659 16363 199022
14517 14836 75499
13361 16351 111814
2001 1717 119830
12201 13778 114479
6378 2571 199022
12745 14855 186411
12533 16738 73294
1334 3374 126140
14296 10632 50998
11681 1123 165806
17895 10660 181832
17042 7885 76266
2270 7200 152807
12527 13276 63911
18003 14484 157464
17689 9822 41780
8582 18283 77354
11627 12089 145820
11652 3192 146251
15019 5818 75494
17925 13706 42179
16026 4770 102987
14360 9406 86803
5981 11170 62617
5686 12181 180988
13764 15519 165806
4838 2367 49594
15713 4174 52525
2547 622 107854
6074 13833 136615
14472 6916 10957
3334 3439 41780
9934 18179 155792
16141 14777 119792
5610 13546 50156
11130 7686 50156
324 7902 43709
16943 5960 194811
13068 12949 75499
4190 7789 20969
10651 341 105893
3680 10685 151438
12936 16127 82022
18245 13470 62617
4932 9298 86803
15144 11194 42179
12505 1485 77354
821 10588 5288
17093 7587 52591
16548 1617 11650
10289 9574 102094
7757 6078 78762
15973 16868 146251
4780 1374 41982
895 8182 122436
7530 1805 46287
13309 1354 108612
10155 7810 133736
11230 9977 41705
13536 4052 57177
2996 11311 111310
9982 12362 75494
5094 9768 5042
8154 8312 187340
4951 10594 118499
4481 13360 73163
8097 11870 71266
2906 11411 105893
4251 10127 73294
14036 15993 13331
12175 6141 198502
18239 8547 185915
7722 11431 75499
2819 5258 149733
11613 4595 108403
5709 14263 91417
13552 15874 58235
12379 14801 136434
5406 3990 111310
18068 7337 178332
13030 15437 181854
18020 16517 159719
12744 8367 16372
6642 2302 180988
9037 11122 122436
11805 13199 14262
6855 8520 47523
8765 9236 20623
6167 7158 88717
11131 15107 152439
9273 8614 42179
819 16414 136615
13101 15633 94802
2974 17381 2528
6450 566 16372
15907 5839 50998
6540 9842 191131
11017 2969 83529
486 7077 47523
1490 5594 145838
14245 17380 111310
4218 10452 41705
3117 7642 146251
17192 2318 91557
6869 12157 146201
12553 16152 43141
14422 4173 46287
9276 6168 111661
5219 9989 35170
1262 18054 43141
17085 5394 105893
14726 4768 155792
17103 14433 89415
5596 6196 52525
10712 9292 47523
648 8017 107854
15030 15192 102987
10842 13701 86803
12826 14073 87727
17698 4326 178488
5854 7807 84763
12342 4144 105893
4212 3126 15968
811 4066 152368
15112 8901 191131
7343 13452 126140
796 4726 122436
6089 10756 13331
1857 4435 149733
13675 14243 133067
4405 12286 34428
17311 6498 120829
3887 7807 94802
10878 9168 37918
7969 1341 146954
2049 16549 180988
8944 13639 49729
6244 10893 136615
2937 12517 155792
11897 629 86803
5761 15660 154311
8015 184 114475
6703 15659 114998
17282 16675 44981
13664 1285 194811
2817 10768 17979
18235 10850 139311
17234 11780 43709
16887 11316 62617
14088 17297 152807
8670 4554 35170
2610 3676 103304
10768 6943 171600
17225 12596 178332
5257 1216 139311
333 1726 146251
11315 1230 41780
8933 17926 154311
13570 6813 178488
1229 12716 20916
11509 639 5042
2423 14267 20916
9908 10762 109987
14870 13946 61352
11591 18213 57177
3404 17709 109987
8044 2412 138102
4320 11614 155605
16805 11566 114590
8148 5815 152439
14928 1264 181854
5614 829 120123
15642 18277 91557
1149 13160 57177
8816 8065 33633
14990 17445 178122
6175 4669 100290
11060 138 34428
940 17800 91424
3343 15878 94802
7566 11540 111661
12620 6766 75494
10358 15675 114479
9461 17607 14262
3856 9698 5392
3138 2610 64821
6800 8718 122436
18021 8466 119449
5716 5545 185915
8562 4580 167981
4233 15265 34420
15613 13120 186117
346 4537 149733
6349 4687 3889
11904 3007 62617
15240 15361 73294
11457 13672 181854
327 17988 180779
3242 17395 186411
3955 18098 152439
13822 12703 180988
12663 1130 181832
2306 6812 120829
10564 2546 102713
9368 1857 152439
1671 12028 50042
16196 3819 103304
13418 8674 39968
4558 15203 136434
11277 3695 75494
3966 6079 29207
39 16544 25071
10576 16625 29207
171 13437 120829
12124 13603 114998
7720 662 91557
17868 8520 185915
17691 8238 42179
13203 9853 55108
9035 17271 80030
5140 15605 168086
2390 3755 149733
9151 6932 87727
11454 16096 98594
9466 9932 171623
9614 5902 102772
4025 7395 154311
4431 10928 49729
16911 4107 137686
4665 14661 66415
7600 12668 186117
9917 2874 42179
17917 17116 168086
10075 4054 188528
915 14629 80030
15079 12450 17979
2748 11527 114590
10774 7300 89415
12385 4059 129461
14284 8463 88717
9832 7451 17979
10634 1551 91557
5532 7939 16372
15946 14377 155792
17188 7174 91424
11565 14377 73163
10000 7996 146201
16895 7219 129461
14551 16843 34428
6689 3314 119792
8610 1019 57177
14960 5121 61352
17919 986 94530
3159 16352 111814
14521 16620 87727
9393 16648 105239
650 13319 62617
8074 13905 105893
6103 9854 171331
16875 14511 13331
16736 11064 171604
337 14157 157464
12761 13392 146954
15328 12659 155792
11776 14460 146201
10612 3328 180779
10980 5372 34420
17770 2140 63911
12676 9533 99071
358 7629 135548
8126 6079 137686
10756 16352 164116
8959 8256 15968
18057 3137 109643
11658 10123 55837
15979 127 151438
4418 15304 50156
6871 17691 133067
16714 11540 87727
12622 18085 21114
10656 2944 2817
4577 13959 2528
10745 7733 34420
17620 156 5288
17456 9892 78762
10180 8955 151438
12478 875 177972
5592 897 155792
8560 12214 133736
13176 4495 119449
2814 9341 177806
17675 4260 145755
8680 6139 20916
12052 15192 21939
15739 6288 99071
13864 16861 73294
8098 4802 40083
4205 15997 2817
17651 10842 80030
570 3594 146251
9011 5798 187340
5246 12951 2071
6082 12736 109987
17880 12471 171600
1193 3803 139758
16272 8924 178122
18230 12062 25777
3327 7856 109987
572 8072 78762
15026 2757 96706
12313 13167 108612
8203 14751 186411
13006 2932 94802
6377 2916 43141
11907 17956 177972
16388 6466 152368
13461 3421 52525
13348 1251 190760
11354 5865 64821
16048 11696 92557
9762 15561 120123
1304 2782 136615
16665 15221 139758
4243 134 2528
17963 12287 92557
9611 236 98594
9811 9910 146954
1827 10123 133736
11502 5740 152807
11716 11089 171600
15590 4445 102713
9420 13941 109643
4179 6146 5042
15336 10641 91424
5138 12784 55837
5795 6 41128
13325 13169 37918
17762 7873 120123
16541 12682 186411
5022 10771 25071
1242 12039 114479
8146 8997 41705
11793 13618 133736
1107 1894 155200
329 8401 88717
5620 3261 52591
16645 6165 87727
7237 17894 168086
6622 14708 129461
15208 7724 98753
12993 15523 114998
10050 3931 75494
14443 341 180988
8349 10324 183966
4344 6998 13331
13957 7694 170316
2379 1700 100290
11493 18168 129461
1295 15209 50042
1923 17045 105893
11891 9857 109643
8640 8385 77354
6769 2393 34420
4484 6969 96706
16362 17246 194811
15829 11337 76266
2934 10712 194811
5346 3287 194591
951 3660 50042
5282 13169 29207
12659 8710 146201
13102 4614 114590
8578 14380 170316
2677 6804 41982
14442 5116 149733
16267 5948 99071
15070 11785 155605
5499 8528 21939
4451 3439 199022
11324 1551 75494
17495 7642 178332
970 1938 102094
4456 2148 50998
4008 8628 6562
10269 5530 35170
15126 14159 66415
8914 18179 103621
794 11401 177972
17448 7525 139311
3842 6141 145755
11032 9805 157464
7357 10792 122436
3001 14094 155605
2401 15112 33633
16642 17614 109805
14735 9710 89415
2469 1165 24123
8602 3676 136434
13029 12785 159719
10903 9227 25777
6461 13679 94530
16409 9297 20916
14897 5009 166049
6471 15579 46287
6831 15633 114475
11472 11471 42179
4503 2054 16234
14319 1461 21837
2569 9663 120123
13931 5238 44981
9889 1165 105239
5794 16404 21939
7394 11397 107854
14610 18270 180779
2337 1110 24123
5340 3116 109643
10773 5424 44981
6664 17675 25777
2811 16438 46287
15277 17007 88717
15646 4365 58235
12860 9019 120829
13910 8871 183966
9905 12537 190644
2113 1902 120829
3477 13570 73163
12636 8250 88717
8702 16707 29207
15469 4778 111310
9972 1253 114475
12590 12615 77354
13236 4049 139311
14760 1733 62617
13125 2220 146954
15891 15662 194811
12265 16339 49729
1281 3263 133067
15885 6239 49594
2006 3533 135548
5699 12589 20916
10447 11141 36966
5153 16733 185041
12338 16633 52525
12540 4016 83529
16997 6307 13331
7481 10899 155792
10099 5129 46287
6518 3114 57177
2793 12737 1416
10121 7574 75494
4672 10969 119792
14390 14745 87727
15948 16707 52525
12701 14850 109805
7401 111 146201
9976 7028 5042
14468 6043 105893
16428 16189 21939
8678 14584 155605
10553 1413 109987
4160 3300 66415
16262 7810 99071
18097 17953 154311
3044 9121 34420
18167 794 109987
10905 14330 145755
5812 9225 107854
609 10947 152439
10356 17739 96706
7818 4898 35170
724 13248 190760
10887 11240 71266
9232 10240 34420
14830 3250 98753
6307 12618 155605
9752 1891 11650
2147 15591 167846
1628 811 92557
13715 10974 43141
11648 17688 145838
11742 16144 102094
6741 8332 66415
13010 3452 164116
9757 17795 103621
6146 10410 39968
13746 7153 82022
3418 5539 190760
10681 2932 61352
14640 9724 180988
16602 17850 46287
15424 10624 43709
10581 9772 155605
8608 9356 126389
9761 4630 108403
12139 14956 119830
9347 1404 29207
5218 5777 155605
14703 7634 75499
9206 2489 190295
10541 6512 24123
17570 13753 49729
4284 6800 36966
11236 2496 146201
7632 13997 166049
1629 5781 147722
11934 10583 29207
3611 14396 20623
13600 13047 129461
10424 14567 87968
7428 1174 181854
18282 13816 108403
1270 5402 170132
7049 7022 2071
1759 7242 154311
9955 6944 132082
7711 7010 87968
11339 8170 41780
14765 14761 181832
12476 11036 199406
15742 12842 102987
7702 7716 37918
498 9023 154311
12021 721 61352
4132 18280 159719
7001 9651 119449
4293 14458 98753
11272 214 5288
15485 2381 11650
8311 14072 187340
12563 11162 105239
5575 113 194591
16309 6419 165806
5319 10508 62222
2328 17592 118499
8142 8319 154311
1875 3501 35170
9148 8587 178332
11140 8752 57177
3803 1211 188528
8552 5979 2528
15996 1495 126412
11973 3182 64821
8272 660 62617
10089 1843 186411
10609 13077 185915
7651 16716 91417
4867 3904 50998
15893 1091 111661
17546 1203 109805
1061 13337 52525
12249 15226 122436
15800 1436 171604
8842 1186 58235
3007 3000 171331
17244 12338 186411
17384 3797 2071
1321 9386 88717
2362 1441 55108
1889 17678 155200
6780 13003 126389
5123 15227 50042
5190 18272 64821
6233 426 126389
10107 10524 114590
8604 9607 94530
17400 16448 6562
16007 4248 71266
942 10556 146201
10544 11607 154311
15582 3073 87968
8028 5799 199406
14999 3984 91557
17226 17098 198502
2627 12629 55108
13084 2914 168086
1342 4715 41780
16469 11651 83529
476 10511 102713
17992 243 34428
5627 6626 171600
3627 15445 118499
16817 13682 145755
4084 15323 123876
10751 1285 91557
3439 8963 139758
4958 8809 91557
5569 8465 73294
2637 17198 34428
10849 5800 36413
12915 17106 105239
9208 407 15968
13709 10732 146954
4965 16682 133736
5366 5965 183966
11050 8546 136615
13543 9902 5042
1830 3478 2071
11677 17440 63911
87 3292 34420
9372 7288 38720
16851 1737 40041
13162 14959 138102
9093 58 155792
15817 17085 194811
5798 16639 139758
15809 14285 145838
18183 13665 92557
16484 6909 28287
13015 11694 159719
1294 3095 42179
2194 12569 177972
13161 6255 166049
9111 14854 177972
1215 12788 109805
4197 10732 49729
9876 4357 20969
15833 13279 171600
15564 17655 2817
4185 13583 137686
1663 2169 90777
1332 6363 21837
12602 10467 76266
2767 9678 139758
15032 15434 34420
2102 2262 114590
8681 15338 77354
9768 8938 11650
9754 6477 28287
1619 9679 20623
1084 5478 50156
4761 18139 177355
8630 18010 75494
1873 17337 75499
12945 4670 159719
1274 9040 102987
10536 16278 34420
7911 5130 171623
8896 15542 62617
10214 348 73294
1983 5085 100214
3199 8377 132082
1547 14670 171600
9312 8121 185041
13563 16310 75494
10119 9641 49729
1947 3455 91557
1732 3277 41780
18295 12774 102772
10716 9279 102094
9974 13673 80030
12829 8221 155792
15581 3548 96706
15101 7630 35170
558 11210 40083
5967 9880 191131
7151 7071 11650
17064 17499 38720
642 17908 138102
15475 6922 187340
8939 3584 25071
5155 17896 94802
3248 590 58235
8208 7527 109643
10443 3703 71266
14764 13045 57177
3711 9608 177972
7041 14282 5042
8003 8760 42179
8632 5143 145838
3376 15908 6562
1127 3495 146954
15158 11635 80030
6770 9401 146201
2766 1258 49729
1080 7418 11650
14565 12030 170316
988 2741 89415
17813 14275 21837
15346 6899 52525
4331 10732 62617
15167 7200 86803
10096 15714 126412
1188 13276 119792
3725 17410 199022
14080 9015 21939
13447 10137 190295
11108 4822 46287
8682 1214 49594
103 15348 75494
17792 15499 49729
17851 4228 102772
17255 10120 198502
5558 2409 138102
14619 790 145838
5271 3365 185041
12695 2532 178332
10181 5796 49729
13346 5032 145820
5170 13605 33705
3581 6986 194811
1224 11067 139311
716 3689 25071
5515 11465 132082
12446 16835 36966
2905 7378 34428
3632 9924 77354
4010 13671 171331
7259 7535 71266
8358 14343 194811
5939 11697 151438
6909 8099 71804
12334 341 146201
5774 9502 155200
14611 6437 154311
7953 29 94530
12923 3520 136434
12005 15151 20969
18016 6686 75494
9827 17914 17979
3869 5902 39968
1625 5427 180988
9798 15898 63911
12081 3637 40041
17216 1168 102772
13263 1173 166049
15445 15342 149733
10053 16648 129461
7070 2652 118499
11857 15437 10957
16530 15743 66415
10824 3421 199406
12811 8454 5392
14369 8019 166049
18045 13749 2817
7952 5304 76266
8918 3173 29207
9612 7003 165806
16925 2148 14262
7791 8660 177355
8833 6012 120123
12160 12229 119449
4557 9609 98594
15624 9736 91417
7641 3285 198502
5063 13254 111310
8325 17226 2817
15088 12210 171600
4452 5800 109643
17861 2948 199022
8990 17294 109987
7997 2391 50998
184 12117 21837
13136 5715 103594
15168 6074 190644
658 8543 84763
6873 6102 50042
1432 2674 152807
16701 7190 50042
1995 13160 152439
5698 11054 34428
12300 10522 49729
6718 12606 119830
13332 11159 82022
7848 9494 73294
4857 1548 122610
17435 13045 149733
8704 13040 17979
7879 13301 5042
1709 422 178488
1375 10881 167981
420 13469 139758
10147 14644 102772
15386 10079 122610
5927 12571 138102
4545 6724 64821
5525 14882 171604
4253 18012 103304
14853 11435 198502
3996 17646 64821
1876 16413 139311
11940 16493 137686
15872 7747 29207
7756 3080 132082
5597 13946 164116
18207 13540 111661
13606 1398 102772
1905 12344 43141
9365 1717 190760
17405 6688 167846
8382 9824 2817
2474 4126 126204
5766 18053 44981
11407 18273 50998
11968 10529 71266
13582 8543 107854
10952 9889 111661
5782 5835 57177
15549 4551 108612
13959 14186 34428
5583 4286 145838
3927 16352 78762
1717 8923 109643
11547 2666 49729
17024 8894 35170
10209 1931 171331
17182 7028 170316
9728 11566 5042
5493 9374 177972
6418 13405 175276
5491 11446 77354
5773 11163 139758
14077 8066 75494
1984 12373 199406
1121 3334 14262
5159 14854 55837
9139 602 102772
5209 4036 151438
7703 18016 105239
3706 12907 132082
15921 6517 5042
3867 2407 25777
12346 5363 33633
13020 7480 42179
10478 15828 91424
14572 3478 35170
5654 4383 186411
1119 16408 41982
10118 9839 62617
9526 17225 29207
17062 2873 194591
17449 13236 114998
12715 393 92557
206 11314 111310
4151 13908 103621
14246 12620 105239
3521 2146 186117
13338 5487 1416
3812 12739 111814
14797 14220 87727
15086 8095 66415
11494 5213 191131
11259 1831 100290
8526 9989 111661
11930 12969 15968
86 4677 29207
14697 11636 44981
10139 13744 24123
10895 9824 25071
1078 11936 103594
16968 15126 146954
15991 8902 166049
6917 3193 194591
7507 17735 5042
17167 5858 20623
9536 4382 171600
10818 4145 185041
5264 4395 120123
3277 17459 171600
3526 17138 171623
10846 9424 43141
17139 11460 100290
18060 7898 102713
16609 11265 111661
42 7524 177972
10566 7928 99071
7282 18131 84763
17730 6795 136434
10941 4011 11650
5826 2929 136615
15883 708 14262
11872 17882 33633
2276 18128 83529
5356 9851 126140
4436 14356 21837
10760 15524 186411
3353 17211 103594
17746 2105 58235
12270 4505 145838
16411 16085 109987
3375 2148 103621
6802 14620 64821
7795 4664 87968
14323 9313 114479
787 3621 167846
15491 17308 57177
6553 12397 78762
14358 17567 5392
3734 7070 44981
15045 17828 50042
7314 6372 133067
6561 9708 99071
7984 9400 122610
7279 6611 2071
5263 547 190760
2060 17572 76266
5791 5373 181854
4038 8210 103304
13368 6557 34420
7013 968 129461
5184 16904 71266
3967 11437 155200
593 16426 3889
1862 15545 58235
3651 15231 129461
6357 843 21114
9338 9118 194591
7058 5781 47523
1844 5999 41982
15998 5286 41780
12588 3847 49594
17205 16036 119792
13916 16666 109643
5242 10560 170316
8212 8346 86803
10913 16037 98594
8531 14906 181854
16928 17985 57177
11594 15522 103304
17628 9597 33705
9407 17356 91424
12057 4057 98753
16558 2448 198502
530 6439 48420
5916 13281 102094
7532 9124 139758
17336 7200 62222
17642 17516 170132
1164 1323 185915
8403 5365 139758
1579 1181 80030
14155 5988 89415
9378 13856 102772
15750 1562 33633
15992 4388 21114
3278 17806 33705
13725 2575 120829
9936 8656 98594
7117 7629 171331
8283 7645 145820
5912 16542 198502
9175 1909 105239
8 12146 181854
2093 11444 87727
14664 15192 177355
7831 12106 171604
16518 16086 119792
4056 5223 180779
7376 7639 42179
11157 4771 103621
5888 12449 105239
4926 12832 120829
7500 9530 78762
17850 4526 132082
17573 8140 102987
11598 7531 10957
16676 18282 171331
14560 8267 82022
16465 8124 126140
17524 5203 178122
331 7885 24123
941 17669 120829
13533 3396 190644
16088 14950 21114
13157 334 17979
14013 6486 135548
5460 15109 24123
4245 14476 20623
15874 17088 126389
542 1351 129461
15682 3865 146355
18049 16815 186117
11752 3970 55108
10955 9889 98594
13226 8273 114590
11057 18221 61352
12162 9745 34420
2489 12834 49729
12199 16315 132082
13851 13989 138102
314 13160 3889
17117 14266 42179
10092 15840 13331
7458 7185 84763
218 6877 190760
7575 7212 100214
12348 8990 13331
5594 7247 137686
2199 5842 147722
4068 13464 52591
13726 2592 181854
15094 17340 178488
13787 516 171623
15161 12033 119449
12713 4108 94530
3275 2386 78762
6469 2618 44981
13495 12236 108612
10142 15281 33705
3033 14192 99071
5086 11762 102094
13311 16749 41128
7534 5954 149733
17213 13252 3889
11262 16642 103304
16522 16558 186411
16206 1446 180988
4754 3108 66415
3635 16877 25071
15156 9783 41982
17452 13603 34420
8636 5373 146355
15394 2063 5392
12459 17169 20623
10987 14622 114590
10990 2071 73163
17480 6864 5288
10906 3220 139758
15247 1177 77354
12666 7286 170132
14262 5880 151438
2184 6764 11650
15492 12269 102094
12933 14196 90777
12250 11928 175276
16056 11684 29207
6814 5472 155200
11455 5707 146954
17930 3387 146954
12088 5510 28287
123 8251 108403
1989 4492 186117
9301 17532 108612
15382 11564 152439
16081 2621 152807
9060 9991 44981
5213 10155 119449
9891 4115 38720
27 7536 44981
271 12712 171604
11629 8081 36413
66 8180 41705
15331 12051 126140
16221 11280 178122
2739 11206 120123
8722 15299 13331
8824 8419 132082
7738 655 109987
7862 98 171600
12 9904 10957
8669 12906 52525
7745 874 145838
16525 15189 145820
7406 1385 94802
10973 16334 186411
6107 5936 107854
2611 13031 114998
15888 1470 114998
14144 458 42179
468 1540 146954
13087 14543 21114
8213 3925 1416
11595 3950 2817
1184 17422 2817
7007 17026 135548
6779 10934 137686
177 13126 146201
16621 4819 94530
5026 17950 199406
5892 16885 111310
4461 9236 100290
8292 13429 136615
11427 16975 177355
7917 4182 61352
9589 7053 109987
7900 10014 5042
14159 1030 91417
4810 10842 43709
15463 18280 36966
2373 5987 132082
11079 2589 199022
9017 11757 49594
17138 15654 100214
4912 13076 96706
11770 7829 105893
12066 10475 43141
9055 12525 99071
11191 4198 1416
5197 1881 77354
2827 2209 151438
8399 902 191131
5070 4222 14262
11554 3088 147722
8875 6872 20623
5585 15908 187340
2644 4477 114475
14837 8186 133736
11410 11957 187340
18280 3132 76266
2316 17779 118499
4880 3012 129461
8644 5713 55837
16803 3329 33705
17856 4921 87968
10626 1873 146355
11418 11788 190760
16050 1912 40083
5561 18273 199406
11653 8505 71804
2309 12504 152439
6224 3074 119792
13538 13918 48420
10772 9248 199406
1074 3079 111814
17891 9142 180779
18200 13301 133067
10912 4235 29207
192 13198 137686
9802 9996 71804
938 788 122436
12138 4674 166049
17857 3484 123876
12399 14917 135548
622 16983 122610
15681 9029 75499
725 503 139311
4736 11780 199406
12798 6351 75499
16310 582 61352
10467 3120 64821
3695 6738 177806
16013 17807 34428
14647 12781 36413
10088 17238 64821
4364 7138 155200
6290 8658 75494
8301 6795 129461
17397 12969 75494
14584 2275 177355
11177 9386 37918
10524 3141 90777
1583 17783 98753
6054 16648 166049
5104 7894 25777
14988 3390 178488
10758 18116 178332
909 7459 40041
2694 3277 52591
4883 5350 186411
5386 15907 62617
9744 11345 102987
10165 3518 154311
14736 15301 94802
10680 1436 3889
8724 6944 152439
15777 13027 108612
8854 1968 107854
12043 2751 37918
12883 17079 170316
10795 2833 114479
9795 5698 129461
874 11191 146201
15256 7210 80030
5434 17771 50042
11730 5593 181854
11161 8551 114479
9430 18093 123876
8031 6139 109987
8464 15440 181832
10778 1212 102713
14940 7844 152439
7538 5412 55108
8281 7597 146251
11224 17910 145820
9725 13758 177355
6218 1461 36413
5644 16642 78762
15137 9000 28287
14072 4353 105239
17323 17920 34420
7297 2102 35170
936 7850 167981
8653 13458 145838
12517 12949 98594
11014 1585 137686
10166 4034 145838
4716 10806 57177
11243 10336 109805
2925 1248 108612
18089 17111 102094
11533 5031 166049
14310 5722 75499
4501 82 186117
15048 1269 181854
8460 7177 5392
1770 11125 25071
16908 4535 50042
5974 876 76266
15232 16746 171604
15362 15613 71266
14401 12712 103621
9727 16367 36413
10917 3390 114479
9806 2789 105239
18107 1485 186411
3805 3470 146251
16590 15301 111814
14757 6204 50042
11645 15778 37918
16118 4496 76266
311 4857 100214
5423 16865 24123
4209 7210 42179
6722 5434 14262
12055 6769 46287
10884 15037 42179
10168 7284 170316
133 15934 177355
16596 14049 185915
5077 2084 180988
2010 10919 50156
4910 15080 57177
5490 14877 167846
18284 17859 91417
12323 9503 157464
13881 8530 199022
2959 5388 185915
7134 7585 155605
9000 12523 47523
14580 17921 157464
17527 7393 136434
10790 9277 178488
8480 3671 146355
11831 1812 185915
12740 14571 136434
10177 6215 94530
16560 10353 145755
7909 12673 191131
14731 2741 165806
3952 12778 149733
646 12027 111310
7612 15410 49594
10266 213 55837
8406 17531 187340
15154 14523 165806
13104 13524 164116
3684 952 34428
14060 13486 178488
11580 2199 102987
10951 8832 73294
15010 12041 25777
16663 13815 185041
13517 2220 36413
15148 16660 123876
16991 16125 126140
7655 17200 168086
2159 6098 29207
2490 8696 13331
8667 3398 155200
6602 9938 43709
9218 5487 198502
4967 3869 188528
3078 5698 91417
2282 14327 5288
9394 13559 177806
17561 10920 52525
12031 16400 10957
12786 8859 114479
4626 5253 50998
7248 13222 114475
348 14881 146954
13047 4796 108403
4227 15733 108403
15539 17671 126204
5488 6456 109805
7442 9839 46287
6628 6439 17979
8005 5603 136434
13953 617 126204
9639 13393 152439
5605 13257 102772
16279 14616 25071
6835 11566 25071
6371 458 21114
1650 3640 38720
1306 1092 138102
2570 4473 90777
3771 14449 91424
3333 15564 139311
6422 6721 21837
11792 670 139758
6417 222 16234
13123 4185 55108
15440 3368 126204
1343 15241 155792
16761 13286 122436
5437 6223 75494
12259 553 75499
564 6380 82022
11713 12635 171604
3984 14690 178122
14420 1237 99071
11616 17317 181854
18075 15029 111814
8749 14594 94530
1314 6404 177972
9350 7760 152368
10678 7343 40083
416 15388 145820
7936 5984 50042
2862 15254 98594
14329 3558 10957
4207 9696 133736
8014 15571 138102
13665 18012 126140
17222 18145 89415
7214 9756 78762
12907 7134 102713
4747 7204 100214
2479 15539 139758
13076 10296 62222
14267 13198 58235
2539 9442 21114
12292 12062 29207
2801 17693 136434
16506 1855 186117
5622 5 11650
15830 6201 122436
6060 14623 105239
4845 448 20916
8329 17271 43141
59 14729 5288
12429 2944 14262
11972 12191 20916
6413 8848 43141
11404 3407 55108
16846 2976 25071
14303 8104 41705
14627 15512 146201
15372 4139 194591
16682 2784 50042
12395 15250 61352
211 16096 171604
3809 15828 29207
4115 11163 33633
16440 10481 122610
4367 8800 138102
12512 13162 78762
4323 6815 20969
11344 12711 10957
10677 691 190295
1681 12752 181854
3140 9756 178122
7645 5468 42179
7167 3239 36413
7052 6738 114590
5661 15908 37918
13699 8075 183966
9227 12975 34420
4240 16862 94802
1056 16260 157464
13127 17394 171604
3060 8228 171331
14314 2036 129461
967 17906 91424
3828 13076 52591
9272 14098 50042
919 6432 136615
709 7226 178122
8611 5825 126389
17609 16493 103621
5951 3732 108612
8083 12595 171623
5203 10102 103621
2014 13920 33705
11670 5464 119792
17662 8558 28287
3332 1212 13331
778 8251 48420
17618 5478 33633
7595 3303 138102
6929 7998 123876
5181 17485 147722
17248 2925 111310
14176 17395 171623
7393 16098 43709
3522 18214 111814
18211 5752 183966
17316 13308 145820
4046 6782 180988
17818 16864 181832
17061 10375 34428
10815 96 102094
554 14227 5392
14814 15637 122436
9205 5011 105893
15767 7259 94530
4766 7725 108612
6680 6181 20916
3487 6617 14262
3697 8084 92557
7821 17329 118499
14649 2717 146201
2681 11296 71804
10461 1224 178488
11795 14724 42179
8594 12574 108403
12140 2021 155200
14149 5084 186411
3621 9261 119792
17476 16480 146251
9641 1005 146954
9522 16191 3889
13333 7056 89415
3718 3261 136615
783 5652 102094
9306 18064 120829
12950 13432 52525
4917 9486 107854
1871 7851 118499
1938 6837 146201
17251 12881 80030
15668 12344 164116
8735 11628 88717
97 9358 122436
13748 9373 136615
53 3897 171331
4795 5603 98753
4570 6100 187340
7451 4685 62617
9464 17135 147722
16564 79 177355
11543 7886 170316
3180 6010 191131
8623 13465 16234
5830 15285 190295
8591 548 145820
13872 7521 75494
14859 1579 167981
16604 1849 186411
13812 10316 188528
13963 17066 64821
13491 8757 111310
13502 10778 114475
4856 5532 16372
7109 9608 152807
187 16581 63911
5266 5203 58235
13882 13482 145838
16820 10511 25071
983 1341 135548
4210 6876 102094
47 14585 24123
13932 9519 199022
6922 3120 89415
10033 11535 199022
3607 15151 62617
2459 17015 49729
18111 5664 83529
9517 8445 11650
584 5644 126389
9389 6261 109643
9308 14538 73163
9835 6380 103621
6965 14536 152807
8435 4473 180779
10267 7628 80030
1380 10356 100214
17939 770 167981
15596 9938 109805
10296 1570 126204
17865 1974 52525
7305 308 129461
6526 13134 114590
15123 14020 102713
13985 10833 145755
3354 13803 77354
13399 14813 57177
11273 18295 107854
8520 424 146954
10098 2224 165806
13839 12344 149733
13942 16304 17979
4292 6574 42179
1955 7274 16372
2622 2987 177972
15203 9806 146954
18092 10370 35223
14536 18066 157464
149 3129 186117
900 15423 2817
9578 447 89415
6141 5847 199406
5851 1335 20623
9549 4071 102772
4948 12053 94530
6955 9046 39968
16372 15720 171623
5462 18258 190295
6894 7088 109987
13803 12107 71804
9408 8442 14262
17197 4554 40041
6214 17203 100214
3686 18179 91557
14738 2154 52525
3246 12541 129461
9254 16392 94802
6222 3883 155605
17424 3538 118499
9857 10400 177972
1931 10971 136615
17844 5251 199406
13181 15543 190760
9486 14881 146954
8187 3489 5042
11435 14197 28287
5882 5996 5392
12007 1068 52525
15705 10348 111814
11162 16735 63911
11870 17828 138102
14166 5570 39968
9040 9209 105893
18287 13898 183966
8694 3352 5392
2815 10974 73163
3517 13239 102094
12910 15780 181832
3326 12546 17979
10492 17614 190760
13854 8010 166049
3388 3105 96706
2355 2876 35170
7329 10375 126412
1892 8308 86803
302 6659 170316
3361 3033 5288
2902 17389 41128
6178 5162 137686
8703 4976 2817
4399 2423 10957
1286 17448 48420
6316 5295 178488
1713 13065 180779
5808 11607 37918
10331 9940 146355
17040 16413 178488
15707 14103 86803
1743 13571 118499
9352 7204 75499
14840 10615 108403
14380 5999 139311
14573 5223 29207
10610 5183 39968
3515 18302 178122
4036 8613 76266
6765 11441 99071
5059 4139 1416
2755 14547 146355
1724 4855 171604
12844 2898 66415
323 13078 11650
1930 6184 71266
12613 6049 132082
1249 941 152807
13274 12209 35223
13557 1903 78762
2436 12211 35223
12758 13745 78762
8756 11189 187340
12213 152 2817
6849 8814 126204
8732 4763 86803
14130 5 199022
6201 15411 13331
7326 2070 87727
11901 11422 147722
17512 12686 99071
14768 15962 66415
2218 7004 177355
4991 2916 177806
9855 1348 194811
6093 12849 87968
10262 6777 3889
13283 12789 28287
428 8212 35170
9222 9962 96706
2976 7391 181854
12109 14740 102713
13442 1359 145820
3010 13395 82022
181 692 41705
5582 11605 146201
15735 8800 91424
12929 1434 15968
2183 16098 146355
5778 16199 102987
5859 13195 55108
4203 12287 137686
6421 16606 41982
16544 13811 98753
14091 12520 139758
3227 9720 29207
4818 11057 25071
10727 10799 171331
937 15747 87968
13609 5815 21837
8342 11151 185041
9345 10408 41780
15177 6376 41705
17127 2056 122610
9958 12938 34428
2668 10014 34428
1727 5359 83529
3826 13956 28287
4325 16010 155605
2107 15112 38720
9053 14717 178122
3748 16864 102094
8279 2178 50156
1697 3017 164116
10586 9292 194591
3469 11380 118499
12627 16948 49729
11741 1112 180779
1774 3396 17979
5640 5051 198502
1808 9876 88717
16648 7192 21939
6804 13319 122436
14123 17395 145820
10310 13353 188528
696 539 194811
12220 3582 2071
2128 11143 91557
4691 1404 114475
1678 4740 175276
11604 8514 107854
14880 13008 34420
14967 5124 155200
4486 12899 138102
4791 6750 194591
1359 205 145755
1856 174 91424
4799 8964 114479
849 3290 25777
10465 4012 198502
5652 7825 159719
16239 3501 190760
12799 1209 102094
16919 7245 180988
15528 16152 185915
6001 16101 114590
14373 13134 83529
6713 9995 2817
14033 2488 41705
7806 2935 34420
17686 4945 62222
6130 16178 122436
263 11690 20969
15701 5320 114998
275 10045 63911
8071 3671 138102
4393 1040 52591
4252 10655 1416
1097 8261 43709
11233 8386 109805
16380 6734 133736
7249 10686 149733
4680 14904 92557
13629 12117 2528
15698 7192 199406
14662 7541 43709
7276 5677 145838
14316 9371 16372
7951 1036 37918
18094 4147 40083
6550 4768 119449
14888 7511 105893
14341 9149 20916
9361 11711 157464
6219 2355 5392
17094 1273 43709
10173 7483 139758
2375 2302 10957
11411 7661 114998
15924 613 41705
14336 5900 170316
427 13879 188528
13462 12252 191131
15360 10671 10957
17777 14188 120829
7014 870 122436
12619 11279 139758
5869 17263 86803
12488 2243 25071
11780 13673 41780
1901 16169 16234
2304 15604 61352
9382 7634 2528
7486 9299 190644
15412 9644 34428
1942 8953 135548
18038 12071 83529
7377 11217 40041
3956 17701 175276
8657 2171 83529
16566 15170 171604
16839 7869 109805
13298 13043 71266
4979 6761 36413
5078 11711 166049
17786 3837 75494
3363 1245 71266
17033 810 20916
3378 3416 136434
1700 4878 41128
17393 1794 177972
16333 8005 43709
10429 12163 61352
14498 15489 38720
15927 11469 105239
13883 15800 181832
128 6552 49594
1971 3345 87968
1449 17415 73163
2463 17374 24123
9538 3104 186117
6018 9929 167846
9136 12006 109987
16037 5721 151438
7432 3038 171623
2151 14 62617
17684 7272 5042
16578 4975 183966
220 10547 82022
9837 14504 168086
10985 13066 159719
16004 5267 171600
7973 7185 15968
11764 5337 178488
7537 17566 102094
1404 14881 102987
14832 607 194811
9335 3792 159719
7881 13524 102713
15258 7529 41128
5871 7000 5042
8528 3704 175276
16915 5643 39968
6207 14748 21939
14886 4071 146251
4005 5117 50156
17290 17530 1416
8697 4426 73294
5923 3990 73163
2647 12942 164116
16180 17706 120123
17425 3568 194811
14028 10520 87968
552 7028 111310
16916 13787 154311
14867 17306 80030
5130 325 25071
5788 8361 199022
8129 1187 6562
10378 6686 48420
16434 6685 73163
4035 6507 152368
3145 17022 35170
18213 5497 50156
13385 15565 55837
14907 2962 29207
8418 4158 190644
11638 4570 181832
16793 1063 91417
10508 18066 103594
3660 6100 181854
4955 11551 114590
5228 15040 114475
3905 15951 114590
9617 2391 88717
17574 10293 146954
12864 17078 171600
14236 7948 41982
5849 8974 89415
12360 14881 177972
11535 16129 114475
7461 14919 5392
7261 13665 33633
4842 16462 35170
1757 3070 42179
2404 5996 91557
3245 13530 139311
15920 12965 75499
17209 15800 108612
5165 5547 86803
3933 4626 119449
14541 15849 177355
17055 6122 102987
3625 11634 171331
1835 15640 78762
16826 6748 155605
14944 2364 40083
5562 11611 111310
7727 16478 198502
855 12217 155792
11965 6049 119830
7713 17651 40083
225 2384 103594
8432 1890 49729
6588 11355 83529
9045 5615 159719
7209 16231 136434
5321 15733 147722
2193 12781 20969
16080 1347 98594
9021 5558 177355
14653 15210 41780
1171 7655 90777
3705 12481 152807
10046 16098 10957
1302 7291 149733
3904 15608 123876
18085 17446 43709
3270 8432 108403
16474 14898 171600
6104 7728 100214
5365 7333 39968
5714 15612 71804
8600 8537 152368
1691 102 75499
2944 13673 118499
15949 14137 114479
3547 1217 75494
3533 4435 41982
294 11450 152368
13109 14033 103304
9537 12827 35223
17653 10518 99071
2795 18171 46287
2588 15906 199406
6653 4950 73294
2077 6607 190295
10440 11657 178332
3640 6348 91557
64 9760 146201
13745 898 77354
11624 2779 36966
11370 12300 5392
13025 7453 114590
5719 15595 40083
12595 18280 155200
8494 5210 63911
10924 15945 180988
16689 13160 152807
8685 7755 155200
15694 17377 91424
3747 11483 83529
11851 12428 111310
8004 7191 145820
6768 17449 103594
7199 4066 188528
3795 13299 71266
14808 12507 135548
12734 11284 147722
4937 16860 25071
4982 11105 52525
6072 16546 185041
17142 3887 71266
5879 12613 87968
16014 6685 146355
3704 4958 147722
7750 14946 186411
15062 5705 171331
7956 16657 149733
11832 8967 135548
3100 17484 152368
16585 5286 94802
10964 5403 154311
5557 497 177972
11025 9537 84763
15404 13087 42179
1190 10024 29207
8310 13513 168086
22 4107 73163
4718 968 155200
10207 15040 13331
16438 4126 35170
8451 1179 133736
9683 10241 126204
1553 4199 190760
4771 5811 126412
17132 14750 102094
11768 13337 98594
15057 11082 126412
7247 8584 146954
6369 12758 36966
17178 14820 102094
11200 8011 151438
1009 14176 71266
3304 12295 62617
15619 97 103304
5529 5902 71804
15163 9266 123876
1534 7645 122610
9985 14807 61352
3202 7448 105893
10125 524 71266
17025 10494 61352
4382 9486 92557
13718 14700 55108
9542 17498 41705
13074 1932 177355
9830 14309 102772
15238 17748 146201
3561 17494 28287
3366 15953 139758
6982 7718 3889
9616 5774 33705
14790 2588 52525
16097 3790 73163
7994 654 133736
9797 18199 137686
5796 5483 49594
3421 3973 34428
12390 17416 62617
11689 18293 40083
4221 12766 78762
17194 11261 91424
13275 18068 87968
7294 6886 5288
14782 1224 114475
598 2074 186117
1626 6771 107854
1070 14245 108612
11232 10058 185915
1025 11262 17979
1910 1421 180988
247 1576 34428
12325 16866 105893
2816 5226 13331
2982 12378 25777
14102 574 57177
4322 5314 105893
3949 7675 37918
18231 7277 5392
8171 15009 122436
826 10780 33633
31 16749 178332
11229 5599 25071
2625 2644 100214
14606 1540 120123
15609 2633 75499
1987 15830 171600
6042 11906 183966
10757 17342 84763
14290 8536 55108
12997 18262 126412
1997 14291 3889
16927 7630 64821
11348 13003 146954
5586 6716 42179
7579 12829 114998
9693 6224 83529
4432 5660 55837
13680 3897 188528
12038 7645 55837
10158 5483 185915
12481 3411 170316
7165 9464 145755
12932 6256 198502
1066 4317 170132
15781 18265 133736
6985 13255 25777
10320 16282 21837
5956 13204 2071
8851 17329 91417
5432 5481 154311
2785 17132 77354
2071 15638 146201
3214 4222 146355
11727 17059 91417
6249 12542 20623
13193 12779 135548
7729 12176 145838
15135 6115 41128
14397 15091 181854
7573 6943 91417
16863 10277 92557
3908 12341 15968
3675 4277 180988
15611 17028 126389
1144 11450 165806
5853 8668 49594
4116 15762 87968
14334 5799 139758
9736 11657 15968
1532 3412 63911
8011 10829 146251
7144 1759 55837
16511 3139 33705
16148 18283 146251
6671 10218 5392
7629 12090 91424
11203 3188 62222
1896 16876 55837
2472 7167 126140
4644 12604 2071
12949 4066 49594
10241 12526 52591
7620 12550 96706
5279 2035 98753
12654 12195 29207
8078 393 139311
8387 2874 165806
14190 6013 24123
17979 16803 190644
15342 13285 167981
4386 6282 50998
8930 2353 63911
295 10152 119792
7366 5865 139311
1912 15421 177355
5458 17018 16234
5999 4136 37918
13547 16274 55837
17834 8126 92557
3774 17412 43141
18248 2046 41780
4966 3281 25071
18001 17113 126389
16726 9710 39968
17283 13849 185041
16443 9125 49594
5208 24 109805
12573 9100 77354
14600 3415 177972
447 5841 25071
1349 10372 146954
2735 1361 90777
11804 249 2071
8543 4530 138102
4263 14769 41705
2607 1221 170316
16945 17502 167846
3558 12214 94802
13485 13367 2817
11908 15148 5288
6346 533 126140
16837 7040 188528
12737 8376 170316
9390 1049 119449
623 10372 126412
6729 6669 40083
13863 13107 100214
8333 11664 71804
2849 8160 87727
248 11337 152807
10299 5394 119792
1251 11035 155605
5247 1842 40083
9424 6159 126412
10020 6366 188528
11597 11748 41705
12012 17530 129461
12711 9571 126412
9178 15727 149733
3613 23 57177
11210 9706 36413
717 10469 178488
9109 10508 155200
1091 12282 16372
16923 13337 66415
7894 7538 109643
1891 5979 2528
17466 496 14262
4017 11908 180988
13410 13319 20623
5571 13492 139758
15283 2251 87727
4181 8373 190295
802 9979 49729
433 6797 136434
4913 5464 167981
12205 5147 2528
5317 15992 133736
10743 907 20969
6430 4787 6562
12016 9411 49729
7835 16648 20916
11312 8969 84763
2558 16905 43709
10381 9767 25777
14339 4819 102987
12899 15948 165806
9253 17260 126389
17047 18221 111310
6921 6934 42179
6382 8065 114475
1542 16807 52525
15770 6626 49729
2325 13230 132082
7229 14827 151438
17361 16547 33705
948 91 50998
12258 815 102094
10563 18116 190760
4165 12782 96706
3970 16269 47523
1499 14920 190644
10999 12914 94802
4924 11457 136434
9455 11060 50998
4721 9350 146201
4738 9088 119449
16589 15189 126204
12748 10803 138102
6796 8186 171331
299 10986 43141
7006 4620 186411
10350 11644 36413
12262 1691 49594
8518 1803 77354
13934 10389 63911
6254 9808 155200
1747 12387 102094
6587 11891 40083
1067 4975 133736
4002 2698 168086
11751 11200 177355
4790 10095 133736
17654 10388 199406
17016 3767 34428
3370 13046 73163
529 7682 151438
2100 8739 164116
15941 10635 136615
10137 7718 100290
10236 11375 47523
6807 12965 88717
219 7261 126389
10077 12181 102713
15087 10101 152439
4897 6895 71804
8622 1877 198502
4635 14156 198502
2626 12050 186411
8095 5203 145838
16391 11947 191131
13933 5640 64821
4215 1475 62222
10047 6597 146355
1155 18146 186411
11622 2035 136434
11101 1273 126389
10961 7288 41128
18145 3439 118499
13401 3232 199406
11265 15176 84763
4191 17798 119830
100 2951 145755
16370 17498 166049
15831 4431 114590
2357 7615 171623
1252 12102 103594
14120 3669 105893
13653 16552 111661
10549 6818 168086
16236 10869 78762
16092 9985 5288
922 2703 135548
10025 9828 155605
15503 4004 42179
7740 9600 166049
17442 15403 50998
4055 8880 171623
9248 2318 165806
1766 14235 34428
17329 15103 61352
13972 7261 109805
9442 2753 177355
2800 10695 177355
8457 2376 36413
6708 12490 102772
6171 6325 152807
939 8546 71266
8459 719 49729
18059 12707 76266
10859 15737 152368
4137 15736 164116
8970 2858 63911
13450 12947 63911
14078 3830 77354
12387 14007 133067
15162 16796 100214
26 17535 16234
69 16926 88717
8716 5975 180988
10007 17844 105239
10080 17343 14262
3089 12062 37918
7356 16899 178122
13435 8669 111814
16273 8868 126389
1559 10618 75499
9772 2353 84763
4290 2788 20623
1221 7866 183966
13902 4444 111661
12276 8283 33705
928 856 100214
5348 10374 91557
1388 7032 178122
17610 11434 119830
17882 7998 33633
8297 13677 44981
710 12942 47523
18140 720 71266
3698 873 86803
2209 12808 186117
1233 12758 171623
9289 6211 96706
2372 14585 136434
12895 855 48420
18029 10928 105893
7918 15026 103621
11912 2913 58235
461 18253 66415
5007 3776 33705
3719 17246 38720
18212 18210 52525
3574 11945 119830
16658 3448 91557
9894 3307 119792
9423 10576 71804
10803 3412 41780
8826 13764 63911
17048 2008 2071
16922 16455 136434
14707 14131 111661
5881 13101 136615
2143 10359 47523
1202 17484 98753
2618 11757 122436
17909 12328 194591
1893 17874 86803
8615 8139 190644
11377 1821 109805
14317 8638 5288
16099 11965 90777
5857 17299 62617
8478 3192 71266
762 6354 180988
12881 6679 108612
10589 13952 37918
9628 15877 20916
4371 10362 44981
9597 3489 132082
6210 14778 94802
12370 16286 91417
17934 9765 119792
5666 8258 109643
9030 5532 34420
9336 13252 100290
16521 1578 73163
5075 553 157464
6533 8430 181854
15675 6935 171623
14835 4833 50042
3371 17362 159719
8536 2239 2817
1243 1664 52525
7195 11920 146954
7633 10158 46287
13579 10520 171604
7676 17220 103594
13113 18105 165806
4103 2249 114479
4177 14381 181832
12048 11494 15968
7445 8915 126140
4312 11885 55108
17638 4092 168086
12752 5633 2528
9899 15209 190644
6132 4098 41982
13443 16916 39968
17176 3357 177806
13706 18289 136434
2086 4725 43709
14447 16950 73163
6325 14859 3889
1525 12620 157464
6843 7720 36413
11092 14898 71804
5776 10446 152368
2834 8185 25071
8034 12990 1416
591 907 136615
15773 5959 185041
1764 11285 28287
10193 11030 155792
13177 10615 90777
8821 8893 86803
10653 3565 119449
13918 10006 111310
6015 10553 198502
10108 5017 146954
1634 2609 178332
2387 4862 108403
559 7001 77354
4803 12422 145820
4275 13350 98753
6633 16982 1416
2859 13907 66415
14539 8507 119449
9823 152 126140
8070 548 49594
5107 9040 171623
16446 7784 47523
12200 8018 114998
682 9320 170316
13796 2815 78762
7193 6013 64821
1604 12542 83529
10522 10520 137686
15840 4833 87727
8869 34 139758
14986 5210 145820
5811 3709 36413
16873 8383 168086
5986 4079 84763
9307 6684 34420
11875 14300 14262
5483 16627 194811
1361 7810 62222
17913 11337 108403
1894 1964 29207
6885 17266 86803
7111 16978 133067
11432 3270 132082
3164 8739 37918
13592 11116 178122
12326 14114 190644
11895 3283 5042
11096 5937 180988
9566 2023 3889
13956 1569 35223
13039 17557 177355
5707 9894 147722
17302 17603 180988
5822 2852 98594
5875 15858 73294
9829 2253 5392
10854 8765 199406
9315 6079 165806
11526 16546 91557
6890 17392 109643
8158 13792 84763
18080 13274 28287
11847 9386 86803
11194 16503 111661
13742 5847 171600
4772 9419 63911
15616 15310 126412
8647 13916 5392
10186 15406 114475
6064 6112 24123
14968 3242 136434
16437 1434 188528
11981 5483 170316
3762 16847 47523
18072 9594 14262
14324 14612 178488
14035 16925 146251
17250 15365 146954
262 14459 185915
5848 14299 66415
2277 5822 21114
2887 9877 103594
17804 13932 75494
982 936 199022
11068 10276 94802
4968 13488 36413
6183 5444 5288
13801 16188 5288
18116 2368 133067
6270 14195 114475
10767 263 164116
4397 6027 114475
13358 14571 10957
6066 11166 135548
7596 1608 25071
10476 4969 181832
7555 12823 58235
13456 4875 21114
12571 10158 129461
3755 12089 24123
4652 16620 180988
17349 15224 181854
9261 18036 20916
16691 3943 11650
15594 17508 155200
14652 2181 109987
14347 12886 98594
9731 16042 152807
6895 7969 96706
15016 9969 13331
15822 12703 103621
13154 9488 29207
18087 8597 71266
8545 944 159719
10335 5264 87727
5398 14740 105239
16053 8112 105893
11270 2353 64821
18218 12747 37918
13169 5507 187340
9532 8089 76266
5042 15136 152368
568 1397 35223
9026 6530 90777
7061 4319 129461
13476 583 5288
7353 17139 137686
17247 12604 28287
1599 1158 198502
5643 14220 126140
14878 14076 190295
61 2146 43141
10076 5958 185915
6534 17733 80030
13750 17385 105893
12614 4568 100214
14209 16939 42179
14516 5148 103304
7422 15868 42179
14044 14554 135548
7514 10761 14262
3845 8837 132082
1661 6141 103304
6579 1977 20969
9766 5258 10957
15486 17413 92557
6821 1093 34420
8057 13690 126412
13798 17729 139758
7172 17848 52591
10640 8660 171604
8147 1036 191131
12503 14853 6562
11841 8750 171331
1603 2615 194591
7774 8697 63911
3690 14217 120829
6077 13564 114479
3293 11688 39968
15066 17013 46287
1565 4073 136615
5828 16633 34428
17418 9175 87727
1655 16385 126140
17074 11615 186117
5619 8237 15968
9251 7598 64821
10896 11836 66415
17806 806 48420
10661 6879 165806
5701 7895 190644
7113 15205 63911
2554 9391 198502
6650 13044 181854
13779 4021 181832
13584 11780 199406
6605 7169 165806
6583 5326 167981
15418 11662 119449
700 13273 146954
14407 4674 185041
3850 1401 34428
10028 15226 177355
15193 17973 171331
5621 5084 10957
13756 6619 5042
4107 6896 149733
1330 2860 175276
5659 13646 3889
5740 1397 57177
16903 11579 43141
15662 15335 55837
17563 8682 88717
9812 760 120123
17860 2529 114479
3205 7764 33705
11342 17521 119830
12516 7689 171623
1209 11092 165806
12260 6035 16234
443 18136 170132
10839 10840 105239
17428 18288 14262
17830 3460 187340
13556 3917 62222
6445 1490 119449
6930 6945 25777
8820 7851 92557
8217 10658 118499
16034 2136 102713
6903 10344 73294
12431 11949 75494
7088 3680 171600
3965 13197 29207
7065 8293 133067
9351 17080 105893
1590 8670 152807
15730 16317 24123
8897 6137 2071
11144 1860 190295
3599 3157 151438
2267 12334 5392
12062 17224 71266
906 9710 178332
14607 6919 137686
1758 16389 119449
11040 5061 139758
7715 11437 20916
14676 3769 20969
13671 17416 91424
6071 13112 114590
15923 7125 20916
8870 665 5288
3502 10362 102094
3365 17000 15968
1731 10250 91417
12902 12808 25071
1309 3625 191131
5441 2317 103621
2065 16737 43141
15922 17179 33705
14591 10022 73294
9926 13827 167981
17053 11219 63911
10744 10147 15968
17968 18133 41705
711 3872 149733
17496 13412 102987
12560 16190 107854
5739 5181 118499
6514 14436 155200
138 4905 5288
12887 11063 48420
5894 15257 83529
9135 12010 21837
1340 1617 139311
3110 6416 194811
13823 4181 91424
13487 9951 58235
10579 10996 146201
11537 6978 114479
884 10428 88717
5691 15431 177972
13841 3075 73163
820 3250 2071
6657 16346 33633
5245 8893 41128
4543 10974 16372
17416 15041 35170
1256 781 137686
12022 1498 76266
14741 11470 99071
16966 5658 35170
1598 16742 111310
10220 13665 62617
17221 12328 71804
3654 16891 183966
8605 6049 170132
10197 2944 132082
15432 1245 58235
12629 11920 94530
11089 17655 199406
10583 9596 14262
18267 7120 186411
15635 4435 21837
4749 5208 35223
764 6041 43141
2600 8065 86803
11733 7443 71266
17187 7515 103304
9714 12605 171604
13489 12912 5288
13354 2497 177355
16950 2620 50156
15419 797 109987
886 9889 119792
7361 11295 119449
2886 16622 5392
14020 4731 170132
1170 4945 126140
7945 10436 152807
1805 4685 145820
11522 722 33633
14189 12622 91424
3338 9612 146355
16114 14104 171604
2446 6629 35223
6416 2743 154311
12416 1986 145820
7045 14304 164116
15878 11187 41780
9203 4395 111661
13806 4196 166049
2753 16807 88717
11542 12026 170132
13440 3448 38720
13335 2972 84763
16093 12417 15968
7020 10523 52525
13852 17380 50156
4389 12975 118499
12528 9351 187340
9576 9798 75499
9247 15047 133067
10231 15735 181854
8876 17592 15968
3508 9942 35223
13406 9536 52591
4187 6021 111310
4878 11911 62222
16847 17448 145755
8316 8191 122610
17993 4697 48420
10591 14484 122610
10693 12117 98594
9563 17224 3889
6333 12857 55837
4593 876 120123
2223 5845 20623
16195 15231 89415
15138 8615 146201
11186 16727 109805
8550 3352 109805
483 5369 50998
12555 2299 44981
9804 3990 44981
12773 3869 42179
16444 10514 109805
7036 10586 21114
13737 7730 157464
15614 909 102772
14058 15412 138102
13519 16587 21114
15187 17965 151438
9962 9359 37918
9782 12214 76266
10902 12727 170316
5225 6909 170316
3636 102 120829
11465 9926 166049
15663 13142 126204
12661 1915 73294
17488 115 190760
12525 418 133736
12825 6220 88717
15134 10556 180779
11807 1589 47523
8455 2018 52591
9560 7376 151438
5017 8777 35223
14001 15114 91417
13505 11368 64821
16778 6983 33705
747 16282 111310
1225 4020 186411
4319 3796 109987
6798 16542 50998
502 8334 52591
9294 7399 137686
6402 15281 52525
13151 16884 16234
4239 923 103594
15165 14379 10957
13094 2567 177972
11298 10380 2071
3569 7556 43709
10984 17733 94802
5538 6124 190295
10261 9199 24123
9075 9540 29207
17020 2056 165806
13627 8266 5042
3491 4978 50998
3865 15937 133736
8162 13371 188528
12763 5457 177806
17451 14937 151438
16417 360 41128
477 1646 185041
5335 481 21114
16131 7986 49729
6399 15712 177806
7055 1107 171600
750 5877 181832
13124 12634 33633
2274 2591 146954
2480 1153 119792
16421 6255 170132
14393 1431 5042
2216 9941 10957
12184 17182 61352
6531 2180 178488
5616 662 84763
14007 14111 186411
13998 14052 187340
4828 11101 71266
16235 3262 10957
6462 4421 171600
15814 3958 107854
15710 10647 177806
10754 17940 87968
1736 13065 39968
14752 8644 49729
9085 10336 171623
13139 7654 5288
13210 13995 177972
17739 17546 29207
17626 14219 109643
11664 11397 126412
11788 15489 126140
14218 5082 164116
12632 15569 2528
3173 8848 86803
17522 16455 139311
14661 3946 41982
13206 3268 94802
599 5186 107854
2794 6938 120829
6404 6795 165806
14785 12485 170132
4524 7123 16234
1105 18027 90777
1366 3424 136434
4902 9732 185915
3335 2537 107854
10995 9188 135548
5591 13070 78762
2289 6722 24123
11784 8331 25777
1941 9403 100290
11991 12414 2817
12096 6172 149733
5060 4437 122610
11505 7385 119449
3587 17237 126204
6693 4500 94802
676 11222 2528
13147 16627 152439
10041 12585 21939
159 14810 91557
6442 5575 41780
16861 1986 154311
14911 14159 181832
15312 12441 103594
12529 16438 170132
17613 18182 61352
12508 9302 132082
4332 11487 34428
5721 4500 86803
5842 7299 25071
4726 3830 109643
16214 10511 155792
13614 18271 40041
12966 14501 90777
15071 17179 199022
16748 550 103594
4974 7633 98594
10662 1779 87727
4420 8182 36413
14593 6584 108612
16 744 157464
259 8334 166049
170 5422 2071
5759 9878 87968
12118 6916 190760
1516 8662 138102
15762 15520 171604
13633 17773 55108
6460 17697 146201
14287 8337 165806
7639 2146 33705
2866 13590 52525
9960 13758 102987
3419 13754 49729
621 6577 47523
5539 9341 89415
11470 11523 183966
14169 11053 80030
4351 8465 109987
13585 12608 14262
11355 13914 152439
14403 1172 50998
8194 5175 28287
11005 1522 188528
10287 4825 170316
12861 13625 94802
17154 8220 152368
9376 16754 102987
12783 17216 181854
12389 6038 13331
4030 11633 126412
16795 127 111310
11171 8246 98594
13153 15167 103304
11608 5686 114475
11880 1071 177806
6663 2244 136434
3492 9966 24123
8890 13839 109643
13362 16963 5288
546 10930 66415
13767 18234 146251
10723 439 129461
9751 7770 71266
4998 1241 126389
8921 13165 75499
2388 11516 41780
12257 3716 188528
15586 13543 136615
15431 9415 52591
2025 2581 181832
15786 15919 154311
7803 7239 41982
9973 7826 20916
7731 1284 159719
12787 15351 76266
14157 17000 41128
13398 17139 159719
2070 15228 49729
4637 3218 114590
3167 12610 109805
11589 4572 178488
8926 9466 103621
16381 9095 21939
3417 809 129461
1132 5727 16372
12776 14357 145838
34 13745 108612
2405 1256 10957
9260 13452 80030
419 16338 136615
9521 16429 49729
9298 4726 133736
10202 2987 89415
9954 12427 109987
16696 2006 20969
17732 15295 71266
5101 12510 20623
13106 9654 146954
14441 18235 91417
10019 13299 185041
17890 14898 5288
3399 13853 167981
2462 3994 114998
6701 6233 75499
18164 12790 152807
13174 3443 167981
5105 13395 66415
12244 16724 180988
4448 5636 91557
6905 8456 136615
4078 7806 62222
1866 4315 100214
3087 12578 133736
1596 12542 41128
13960 4368 84763
14634 3796 166049
17242 2915 34428
6368 15487 41780
9438 12424 191131
8191 1515 43709
11686 7486 177355
8002 13726 100214
15849 6727 139758
6811 5436 16372
15816 12716 167981
11766 2601 11650
3736 5530 171623
6235 797 10957
2441 16581 139758
17262 4960 5042
4657 4375 122436
17852 1609 102772
4700 4085 62222
4308 5616 190760
7825 12947 20916
14391 11885 44981
18129 12111 188528
13528 392 152368
12679 16596 73294
14210 14351 137686
3465 9311 40083
16337 3411 120829
11216 4106 38720
14474 1333 39968
15723 3335 137686
14510 4016 137686
17822 13130 166049
1918 6900 29207
9485 8101 109805
8152 9069 44981
12626 3000 6562
9550 14597 71266
5931 10732 75499
319 16146 138102
13935 4660 109805
15142 18139 20916
17317 11471 155792
18177 15411 138102
10154 10348 98594
17212 9442 13331
417 15911 122610
8299 7358 63911
14300 17034 25777
16087 12365 145755
13611 8104 146355
6354 12600 133736
9488 12601 190644
16448 17208 41705
12823 8601 146251
16920 3599 21114
14912 12850 94802
16705 7009 136434
9892 9830 5392
8458 7291 167846
11501 14843 10957
10789 15237 80030
14037 3515 122610
866 3654 159719
17092 3996 102094
12357 11696 28287
8160 12461 90777
17378 1047 136434
12198 16499 73294
7586 18 21114
9068 9484 62222
9705 495 103304
13197 11901 41982
2810 8694 157464
862 8690 178488
8383 7810 105239
10726 14735 58235
11325 3987 198502
236 458 2817
6298 9332 139758
426 12886 39968
15246 10586 89415
9577 829 36966
13949 7653 178122
8950 1876 102094
10822 495 96706
15988 6619 34428
10779 2942 191131
12853 2330 111814
1148 16338 177806
15159 14396 183966
8992 10062 114590
5281 2476 177355
11078 11785 167981
344 14700 155605
14386 3956 52591
12217 2549 136434
12509 1790 58235
15868 16587 41982
2948 9194 20969
17916 10290 170316
8698 15127 73163
11228 6170 64821
1156 18236 164116
9745 3676 194591
8239 1814 164116
10315 10548 49729
1821 9853 71804
7898 5550 55837
2182 2809 194591
528 1361 29207
10313 14804 177972
18224 15823 171604
16133 2563 105893
10348 8095 187340
9939 11398 139311
10966 5933 11650
14277 18000 5288
6252 2857 181854
9297 16621 103304
8421 13298 21837
17511 15066 119792
18162 10917 2071
4433 5722 17979
3121 8287 102713
17013 17297 147722
10312 9725 40041
5420 16494 5392
4617 5203 114998
4000 2259 120829
9355 14684 111814
15282 17583 136615
17984 6983 123876
6875 8065 89415
2127 1883 94802
10393 15437 155792
14894 5482 41780
13063 8192 194811
9015 3007 185041
2476 10503 71266
14918 15708 129461
357 12755 42179
12848 5232 5042
13565 8398 114590
5913 1166 25071
8662 14299 21939
16399 5656 40083
5482 7075 42179
17639 6396 145755
120 5322 99071
4148 535 126204
17232 3120 180779
5963 623 89415
1059 16899 111661
16462 6742 100290
11471 14299 61352
9636 10047 136615
12322 6934 102987
12164 13323 146355
5678 75 84763
972 12364 181854
9249 4071 122436
7597 14517 177806
7221 15309 114475
4073 5934 171623
4193 6201 25777
1371 16853 165806
2831 7140 33633
803 13046 103621
11999 11224 103621
2589 6262 170316
12963 18197 50998
13234 6027 155605
7309 13503 41705
14508 10250 152807
2088 346 146355
10572 5275 135548
9475 45 102987
15124 6572 73294
14523 1150 34420
8544 13326 167981
8692 5356 136434
2555 7631 20623
5301 11246 135548
10732 5561 149733
14405 6194 170132
12677 958 88717
2556 4085 177806
11986 5695 75494
5071 16069 10957
9411 2727 83529
15585 11259 83529
6134 8532 129461
4168 2616 185915
2527 12433 50156
1006 12235 149733
2232 6589 40041
353 4585 20969
2066 9261 36966
12959 575 55837
6512 6049 129461
505 14098 40041
13185 16531 77354
12463 11983 164116
12698 3088 111661
3323 9532 87727
2203 755 87968
5344 12047 146251
13788 10837 114590
3410 10296 190644
12623 111 111814
16673 3927 35170
3386 8546 98753
9058 7055 114475
13180 9088 119830
12487 17980 180988
14049 10024 3889
12581 17847 64821
11993 10126 77354
16348 2623 126140
14780 814 38720
14877 8637 181832
148 13484 126389
654 11018 2817
688 14605 152368
15859 17248 114590
5429 18259 119830
16491 1540 64821
4413 7044 114475
8710 7573 180988
1462 2327 15968
5526 5525 40041
12058 15326 91424
15347 6620 1416
17003 17491 149733
6127 17388 146251
13040 3766 80030
17765 9386 99071
131 18139 199406
9552 10486 133067
5915 13432 3889
16140 13317 75499
6724 15153 105893
12468 581 180779
1027 17407 139311
6828 11894 145838
6660 5839 43709
7866 2562 21837
9173 1398 49594
16776 14349 42179
235 9208 98594
13771 10144 76266
1735 16005 88717
11692 5832 20969
2871 12578 146201
16646 3671 92557
13859 14757 91424
12232 6804 145755
15673 5156 36413
5073 2509 57177
15680 1786 147722
11982 12725 155200
2497 1362 186411
6187 1978 114998
3031 1165 119449
6511 14059 98594
9956 5788 105893
4909 1665 155605
5067 14813 16234
16819 17177 36966
16989 5556 185915
96 2484 155605
4996 12304 42179
12580 1817 152368
7359 3869 100290
2412 6922 194811
11828 11866 111814
15953 8469 21837
35 3275 155792
1907 5977 55108
3958 14028 50998
825 3659 25777
4434 7364 119449
9818 14838 98594
9460 1210 73294
1546 5066 198502
16231 14497 145820
4688 9465 146251
11550 2852 185915
16357 5661 98594
3572 3981 14262
952 10041 86803
7807 16627 164116
3630 15040 166049
11453 13748 149733
4989 2771 64821
17863 9339 155605
3259 10698 16372
7809 4487 122436
13278 3150 107854
12901 5231 114590
1494 3696 29207
16554 943 21114
13070 2998 34420
5374 13340 20623
4586 17477 35223
11231 1805 82022
18269 5842 151438
11724 18148 14262
8886 9745 5288
126 2353 33633
10405 6803 13331
16533 3290 88717
14175 15333 36413
13150 14584 109805
637 8025 1416
2711 2562 107854
571 7491 109643
9291 9118 119830
4931 9514 178122
4634 4048 21837
647 1794 103304
16238 17246 190295
9748 13300 91417
7402 8783 3889
8676 7548 123876
16336 5403 170316
777 10604 75499
10635 13100 52525
7569 564 118499
3857 12078 41705
16408 17321 164116
8048 4832 185915
16623 14691 139758
4409 7170 155200
15195 5051 137686
8980 17834 86803
14502 1570 137686
16933 8861 178332
7456 11149 194591
11729 6124 155792
562 8932 111814
13776 3846 171331
17521 11738 99071
16727 11105 42179
12751 11894 50042
17116 1754 114590
4194 3268 55837
4246 1266 129461
16142 1576 166049
8733 1886 75499
2215 8200 178332
17768 7402 41982
5841 4145 168086
6262 11961 109643
15383 8037 170316
12877 3930 39968
10711 10770 2071
12801 2954 187340
4744 17095 152439
14483 5238 186411
3153 6949 137686
5379 11930 76266
1101 16240 62617
16707 7339 178332
12373 13508 49594
980 2841 138102
3759 4124 146954
16575 16489 55108
9343 14836 100290
7470 1341 71266
15318 15583 103621
7187 8391 91424
2173 4939 25071
7726 7066 89415
15233 4041 187340
13019 377 94802
6389 13330 41705
3917 14203 17979
11475 17366 14262
1146 10472 94530
13269 8546 103304
7548 14141 190644
10284 16622 41128
13458 586 43141
8414 8177 155792
17652 13254 24123
11755 2275 185915
5315 10193 73294
9444 9446 114590
11630 2105 33633
11379 10714 167981
10739 10660 37918
15510 3222 119792
2072 11441 118499
715 8344 49729
356 1087 109987
7152 3734 136615
9086 14905 181832
1153 12070 166049
5097 12550 108403
3733 12929 198502
11368 796 103594
4505 16318 194811
17152 9534 111661
12530 14084 177806
9561 1794 62617
3787 10240 168086
1999 14760 139311
10402 6348 178122
13294 9004 28287
17829 13365 133067
14636 9489 185915
8486 1923 16372
17687 13640 118499
5505 8077 119792
8778 6555 126204
2473 8353 99071
13759 13162 57177
9369 3388 25777
16020 1741 190644
17179 11162 75499
12035 10769 108403
6426 282 63911
14755 5464 109643
9152 5816 152807
17468 12443 111814
9850 2036 118499
15080 17302 64821
5844 17410 58235
1088 12590 155792
8759 12834 168086
12520 17845 166049
3664 6065 108612
14450 8780 146251
8769 6416 41982
14482 13927 187340
2013 15884 102772
14586 5525 103304
961 8316 5288
12288 15583 170132
2491 8766 102772
15497 806 84763
9174 10126 48420
3665 9100 190295
4442 516 146251
17975 14136 3889
16794 9236 114998
145 17706 33633
5466 6536 100214
7092 6342 149733
13937 10382 155605
13118 11265 171623
11819 4952 78762
15961 14956 199406
2409 6562 62617
16055 12187 42179
9426 11948 155200
4821 13153 120123
5928 3796 155792
12327 8736 87727
10578 8391 16372
10144 10796 146355
5924 18171 152368
11340 7010 55108
11975 8324 91417
16368 10404 129461
13387 7190 165806
4317 3086 99071
7083 5720 190760
9967 3663 102987
9998 16042 105239
10278 10170 10957
9997 13120 191131
11497 11189 6562
4313 1019 190295
7577 16702 98753
10982 16949 118499
3749 12138 88717
7211 15701 5392
893 6389 73294
11209 2332 178122
3536 9702 120829
12228 8672 157464
9491 11292 177355
1 9242 190644
13053 14484 40041
12069 2395 187340
4101 14998 62617
13474 4833 88717
14068 1406 155792
1633 8363 178122
2888 3306 126140
17491 14149 119792
2348 63 181854
7858 17300 36413
17368 8044 167981
12166 9395 171600
10503 5956 2817
8290 6535 34428
18134 9151 49594
1493 3561 41128
16807 1516 3889
2124 12886 44981
16232 925 157464
18293 8232 61352
8649 2898 180988
10192 6808 119449
1996 13617 198502
10097 11082 133736
17748 12942 180779
17391 3223 48420
9258 2760 80030
18202 13760 35170
5223 14841 122610
10240 14881 102772
8904 11923 146201
16767 17903 159719
5534 6006 183966
12471 13599 17979
1672 10279 103594
4796 2243 41982
11018 14075 102094
13454 10560 64821
1140 14078 100290
6217 524 84763
5601 12858 15968
1508 10054 114475
5673 7511 100290
6386 15737 165806
8047 5387 107854
16909 969 25777
4366 17606 91424
11462 17413 71266
17737 15727 13331
6215 4725 152368
9303 16258 146355
16899 2107 2817
8548 14873 92557
14048 4672 146355
549 15705 48420
16046 7251 64821
1571 17696 180988
8972 13881 41982
12567 4573 186117
3210 7340 178488
13064 3931 16372
13437 6738 21114
8946 14071 3889
17374 3188 146355
1346 1304 100214
11938 13153 152439
7671 13396 145838
7180 13769 63911
16044 2895 137686
16814 4971 105893
5537 93 41705
14027 12105 61352
3351 2763 88717
12625 18131 25071
14720 5746 155792
11382 5421 188528
15273 2030 114475
16742 794 38720
7390 13198 41705
6326 2480 119830
5982 7357 71266
10208 5468 20969
4478 6879 25071
4468 4591 185915
11167 13861 89415
17315 17498 120123
5978 17017 102772
5742 6384 89415
10594 11406 50998
9781 11125 62617
3682 13822 114479
3424 12651 78762
13018 3219 126389
11687 7666 178122
11164 12596 178332
4159 6424 43141
16699 4554 111310
18027 3250 58235
1285 4553 2817
15794 1546 3889
15164 7072 50042
12312 4810 167981
1287 4656 96706
11115 8656 154311
3204 14288 155605
11651 5082 103304
1522 17734 91557
8006 15755 99071
16356 5858 88717
6582 16289 109987
7217 9984 122436
2082 10827 2817
640 329 33705
10862 11629 149733
15602 11768 126389
7427 7470 151438
7443 4500 41780
15936 6620 137686
10242 7299 55837
1585 7284 35223
11291 492 44981
1177 11115 190644
8128 1974 122610
10841 5931 21939
11345 5777 138102
16958 4550 96706
12345 4198 194811
2435 15177 198502
2021 15300 194811
645 6090 102772
4440 13621 167981
1159 17923 157464
9280 2677 152439
10468 16645 77354
9008 12560 57177
836 5257 103304
5889 4356 177972
17736 9073 73294
8469 9292 96706
8711 9528 168086
9252 13281 126412
3990 7939 136434
17455 14881 126389
1112 17459 177806
2747 10406 171623
1948 14682 136615
2354 10729 82022
2922 15755 50998
3824 8828 33705
12173 2526 157464
5435 8345 122436
16153 8470 100290
4050 4350 105893
4748 12430 178332
1020 1890 186411
8243 990 166049
18229 1761 137686
2453 9208 114475
17509 14983 2817
14555 2398 73294
2729 16564 177806
11858 12223 177972
16377 2175 71804
3938 1964 177806
16910 16990 55837
12245 18072 126412
439 3151 36966
18091 2713 41128
6029 8378 155605
10867 11337 75499
16047 3670 50998
12388 11048 82022
1267 1376 88717
10163 12336 180779
7404 8216 126389
8107 6307 109987
17223 1491 151438
6263 4691 114998
13225 1823 120829
12483 14951 35223
10979 9616 66415
5758 8109 120829
15720 8780 126204
14445 8646 114998
925 4985 198502
3397 5595 171600
8663 2398 120829
7137 11443 73294
8760 6517 178122
2737 18049 2817
265 11858 46287
9412 11951 90777
10512 2863 41982
8172 6965 178332
17633 654 52591
15655 11566 78762
16294 2860 24123
756 968 64821
213 8447 43141
2075 11378 138102
9007 8065 114998
3212 7071 109987
12008 9582 75499
4326 5436 50998
12841 6307 102713
13266 67 155792
13892 16234 43709
7125 11194 177806
795 9077 126204
2568 419 29207
3188 12090 185915
15050 6826 33705
8448 16682 155200
2510 17615 119792
1498 5507 114475
13657 2136 122436
6986 13833 180779
6998 13966 126412
7804 17197 71266
11318 1036 40041
401 10830 178122
14307 1713 90777
15783 2577 2817
10138 18049 145838
7142 6782 108612
48 16346 171623
8155 3005 50156
8287 5359 126389
11076 3409 159719
8169 3218 57177
4886 4456 102772
6913 17306 190295
14026 234 50042
6634 7991 105893
2856 16319 73163
11528 7995 76266
17382 334 183966
14623 11064 47523
1649 10588 157464
11458 3613 38720
8840 14881 185915
2842 3819 111661
16573 14381 146251
14219 12518 185041
5091 10586 135548
16472 14038 25777
3647 5299 149733
3012 7810 194591
6898 17827 132082
11618 12673 194811
4696 1454 38720
9061 11203 5042
15808 10453 42179
13072 6337 180988
10529 12360 177806
16679 16126 132082
904 569 136434
16946 6228 118499
1232 14207 178122
6507 6330 50042
6599 3433 145820
8885 17671 114998
789 2933 71804
2414 12324 154311
3195 1929 10957
17589 10300 73163
16698 16437 164116
1972 9157 118499
3308 4945 170132
215 2664 146251
4655 6528 175276
10014 6443 49729
7528 4120 152368
9422 7028 44981
15297 12976 80030
8686 16053 46287
8688 6761 102713
1689 393 52525
15672 7208 152807
8923 7085 43709
2550 16474 105239
14121 10113 10957
12806 12967 10957
11575 8287 92557
13386 9738 40041
7096 3131 155792
17820 16257 5288
17163 12219 25071
17866 9316 16234
4195 16348 5392
16831 16516 5392
8067 13652 164116
17482 12163 151438
5235 7851 155792
8250 10408 11650
11700 1108 41780
2391 17615 177355
7850 434 66415
3831 12589 20623
4280 13608 133067
15796 5110 71266
10485 3704 103621
5723 617 2528
9108 8317 24123
9854 15436 46287
1007 4311 75494
17068 7739 61352
16247 11522 135548
17579 8272 33633
2592 1997 186117
9750 13444 170316
11279 10251 43141
2662 2046 5042
8315 13767 126140
4238 5302 2817
17370 3052 126389
14266 8194 43141
15058 2283 185915
17261 16961 16234
18263 5788 6562
16854 6402 126412
16146 9435 190295
2468 14665 96706
15993 4913 58235
17354 405 5288
11683 6453 87727
7585 17615 80030
2146 10511 55108
10957 10243 62617
1436 1919 62617
13904 5468 6562
1427 17007 178332
3350 817 114479
839 12343 57177
16010 9831 25071
15900 10010 15968
16882 375 71804
8838 17012 55837
16850 5494 16234
992 12063 138102
15052 18284 103621
503 18076 25071
13641 6172 119792
15835 6614 187340
14558 3348 152807
13509 12560 170132
9332 817 43709
16371 12109 146954
6229 6153 171623
11603 7584 39968
14545 18263 105893
15344 9481 58235
15963 14957 167981
18017 2518 55108
15373 5839 25071
4981 11930 105893
16475 1214 139758
10883 11441 102987
1373 14898 151438
5198 14589 35170
14065 11075 151438
2036 14255 1416
1480 5073 132082
4689 350 94802
5294 13874 136615
16712 15790 111661
4730 14546 58235
15368 9305 29207
14535 7633 114475
3498 16762 2071
9133 12023 86803
2111 1374 126389
11460 5980 34428
13649 4460 114998
10307 4832 2071
9502 9710 167981
462 10308 185041
12642 17227 78762
3162 12429 114479
17150 15119 75499
429 17879 46287
8519 15967 52591
4143 16675 42179
2133 14031 24123
17700 1945 146251
7522 7737 55108
12592 2763 190295
17995 4927 145755
6472 11730 120123
8328 13374 155605
13374 6061 21837
11952 4982 178332
3688 15497 103594
9439 184 100290
16032 15058 145820
13996 7521 146251
422 491 62222
12330 3281 166049
12371 14823 62617
9591 14675 90777
3784 16367 50156
13643 9656 186117
4521 9036 157464
5024 7160 181832
11843 9286 15968
10303 16593 137686
7799 10102 49729
17536 14332 58235
11238 8724 20969
6775 17435 84763
17096 9213 105239
888 13368 3889
5638 16556 29207
10397 9926 21837
17518 15557 119449
10274 7930 46287
10532 16477 186411
3423 17632 87968
6989 5212 120123
152 4315 40083
13316 4236 149733
16128 4189 94530
12465 8987 194591
12114 9663 133067
5914 16633 71266
16801 6896 90777
6545 11378 49729
3890 18093 62617
15179 12552 165806
17955 15041 90777
15631 8555 49729
6364 13815 40083
9417 11446 177806
8105 1165 103304
1365 6656 15968
9141 6128 78762
6205 11325 151438
15797 3262 6562
8018 16891 133067
11820 10240 49729
9924 14041 50998
15568 17031 40041
845 14068 87968
15147 1231 16234
1428 12433 20969
7771 892 194811
5663 3993 24123
2818 3277 1416
188 5872 120123
17203 5442 76266
3228 12716 10957
3255 6161 114998
8159 14807 41705
7459 5051 177355
11808 8769 146201
4236 17590 57177
3963 8308 5288
9842 11435 199406
7666 16901 41705
16183 16085 36966
15901 17012 165806
9159 17297 28287
6496 8782 136615
11524 13428 145820
11623 16169 84763
13223 7305 102987
10332 11930 17979
9195 11746 199406
5185 15036 63911
5353 7634 36413
7863 15379 55108
15113 3248 170316
15842 3777 47523
11932 10481 135548
2962 17876 171600
7906 10155 168086
1447 3858 108403
7626 7375 15968
18007 3053 36966
719 15844 98753
12132 17259 5392
17143 2265 64821
8996 8454 91557
12703 16098 33633
1401 11500 119830
10830 16249 84763
17897 8464 50042
11527 17524 155605
2358 2268 190760
13313 6357 83529
16601 4534 147722
15201 16204 52525
7736 14998 71804
10696 304 120829
15858 6063 94802
8060 16444 175276
16929 3875 98594
15761 11666 155792
14667 5954 5392
1160 11308 17979
4410 8988 120123
4423 17780 16372
16264 11821 99071
11921 306 63911
1013 14881 139311
7786 13110 152439
2028 12619 52591
3779 15054 94802
10268 3146 71804
7605 2243 63911
15780 10508 171604
8737 4016 178122
6166 2454 49594
10442 18133 50156
2613 11008 103594
14331 8645 133067
2823 2839 136434
2560 11607 132082
7562 11908 94530
16708 11447 165806
11180 12062 103304
202 6669 43141
7525 3131 28287
1208 4597 17979
16414 15028 126140
5454 4396 111310
3218 10220 50042
17726 516 111310
2979 5129 49729
6118 8087 167981
9913 17906 186117
17971 331 20969
3165 11567 119792
13982 2586 188528
701 17398 165806
16906 9656 40083
12319 12323 186117
9792 4769 152439
10293 6146 171600
7867 2526 111814
5623 6038 146954
16687 14746 50042
7335 655 103621
12669 2233 40041
9929 4685 151438
17500 12714 155792
15189 4617 87727
11004 3643 177355
8588 2516 119830
2724 2611 178122
12500 12450 73163
2779 13578 107854
9322 4193 114590
5807 6672 102772
3960 13332 35170
4698 1577 102987
14142 7825 89415
14920 655 135548
15692 7418 126204
3283 7424 155200
2256 16167 119830
2538 2169 2817
12839 5911 151438
11637 13315 5392
9920 8019 40041
11862 16444 146355
4340 5820 2817
4489 2104 61352
13012 18176 109643
12329 12975 146251
4583 12732 122436
11955 772 145755
13007 6209 100214
7345 11226 105239
11889 7976 139758
10992 14942 177972
985 7088 73163
114 1389 181854
11649 16464 171331
15170 8382 114475
1784 802 181854
14118 15761 167981
7837 13135 3889
15069 10503 34420
4135 63 105239
13615 8005 86803
843 4722 43141
3220 9322 166049
4994 10712 164116
4544 13972 119830
15772 4403 47523
12063 18066 119830
16323 15728 155200
5631 8859 20969
5303 11234 21939
16151 15509 21114
2091 10789 20969
17408 14084 135548
1795 15351 78762
16127 8726 126140
2926 11606 43709
10343 8180 146201
15337 11336 166049
1787 1845 190644
5274 1434 171623
2877 13350 146355
6658 2362 62222
1355 8217 39968
6225 10040 16372
4048 10951 199406
13740 693 105893
8094 57 120123
4270 1201 46287
13599 17246 28287
4533 2598 87727
8198 7699 119830
4114 14625 171331
13730 5480 5042
8453 17246 111661
13086 16398 84763
815 17012 181854
8277 5590 177972
14719 2262 147722
1656 17252 2817
5608 12607 152807
11815 10331 37918
2923 5696 102713
14371 1599 155200
7177 1816 6562
2991 18168 152807
6723 4106 178122
6043 9417 120829
4514 4300 20969
5066 4692 86803
3307 3192 108403
12305 895 16372
5988 13268 114590
15416 2474 139311
10235 9875 87727
13182 13668 91557
11710 7075 136434
3815 7589 71804
17936 3037 96706
14898 10684 34428
7258 6303 48420
18142 13811 103304
15966 10528 178488
1354 3131 6562
3383 15561 170132
5126 6025 111661
2975 17695 199022
1644 17100 73163
5391 7120 177806
1812 8887 178488
15654 4500 66415
1535 3795 17979
16447 154 178488
17436 12039 145820
2449 2902 17979
12912 3456 43141
7916 2908 133067
9333 16385 20916
6972 9146 123876
1898 7315 114998
1879 12052 199406
2051 11317 114998
11667 5424 91417
5906 18288 33633
18108 1265 80030
2579 17842 14262
5328 5029 33705
14659 10762 10957
1446 13923 41128
11911 5985 170316
6832 979 96706
10133 8554 38720
14608 12811 42179
15518 12953 109643
2900 12686 50042
6306 5974 36413
11311 4066 167846
10642 12719 43709
1699 667 83529
16693 2496 41780
10516 6620 181854
7365 2064 80030
4153 8658 35223
14244 17298 96706
11461 9372 170316
16194 16757 102713
13336 16681 109987
4333 7139 13331
2667 14496 86803
3489 8267 87727
12281 1884 103621
12408 15320 71804
4373 11744 16372
16995 8606 34428
18156 2276 129461
7062 1736 98594
5422 16086 177355
6781 3332 166049
13558 6528 90777
3041 9797 21114
16073 14750 100290
8409 6224 2528
15839 12949 73294
12274 2980 21837
13120 13967 155200
15657 2887 96706
1268 12808 190295
12575 10264 98594
13548 4847 73294
12028 1864 114998
930 15872 29207
1524 15091 64821
588 14412 2528
16163 5660 123876
11902 10724 83529
4584 18223 177806
6691 3342 5288
869 13121 2817
7090 8058 105239
17211 8893 94802
15934 16833 107854
16884 6304 146251
9020 4573 186411
8415 4630 171600
6439 15618 178122
3818 14095 190295
3806 6961 83529
13703 16962 25777
11141 14644 21114
13677 12507 77354
14174 5530 36413
6755 10671 126412
536 4248 49729
7498 5865 75494
10616 10262 10957
8008 11013 168086
9743 15361 2528
12928 13107 17979
6411 7691 103594
12782 7077 111661
1389 17208 152807
1623 4261 155605
7937 6242 175276
14212 1915 21837
13312 7145 96706
10542 7259 62617
13303 16664 87727
9482 12109 188528
15670 2868 96706
14138 12041 114590
12971 8729 109643
8727 13708 13331
12621 9685 46287
3420 6257 122436
1010 15951 21837
8729 4195 38720
13219 14380 89415
10502 9062 190295
6840 2383 89415
15717 8780 126140
5369 6278 123876
7567 16328 103621
9410 7416 5288
7539 7700 41780
17904 7330 155605
11731 5660 126204
10853 2254 186117
13620 6088 76266
15850 9678 149733
771 7825 5042
2262 4065 2817
11221 1475 78762
14111 8473 194811
8234 11283 145820
7709 12549 138102
7943 14740 154311
1507 12791 14262
14011 16960 185041
2047 640 94530
17067 11645 120123
11169 6333 88717
6537 14605 52591
7042 4942 52525
18195 8333 109987
1734 4256 119830
13936 16265 198502
11749 8195 138102
4414 15290 107854
12816 11516 126140
3408 16430 20916
10569 11434 147722
1032 10180 139311
3349 12585 119449
8245 13116 175276
13656 16767 178488
13254 12474 114479
17487 3536 122436
12411 2613 73163
7609 9941 98753
13031 7951 84763
13373 8 145755
8766 5198 165806
718 4242 122610
3019 3802 126389
1312 9470 119792
12576 15849 21837
88 15560 33633
3629 16643 180779
16553 5361 133067
2395 10859 100290
11910 5043 171604
9903 9984 87727
10759 5129 94802
15721 1179 42179
17775 10589 151438
11357 17351 170316
6255 2666 25071
4342 16271 133067
11398 13135 138102
2424 1700 2817
11036 17706 24123
1412 5838 178332
15580 18231 102094
16864 11163 190644
9474 8502 42179
16586 3823 87727
3645 1389 34420
9981 12808 185915
4901 11516 108403
8887 17531 145820
6994 18090 168086
10031 5799 190760
3317 15030 199406
827 12133 152439
12804 10188 80030
7689 8029 42179
15926 6148 152807
3992 4745 114590
12116 4667 122610
5424 4158 178122
6478 13097 151438
8479 1649 178488
14453 4643 185915
1695 12554 87727
5816 18111 188528
15851 1081 61352
14863 17127 17979
14032 13056 199406
1897 15609 145838
5232 8771 167981
14700 10582 52525
2211 11508 139311
7576 3861 185041
3183 7876 199022
2786 13449 170132
17079 15235 181854
12723 3663 21114
13697 3 16234
678 11890 118499
8772 11173 2817
14520 17012 58235
13271 7665 37918
10599 4544 103304
9267 17135 159719
13138 2473 120123
7274 1689 145755
1158 2409 50042
6113 1170 41705
6448 5288 166049
12831 9463 180779
13988 1040 102772
18197 9967 133736
3455 3830 86803
5436 7810 1416
7431 18015 133067
12091 15195 84763
13119 3675 38720
6423 3971 15968
602 9232 136434
16211 11963 82022
13314 4245 91557
8263 4124 48420
8216 2859 71266
10286 8299 58235
9507 14517 111310
4587 12947 49729
7694 2919 73294
13405 1871 5042
13539 7580 78762
6795 15662 71804
10354 7261 50042
3527 16622 120123
5741 8109 145755
13911 11024 2071
269 6913 6562
17907 17440 102713
11978 3524 199022
10812 8257 135548
5381 8834 166049
1917 8485 145838
5199 3748 119830
533 6420 43141
17961 6655 199022
16947 14540 114590
4424 2845 80030
16492 7339 21939
16181 10636 194591
16204 7635 38720
467 15232 188528
12451 8467 186411
14691 7363 96706
15313 1617 21939
14419 5483 107854
14191 14072 167981
17343 16815 180988
16785 17020 37918
4483 9391 114998
14235 17227 43709
17341 14522 186411
17131 13201 190760
3977 6601 37918
5002 1909 187340
11633 13350 100290
10632 4145 107854
12434 14651 171623
5705 7204 34428
3262 1892 78762
17577 18083 36966
10153 13836 185915
13938 16545 2817
16622 8674 84763
17019 12447 129461
1845 1901 82022
9623 17122 139311
3035 9265 41982
2896 17034 114475
18044 9963 57177
2710 13922 20623
5843 1189 41705
14775 14931 183966
16423 9522 33633
15307 9101 5392
1708 17615 165806
13178 6247 181854
10323 2953 48420
14417 16921 164116
11588 9419 191131
16255 17516 114590
14413 16841 159719
1423 8597 78762
16618 12957 146355
8849 12849 37918
8945 9532 21939
9409 1079 91424
6857 11199 154311
11249 14005 154311
12534 7856 10957
15105 5436 92557
463 3152 146954
10950 15309 180779
11367 10400 98594
17763 12022 94530
5685 858 114590
5050 13318 178332
6312 12912 126389
16453 16716 119792
1239 17383 194811
6356 1145 190644
11350 16609 40083
110 5605 87727
13310 863 167846
16972 8887 122610
1139 14801 71804
183 8209 102987
4003 4132 180779
7776 12465 145820
7691 6586 47523
3969 15356 43709
3450 2133 34428
1813 9082 129461
2056 9773 40041
10983 9580 103594
6772 9335 126204
17164 5219 75494
693 10537 61352
15321 16391 102094
2016 2403 77354
11084 8250 102987
8278 3685 138102
15975 16567 66415
3294 2181 11650
15734 17972 66415
13773 12117 15968
17503 14299 103594
2520 16973 119449
3862 2201 63911
1612 13305 58235
17193 790 133736
11405 9782 152807
13980 246 41982
2361 11292 42179
1928 17022 2071
1283 8982 133736
13813 3232 39968
7563 8977 181832
13093 11038 44981
11866 422 190644
16045 10082 186117
2927 3310 92557
11438 11986 46287
9866 15258 190295
11848 5739 91417
11634 15189 146251
14313 12602 152368
15747 9275 49594
14368 2955 171604
1486 16143 103304
15524 10401 120829
161 3766 108403
9102 16468 187340
6198 2562 21939
17774 11341 41705
2200 1694 178122
17954 14647 55837
17641 15443 136434
3194 15016 111814
4650 10231 102772
16843 11203 2528
18086 6097 57177
1329 8603 46287
15871 1649 99071
14164 6063 105893
9039 5380 43141
6753 11315 44981
8643 12604 50042
14052 7274 55837
4723 15637 84763
5775 8866 120123
8119 1647 39968
14959 3027 57177
13004 19 90777
4087 4736 171623
13727 7053 94530
3128 2548 186411
9325 16647 119792
5304 5011 5042
16680 15747 126389
12814 8040 49594
7927 8888 78762
1406 15594 100290
4202 11253 114998
2486 917 14262
4416 13656 167981
12796 13099 91417
4341 817 91417
16168 6390 132082
18264 9891 90777
14250 2571 78762
16641 17115 86803
14549 13389 108612
7662 3651 152368
3717 5292 111814
5645 15701 91424
8708 8343 24123
3503 5288 49594
11302 13037 10957
3702 14247 114479
10204 6037 46287
16277 2034 133067
5883 1857 41705
994 9366 114590
2314 17296 119830
9209 4067 109805
738 6999 87727
17097 4827 114479
7501 810 199406
17688 4677 114475
10555 5079 165806
7056 11511 25071
11257 451 171331
14253 11163 109805
16398 9811 92557
7499 14841 16234
7396 8782 86803
2258 4804 73163
6314 13787 47523
8952 914 50156
17805 11067 152439
7483 8324 135548
16314 17477 114998
13200 1070 109643
6094 16983 119449
10103 1590 120123
11510 13682 11650
12398 11762 84763
6738 15395 190644
9672 4716 194811
13041 16256 46287
740 17069 155200
5210 17614 73294
10800 11115 178122
16704 3421 177355
626 2479 47523
15405 9007 41128
4692 10240 5392
14100 4918 171600
3243 17958 21939
5211 16249 123876
7721 12382 17979
5463 18012 62222
18099 9668 146355
16476 11324 50998
9858 5903 136434
17933 16360 92557
11406 9563 94802
7095 7699 132082
143 11851 155200
4338 6456 3889
16366 2097 48420
15917 702 139758
6495 4371 154311
18286 2890 180988
17833 16465 6562
14799 12678 167981
11762 7358 90777
12957 8710 199406
15759 10186 123876
5330 321 10957
14754 10353 129461
5043 2677 34428
2428 4136 166049
2821 15168 126140
12308 16220 41780
1081 11406 15968
11705 7073 44981
3015 16328 94802
8081 14675 21837
5813 14934 40041
4411 17470 111661
9814 13003 10957
8659 18189 49594
3875 2623 114479
4942 17125 170132
1575 5623 133067
321 4701 102772
3570 16188 11650
3729 1796 40041
5535 16729 126140
3185 7450 185915
4759 10348 91417
8699 17501 41982
16620 1165 5042
3451 10905 91424
17584 11978 41128
11779 4017 102772
14980 116 34428
7306 5719 55837
9064 15413 38720
12905 1157 73163
1988 16259 87968
10931 3963 33633
12455 13022 102713
11445 2275 181854
17825 12578 16372
11557 1635 102772
12261 10650 109643
12279 7130 3889
3241 9203 84763
978 17487 21837
13082 10066 187340
10328 3204 75499
3915 7203 89415
6679 2700 185915
18035 13473 91417
4178 17923 49729
15268 14682 83529
14126 16921 61352
16089 8813 29207
17039 4828 78762
13921 14151 47523
12939 2996 152439
11839 13044 71804
10148 5421 190760
16862 16891 194811
4012 11820 49729
16457 15705 186411
10927 17152 2528
8717 12918 6562
14145 12642 114590
10959 9538 155605
950 1712 21837
16351 8332 75499
17390 3074 10957
16886 6935 114479
17667 13482 175276
13783 14590 168086
4504 12714 36413
12178 17186 20623
5612 15677 36413
11887 15856 155200
8968 12856 98594
16485 14448 64821
7561 5040 119830
6196 15208 11650
6420 12219 50998
17375 15584 185041
5845 10241 34420
9986 9788 108612
15711 12616 167981
7124 8689 99071
15679 8646 111814
11863 12575 10957
5405 10251 111814
14810 13801 2528
17077 15152 71266
2177 4249 136615
6454 13244 96706
9302 9322 100290
8244 15903 35170
7725 4349 16234
5827 10079 99071
5965 17550 165806
1719 2086 177355
1419 323 90777
17398 3532 80030
14454 3509 63911
203 14491 62222
9449 2384 41780
12460 4429 20969
600 14656 111661
14937 14643 38720
7026 9430 41128
538 587 58235
7707 9634 190295
18110 3478 119449
16077 4712 145755
9952 11236 154311
1241 18258 21114
451 12421 111661
7439 9720 177355
288 9373 2528
957 11890 2071
7105 15965 109643
15950 8470 71804
4241 9525 91417
6786 15784 138102
8211 4472 5288
3426 8333 171623
9737 15086 178122
3714 6761 114590
17877 4990 34420
15764 4885 20916
4540 11061 155605
17245 2600 50042
13229 1183 49594
2658 13030 177972
11072 4531 80030
15995 14836 2071
10944 3999 178122
4394 9279 20916
18154 15188 40041
9581 12345 58235
3190 4458 49594
7935 3618 41780
8286 2718 37918
8151 9584 52525
3687 4649 111814
7665 510 50042
2319 9553 132082
3179 2098 58235
13384 17188 6562
12024 8440 40041
11812 11621 126140
14315 7801 5392
5769 10554 49594
7764 10986 178122
11583 5677 55108
962 16572 13331
9789 577 185915
12598 4667 146201
516 694 49594
15556 3469 180988
10670 2584 28287
4562 5051 111661
12792 8196 71804
7299 16572 96706
16993 10057 20623
8441 9575 157464
17625 5832 15968
14975 14096 16234
11362 5171 119830
15348 15968 105239
14104 16795 35170
15397 12560 152439
2425 3565 114998
13895 14814 13331
4014 12494 105893
12894 7946 36966
14069 11469 108403
14899 17689 2817
2995 311 139758
18064 6837 181854
2759 2449 178332
1424 16710 119792
11093 14727 2071
14861 8656 109805
17828 2048 49729
16631 15056 64821
11155 236 41780
8795 13058 25071
11280 18117 147722
10174 15520 136615
8219 10799 136615
7233 11877 103621
8832 2785 181854
14933 7835 167846
2676 17843 102987
15115 14182 122436
13724 7286 103304
14318 4509 57177
18246 14560 50998
5016 4553 16372
1975 3109 94802
13632 14694 191131
6157 6256 6562
13990 14460 120123
14398 14382 198502
4156 2510 119792
1614 16282 98753
3740 3517 178488
2713 10941 102713
2007 13904 185041
4792 17755 114998
3528 7811 55837
3650 8643 91424
10900 7529 102713
736 3990 120829
16248 9968 199406
11090 17805 35223
14153 8650 83529
4606 7301 71804
9931 12550 40041
12926 8092 50042
16040 17084 37918
5325 1895 178488
12306 15293 20623
17310 12341 84763
11010 9240 168086
14930 5649 21114
2726 12471 190760
16285 8832 14262
13731 8013 171600
18270 9991 94530
5938 10850 28287
6467 16047 38720
8974 2700 152807
1454 13479 177355
17009 17581 181832
2573 334 108403
8651 18247 114998
15508 11038 139311
17731 1613 100214
1028 8049 183966
6370 3034 100214
9574 9622 180988
14914 4621 155792
5410 3463 180988
6429 5903 199022
6773 10481 17979
7399 16192 91557
16296 17467 91417
9935 10199 1416
15644 6330 55108
9755 10840 41705
6238 6033 90777
8377 86 50156
4387 2584 25777
13438 9646 5288
12293 12578 194591
16957 2083 61352
2564 2074 38720
9596 1890 5042
7044 110 16372
17883 14725 170132
15696 7613 47523
2774 3830 86803
11401 817 41982
5752 7480 99071
3529 6419 13331
14389 326 181854
15540 8022 136615
6996 15840 41705
3253 13128 98594
3126 16651 105239
14047 1854 94530
18127 841 181854
14711 1785 87968
18041 9724 58235
2719 4548 55108
17849 5682 111310
4809 1622 102772
17706 10986 36966
8112 5483 178488
830 3312 77354
3088 16737 145820
8110 206 20969
2399 15533 145838
5998 11150 175276
14896 11084 168086
5035 1022 120829
17421 147 183966
2645 4110 28287
7490 15737 119792
5925 8721 177972
1488 14375 38720
6931 10989 86803
17337 11361 178332
11443 6941 90777
11816 8246 139758
1443 10095 57177
15896 2198 123876
13300 15850 164116
9220 4992 13331
5065 15800 198502
4833 12590 111661
8188 15095 47523
5574 6386 49594
7046 9572 118499
9456 8316 55837
2255 3388 87968
14293 2676 96706
255 10842 198502
17420 10188 188528
14070 1369 114590
16610 3150 171604
13755 16480 78762
15213 5172 190295
7121 13960 177806
13211 6352 57177
4697 14132 21837
7186 10168 84763
4120 7129 86803
6784 8283 86803
6641 16677 178332
9440 10056 91417
9293 1929 194811
6988 2708 57177
4778 16939 20916
16738 12485 92557
16769 7535 146355
17109 10022 90777
4328 16871 62222
1015 18278 126204
62 3368 105893
16229 10476 155605
15881 15188 183966
3616 3530 109805
15928 16957 98753
7312 15511 76266
17605 306 199406
12394 5192 180779
17202 13636 103594
8521 2735 41705
3916 5277 119792
10870 7376 118499
6414 3027 87727
2947 15655 107854
3827 12809 21114
1002 1032 55108
7424 11635 105893
306 10358 171604
17423 3265 119792
13876 4015 16372
3364 16658 2071
6300 316 44981
6020 15339 114479
13838 3907 102094
3072 7982 89415
5954 13507 177972
5397 10685 120829
1420 11712 34420
14337 1230 44981
14272 14679 194811
16312 2859 199022
17819 13673 89415
8462 17227 71266
5249 12880 114475
10707 14140 40041
10628 15354 105893
14585 14267 171604
3347 7712 77354
6516 1849 159719
11873 4786 155605
859 11393 62222
8787 2847 190295
5357 16593 20969
17298 3317 75494
7551 15293 145755
12464 10979 139311
7886 10045 36413
4933 14600 3889
10417 7615 154311
9056 11286 105239
6635 6735 2071
15592 2238 152439
12037 6739 77354
11297 10769 155605
11120 13637 107854
10736 8262 46287
3368 5219 180988
8345 280 126389
15514 13564 91417
16952 1296 96706
16615 14735 55108
15848 12187 138102
2311 9366 78762
10801 17376 2071
1248 3584 118499
18249 12887 91557
13832 821 34428
15753 17504 41982
7171 1892 120123
6258 77 146954
18172 2076 111661
124 15037 119792
5081 13954 137686
11124 3382 87968
1231 9710 100214
14637 2113 119830
15972 17955 166049
7672 2645 109643
11621 8040 61352
10904 4459 109643
1440 16788 126389
17301 10606 171331
16670 6374 136434
320 15911 20916
9819 14400 61352
2488 15208 50998
3296 1939 71804
4760 1140 16372
7398 11682 177806
12856 4543 111814
3565 5593 77354
6552 7380 42179
12440 3931 40041
9164 13888 37918
12640 1088 178332
1356 18293 89415
653 11994 183966
1363 9299 20916
2648 3585 151438
8150 4663 20623
5025 6363 91557
16640 6643 11650
18196 14297 164116
1677 3766 33705
1978 7465 83529
12859 9635 100290
7040 1214 109805
12364 7048 14262
6548 16312 34420
1326 17144 62222
2725 2164 21939
7700 6722 102987
10036 8971 166049
1161 14333 99071
11495 10202 71266
3249 4195 20969
14709 14661 20916
11165 7077 171600
17879 13866 90777
1113 10781 120123
14868 9214 36966
2616 12489 152368
868 9686 108612
16241 16143 47523
9533 17136 49594
15726 5156 114998
2 8266 166049
5904 7419 16372
4552 5565 103304
3252 7593 73163
9609 4531 11650
12420 4663 78762
6031 8 171600
14152 10130 185041
4875 8209 132082
9024 13115 119830
1001 1408 145820
16043 2975 152368
12824 13644 5042
7280 4012 1416
9006 18168 146251
3979 920 190644
6727 4115 87727
9153 8413 123876
7990 15766 3889
15190 17634 41705
12913 14469 21837
7891 14358 98753
6296 16816 50042
11205 1363 155792
1316 7442 52525
17275 13744 152439
4714 10155 84763
1095 9974 120123
270 12954 170132
232 9951 190760
8504 325 133736
14650 13616 145755
6038 4713 152439
14147 15240 137686
13601 16901 146201
15217 10554 165806
6834 12912 152368
17383 17252 84763
17837 7308 78762
16781 4456 136615
11283 16346 180779
949 9486 36966
436 8348 83529
5820 15688 145838
8300 12910 61352
12660 10978 118499
13160 17508 136615
5020 11311 35223
1765 656 114998
17054 9432 52525
13046 4425 177806
15641 5083 24123
16030 10122 77354
4083 1861 109643
6555 8183 48420
14101 835 145820
17965 17340 198502
14594 876 41128
16552 10916 175276
15122 4543 109805
11358 15849 34428
16856 12195 11650
3985 1887 166049
13589 9893 170316
2481 14289 119449
3123 8800 3889
12003 8641 118499
8175 10220 5042
10748 6334 41780
105 4683 168086
12672 15499 100214
13761 5713 49729
15929 2955 155200
12880 10726 198502
7603 14288 2817
8133 2633 119830
8120 9824 103594
761 15788 5288
3800 3514 55837
9048 1812 105893
2150 8192 91424
14500 1331 87727
1723 13187 89415
2807 11189 114475
13381 17614 58235
4678 3187 86803
9070 8899 66415
7076 16448 46287
5815 1242 33705
90 5528 155792
8773 11286 199406
2288 12481 5288
3385 4856 50042
17069 3620 138102
7760 18003 86803
5581 9044 180988
9076 7494 91557
3540 5881 181854
11609 1350 83529
10243 8287 77354
17557 16350 50156
4358 17033 41128
8416 16082 185915
14685 7471 194591
6949 1576 35223
6951 6065 100214
8236 17760 190644
3935 15342 119830
1500 12853 73294
9463 7681 152368
2654 14916 63911
16900 12661 126412
4763 9822 64821
11392 1736 194591
18226 5751 199022
9834 1318 171331
3236 11128 178122
7159 6311 43141
531 8209 145755
16493 9121 16372
14824 8758 111814
10072 804 102987
9356 12052 183966
8638 1585 14262
15775 14200 84763
7908 2859 82022
7616 7725 21837
4130 9647 175276
464 6303 43141
12688 7878 36966
3877 17431 50042
17071 906 41705
16896 3923 34428
5735 6383 108403
2413 698 15968
6063 6431 177972
7473 11023 57177
4957 3129 21837
8232 15066 185915
12425 4120 137686
4466 18239 41780
5689 11166 108612
10352 17956 114475
12988 6611 155200
15333 14834 102713
12223 11116 91424
1395 11711 178488
17118 17524 102772
7030 15858 109805
11571 4012 75499
9732 17524 44981
603 3511 80030
15962 4460 154311
18173 7219 41780
10150 1752 24123
4142 15252 14262
9547 1744 191131
13622 4306 62617
7241 16153 133736
8275 4468 73294
6245 6204 138102
17674 7540 49729
2599 6994 146201
11939 1610 38720
10015 17464 20969
5976 13244 33633
16299 3726 152439
4908 9275 58235
18070 9475 129461
3415 9902 188528
11337 14253 3889
11088 5419 199406
4009 7337 43709
15449 6088 105893
2484 2146 155792
4354 10274 171331
13394 15449 199022
17379 806 178122
18055 6350 167981
14115 17088 180779
15219 11636 147722
6649 14656 157464
13416 1081 46287
1029 5857 91557
18289 4660 105239
16752 8124 129461
878 66 185041
13273 12022 136434
7332 6733 40083
12009 4948 181832
12193 15170 52591
4682 6081 154311
10093 7435 170316
13003 13899 36413
11641 8382 55108
10462 10040 175276
14729 16869 14262
14624 14242 139311
15427 6781 10957
5765 10075 108403
10010 9395 137686
3068 7747 135548
16569 9398 199406
9602 14140 82022
13188 9066 183966
11888 4930 82022
10407 4206 109805
12075 6380 165806
8252 9311 175276
16322 10249 44981
13721 14141 177806
92 8654 55837
10817 6105 5288
10971 12214 17979
11559 13144 194591
17722 16711 50156
1109 11713 103594
6948 9977 190644
8359 13581 98753
17410 5655 2528
10629 17819 177972
15965 9246 16372
846 3407 100214
7316 13135 83529
4971 16862 94802
3940 8965 152807
2322 3288 14262
14715 14118 178122
16962 14854 50156
13630 6256 122436
8138 11012 178332
997 3685 171600
6785 14956 145820
11176 4136 33633
14457 1407 98594
3846 2970 71804
10832 16424 87968
6614 10316 109643
4314 17066 37918
16022 9530 57177
6360 9905 90777
10479 12779 194591
6475 15688 133736
17977 6861 119792
10794 4822 10957
5577 11380 73163
7319 2962 170316
16320 6398 178122
12531 5379 126389
18233 1189 167846
16418 12360 52591
13650 11835 168086
10617 18235 76266
10171 10361 102713
1815 17592 183966
13493 7840 3889
17723 8545 187340
228 15804 109987
13478 331 119830
11956 8716 199022
101 4969 152807
2936 1186 102772
15886 10642 5288
1411 9743 111661
6153 15208 157464
16364 12613 35223
7884 192 21939
605 12494 107854
4532 4425 77354
11835 14536 183966
3139 8252 103594
16595 367 84763
14567 9604 152807
16304 17963 118499
11668 4783 139758
16550 3141 41705
540 5767 111310
1019 3810 94530
11882 13966 170316
5897 15182 91417
1737 10664 20623
9216 17495 2528
16505 492 171331
13877 17837 151438
1335 17295 13331
13468 4887 126412
14954 5470 98753
2272 4392 37918
8360 14818 78762
15361 2409 139758
13222 14457 164116
18031 7388 35223
17875 13896 48420
2666 6683 186117
14477 9223 62222
6756 3172 119449
13826 3862 64821
9275 7801 96706
5010 1706 5042
9277 3174 194811
15969 8198 102987
13546 17524 167981
5307 8216 47523
15801 12450 21114
11196 12030 50042
10006 11994 167846
7515 15844 41982
2698 8887 159719
11328 45 186117
5646 11187 111661
3557 14043 185041
5117 9354 35223
15666 12026 100214
9348 13801 175276
17767 3620 20969
6456 2198 24123
2312 2380 91424
12562 10887 10957
7333 5066 118499
6359 9432 151438
9722 10 55108
2940 2240 92557
6200 16096 34420
6192 9713 88717
16523 15349 49594
608 1214 120829
3919 693 146954
12405 6027 171331
4098 17020 170132
3634 5030 1416
17358 4319 109987
9176 4204 120829
7854 14501 91417
12906 2409 105239
4746 17821 175276
13646 9241 47523
5604 2367 146251
18061 10974 114590
7149 9882 114590
16711 15499 199406
6455 1134 77354
14527 13798 37918
5150 16331 119449
12183 244 5042
5134 2744 33705
7753 5752 100214
7882 13697 11650
10362 1946 118499
12803 582 109643
11439 7948 102094
4139 4908 135548
9877 4645 20623
10011 14828 6562
13766 10540 107854
5641 569 120123
12032 1424 171604
11482 477 55837
11538 13566 100290
15622 717 86803
12728 17255 146201
7669 7699 63911
11182 730 102772
17446 4353 52591
12098 1387 91557
7692 10366 111814
6292 9754 5288
9170 3363 36966
6337 12523 198502
12211 3120 41705
2983 2310 89415
14838 2302 166049
16482 3676 171331
18144 16282 52591
16205 8843 181854
17183 10686 190760
5997 3000 114475
6969 8555 107854
15547 10475 103594
10646 2395 138102
17680 9877 100214
17147 16025 83529
6726 10938 185915
7783 14720 80030
15521 9901 6562
14003 11781 146954
17650 6128 146251
17785 10676 186117
7168 16796 138102
13331 13586 137686
16049 9647 77354
9803 15831 199406
1087 1273 2071
2632 2254 171600
12665 12751 89415
15060 8211 21837
7988 4949 139311
527 1340 49729
18117 8434 76266
15484 10882 80030
1364 13282 38720
748 16431 92557
18082 11262 50998
6591 2496 62617
1529 17652 180988
16973 10401 73294
17171 16472 20969
16836 2932 171331
5861 4859 66415
5191 4472 14262
14063 2172 21837
8963 1181 136434
7606 5544 146201
597 592 178332
17265 12488 199406
10388 7766 20623
3507 817 35170
560 15105 84763
13002 11110 120123
3713 1679 190760
7772 9366 39968
2659 7535 136615
8922 14234 185041
861 13077 63911
6355 8302 17979
4370 13908 84763
15546 15943 100290
673 2633 33633
1512 16769 2528
12769 4410 129461
2236 12336 36413
11419 6351 35170
12522 5394 41705
18294 7004 43141
3661 8109 25071
8538 4028 98753
11028 7414 177972
12106 6879 21837
394 3928 190644
11500 3261 55108
10068 12823 42179
12002 16974 42179
8193 15342 167846
2158 4391 149733
17683 14141 147722
11548 5422 107854
14186 3925 103621
3066 9044 119792
13158 16749 91557
14299 11151 180988
9364 2640 170316
12301 4457 135548
16386 10249 88717
2990 11379 33705
8438 11897 119792
5098 13982 177972
3777 17022 102987
6376 10102 102713
1823 16408 177806
6405 286 86803
15806 79 75494
18040 7573 171600
15365 1982 145820
16737 9292 181854
12722 12590 122610
16170 13907 146954
16190 17698 180779
9032 4066 109643
15269 7567 98594
13874 15962 50042
12335 6916 61352
8135 9721 114998
7746 2002 83529
7601 17976 132082
11702 8038 73163
12958 12073 38720
16999 3532 15968
16829 5736 171604
14362 16706 139311
3556 6215 89415
4709 2762 28287
9624 14738 167981
5555 5153 103304
7517 18235 133067
2454 5865 187340
1954 1528 120829
7023 2862 178332
3535 17423 170316
16315 7599 183966
5810 1628 185915
13587 20 171600
1348 15373 11650
2443 15594 102987
9940 5956 152807
12298 18006 62222
8163 8777 36966
16584 12494 50042
4052 336 109643
10051 2275 190295
8054 7096 3889
2731 5618 126204
1258 4115 66415
7814 9333 2817
4737 815 43141
18219 1123 126412
6164 7286 166049
634 4426 135548
12980 9878 139311
1687 17859 190644
12931 9438 170132
16406 16432 194591
2265 16578 2071
1278 15366 100290
5136 15849 87968
1012 2427 3889
17181 17164 109987
9094 12413 48420
15910 14741 100214
3472 13492 165806
1024 6692 73163
2656 10889 34428
3496 14807 199022
3510 16467 122610
17533 9387 48420
12453 12097 108403
5337 13046 102772
15224 2958 105239
9644 2046 177972
8927 17981 137686
14858 9718 39968
7488 2374 35170
8305 14868 16372
9235 14061 41128
7752 17607 136434
13507 4138 194811
5241 11422 178122
17058 6327 146251
17479 13066 5042
1761 9600 98753
18214 16838 96706
15880 10385 75499
8975 8637 119830
657 8462 98753
38 1586 119830
4751 5501 35223
6823 14750 145755
15664 1609 151438
2003 15548 91424
4166 14117 35170
9079 15158 178332
14779 6761 37918
4359 14205 35223
16008 8202 36966
5670 6398 175276
14276 360 90777
14997 4182 16234
12272 10197 119792
6024 14466 82022
4350 1993 91417
13868 17623 58235
10650 7325 50156
1457 5467 88717
3075 15035 136434
13036 18077 5042
9717 15901 50156
17372 15114 126204
10715 5980 114479
17692 17931 11650
13621 557 120123
7196 2052 139311
1781 13094 20916
3590 12916 49729
5729 7245 186117
4369 9203 183966
10238 5228 34420
16666 1304 91557
15865 9681 89415
12107 1977 71804
8196 12863 139758
2714 3817 175276
2370 3937 50042
1100 12199 89415
11193 5661 100290
12716 18068 111661
17004 426 49729
13553 1655 75494
1768 7678 50998
16762 16983 43141
4851 9051 58235
9965 17159 155605
913 8646 146251
13948 8556 96706
12049 10433 41780
6621 18090 11650
5309 3720 146201
4720 281 20623
12692 4125 187340
3532 6189 25777
14348 18290 145838
11937 12681 5042
15014 14382 167981
1814 4436 145838
9648 10979 168086
3340 2793 186411
1438 9530 43709
12685 12255 190760
10141 4459 167981
6638 5278 33705
6384 14059 36413
8798 1689 43141
10179 12296 133736
3116 2064 87727
13255 1705 63911
11363 5296 149733
16307 15547 155605
6744 5325 87968
15117 7690 61352
13390 9786 186411
2606 10711 109643
10807 9200 33705
15466 4740 194811
3947 2493 43141
5476 10611 155792
16347 10803 105239
11132 3930 137686
391 7762 41780
11734 1168 62222
16654 14298 73163
7924 12557 2817
14666 5552 109643
11572 9197 109987
10977 6081 155792
17355 9731 178332
2180 18044 92557
12402 6831 37918
6944 5587 177806
2067 4376 24123
1210 10897 25777
11296 9918 62617
9836 9952 170132
2433 15348 136434
14716 5242 83529
16392 5412 185915
4704 7070 171623
12299 13991 15968
8492 9292 21939
10111 13411 167846
7765 198 88717
12541 12949 15968
850 1599 25071
7710 8194 152807
11695 8160 24123
4346 16540 159719
15339 16899 75499
1250 13977 111310
6195 1049 133067
2612 16488 1416
6604 6259 199406
8864 9942 146355
18277 1915 165806
13754 6383 40041
17412 6847 145820
5856 9073 154311
7810 4617 35170
9990 18238 129461
10940 4828 41982
2050 13142 91417
7869 16853 94530
17776 14051 185915
8410 15396 21939
14075 8924 133067
7853 3415 119830
10233 11706 177355
5942 2313 20969
17043 6023 181854
15572 18241 145755
6347 3763 152807
16730 8134 146355
8472 1282 91557
6580 17461 139758
6792 14448 1416
1339 991 6562
8938 17179 183966
11248 6570 91424
8817 17725 90777
6761 4256 194811
14014 5425 199406
8994 2630 77354
14852 3864 35223
10062 3362 13331
14677 7866 29207
13605 13584 2071
14325 13004 24123
10986 6872 199022
2162 82 82022
10805 11188 44981
12344 14051 3889
5753 10241 35223
10045 5151 20623
3946 16188 5392
3016 9287 149733
5512 18264 181854
3488 2439 119792
3279 12983 185915
2594 8613 34420
3769 18263 103304
2695 1338 38720
706 4850 137686
15597 12947 170316
12593 18192 82022
9916 7929 21114
8617 16234 84763
4817 15520 152807
17694 11105 25071
12586 8997 105239
13688 13577 109805
4311 16201 6562
7518 8891 154311
13555 879 2817
3452 8930 82022
15428 5357 119792
5248 10811 109643
3221 13719 55837
6700 7329 166049
6957 393 38720
15334 14726 47523
16173 5822 114479
3311 13122 33633
16011 11060 199406
11606 15498 50042
14493 13003 50156
17569 8606 187340
307 2319 114479
6328 1994 126412
261 11388 20969
7069 7279 109805
8700 13310 28287
1368 4444 88717
18274 5816 139758
6479 716 76266
458 2693 190644
13786 7118 188528
10844 7914 48420
15986 14266 61352
3355 3173 80030
16015 11945 177972
801 18299 177972
10526 3718 102713
3372 8390 34428
12550 12450 181832
13407 13431 102713
13660 12026 55108
16514 10508 6562
10271 9588 186117
6002 16320 183966
245 4393 58235
8571 17843 126204
17947 3970 75499
6086 5832 71266
7188 9950 21114
7857 10769 180779
4257 11139 99071
7847 4719 77354
10597 2410 171604
5377 18242 199406
11317 16061 3889
12770 17094 55108
5268 10124 50998
6716 4980 186411
8856 8258 1416
17334 13492 2817
12073 16502 5392
3257 14919 88717
7583 11221 99071
1244 5442 171623
7051 7274 129461
4925 4144 41128
85 13828 58235
1136 13024 133736
11119 14307 63911
1668 4119 133067
15702 6953 10957
11295 1972 52525
4739 2277 29207
8898 7064 57177
6515 8866 145820
5306 5454 40041
2116 3958 102713
15637 14041 49594
13955 4939 185915
8940 7022 105893
11519 10882 55108
1739 10917 63911
7582 15281 49729
16382 7088 20916
15733 17734 55108
15824 11360 63911
2805 3596 61352
6403 4057 177355
9774 1071 132082
4776 168 47523
17304 12907 145755
4603 8928 91424
298 17954 191131
6501 4234 198502
17447 5133 168086
12426 10682 6562
2461 10651 2528
9262 473 185915
325 304 114475
15316 11795 177806
3453 353 35223
16652 8371 170316
10962 9366 50998
6842 15288 129461
6812 13816 102987
732 8205 190760
9885 5156 34420
16058 1776 33705
11898 9473 89415
1102 7333 50998
11961 10290 105893
9541 14574 178332
6392 15265 57177
11879 3536 107854
11107 16214 62617
15029 14511 167846
5806 3309 57177
1555 16865 175276
14648 4745 122436
14005 9483 111310
16451 5919 180779
13814 10290 186411
13668 8317 76266
13117 4222 152807
16630 17258 119792
1289 2631 139311
1513 11436 62617
15879 1044 155792
2444 5857 181854
17264 17224 146201
10433 8965 16372
12551 4357 165806
947 1013 50156
14302 13849 2528
9399 10988 89415
16460 80 146954
16532 14279 120123
14343 12371 180779
9437 5928 167981
13770 18097 171600
14183 959 58235
7128 6228 20969
17918 4235 66415
15262 13973 84763
16104 5948 105893
7844 8571 133067
2844 11528 20623
11893 713 91417
14801 4756 43709
12606 5784 165806
1979 12131 133067
1977 1946 139311
9658 14009 62222
3113 17485 152807
9187 17734 159719
12354 11178 122436
854 10084 87727
16931 15230 41128
4122 13836 135548
3691 5241 100290
4247 16073 89415
14193 12878 14262
3390 1875 57177
11333 4821 3889
10592 16882 43709
1484 7384 2817
14826 2857 75494
3460 8040 151438
7963 15629 132082
15317 3424 46287
3592 6658 102713
2041 12293 186117
9831 11128 181832
7838 2087 129461
4756 14023 14262
12742 18044 46287
6140 638 190760
10450 12266 64821
11530 8465 29207
956 4192 188528
8650 8267 146201
2501 304 103304
2129 8759 94802
8991 15679 91417
12449 17743 126140
10363 1214 52525
9810 17931 155200
8308 15361 165806
15133 17890 122436
10196 532 139311
18204 5997 55837
6322 1649 6562
17970 11727 120829
13464 13613 90777
16745 14769 151438
17434 1134 14262
7489 9199 76266
13945 8376 168086
624 12906 13331
4555 16077 87727
9477 3665 166049
7318 4557 190760
16060 13874 41780
10206 2662 80030
7902 8007 122436
17929 9781 91557
10395 10177 178332
17388 4188 37918
17293 1631 145755
17957 10553 52591
3103 5901 185041
16951 15149 133736
12965 16818 102713
4865 7525 119792
2298 9481 11650
14243 17841 63911
6158 6560 46287
11856 8987 135548
16224 4740 94802
12546 6215 62617
17878 4569 78762
4091 7933 111661
18028 10514 178332
7546 16095 20623
8274 901 122436
7015 13592 55108
9753 18030 28287
15676 17690 49729
11095 6686 71266
875 13160 71266
12177 2527 66415
4806 18045 178332
8233 8217 40083
16757 2767 5288
12020 2048 136615
10110 4039 82022
13993 4004 100214
5470 3383 109987
12148 118 84763
1921 17605 111661
17481 5747 111814
17104 15293 103621
5350 7684 73294
4383 10211 16372
8892 10292 43141
4888 3778 177806
11514 4572 91424
2878 2668 90777
13262 15786 33705
10384 8492 133736
10911 8209 145838
9472 2944 73163
8368 810 87727
11054 5264 42179
4508 17982 126389
14789 13498 61352
11030 14462 48420
1246 13320 66415
6026 16263 166049
6607 16888 180988
2219 13758 41780
3633 8077 154311
6168 10448 35223
6473 11509 123876
1932 1774 41705
1129 8105 199022
9110 13768 98594
14579 17417 5392
14865 4561 171600
7506 12405 181832
4407 13768 139311
11313 11142 187340
1093 11069 105239
7373 5792 2071
12617 9354 155605
12996 14318 37918
9704 11351 91417
6963 14841 185915
3479 7959 118499
17938 1190 146355
14796 14267 87968
14292 11510 5392
17593 7329 87727
10725 5415 25777
3810 13142 146355
11300 9507 103621
16638 5518 103594
7699 720 164116
1967 10729 82022
11254 2694 152807
12072 16939 46287
3017 12360 20969
17309 183 33705
11114 11053 71804
1505 12044 47523
1111 12345 126412
5100 10586 190644
5132 7886 133736
415 16201 198502
256 7838 80030
16078 3203 138102
2533 6957 105239
5339 5664 2817
9708 3507 34428
6285 16371 66415
13968 3362 178122
2338 11293 186117
8516 16853 16234
6009 12661 50998
5884 9597 24123
444 5347 138102
6720 2227 46287
6096 277 126140
17110 9486 136434
8660 3108 178122
7268 5043 181832
16353 12176 91557
9019 3889 94530
1726 2903 120123
15435 17319 146355
14054 11764 47523
335 9590 186411
14692 14924 191131
6098 2008 73163
974 10346 168086
9125 3917 20623
16775 1165 2071
16644 15184 159719
18209 14929 155200
12746 14502 41705
16025 11696 82022
10663 13325 120829
12890 9241 177806
1701 8740 63911
10638 4591 48420
3074 13886 118499
17026 17688 100214
4454 1268 73294
17962 8658 52591
14947 8268 92557
6935 12507 146201
1536 42 123876
6352 6792 145820
2206 4913 122610
7674 8 119449
12187 17590 2817
72 15927 46287
16490 2154 6562
6612 12796 171600
15323 13848 13331
8744 16570 100214
3921 13077 44981
1837 9367 34428
9664 202 47523
13245 1354 109643
17099 16792 3889
375 5292 36413
11803 8107 33705
6809 13303 41982
16944 11742 100290
2172 13745 78762
6959 6344 126412
4889 13548 88717
10627 15578 98594
4581 12159 64821
14526 11777 167981
11701 12428 88717
10498 5320 178122
16116 16666 37918
4133 6800 105239
1052 15909 91557
4601 17889 177972
8805 4618 111310
11 5743 94530
14160 4549 21939
12944 6295 48420
3413 8015 145755
9453 3303 149733
17072 5144 185915
8551 16847 107854
1733 962 35170
10409 2413 194591
10976 17871 78762
4563 1166 99071
8255 6156 41705
253 3134 114479
12076 14797 25777
5908 14043 71266
12462 15828 177355
10765 8777 120123
1958 12050 170316
4885 13588 171331
11811 16456 42179
9702 11203 5392
3808 953 180779
8026 10429 20623
11601 2259 180779
17170 15790 71804
17810 2248 146251
10603 13281 168086
13623 5289 20623
10470 4832 155792
14777 13371 63911
11673 11277 40083
349 8890 44981
5503 16053 105239
18098 817 111661
8872 6236 171600
11033 9168 14262
2392 6655 135548
11103 516 15968
345 10543 71266
13777 9406 91417
12810 14937 28287
17158 344 123876
635 9225 109987
2772 9188 83529
14727 15242 29207
12718 4001 21939
10598 16225 102772
18032 16381 33705
9226 16532 20916
3882 2852 29207
17915 8132 29207
7780 7932 119792
5945 8743 87968
2504 13562 126204
4455 5096 10957
13586 5210 194811
655 11899 186411
5443 9714 146251
13092 2484 55837
17252 1791 119792
5718 7086 50042
7251 7995 146201
3822 2493 190295
3884 83 135548
13707 10741 34420
2244 8256 49594
9828 15463 80030
6221 16388 6562
16387 3781 3889
6055 17252 102713
16883 15626 171604
13081 6031 25071
16720 12209 62222
9723 15961 36966
11799 15353 181832
14524 4615 15968
10937 4250 34420
14772 5022 126204
17267 17784 152807
12331 13880 199022
10272 7049 126389
14067 5652 98753
11948 14301 63911
8634 6587 152368
14286 17734 170316
13847 13712 76266
11491 13358 120829
9259 14329 25777
8534 1387 122436
5372 123 194591
6084 9643 100290
17107 13278 154311
5326 2562 157464
9367 10660 171623
1973 6660 20969
9 3819 108612
10577 10303 5392
1514 634 21939
15944 978 3889
3720 7416 82022
8338 16911 39968
7581 12668 126412
4862 80 50042
15249 4094 63911
15178 16168 109987
8810 9698 43709
5809 4426 178488
15745 894 145755
14459 15189 103621
12736 12180 96706
2587 11812 73294
6598 1374 178122
844 2380 167846
10114 10304 29207
11499 9810 177355
2439 12428 87968
11086 17503 180779
2029 3425 152368
9667 6996 42179
15567 15418 186411
6120 5482 100290
4794 8185 71266
3160 9981 62222
2154 2563 41780
11966 3209 96706
534 17059 180988
13459 11261 177806
13439 12579 136434
13939 9262 5392
11347 3070 2528
11077 5422 171331
15027 6001 40041
15530 6496 102713
13879 11126 5042
14815 11458 6562
9229 17512 44981
3516 2533 86803
7413 11088 155200
14996 1226 185041
14012 8634 186411
15788 810 167981
986 8786 177355
7324 4624 92557
13927 2996 91417
8260 8376 157464
3871 8490 43141
13441 8813 78762
15018 860 191131
6808 3895 109987
13720 421 133067
8654 237 83529
10874 13300 87727
10665 1358 87968
7116 2306 194811
6005 3230 1416
13156 14088 14262
15401 860 41982
9366 14374 21939
2907 16587 154311
15436 2294 14262
12486 17816 114475
6049 2487 13331
4267 13130 114479
1076 17017 21939
2174 15437 102772
17796 4714 103621
2505 13099 35170
11341 14180 100214
456 12459 186411
14127 12841 75499
6615 8039 52525
13239 6549 36413
18018 992 122436
689 12714 129461
15251 8882 136434
6424 12400 91424
16017 2503 102987
3389 2918 183966
3591 18282 21939
15591 17066 50998
15960 1070 1416
9787 4204 151438
13598 16248 75499
15543 13128 2071
4446 16129 36413
15855 9616 76266
17473 12568 28287
15776 8855 61352
1489 14855 52525
6144 4316 185041
2331 17494 178332
17056 16137 15968
4894 17437 91424
9047 9521 111661
12900 2042 71266
8895 3366 10957
7183 1314 146355
17186 3159 111310
10752 379 44981
17464 2353 178488
1720 9816 92557
4223 58 133067
9194 16262 16234
4903 14154 119792
10318 1259 75499
155 962 126412
7661 14525 38720
4541 6830 181832
6310 14567 57177
17811 15095 71804
16458 15936 123876
5763 9662 190644
6388 6699 84763
8167 5827 75499
13256 2793 92557
5031 15747 75494
16735 1407 171604
14225 15655 187340
2541 11673 194591
5895 3588 114998
8401 14352 16234
10305 16673 89415
13951 9132 171623
16219 15300 170316
7371 14465 103594
8537 13682 180988
15452 12294 194811
10836 5897 29207
2531 13315 181832
13785 4796 24123
2703 14750 139758
4573 7076 21837
15493 374 187340
12097 5075 137686
6538 6018 135548
9071 1016 177355
3150 14961 92557
7961 17604 155792
13694 12059 126140
15473 6303 91424
12246 5068 55837
11372 820 199022
14010 1376 120123
207 899 109805
5076 11911 137686
3825 5498 73163
8577 8519 5392
11223 8989 145838
15980 6475 120829
16063 8223 57177
14089 17787 66415
1839 7058 114998
13983 13852 145755
5296 1483 146954
4548 12693 11650
2275 13867 46287
3319 13993 3889
15532 3647 28287
1458 3037 183966
11218 10145 41982
15945 2623 92557
2450 18101 48420
2650 3656 108403
8209 10168 139758
17701 4674 63911
7808 17804 152368
4138 13878 83529
12176 15040 187340
491 16113 24123
2597 12357 120829
6656 5529 171604
12130 13021 50156
3215 12593 190295
17734 7629 46287
10091 3943 111310
15073 7599 187340
12174 2080 146201
3750 4891 25071
6914 5929 159719
13195 3130 178332
1666 647 126204
17742 17898 87968
17438 2234 20623
3653 10125 40041
8823 3363 33705
2803 12625 126140
3297 3365 94530
14491 9806 50042
4940 4467 108403
16300 4066 94802
3104 16695 138102
9046 16448 98594
9604 11741 91417
15743 10120 34420
11584 15531 149733
1998 9739 119449
12982 1439 5392
16226 11046 105239
360 5839 177972
2136 14295 198502
8570 6330 55108
4368 6049 3889
8893 12942 194811
5019 11196 108612
16155 686 164116
9501 15646 149733
5084 9896 13331
4624 14023 64821
6974 2159 42179
3811 7075 5042
10840 3188 25777
13545 5795 47523
1943 9603 71266
2963 7118 1416
6702 8080 146355
16729 8286 75494
15467 9915 171600
2617 7480 139758
9100 3565 71804
6687 1401 15968
14163 2627 146251
13836 15668 155200
13296 7310 119792
14294 6616 167981
1196 4852 102772
4259 15925 78762
11892 3663 1416
9678 14835 73163
10489 4193 63911
5821 3635 29207
7680 12608 135548
8995 17095 107854
9586 6477 137686
9090 6099 181854
12125 2113 186117
3198 16983 40083
9359 4456 119792
6385 2891 29207
8646 8268 20969
5240 3980 16372
11476 3568 48420
5984 16400 175276
16435 4913 171600
15377 8721 111661
16240 18055 129461
17817 4066 3889
517 17590 111814
2248 1631 146251
2881 4028 102094
5451 6804 136434
7089 17013 102713
16821 16703 41705
2103 9743 2817
9621 13856 5288
4348 3484 109805
3441 6247 146201
13091 5737 2817
11707 6306 35223
379 7646 13331
12757 12837 35170
14308 13230 155200
7354 9495 87727
11409 10297 114475
5790 5374 38720
2246 16933 111310
13515 6767 114475
18234 4509 107854
11384 9377 132082
16072 16648 136434
7915 17002 137686
8956 3963 83529
7434 9415 55837
3094 6165 180779
11070 5513 91557
7658 12850 167981
6436 6394 96706
8013 7009 20916
13201 796 178488
14950 9735 25071
10064 7468 119830
15439 11547 96706
16869 12949 5042
176 15399 11650
12189 15492 62617
15396 7192 136615
16681 438 89415
7865 13822 102987
4580 6940 33705
5748 12328 114998
3641 8546 170132
6854 17455 40041
5946 9412 100290
17230 2748 146251
3673 214 43709
3434 1803 3889
11434 11105 199406
4984 8634 73294
8976 16046 34420
4836 16147 63911
4667 14517 40083
5202 2674 165806
2638 14319 178122
1778 3199 21837
3042 1276 126389
17307 16641 15968
1919 6758 17979
18006 15278 146251
3224 13047 111814
9726 3741 14262
9403 6344 91424
7508 2655 80030
10149 12577 77354
5959 9853 152807
12967 5116 114479
7010 5003 186411
9358 16453 15968
11746 7 177972
12492 15851 2817
7521 1688 180988
6563 4451 120123
11316 2888 180988
6595 11253 194591
3468 13043 25777
11520 5915 126204
14304 14589 73294
16218 6040 111310
631 11649 55837
9570 9516 98753
408 4632 87727
7029 4832 64821
10722 1355 146251
12341 9627 133736
12961 7598 170316
16976 729 119449
14651 12488 91424
13535 448 102713
10067 13466 2071
15889 767 170132
11394 4057 114479
8046 3170 98753
8237 1361 94530
1684 4477 109805
10956 13801 166049
3807 7647 137686
16361 2724 175276
11181 819 1416
397 4595 198502
14819 113 86803
10059 5624 139758
2931 500 100214
13370 5956 190644
2292 6830 38720
4499 11810 178332
10321 5635 91557
3099 7312 61352
9786 9071 83529
17600 2791 73294
12001 163 34420
16759 10680 171623
15908 17653 98594
4329 6086 25071
7874 8005 108403
6662 7651 48420
13 14295 155792
7400 4838 154311
11721 14576 64821
17771 18098 3889
10314 10883 91424
9749 10824 88717
15461 11327 119449
8793 349 109643
6933 3630 165806
15890 12287 199406
6278 5359 177806
5253 17641 149733
8828 14572 171604
9237 1119 119830
8380 6595 137686
17790 1617 63911
3833 3133 86803
8388 16807 43141
437 1765 36413
52 8387 71266
639 2165 98753
16685 7405 73163
876 11898 187340
18262 14338 41705
17545 7908 102987
10385 3514 82022
17562 3976 177806
9150 15168 29207
2419 10819 76266
2110 8841 185041
10453 9960 114998
3541 16149 58235
4854 17980 164116
1060 16512 41982
4019 2006 139758
14626 9440 190760
13970 991 107854
5270 12067 50998
146 4844 177972
14406 7025 180779
1885 15661 146954
17725 13665 108403
10156 9520 167981
7625 9043 177355
2455 15496 16372
11945 15539 102987
9638 4677 108403
2841 16012 114998
14945 833 190760
10129 11802 39968
13571 6943 171623
15223 4591 44981
4613 8809 111814
3638 3388 100290
2478 10653 28287
10659 16607 37918
16647 7044 62222
3071 9696 2528
2549 917 154311
14836 14459 11650
11809 14270 100214
1786 74 139758
5173 12084 50042
17670 2330 41705
12229 10511 91424
10200 12537 178332
15329 10181 87968
14869 14590 137686
387 1687 33633
17471 3501 102987
15009 4233 38720
2917 12866 126140
15225 6782 3889
13845 1860 114475
7980 9548 20623
3614 3913 98753
8082 11516 108403
11330 10220 58235
5584 2441 170132
17089 7340 137686
3081 414 114998
7347 2504 50042
14231 5166 41705
6010 7261 138102
12608 16660 46287
4927 10673 77354
11620 17318 199406
7960 1502 145755
9902 2397 50042
5717 2281 55837
9506 11602 20969
11351 13061 186117
14437 8817 87968
9652 624 186117
929 6941 20623
4398 9668 16234
12641 487 78762
15481 1977 186117
6006 18201 109805
10762 7414 103621
16978 13609 25071
6901 3398 63911
15380 9960 188528
17764 17903 91417
4518 7248 36413
5439 7810 155605
7556 16813 109805
7143 16000 199406
5731 5055 86803
15477 7809 120829
3209 9760 2528
16079 14456 186117
6830 7261 71266
5080 10272 114590
3505 14268 14262
9527 1361 36966
3506 9778 129461
8612 9123 21939
8493 12487 50156
7383 9864 132082
1468 17614 122610
10497 9424 96706
687 18071 178488
16668 11264 103621
13492 14527 171600
2190 5301 170316
6711 3376 49594
7744 9544 102094
1071 8890 35223
6281 12887 157464
10170 7589 111814
4863 10469 199406
3840 17127 146201
9290 1862 20916
1624 5642 122610
11657 17013 50042
392 5310 145838
1497 9309 41982
14467 15675 135548
11569 6369 63911
10920 7476 119830
6499 14906 175276
10808 8991 78762
7405 13066 132082
17050 13661 47523
15785 18113 137686
12255 9193 167981
3029 730 180988
1935 9455 98594
4189 7181 94802
6315 11955 103304
16954 4262 16234
17394 9025 17979
10250 11921 82022
4679 2859 199022
15064 640 21837
13241 16899 35170
14146 14186 133736
11544 1046 16234
17149 3575 96706
279 12039 191131
539 16798 167981
7824 17258 73294
7955 1914 24123
18101 7829 126140
10132 3366 25071
285 6644 159719
3063 2554 41780
16257 5575 136434
3213 4319 99071
18052 1124 43141
14935 8315 91424
3206 9861 47523
2903 15832 91557
9805 9875 24123
7899 5305 63911
8035 1186 73163
17367 7024 94530
652 2145 154311
10702 2048 186117
8781 1158 178332
16332 13015 187340
12532 13466 52525
9042 11477 2528
2672 6159 102987
297 6561 49729
11987 16191 149733
7315 9347 191131
3652 12214 33633
15270 4771 87727
14542 1689 36413
3571 4982 5288
2787 13377 114475
16659 16407 41705
7372 12809 75499
11429 884 107854
14232 6073 178332
744 9373 167846
9660 16915 167846
4228 14590 170316
11352 496 175276
6543 534 76266
2720 1533 114998
3852 11474 91557
8357 4570 135548
2261 12027 167846
5119 15223 126389
10698 18281 177806
6027 9822 78762
11758 6237 165806
6047 3757 39968
15204 18263 5042
8350 219 73294
8619 17208 50042
14228 4787 83529
3802 8221 55108
8220 9916 25071
7277 11824 159719
1605 4628 49729
18058 16945 84763
6856 2813 107854
9631 3333 75494
4621 8332 136615
9299 1374 71266
12781 8175 61352
7264 11812 37918
14464 16187 120123
10372 9265 132082
16343 12564 152368
15453 8355 91557
1018 5439 102713
63 8535 47523
13497 16111 55108
10436 1317 133736
16233 5174 168086
12011 13062 165806
8466 9981 103304
4777 13751 108403
7849 214 34420
18193 9266 114998
1310 2133 100290
3158 9695 170132
14740 12961 157464
8533 4760 20916
11048 5144 49594
13344 2104 33633
7271 12791 58235
10513 14417 91417
16649 14823 92557
8903 7811 1416
614 7771 102094
1865 6488 111661
14575 2177 35223
12898 3250 171623
15984 11554 177972
2018 8506 37918
7793 18132 129461
3367 9168 13331
16210 4789 20916
13749 14111 50156
12286 14481 41982
14379 15490 168086
8195 10961 120829
4953 2754 109805
4804 14452 194811
5312 3567 25071
2935 5640 166049
4457 17462 21939
592 2270 126412
11430 13234 122436
2845 13145 159719
14402 1258 126389
5204 8697 21114
12163 5854 108612
11146 15581 137686
8808 4597 183966
2860 12739 129461
9645 17127 41128
13339 8442 126140
12689 5936 78762
12493 17344 75499
3005 2046 43709
13973 806 175276
3994 6088 114998
2085 16312 186117
14411 14122 50156
12873 43 119449
12970 1029 145755
15230 8628 1416
140 349 111661
2245 4277 96706
15627 13373 37918
14131 1174 186411
14342 15700 24123
17168 17592 84763
9959 8987 186411
7362 14653 91557
3449 1915 57177
12705 10012 15968
13043 11674 38720
5416 7709 73163
3987 18098 178122
14202 14770 96706
14680 7963 61352
5363 6926 35223
15506 12395 111661
8742 5313 119792
16062 1244 102772
5052 8669 199022
13248 6256 119792
7011 9940 177806
2234 4094 103304
6035 9720 94802
15574 14415 50042
5474 7026 159719
1631 1579 49729
4427 15972 155200
14083 5442 146201
1319 4968 78762
2122 14344 5392
2017 6027 170132
8121 2767 80030
6799 3513 94802
18062 10684 135548
5511 397 139758
17017 9251 171600
14428 11344 122436
4145 14881 21939
13930 16695 91417
816 1522 91557
7843 3928 33633
15695 16937 194811
17520 5132 49594
11204 16865 122610
17528 13966 78762
14803 5228 102987
7796 9259 194811
10622 11635 41128
5227 1359 83529
9188 17876 109643
12061 11279 13331
17498 5979 5392
3462 3510 48420
12924 11946 129461
9078 1288 21837
6179 184 91557
10406 7239 146355
9278 17034 71804
8788 1569 6562
9145 16685 146251
4403 14379 126140
5212 6896 91417
14843 1622 5288
10639 1421 146251
10776 17531 164116
14073 7865 82022
6353 12542 185041
1949 11265 177972
10486 4692 14262
17144 5507 36413
15003 9814 50998
5784 2623 2071
8558 3927 47523
10793 1948 120123
9514 18118 15968
2693 5245 155200
10821 2397 5042
16740 10632 41705
12986 743 149733
18159 1387 102772
9826 18072 13331
9314 6771 102987
5481 16161 122436
3030 9896 80030
14507 8197 164116
6329 2254 58235
8784 11746 43141
13114 14890 57177
6695 8523 90777
7037 16062 188528
12721 6350 91424
632 4794 154311
15341 1954 75494
8428 3830 126204
14917 15386 177806
17697 10054 71804
1767 15756 83529
14282 10931 147722
16335 12059 152439
15704 13174 47523
5472 17707 190760
13301 3502 167846
14985 6707 185915
166 5356 47523
10829 2718 16372
3971 13440 185041
1679 12052 15968
996 15915 50042
9445 18176 108403
1882 18171 190644
7784 13097 103621
7047 9790 152368
83 860 133067
5311 860 139311
11284 17490 114479
6747 2664 133067
16556 4460 89415
10488 6804 92557
3219 13438 111310
1016 12756 167846
15271 7490 3889
361 9620 136434
7978 6939 188528
12960 10928 186117
9201 11777 145838
6211 1286 147722
9406 7828 180988
16003 15226 123876
8489 10712 73163
10857 16573 103621
17338 102 87968
3622 7190 58235
6616 3757 105893
10749 11336 80030
9878 14836 43709
15763 5174 126140
4860 3671 157464
10921 1451 146954
6345 7599 102713
11540 11899 178488
1502 5603 61352
16129 3963 105239
15275 7301 2528
15017 12141 25777
9354 9710 171604
4553 6562 80030
6380 12195 103594
13873 9266 102987
10178 2711 34428
15918 17351 25777
224 14541 151438
8648 16994 136615
8728 18098 16372
662 12488 138102
16849 9005 52525
382 10085 38720
3077 11892 133067
17161 3411 2071
7737 9960 123876
5706 58 98594
13424 6940 107854
16463 5363 114998
15072 14995 181854
8340 2009 155792
3863 16766 21837
8168 7975 5288
3302 12573 5288
14702 11391 114475
11739 9169 177355
11922 4856 91557
14201 17859 21939
11408 15436 73294
2363 7954 119792
5556 17771 107854
10128 9458 146201
15643 12507 11650
15216 2198 183966
2898 1010 103304
13284 8860 91557
12559 9708 132082
847 17682 21114
1114 16705 157464
13364 169 126412
446 3347 171604
5413 12146 91424
13167 2357 35223
16515 10493 38720
9255 7959 178122
8439 17599 76266
11365 1058 186411
8091 13848 103594
8318 786 159719
10106 5617 44981
4430 16741 167846
5269 12113 41780
2132 4629 114998
535 6746 24123
10546 7321 145838
7479 13480 126412
2118 2509 40083
16278 1158 145838
11202 4022 52525
17174 16346 61352
13920 4382 109987
11954 7742 20916
15632 12053 109805
7559 4472 105893
14983 80 155792
5032 15152 92557
15182 10155 5288
3531 7801 171623
3995 17599 120829
15534 1815 199406
8997 4426 118499
10880 12235 88717
6911 11351 146201
11375 17490 20969
7243 15598 165806
6774 11694 119830
10918 14132 14262
4764 10827 41780
2736 14318 171604
17087 11007 63911
15645 17532 2071
13732 5137 180779
587 5078 61352
729 1771 111814
10260 1909 178488
4164 5784 73294
2176 9540 92557
15699 2450 152368
7743 10867 94802
6065 1852 136615
13607 4650 55108
11135 2470 136615
4891 4247 84763
18268 7651 25071
11402 15688 46287
13714 18020 136434
6865 5097 99071
10159 9410 2528
12867 9357 180988
1518 5915 100290
13639 9371 114479
16686 6777 10957
18002 17951 11650
8889 11032 87727
6112 8078 63911
4636 1317 155605
16955 15164 63911
14370 7550 42179
6232 15239 49594
8465 1915 167846
15665 870 102772
3732 7940 186117
16342 5519 2817
8202 6028 111661
11326 12526 111661
139 16604 114998
5852 3979 41705
3830 15192 178332
10881 4311 6562
2353 7801 180779
1868 4222 98753
1290 15294 105893
1990 8504 145755
3600 8304 90777
10978 7200 50998
4199 6432 152368
4550 17495 175276
16185 5799 62222
3813 11830 198502
2000 4553 33633
1693 14988 194591
2344 17714 89415
9776 12304 58235
12013 4621 166049
5220 524 109987
8269 12605 170132
1576 12302 41982
704 5979 151438
10585 5342 186411
3780 13037 50156
9824 12716 119792
3191 11070 28287
11696 17318 175276
7419 3365 119792
2346 4821 164116
14632 16776 108403
16970 6565 145755
11747 13682 164116
15013 12400 185915
17523 4437 114475
3482 2031 34428
1179 6579 94530
10742 3232 37918
13295 1244 43141
6489 13967 21939
13232 4632 55108
10277 9507 114479
2872 13849 132082
16109 10428 89415
12131 18096 123876
11423 5750 75499
6165 9649 5392
10152 17944 119449
6288 12982 100214
2263 16292 177355
5868 17645 171623
6806 17209 92557
4069 8087 145820
3282 13943 6562
12324 6256 71804
11643 7559 129461
6182 13771 152807
11127 9657 100290
5302 5979 82022
2671 9361 13331
9346 11936 3889
18126 1506 20916
15393 3707 126389
8911 14846 133067
6004 6501 21114
8032 2562 152807
1696 361 152807
14825 474 111814
8601 2476 102713
5149 17671 76266
3624 14900 87727
910 9035 75499
9202 11930 145755
17137 11648 166049
16313 6777 21114
16934 7072 92557
9154 13954 44981
1036 5203 15968
3050 10994 91557
17969 11780 108403
381 15807 88717
7126 2335 122436
6964 3513 64821
4643 5528 57177
9971 5697 109643
15550 18078 151438
15914 14737 14262
7998 10907 105239
16033 1903 75494
396 15690 109643
17717 13107 198502
8320 5115 199406
4938 16121 198502
7201 10250 73294
5243 1066 185915
16416 1103 39968
4318 1569 35170
165 17204 120123
5552 12572 165806
10082 10024 77354
15535 15443 36966
508 2795 35170
16519 8644 41705
8723 12079 64821
11456 4011 64821
10215 10468 146201
9587 5302 152368
1986 11678 2528
18124 3521 50998
11722 7549 152368
13672 7464 55108
18083 15937 34420
17279 9054 35170
5011 13169 168086
9769 6023 40083
2605 4041 39968
14881 10102 151438
10614 13774 75494
15982 15192 178488
431 18036 41982
8230 5301 91424
3619 15519 36413
16172 7053 187340
13577 8177 108612
5960 9672 49729
17271 998 20623
9193 5389 91557
12320 14459 75499
8639 17329 37918
10055 18290 171331
7182 2974 43709
5418 5771 82022
5734 4625 118499
10001 10636 166049
8330 4952 43141
13282 2863 159719
6991 15084 168086
2790 13452 111310
4571 7006 94802
6234 8543 35170
15887 9760 83529
3974 17433 102094
12956 17355 151438
12948 7458 58235
10086 6028 40083
18039 6067 119449
16582 15117 198502
9441 5337 102094
3428 1351 103304
3152 15613 135548
4895 7174 43709
17604 12793 34428
17407 14431 55108
6652 7309 91417
10069 11059 102987
12248 17715 77354
1627 9808 178122
13481 15419 109987
9401 5962 33705
11967 15446 170132
7598 9600 123876
5524 14194 38720
3040 10671 122610
1169 3394 109805
556 12626 122610
17059 3448 63911
5920 11035 103621
6953 10876 3889
4758 12868 103304
17256 8210 34428
2585 2847 194811
17229 13360 6562
12404 12 119830
14821 15724 120829
2832 341 136615
13712 11837 188528
14953 8343 87968
17277 16403 118499
15787 9125 87968
17871 10708 145838
11122 3005 20916
14238 17653 21939
12840 15995 62222
16445 15291 42179
12149 17694 89415
13411 963 20916
9503 1773 2528
7153 3599 3889
13099 9755 138102
5327 12386 41780
11508 11103 135548
284 12879 167846
4904 10720 198502
10709 5124 1416
1072 12120 62222
2290 16164 100214
11759 1431 149733
13856 3352 118499
16888 1759 118499
5588 11762 34428
1117 16795 98594
9711 2896 119449
7542 17640 91417
8092 13571 24123
6899 12006 152368
13383 10475 5042
5045 14484 50156
11671 18234 126204
10239 6570 5042
3950 692 147722
485 16660 139311
9758 4893 2528
10427 11570 2817
16121 12403 194591
15114 10518 35223
1331 1937 71804
1075 15898 139758
1011 1246 48420
1592 6539 5042
3305 17928 111661
9329 909 49594
15110 9473 133067
14724 14824 167981
12879 6001 1416
1187 127 167846
13842 6346 14262
14841 12403 48420
7773 9465 52591
7421 7890 145838
1881 7585 180779
18079 9983 62222
7272 3584 126389
2745 15364 71804
14392 8861 149733
11573 4707 24123
14378 13606 108403
11301 6425 120123
4487 5117 98594
17903 7358 39968
3700 662 171331
5217 2640 75494
6934 1131 63911
7293 10804 57177
12380 5483 138102
596 9585 177355
16293 4494 55837
212 17883 155200
5553 6829 171331
10219 18044 66415
9879 10891 50042
5994 14909 41780
14979 11376 92557
11578 1391 90777
9465 6144 171604
4735 4913 178122
7895 13759 109987
4852 18115 78762
6242 2081 119449
9360 4776 94530
4520 848 5288
12406 7025 181854
7364 6305 71804
14432 6584 103621
12017 8901 139311
12778 3014 66415
17324 10001 126412
4302 11454 16234
4435 8603 46287
3114 13350 105893
8738 107 178332
5438 13681 111661
1360 14790 52525
6733 16962 146355
17108 17118 21837
17958 5781 146355
15285 5422 58235
15757 15275 100214
3983 13963 90777
15828 16424 91424
6391 11703 109643
398 4396 120123
4057 14924 109987
4728 9554 157464
191 5561 151438
12033 18005 167981
12152 9711 92557
2101 1526 55837
7351 2524 181854
7409 1791 91417
14961 3173 186411
4619 6550 145820
12366 8346 33633
8917 2207 109987
15056 2575 194811
11338 11410 111661
23 12338 75499
3266 7483 171600
3778 12255 25777
10444 7011 126204
3868 3829 102987
1676 7923 108612
3885 2211 126412
16147 8745 147722
6987 13959 66415
16095 4606 190760
11199 5052 103304
1126 1998 177355
6791 321 52591
2765 12233 120829
14889 8868 94530
3281 5748 33633
16149 14103 166049
8789 7119 190760
1616 4204 190760
17396 13673 21837
690 17978 50042
14616 4124 43141
9098 2240 109987
12714 10273 75499
18130 9473 186117
2880 7263 185041
7198 11915 109643
4537 15189 46287
12656 13650 24123
8240 4286 24123
4773 1319 52525
8477 5225 55108
5166 3086 135548
5943 17964 135548
17923 12572 1416
9671 1091 109643
8304 9991 170132
10558 10750 188528
5679 13495 5042
9186 18024 82022
15222 13322 105893
4594 9743 177806
17607 8746 181832
8627 7538 114590
14547 17512 114590
8089 14776 71266
14103 9875 37918
16005 14572 185915
6725 4878 94530
8655 11788 114475
414 11765 43141
1704 8280 194811
8117 11513 33633
16636 10152 152368
3392 14253 154311
12731 4656 191131
10784 16768 41128
804 15192 100290
12605 3906 37918
9713 10277 114475
16326 18136 167981
4813 9433 126204
12675 17274 109805
3314 5692 170132
2431 929 149733
16572 3507 123876
9801 6516 35223
6431 5897 96706
3712 11092 25071
15902 636 146355
10230 7900 80030
17788 5731 35170
4831 1967 35170
2445 5545 17979
3914 13145 122610
15575 11283 35223
13110 6311 139758
2080 12808 177806
4609 2824 75494
9735 2859 103594
5771 8346 94530
11709 12861 139758
10888 12888 34420
2664 5897 167846
11003 11915 103594
7260 4092 170316
680 16289 6562
16110 4195 42179
6754 10764 42179
13466 6660 186411
264 12461 63911
11693 8207 89415
4449 6346 40041
9243 6165 50156
8235 7819 86803
15145 5180 114998
12311 925 155792
13687 1955 37918
17165 7909 100214
13619 15954 194591
2828 16201 198502
2365 17737 46287
7370 12537 186117
16792 6914 170316
11380 15908 41128
760 8077 41705
16415 6594 71266
6336 14797 57177
3874 6115 41128
14987 17942 129461
7637 15850 46287
7207 9718 82022
4301 6894 178122
9309 14749 152807
17997 4353 40041
9033 5086 78762
2519 7885 186411
1235 14553 41705
3172 2857 146251
10649 7097 77354
4911 3255 111814
14932 2592 111310
5207 13827 126389
2930 383 94530
16354 4824 119792
13479 7626 16234
11343 14978 94802
889 11452 47523
2046 1522 77354
1944 2374 133067
11838 8081 152807
17949 14159 186411
9128 3793 123876
9320 17376 100214
1300 6986 62617
11663 293 188528
5156 9514 119830
12664 8884 167846
3573 10022 24123
7375 10632 39968
12433 870 50156
737 8230 20916
6465 9052 24123
2417 16475 181832
13912 16760 89415
9531 15626 145755
6019 12656 62617
7344 16732 29207
6444 13839 126412
12339 6733 25071
2775 9974 91557
9912 3944 6562
17297 14459 2817
11814 8949 188528
13329 17213 37918
5521 5524 178488
966 16056 190295
3716 170 87727
10834 17547 5042
14931 6943 55837
16096 1973 36413
6108 6435 194811
11929 24 2071
9018 5181 100290
8750 4315 36966
3475 3072 41780
5832 16697 120829
8021 15142 20623
293 15061 181832
13837 18036 120829
18232 10824 57177
15375 811 109805
2297 17397 199406
7571 14576 114475
10255 6074 186411
7611 12924 181832
733 5593 139311
16834 12390 170132
6968 6755 20916
16334 2026 5392
9397 5774 138102
11757 13584 178488
11521 7919 71804
2874 817 43709
5234 11542 2528
2889 12613 188528
9945 10770 103594
2178 4294 35170
2369 2721 5288
746 4015 146201
9733 9040 180779
13530 2781 146201
9459 13129 147722
4095 15707 133736
664 18027 151438
16878 4765 99071
2079 7144 139311
17113 12975 181832
7554 9362 102772
12927 9894 99071
5611 7956 194591
16405 12102 177806
6794 11063 55837
16880 16345 55108
6303 7982 10957
16404 12774 155792
11378 9991 109805
9107 7824 96706
17760 7470 138102
204 15335 96706
14519 14813 132082
5566 12827 155792
9339 1519 40083
763 4663 36413
3261 16807 198502
11266 12503 177806
11964 5236 44981
7599 13216 52591
512 3174 103304
13270 17800 133736
2068 5180 152368
4699 4368 41780
4222 6051 20969
16540 14517 145755
9871 11855 21939
14306 1993 2071
9791 12267 10957
17637 9250 154311
8165 9964 119792
4482 10345 178332
10232 7009 138102
15231 12048 119792
4037 8270 194591
12350 14651 170132
11525 9756 177355
16319 8192 86803
13293 8005 16234
7777 16994 122610
16538 733 90777
5694 11737 29207
3545 6696 73294
17621 3410 57177
510 12517 43141
10044 14570 138102
14132 12366 126140
10528 5841 17979
15465 13724 61352
9996 10376 25071
12203 15908 16234
9864 3565 199022
7495 12856 111310
10275 10974 145755
1033 664 108403
16395 6434 177806
12766 4248 91417
16877 2489 103304
810 1036 5392
16897 11993 41705
8775 13896 102772
7607 9263 17979
7732 4628 98753
7156 18223 126204
10688 9557 177355
8935 6589 39968
5168 271 145820
13663 246 24123
12649 17567 87968
12438 13931 120123
17305 8633 122436
1163 3165 90777
13141 8823 6562
1551 14517 126389
7724 722 99071
2078 259 39968
1082 13134 102772
6886 16491 102772
4047 1712 167981
12684 16951 103594
11198 4802 165806
739 15227 126412
8725 6326 2071
15573 11398 105239
3337 778 63911
13420 17351 42179
6973 15123 103621
7856 15148 49729
11163 12615 77354
14683 17834 137686
3267 13290 190295
15254 10240 181832
2904 16277 119830
5872 726 75494
9948 10881 108612
6012 2493 10957
4767 12606 5288
7388 14833 133067
4176 6283 13331
7690 2987 88717
13500 10425 55108
13799 275 48420
12572 1761 63911
9780 13498 108403
959 14052 102987
3130 16660 73294
703 12610 90777
1716 3254 100290
8512 4267 183966
17219 10022 185041
158 5368 61352
17606 14745 194811
766 13412 35170
2384 15957 118499
6637 13008 24123
7244 5109 44981
2770 5497 146251
5129 152 194811
12974 17994 111310
9785 13782 98594
16581 3660 2071
3873 16788 84763
7627 17827 178122
13005 4824 2528
14866 5618 33705
8707 14651 105239
15579 6741 3889
14427 13040 185915
550 4331 149733
3387 17723 155200
9692 3250 126412
8295 2954 188528
15266 7270 159719
9112 8963 180988
11924 11552 86803
14533 9663 108612
13194 13045 91557
3597 13690 98753
13685 2913 15968
15176 8304 40083
13702 6967 25071
11593 17182 80030
10621 3928 48420
5669 3820 36413
2305 11589 5042
16217 3819 99071
12671 16202 55108
4918 6598 126389
7252 3838 21939
8871 17039 102713
6868 3927 88717
917 6940 199022
7273 5105 92557
13887 7361 42179
11789 14119 16372
6457 5884 11650
813 8080 164116
8500 7398 102094
7815 10282 34428
9402 6174 181832
4219 4424 191131
8495 492 20969
10926 3033 180779
9632 6537 152807
12225 8480 114590
15206 2734 180988
15474 10270 180779
4859 14305 87968
6394 2496 33633
15181 14425 66415
5174 1811 94802
6521 13003 84763
11415 677 87727
6240 16573 181854
8741 16478 147722
16489 6016 114479
1530 2180 181854
8736 7134 126140
2965 3640 126140
17757 13039 13331
7169 1993 181854
16355 17095 120123
6946 13422 2071
14016 7204 5392
11381 2031 107854
16244 11592 171331
702 1232 109643
16529 18097 100290
10437 11547 191131
16545 18109 91424
10798 1594 185041
5523 6782 100290
13913 16601 107854
10796 3511 42179
6572 10039 171623
16982 6337 149733
8038 11035 194591
10237 16695 41780
6131 7828 86803
6677 4498 88717
6332 13492 152439
11045 7668 34428
10234 17220 185041
14747 10952 71804
4963 12496 165806
6645 8617 102987
10066 7181 63911
17123 11757 190295
4717 9235 64821
13498 5532 91557
8122 3930 178488
4258 18283 152368
16390 10660 133736
3741 5786 75494
6223 3895 111310
15301 8966 146251
4946 17379 126389
1561 10714 73294
15421 9786 10957
15363 18216 37918
6977 1369 137686
3192 13926 109805
2680 13699 102772
10775 17074 92557
14905 12773 194591
1749 5323 40083
7469 216 177355
14574 17806 3889
2942 11649 178122
1504 13199 152439
8748 9462 137686
12691 1246 111661
15097 3111 146954
1577 2103 183966
15684 16657 2817
11600 12717 20916
9144 9045 145820
691 14117 135548
12369 15811 15968
13455 17355 16234
3957 10682 75494
2596 9348 2817
1077 8718 41780
12953 657 190295
11489 8038 55837
8010 1689 86803
7870 7816 118499
15897 7829 139758
18178 11492 44981
10104 9508 71266
15287 10871 64821
6331 10756 55108
12427 1610 146251
12969 12488 151438
6428 2273 73163
13950 12311 48420
4623 8248 188528
3111 16033 15968
17711 17452 194811
7112 2888 166049
3272 13474 78762
13576 5859 178122
12940 10894 48420
9919 5367 41982
4934 12212 178488
11064 152 146201
1533 15529 49729
15846 8435 100290
14114 582 16234
5237 16778 114479
7872 17542 48420
10967 12751 47523
17312 11761 109805
10705 3235 190295
14902 7209 62617
12221 8210 21837
16764 13321 98594
15930 13162 2817
969 3118 39968
11830 3414 21939
14271 15309 119449
18012 14459 108612
9073 2020 55837
7664 5671 49729
9023 10367 94530
5590 5973 170316
5277 5813 155605
11553 12763 43709
7002 4755 2071
16291 18096 52525
8375 5395 40041
17645 9236 75499
1680 11892 168086
9839 8332 119792
2076 15788 92557
4067 17226 198502
15838 2507 186117
1859 8734 155605
14133 3905 35223
6341 2507 180988
2924 14812 199406
12601 11908 146355
5380 10503 132082
14224 13987 178332
4065 16518 177806
11388 13813 5288
16635 9018 151438
4784 16914 185915
17696 15595 41780
11323 13650 13331
6962 4917 146355
9296 12041 94530
1008 10880 66415
15774 6867 181854
7438 7008 180988
12889 11595 126204
16683 16921 147722
16563 6916 146954
932 1832 42179
11507 9340 21939
10336 3792 145838
3013 12162 3889
6150 14186 185041
7033 11327 105893
6627 9875 177972
3168 9442 62222
9210 9186 52591
16057 9246 33633
7487 7449 154311
3542 7373 171623
17281 5210 145838
16549 125 111310
14396 6643 42179
10631 4663 91557
11660 3421 102987
2777 2099 170316
6504 2874 20916
15041 6052 37918
17710 5231 91417
15942 759 86803
12914 11161 133067
14668 4191 71266
13352 8525 43709
2855 428 178332
17950 17225 62617
14672 5617 58235
14408 18221 50042
6213 16268 5392
848 11378 190760
17597 15293 136434
695 12150 34428
11864 5480 138102
7136 8237 145820
15841 8659 21114
3396 13931 94802
8317 5208 122436
12954 11551 109987
10898 9005 1416
1292 16821 52525
13376 16164 152439
9978 4588 91557
953 12213 194591
14925 4945 170132
13365 8445 43141
13220 9796 84763
15810 682 43709
2543 14396 83529
15286 7452 107854
10593 505 133736
15599 10849 44981
6304 17428 89415
6631 12535 188528
4201 13646 35223
10410 9447 177972
3598 15878 50156
13134 15925 103594
7668 9296 136434
13251 5127 188528
8106 9647 157464
9650 11700 86803
16969 11447 119830
10065 4297 35170
14237 11306 123876
15288 6117 102713
15384 7889 41128
11963 7629 119792
2442 3127 146251
9643 3596 136615
16188 12360 181854
1168 3157 5392
8197 327 145838
12507 10518 29207
6257 4775 138102
11874 14855 99071
16220 11836 86803
10387 13113 92557
15906 15690 35223
1038 9787 136615
15555 10907 39968
13989 16339 47523
18285 10179 187340
17450 17756 114590
18128 8986 2817
16330 2555 88717
17990 9332 88717
12172 9556 103621
2367 4315 139311
15765 7490 109643
4597 2111 129461
1904 1991 175276
3211 11738 98594
13044 11844 154311
4916 995 171604
266 1925 52525
7278 14750 181832
11640 7107 199022
3646 15557 126204
5772 3656 35170
4640 10695 66415
2624 1886 62617
3055 367 186411
12273 5400 126140
11220 7156 103594
5695 10248 133736
9738 431 137686
12378 9050 90777
16660 10408 114590
9052 1964 5042
12454 102 21114
10908 5373 154311
14409 541 6562
10412 2064 155792
927 10483 103304
9942 10974 152368
14217 14374 167981
15911 2693 170132
12424 8730 100214
14820 1259 111814
1094 16331 14262
10747 15177 114479
1861 11052 171623
11387 9450 25071
5176 5152 6562
7360 25 139311
15299 1201 170132
18298 360 20916
10724 10508 14262
3458 6622 16234
10431 9727 190760
10619 4238 178332
11998 10251 92557
7185 1502 61352
10294 14738 105893
14489 13528 2071
10770 7859 105239
2509 2929 159719
13820 6206 71804
6398 12535 133067
12875 5412 155200
14929 8659 139758
17427 13816 199022
13652 3160 52525
80 3980 178488
5501 14593 126140
16810 17084 122610
575 7006 21114
18256 5675 37918
14338 2487 10957
190 1321 186117
6522 15250 177806
9677 10846 20623
9225 7585 136615
14 1483 177972
7958 10367 180779
17235 6862 50156
8215 10999 41705
1694 12906 29207
7150 10830 126389
16379 12779 107854
5419 12106 36966
11322 7699 105893
13484 3744 137686
15571 13674 52525
7926 17628 103594
4131 14807 190295
9881 17542 21939
17987 4759 44981
3109 7908 105893
9656 18140 170316
3481 13128 10957
14595 12378 136434
18244 2902 5392
16429 12039 155200
7939 17359 62222
10713 15045 190760
841 4961 170132
773 12867 194591
13830 12715 2528
13594 11067 62222
3400 14836 25777
15454 10990 83529
17386 12572 2817
9670 11785 154311
15837 7245 78762
12987 4993 167981
14758 16424 98753
15925 5358 102094
2294 16047 170316
7967 7634 24123
15793 1754 151438
697 10240 102094
10482 15564 90777
16537 13566 190760
9615 16915 155792
11222 7376 139758
10763 15733 50998
410 7191 33633
1414 14054 114479
18146 2409 155200
10276 745 164116
4450 11446 64821
3381 1285 146355
2087 12809 183966
2059 1849 191131
5968 13654 16372
17715 14571 55108
18275 10893 109643
16256 14511 37918
15620 15746 62222
13334 6289 15968
8294 6747 164116
13408 7560 168086
2973 14164 102713
6434 10102 178332
5367 7529 178332
8474 7012 180988
5696 3421 50998
2869 4078 46287
12128 9059 114590
8426 13371 186117
5216 5186 138102
8641 12762 108403
4492 4958 11650
10535 5930 25777
9510 13928 167981
1848 18005 109987
7841 7267 109805
16879 4645 180779
12491 15367 98594
15081 13443 152807
1086 11162 126389
10981 11634 149733
1108 5295 119830
12604 3987 178488
9288 13872 167846
4731 1977 61352
9458 4242 120123
11015 5804 114475
4768 3663 199022
15589 6195 6562
15656 17838 91424
13054 2979 87727
7578 8858 181832
5037 14173 42179
3768 17501 120123
13752 5715 16372
7019 10481 77354
9701 7349 58235
16756 4101 119449
16741 293 190644
14399 936 99071
12214 7392 28287
5780 3411 6562
7307 10438 96706
16198 13076 76266
5193 7569 35223
6085 2573 49729
368 2154 123876
6137 10708 171600
13448 13428 71266
12495 18141 73163
13165 10824 114479
1636 13236 63911
3513 8065 133067
10519 16154 13331
13212 4067 114998
13640 10652 152807
9949 17965 123876
5412 5507 139311
9425 12621 178332
2335 311 61352
13090 7315 171331
4140 16902 102713
12410 9869 171331
665 5401 100214
12847 11785 119792
10182 13776 185041
13071 17768 50998
12607 9548 36413
6129 78 145838
4278 14828 87727
2145 12067 199022
1641 1436 63911
18199 5358 94530
1517 3905 146201
8579 85 88717
6111 8168 49594
16365 14451 119830
3064 1516 199022
14485 3362 139758
1362 7742 166049
17409 16808 90777
17594 17880 103304
8966 12461 181832
11183 1124 20969
15827 13554 139758
16442 8253 57177
2019 2655 83529
5536 12859 147722
10543 5547 14262
2426 16731 6562
1817 8606 136615
10710 7 63911
3639 17344 146954
12171 11486 109987
10081 9596 187340
9034 3188 80030
3758 2736 166049
11585 12992 109643
3888 9882 16372
2870 8144 191131
14732 3068 108403
17195 6050 16372
9951 7607 152807
18105 3306 47523
10452 6019 5042
3143 2655 49594
883 2624 194811
3235 6365 43141
16964 15265 164116
9242 16547 76266
13723 9043 190295
2137 7965 20623
12535 3925 88717
17729 5464 146954
9763 12877 3889
11240 6501 35223
12095 9878 43141
2513 7216 83529
15741 13783 24123
93 1578 47523
5384 13348 194811
722 964 137686
7462 16948 35223
10877 12790 111661
13512 5628 175276
423 14406 20623
5375 8647 16234
1203 8777 171604
9400 4128 49729
5151 6231 175276
1198 17692 35170
2562 3448 102772
5573 15120 146954
2371 18111 75494
1150 9685 145755
13078 1439 102772
10073 10198 119830
8442 3925 120829
5313 9674 75494
10043 7342 122436
10968 13465 180988
7048 5253 42179
7677 14114 171604
2427 16737 159719
313 15908 83529
7552 14192 151438
7828 15182 167846
15174 15028 99071
14372 16090 98594
13818 7405 57177
12866 7866 136615
11916 15437 28287
4612 13118 33633
7762 15086 146954
7940 12515 15968
7946 1371 34428
16157 1044 5288
13446 17942 108403
286 12212 107854
9603 14791 35170
6939 7993 178488
10329 10840 135548
13541 15922 126204
12467 17783 154311
16470 8828 136434
10270 8073 165806
15537 15700 183966
1350 16584 145838
1455 3489 41705
1260 1094 14262
3445 5736 14262
13062 7391 118499
11959 1449 57177
7437 9806 114998
7202 15650 114590
1895 10915 136434
7389 1251 180779
13810 17546 16372
981 15996 114479
5987 2633 126389
12832 15679 114479
17411 6294 103304
17787 10155 41982
8066 4189 37918
365 18036 119830
5265 12440 52525
6883 15437 66415
10499 12024 136434
3849 14020 132082
4502 15925 40083
2760 2283 119792
13317 1568 49594
11145 10363 11650
16002 16068 49594
6415 9459 188528
5238 14537 91557
3073 18283 6562
12760 3459 75499
16119 10976 145838
11612 11135 133736
17478 1181 122436
4864 9670 146251
10889 12294 145838
4876 16805 87727
16755 5765 194811
13631 962 43709
3459 13997 80030
8690 15228 139758
11474 5587 20969
7659 3226 62222
4564 16929 102772
7511 13922 3889
195 3768 58235
15766 7490 133067
10326 11898 118499
17292 13452 180779
18036 1404 177972
17348 16036 50998
15388 10306 109643
15459 11513 135548
273 13600 58235
2026 10801 123876
9719 8845 24123
17534 11385 28287
15557 9275 152807
12791 15487 177355
17720 6379 41982
10606 817 137686
4172 16579 5042
186 12638 46287
11842 6562 16234
10717 12722 55837
1180 1744 120123
6925 3537 33633
1528 16432 49594
2465 1637 170316
12827 12802 199406
17714 8387 20623
17346 7589 58235
835 12139 114998
13772 17218 55108
10891 15240 139311
6523 17292 167981
15867 14390 114479
16401 5092 49594
13034 9458 64821
14860 466 75494
12644 1569 38720
24 3766 114590
10095 6785 39968
17743 2731 146201
18189 4531 63911
14974 12614 73163
339 12901 170316
7888 4139 138102
10669 4958 91424
4995 7864 111661
755 12998 119792
4127 2298 107854
5578 3131 103594
2254 15349 126389
7790 7191 114998
8718 4380 21837
4066 15189 133067
16208 5791 114475
8072 7321 152807
5028 1325 75499
4061 6228 2817
6902 6503 36413
12515 6390 50998
17517 6035 181832
12964 2303 46287
13267 5483 75494
16311 13570 177355
13277 2294 90777
2603 1022 52525
18278 13599 49594
1223 10847 2817
11511 6009 136434
4347 3696 78762
2642 13414 186117
11459 1404 139311
6443 17524 107854
11854 5109 168086
1568 11915 190644
12548 17599 126140
7358 898 50042
1718 3850 133067
8776 12707 146355
1137 13188 2528
14071 1569 20916
6485 14675 94802
11632 2183 164116
15870 3656 145755
10160 17299 146355
11024 10412 87968
16305 5033 58235
8114 10232 120123
1477 9995 20623
157 16593 50042
12972 5469 44981
8825 4692 75494
17514 13061 52591
5559 9313 5042
10003 10025 75494
752 11467 126389
14966 17843 41128
14214 14744 114475
6577 6467 36413
12111 17227 75499
11989 7329 119792
15098 5740 114475
9987 8656 133736
2039 11446 40083
2227 16304 155605
14955 14281 114998
5980 12358 25777
7630 12328 36966
17130 9024 42179
4155 1231 165806
2112 13861 5288
10246 3851 28287
15290 9065 82022
18100 10615 87727
2653 4559 186117
7977 16291 5042
10819 155 55837
8546 3228 42179
1539 18125 122436
1288 9679 185915
1464 16544 102772
9183 12225 185915
11081 4004 167846
14713 17547 181832
670 949 167846
14480 14534 91557
13480 1361 102772
8064 15705 114998
5258 11888 2817
16035 15771 36966
1186 4235 50998
6528 1587 92557
14008 10617 84763
9088 16448 11650
17596 4486 178122
6173 9780 52591
7071 8558 108612
13965 13430 62222
3290 3073 84763
1908 4593 105893
13760 13928 165806
9594 16199 109805
17660 14956 21837
1429 1304 126412
9119 9063 107854
2165 9450 167981
1344 5084 6562
3247 12481 55108
8303 6792 103621
9043 16400 92557
1976 12613 168086
14470 16081 29207
14923 15051 147722
8076 12745 102094
10365 11411 100290
5989 4687 41780
7101 15945 40041
91 6590 137686
8288 3903 48420
13292 5616 103621
17580 643 62222
3440 13010 92557
15790 5617 42179
14599 3191 108403
6893 5941 166049
3356 15736 44981
18242 8555 171600
5082 7066 185915
3530 10663 34420
4463 1922 194811
3855 17203 50042
7880 6780 49729
10392 292 43141
10557 374 82022
9598 6844 126389
17623 10662 2071
10460 9738 188528
15422 3191 180779
5727 5140 154311
12099 9847 15968
3937 12146 73163
742 6443 194811
16126 1773 114479
9759 1664 86803
5550 10756 88717
5802 15646 107854
754 14396 94530
12865 6576 78762
17145 7259 181832
3057 13796 71266
17712 15120 6562
12141 17360 109643
15531 16737 76266
7138 9708 28287
7591 12298 159719
6859 6063 103621
4469 13726 147722
2329 3503 164116
5109 8383 119792
16517 11658 185041
5285 11344 35223
10013 18153 181832
10552 4021 94530
3696 8388 120829
14376 11066 37918
1345 12118 178332
14791 767 5392
14206 11247 199406
16732 73 78762
13602 1142 28287
14963 3031 83529
14766 4716 181832
6745 2063 99071
11116 1712 155605
15023 2230 185915
1643 12673 136434
14486 4699 21114
9654 7766 170132
5907 6559 155200
1178 8103 139758
16363 10060 2528
11753 25 170132
9433 15257 49729
17740 16223 3889
4614 12360 166049
2008 3766 190295
11915 6523 57177
6797 11798 188528
3878 3457 100214
7240 15996 118499
7175 1174 114479
6101 9756 129461
7463 17103 138102
13550 7397 135548
15441 11960 55108
18065 4177 57177
2732 4522 178122
3798 15248 119792
13486 3875 136434
13146 10460 64821
11126 18189 102094
14478 7928 171331
1748 10221 11650
5743 16633 16372
13465 7232 164116
3207 10685 35170
46 14481 147722
15494 11634 75499
276 5144 84763
11444 8182 13331
12078 9193 43709
17690 8517 41982
13981 12990 28287
17395 1407 120123
9746 16136 20623
12247 16156 126204
12092 5176 102713
8225 4136 5392
4629 8302 15968
8408 14505 147722
10224 3680 39968
9082 15829 43709
13095 4856 13331
9595 18150 20623
303 7191 40041
14017 12116 73294
15959 15227 188528
12190 12664 1416
14938 12148 155605
15100 13303 194591
1587 11730 178332
13429 8007 57177
17005 11842 78762
5846 12906 166049
14620 6277 199022
10806 2809 171331
4305 2401 2071
16042 14186 157464
1315 5051 52525
4632 1562 109643
6655 4797 103621
12143 10239 5042
10679 11713 88717
3692 17003 6562
2470 10164 120123
2055 5692 114998
9933 5662 119792
12112 12335 167981
5230 5486 190760
8684 1689 41128
16692 9251 77354
3643 12683 84763
10588 8679 133067
9105 7598 181832
8007 13798 111310
10894 16841 145838
12083 6858 41705
5936 2318 73294
17782 6417 120829
1950 11128 34420
11374 904 36966
5615 9731 66415
5732 12924 107854
14283 14836 33633
14434 11144 111310
14783 7344 147722
13403 17704 17979
13695 10206 39968
10140 14809 166049
9846 11893 114475
14352 3819 102772
4044 8665 194811
6419 2173 186411
17894 6542 38720
17066 18258 139311
14834 17928 146201
11994 4674 75494
1609 9248 2817
6342 4206 21114
17296 8001 20969
14350 546 171623
15496 3195 16372
13470 17200 170132
17385 9036 136615
11672 724 55108
9313 3026 21837
16662 2845 183966
16835 12817 167846
15538 575 99071
13651 10353 25777
4262 3247 199406
18251 2419 126140
5733 9215 96706
3265 17734 111661
12333 13030 178488
11532 16705 157464
17489 12324 90777
3534 5847 119830
7970 10128 38720
15325 5295 145838
13638 17871 181832
8206 14481 34420
6506 17793 57177
14721 5075 181832
11787 7243 41705
3931 6996 190760
10771 694 102713
17541 13003 102772
13066 12983 98753
201 3985 102772
9968 8109 155792
6783 2958 111310
10380 2487 152439
2522 82 177806
13816 16090 33633
14554 14900 152439
12145 17641 111310
13897 4382 100290
17034 9348 111814
5222 10042 75499
6970 10684 41780
2381 2622 3889
9467 11285 90777
6193 5869 187340
5632 14207 139311
380 2449 86803
10300 5684 102094
16860 3930 41128
442 3511 3889
4184 12102 181832
2220 3209 71266
6228 10034 136615
13751 5847 164116
7412 662 5288
12797 3433 2817
14414 532 28287
9930 5982 1416
2452 16997 57177
9640 14864 2817
7234 4587 114479
73 10525 63911
5034 11140 87968
7513 4032 185915
8855 4630 178488
7265 8986 178122
5262 9854 76266
7584 6785 114475
11190 16357 87727
10652 13466 89415
15956 16757 177355
14281 15579 185041
16483 6387 139758
16510 14878 43141
7512 10972 168086
13559 16129 5392
960 11297 37918
18170 1708 181854
8440 11437 96706
10009 8858 43141
12353 13113 66415
4874 1162 5392
7190 11751 171331
5408 3312 185041
17924 8134 1416
8929 4167 98753
4596 13369 64821
10907 4982 71266
4568 5977 103621
4793 15698 55108
3548 3093 194811
8850 742 133736
16539 11422 167981
16494 13816 87968
13994 9584 114590
409 15431 34428
1969 14505 41128
2835 16964 73163
13964 13478 114998
8371 2668 178488
806 9897 118499
2968 3967 170132
12137 170 71266
4343 12111 62617
17821 1597 186117
9822 16385 146251
13518 16549 175276
15825 9065 87727
15244 17685 187340
7253 2279 136434
15932 1300 199022
13840 3405 49594
18291 15011 122610
10882 1753 10957
10687 5934 157464
10494 375 190760
17140 11558 16234
2135 1838 36966
10341 1398 89415
8514 4460 11650
12762 6166 111814
10327 10650 119792
11518 5369 21837
15683 12151 183966
13753 12245 181832
7502 16199 170316
4042 13483 13331
9388 1867 136434
15844 1831 139758
16937 18083 87968
15385 498 16234
8362 18160 24123
10574 10685 159719
5172 9414 62222
7163 1660 199406
1430 2916 194811
9413 5198 181832
13073 11422 177355
5195 5290 177972
9103 7940 102094
9240 9518 155605
13428 2528 136615
13524 10629 41982
4023 8633 190295
9860 3449 149733
14792 4313 119449
7164 15091 139311
11515 11214 180779
14137 11092 164116
11281 14208 34428
5355 3285 40041
3431 11812 100290
5656 1650 135548
8284 8453 16372
7291 16660 186117
5917 12585 25071
4402 7709 61352
1674 7271 94802
12089 7806 152807
5911 1841 108612
4020 11773 103621
8355 12942 198502
8000 13205 49594
4952 10155 157464
4273 3994 183966
3838 14319 50042
14361 7490 11650
13531 8716 88717
8247 14330 61352
7336 14078 108612
11098 4855 43709
17773 6366 105893
8471 8321 41982
10515 16789 166049
5111 13367 170316
9305 17508 133067
7212 6859 20623
6184 4656 139311
6393 2708 91417
8141 11863 194811
14875 7986 84763
17443 5203 100214
17808 4382 91424
12991 11772 194811
2040 9284 96706
1540 7219 185041
11149 9186 61352
16542 14789 178332
10212 448 136615
2858 11760 114475
8987 3421 37918
11383 4240 171623
238 14520 103304
16250 11188 99071
2867 11032 199022
12251 11383 62617
9642 6758 75499
14570 4441 178488
9853 607 199406
3754 7339 199022
6640 10916 2817
10708 10842 73294
13367 3830 43709
10257 2240 41705
6613 10453 75499
5029 12457 114590
5587 6742 185915
10965 9995 102987
175 5342 183966
8530 1362 52525
16459 16675 154311
3474 66 99071
643 16104 99071
14566 13223 171331
15353 10309 199406
7646 15922 37918
16825 9864 149733
3951 3568 166049
6256 7154 126389
3464 11190 198502
3208 2330 25777
332 3927 146201
11034 9109 118499
6766 16176 82022
11242 8884 50156
10342 10521 139311
3730 17297 146355
6284 12039 111310
8124 11899 50156
1937 18105 187340
2788 4235 50998
11574 9516 102987
5442 2367 20969
6427 8786 37918
13207 13092 159719
11860 15263 145820
20 15953 90777
8954 8187 122436
5314 1993 102713
1850 11281 198502
15314 10827 114475
17631 722 133067
10190 17601 177972
1495 6324 171600
15860 15009 83529
7224 7490 91417
12129 6638 5288
13168 16699 185041
1756 2687 137686
4285 3781 118499
3284 12871 138102
9106 12111 164116
8576 3258 103594
5730 14501 98753
3086 3502 39968
6412 8955 114590
17576 5396 44981
14630 4451 21939
1869 17226 87727
2670 1843 186117
14538 10086 103594
15415 16311 41705
17636 10078 96706
9767 13241 181854
15221 10686 83529
8016 6248 185915
399 2020 92557
5000 1655 71804
10185 9200 5392
4336 11652 52525
8790 13286 170132
2928 6079 171623
10885 4047 138102
8366 8488 16234
13967 1977 145755
15633 3511 40041
6575 12687 170316
17659 13189 111814
12479 8927 178332
5496 2968 111814
921 1389 89415
14274 4202 102772
8863 12957 50156
3412 719 73163
16225 17317 152368
2511 4873 194591
9454 10529 88717
3021 1992 136615
7385 5467 16372
8517 8924 126204
2507 5436 76266
14704 12417 41780
2235 2898 108403
3854 9557 3889
11012 13905 123876
4707 10399 98753
12539 15140 146251
8113 11104 105239
14576 12596 157464
2493 860 20969
10175 2026 94530
2185 426 58235
5655 9743 151438
16853 10481 133736
4299 680 29207
15379 3141 2071
7871 976 5042
17948 2566 98594
17649 5778 102772
10538 13372 6562
14876 4531 177355
17258 6266 166049
16091 6184 91424
2398 9507 20916
12584 11587 34428
6643 1276 135548
5058 5659 139758
3369 5846 126412
15031 5387 5288
15931 6115 66415
1970 15326 145820
4711 311 2528
14424 18204 146355
3124 9463 136615
6446 13723 186117
6669 16481 177806
4459 3999 102772
2231 11495 154311
282 1285 129461
14746 10046 183966
16634 6153 44981
17858 4023 139758
5880 1996 152368
4196 15967 2817
11605 8813 147722
16600 10824 50042
15593 13345 155605
12275 11203 102772
7302 11279 135548
5674 14649 146201
5993 16627 94802
9680 15373 122610
6299 2915 20969
14589 3129 154311
1054 17281 5288
5260 7514 46287
6597 10627 15968
9101 15890 111814
2396 12256 167981
14771 3382 50042
3425 3931 91424
3276 10688 90777
13171 8857 76266
569 8761 108612
4579 17015 114479
10664 1839 94802
9327 17345 166049
5958 14460 52591
12594 9005 98594
1238 14123 180779
10865 16280 171331
1870 1350 48420
2035 12559 171600
6277 10056 186117
15106 14673 181832
15678 8077 181832
1545 7700 199022
16981 9906 186411
1483 11116 183966
5404 3173 66415
16384 4222 99071
18240 7109 90777
6075 15212 14262
15111 16937 120829
15640 10290 167981
3679 4182 35223
7919 15041 122610
13846 6189 138102
1337 743 102713
15398 11428 126140
5647 3366 78762
3895 2960 137686
15136 12401 191131
4192 18150 92557
18261 4447 35170
6408 14574 137686
7155 12290 20969
5182 3567 21114
15826 14576 178332
5754 2183 186117
2949 17689 114590
5221 9563 41780
9509 7483 100214
5004 13870 180988
4244 17319 175276
17629 5130 5392
7761 11593 199022
17406 6447 139311
8837 10825 178122
10004 5061 171331
234 8629 170316
14976 14795 100214
10324 8466 109987
12144 5666 21939
12767 9484 48420
4814 13276 6562
6267 16757 64821
6126 4917 111814
10057 1245 103594
11718 17655 190760
6976 2257 84763
2697 18281 98594
16439 17134 109643
8291 11483 102094
10915 12541 29207
10074 14305 171600
3082 4233 105239
2960 8216 191131
7840 13629 41780
14505 12473 52525
6881 17410 57177
6846 853 102987
6981 1398 114590
9988 9035 164116
11416 6611 55837
3271 13978 80030
5607 4281 6562
12407 5594 171623
2808 9397 137686
15250 1973 123876
4922 17714 147722
14909 2494 155200
15108 12243 151438
3478 12990 178488
15876 754 166049
8306 336 178122
8779 12129 55108
17362 15793 178122
1034 3383 190644
3018 7048 185041
14490 3825 105239
5777 6570 155792
4877 10661 138102
14416 2586 178122
2430 4015 87968
5072 13411 103304
13744 817 88717
4722 11602 63911
999 12089 28287
9434 6310 175276
10265 1467 77354
3796 14484 146201
13155 15281 61352
17640 1651 96706
833 1426 75499
3006 10255 13331
9122 9304 181854
2170 39 92557
13137 12554 139311
12101 10480 34428
11610 15836 146251
3942 3823 63911
17126 11754 16234
16165 15028 146954
17260 12782 165806
7119 8692 24123
11852 13756 71266
5548 14881 137686
17224 11634 177355
16948 2890 191131
7557 16840 2071
14018 3123 71804
8351 6304 46287
9283 15447 133736
12885 1736 178332
15861 5736 129461
12830 8859 11650
16086 125 157464
12242 4852 111310
14240 2865 73294
1753 18105 80030
1752 904 111661
12026 5593 119830
2492 11434 188528
3401 16753 91424
7688 14772 146355
17922 14037 177355
16813 8062 168086
6527 2647 185915
1307 8112 114590
16213 9878 99071
9953 2448 175276
12456 2970 118499
5649 2652 154311
2950 14487 11650
1638 5244 152807
16023 824 145838
6603 17982 25777
3584 14136 50998
3256 5355 151438
16876 12421 43709
13244 1876 152439
2030 2413 5392
6481 8915 186117
4567 925 136615
16223 5066 98594
17119 840 29207
3430 5388 109805
7235 10979 52591
1433 14355 92557
2830 14253 133067
3670 1036 190760
11894 13337 111814
11189 8733 186411
13880 5429 157464
12263 9788 21114
730 11961 165806
1675 16997 107854
973 6512 5042
16295 12957 35170
15011 2873 58235
8436 12980 98594
17550 7175 157464
12268 12645 41780
3546 8019 84763
7455 5792 48420
2130 4446 28287
490 9124 41705
12432 17234 25777
10565 12477 194811
7381 5181 155605
11725 13044 86803
8908 17216 119792
9063 13932 185915
16898 164 103304
16728 4971 13331
2494 14505 132082
16605 15795 96706
127 12409 47523
12668 8469 145838
16716 12802 177806
7085 10240 147722
12192 412 33705
3544 15850 139758
13875 5210 91417
8525 7066 139311
11044 12856 122610
3106 4991 159719
11071 8052 87727
3511 10034 63911
18054 5664 152439
3964 14181 129461
18050 4093 188528
18015 1069 50156
1791 12523 155605
12852 15943 105239
14883 10095 16372
4498 14036 191131
4816 13301 166049
1214 493 42179
9504 4253 63911
8912 1800 41982
5445 9903 86803
16994 1811 170132
5787 17125 123876
9890 9174 167981
5625 10918 2528
1807 8329 14262
7416 4656 103304
231 9516 47523
9730 16320 15968
15358 14115 180779
363 2718 198502
8087 17298 89415
1922 5355 136434
15862 4467 3889
6950 3889 111661
17728 17560 77354
7403 1174 111661
11187 14882 185041
9895 9607 185915
903 16902 100214
3432 11180 103621
5118 5446 91417
9416 12618 188528
9861 3839 183966
17359 14864 50042
10404 15745 133736
4119 2148 155200
359 10615 25777
7842 12549 5392
16697 4716 109805
12359 6115 1416
11106 9213 92557
8280 5552 119830
918 10932 136434
11825 11913 24123
10625 1016 76266
11058 3137 114479
12709 4802 37918
10731 15047 138102
14844 17417 73163
4379 9147 89415
7948 18093 20916
14248 4691 91417
8609 15028 123876
4363 8254 16372
6694 3134 108403
5177 10806 109643
10052 16656 25777
1324 4278 20916
16345 3132 41705
10654 17101 114998
6097 5497 55837
16832 7676 44981
10359 11968 37918
14739 1911 13331
2757 8699 146355
7027 5660 186117
7004 13534 119449
3161 11751 177355
15778 11110 3889
10657 5970 10957
16985 2537 62617
10706 11604 155200
4471 1960 118499
14301 13787 41705
14333 11868 199406
469 5187 41705
9344 9232 194811
17364 682 25071
17578 5383 52591
13642 3339 186117
8143 12760 109805
2534 16821 52525
17325 1413 55837
8985 4617 199022
10595 8718 13331
1379 5417 71804
10691 14723 109805
14156 16717 155200
18185 10133 40083
726 9940 105893
5402 3378 15968
6943 426 20916
4059 13745 5392
5188 13024 35170
17461 528 194591
12030 14571 46287
11172 5917 146201
6034 16862 146355
8302 1088 165806
3889 11077 98753
6644 13227 109643
16166 11492 114479
8109 739 24123
1475 11128 102713
9777 10766 25777
6706 2156 44981
15667 11197 1416
17463 16334 102713
8726 8535 20623
12059 17359 40083
8696 6904 118499
1820 9811 42179
11184 8273 87968
9505 15680 108612
17303 6439 114998
8343 1234 55108
10379 16153 109987
2250 15382 66415
3948 10041 133067
11308 2487 49594
2300 18093 114998
11845 17057 178488
7890 11930 24123
4054 17771 5288
6978 17850 10957
6452 9430 171604
9764 4763 43141
14658 10974 171600
5387 15373 71804
13997 17997 21939
15544 13785 36413
13825 18243 91424
5041 17539 166049
16747 16512 55837
1115 18043 55837
13923 4353 120123
4729 16974 2528
11785 4399 33705
6251 11846 41705
11463 12159 123876
8884 2890 159719
16270 1728 175276
15905 12696 50042
374 10074 170316
15820 9376 10957
11000 11044 111310
13848 16432 49594
12999 7356 16372
7593 15678 41705
2812 6779 111661
8228 11336 16372
15647 3882 43141
2139 15041 188528
4529 5607 55837
5088 6518 16372
4058 2299 180779
8687 13020 145755
9585 4835 138102
11496 6020 49729
9932 3471 16234
9706 4198 36413
18069 7816 188528
10495 2032 48420
7018 16258 71266
12284 4197 168086
7408 16578 36966
782 12748 146954
7174 14836 167981
6833 6363 167981
12226 17083 105239
3303 17966 25071
14981 14305 178122
6243 17965 5288
9357 663 126389
5792 5781 33633
4753 17779 41780
4515 15333 119830
11899 4395 61352
16265 17448 188528
16098 13833 25777
4992 17653 94802
1065 9049 132082
6813 9 33633
4906 8726 109987
9651 14448 136434
15812 13113 155200
2374 15190 187340
12208 1680 6562
17276 1839 91557
2397 7535 92557
16996 14621 146954
185 13523 122436
1833 11608 136434
3395 15301 114590
13432 17318 49594
3189 127 145820
16765 3790 64821
5839 2046 120123
13264 12255 71266
10936 17929 111310
14927 10880 181832
12328 11397 109643
4291 5363 132082
6088 6150 6562
2251 14419 41982
506 10554 43709
350 18289 103304
14492 14929 180779
10035 6034 154311
12158 12453 89415
3804 464 78762
15884 15423 145755
1538 7464 5392
18259 971 20916
9775 4891 2528
16441 1579 103621
2221 15856 42179
8484 13563 177972
14722 16573 102713
15636 7884 177972
13878 10469 167846
790 15840 1416
10972 12602 180988
6734 12642 52591
12753 14460 139311
5143 1617 91424
1152 1393 139311
581 10547 178122
6699 7445 94530
11369 3934 36413
1230 1036 41128
12680 5446 133736
14188 2291 114998
1228 360 49594
808 13884 133736
1398 10974 119792
12485 5652 126389
17007 17729 40083
1124 5774 122610
1047 11542 84763
5580 17001 151438
7379 13206 185041
8178 14533 98753
4962 5436 111310
7568 17265 91557
10048 7482 180988
7822 16175 186411
2053 14154 100290
2308 5271 120829
4049 3961 40041
10302 6416 155792
853 2668 138102
6174 5123 129461
14751 5102 3889
14295 13603 55837
4631 5777 21114
6351 15182 71804
16450 12035 109987
16766 9984 55837
10389 12864 191131
12316 677 109987
2336 16168 1416
604 885 25071
18203 2519 108612
2429 6699 183966
13341 1356 55837
4602 2670 178122
3201 9263 105239
10432 13920 118499
2457 5068 107854
11631 9695 66415
12047 10688 47523
2535 14598 122610
7642 15749 183966
7227 8308 185041
7003 476 178488
17758 8763 149733
5779 14659 190644
5756 11401 181854
7104 11161 89415
12779 17446 152439
13152 7403 102094
10210 8533 194811
14096 17208 126140
12027 4532 91557
7492 13673 20916
388 3203 167981
2364 2602 102772
9271 1986 185041
2635 12441 177972
11441 14511 147722
10929 4222 133067
10496 444 64821
15500 6110 29207
11168 17016 20969
14934 3156 80030
4229 11901 50156
14645 10458 44981
7127 3425 103594
16664 15238 94802
14251 10600 41705
14787 2846 77354
1591 5310 170316
12526 7626 111310
16643 1245 83529
2620 11906 165806
5952 14760 146355
17713 16825 64821
8055 4370 40083
12696 17932 122436
13108 6383 103621
7429 6247 41705
13516 17397 181832
3217 5628 89415
15548 16604 20969
11650 17760 133736
14254 5260 100290
287 15590 122436
1026 8675 119449
5141 16199 145820
3346 7626 167846
6468 8082 105893
453 2948 14262
11619 9984 14262
5530 15877 105239
18088 7090 40083
6610 17103 43141
16653 4597 49594
4021 12256 24123
15863 1098 49594
17802 7512 122610
7255 1168 187340
14643 6200 3889
4513 4798 180779
11869 16345 108403
13855 11774 103304
14622 13744 37918
55 1759 139311
3454 5539 33633
13467 13495 178332
8404 5571 47523
14429 2139 152368
7921 16480 48420
9534 12433 21939
2678 16483 50156
13658 1678 103304
6889 16345 87968
1466 12527 98594
18158 18253 138102
7000 10147 114998
1556 3749 152439
3961 8555 102094
11063 10122 42179
2933 17913 178488
9375 2872 25777
873 9596 107854
17018 15189 47523
14949 17668 171604
5231 9257 34428
11552 7885 41705
6052 418 55108
5371 15511 167846
13412 16500 25071
14040 9739 107854
15738 1593 98594
9287 18283 145820
2247 14197 94530
2852 14091 114998
10704 13207 105239
1352 272 49729
10826 2413 109987
1828 8488 190644
291 4012 91417
4094 8800 40041
3098 476 155605
8023 9760 92557
9214 9947 114479
13148 14198 55837
16143 14009 126412
4062 17877 15968
14614 9913 96706
6566 12966 186411
9115 11397 96706
2796 6989 34428
5480 3729 119449
475 2174 187340
11059 15850 136615
7021 18272 66415
10692 16867 146251
15343 6049 34428
14061 7742 39968
14473 6256 186117
12813 7481 44981
5473 11822 92557
9559 4935 29207
1211 6521 3889
7704 6209 133067
11214 12829 170316
1073 15622 91424
7785 4674 88717
2278 13567 119830
1632 15353 145755
5128 4100 102713
3403 16169 139311
6705 7616 20623
14045 14134 100214
10746 3390 11650
10040 22 87727
393 12858 94530
2576 17113 145755
17568 11257 177972
9872 736 52525
14807 1214 103621
16486 4977 13331
3289 17213 55108
7523 5442 122436
7987 7378 166049
3925 12998 50042
15151 13130 111814
4848 2142 98753
14039 3420 114590
13569 2861 87727
2296 9749 146355
17287 11370 1416
7730 6758 98753
6630 12891 119792
2521 15361 108612
11304 1317 154311
17086 16124 21939
1673 7819 152807
17458 7865 78762
6138 16616 109643
15261 10834 194591
3582 4368 11650
11592 17478 50042
13861 15386 178488
4990 4361 105239
12919 11422 41705
3923 7462 152368
18260 10729 123876
3223 11104 94802
13130 9371 62617
7826 16547 77354
12151 13679 136615
4281 4376 159719
2144 6862 66415
182 142 185041
5833 10474 114479
5475 8845 2071
17295 5839 133067
5131 8709 119449
17572 18027 146201
6632 8540 3889
2057 8373 178488
13757 15545 175276
4015 11634 48420
14187 17832 199022
16378 11191 36413
13580 4513 38720
15569 6140 98594
4216 1871 15968
1138 5051 91417
1951 17466 159719
6789 17973 6562
2857 879 185915
17377 12520 16372
2341 9271 102713
7102 11189 122610
5489 15351 171623
8792 13046 111310
8369 5487 17979
1853 9989 171604
4445 15127 187340
44 4251 78762
4560 12642 145838
11151 13065 111310
15378 4530 126204
18024 17988 166049
1580 2055 170316
14962 2299 126389
9724 3514 87968
3043 12302 185915
13661 9892 2528
3944 3129 25071
14827 9594 21837
3989 6727 136434
10340 14485 177355
509 1915 119449
4426 108 55837
12280 8831 50042
5449 5505 168086
355 1168 145838
4566 2253 133067
4121 15771 77354
8932 8848 120123
10360 14553 190295
11361 7856 83529
2260 16692 133067
9496 10445 21837
14788 12738 2817
7225 16228 52525
4417 10899 103304
2609 17845 35170
13739 7055 38720
10349 13466 136615
5347 870 35170
16433 2055 103304
5543 12922 146251
12093 8674 166049
12415 12572 20969
1825 9335 126412
15025 15192 126140
10509 9774 165806
1116 9692 185041
17243 14703 89415
8241 10891 36966
15895 12371 185915
9158 8303 138102
9051 5547 178122
5755 2170 111310
10615 10712 89415
9384 1326 17979
12051 4532 21837
6539 6773 178332
6073 13839 126412
1305 17508 181854
2721 8383 145755
4392 11114 109987
9544 6449 120123
14642 2976 21939
16921 6823 48420
3483 9670 5288
18113 14493 103304
10123 16317 177806
12401 16214 76266
12878 13646 33705
17705 7311 177806
13947 11255 191131
2464 15984 73163
10198 6867 164116
283 9948 34428
3175 1194 178332
18216 6571 188528
8407 841 145838
13888 879 119449
12015 9812 171600
3090 2166 50156
4124 8346 87968
9374 17301 76266
4919 10503 133067
7901 16773 178332
14340 17232 5392
7192 16587 105893
17554 4339 75494
7817 5494 171331
13265 16737 126140
7529 4086 90777
5918 5422 11650
15502 4279 105239
17542 10400 66415
2955 14309 102772
2799 66 73163
7476 412 90777
2366 9797 107854
11049 14611 38720
10559 2943 36413
11478 9254 126389
2105 8061 198502
2512 11990 44981
421 15164 80030
5715 3131 111661
16557 7687 178332
7993 3568 171600
9516 11154 180988
6264 6922 103621
5115 719 20623
15183 11329 80030
7448 1216 49594
17330 5524 91557
14978 14854 55837
15366 17818 62617
5886 16560 75494
11876 9546 151438
13853 3895 164116
6030 12850 66415
8881 840 90777
16389 17953 139758
17896 10796 75494
14784 18302 82022
5863 1579 102713
12510 1370 171604
16094 897 185915
7115 14166 57177
16780 3937 48420
995 11279 13331
7285 6867 28287
16329 13852 66415
15939 7875 133736
341 9332 48420
7868 10716 103304
17581 7763 119830
5291 14414 52591
6926 14898 178488
4787 16904 89415
16436 7371 185915
16306 9716 122436
4352 13503 91557
6203 4155 164116
9244 12517 100214
7834 10831 107854
7166 3239 43709
832 17751 133736
7695 14448 152439
9907 13830 154311
12278 10607 50998
5056 9887 114479
10963 4713 149733
14714 9168 25777
1199 539 57177
10613 10691 152368
6923 5644 177972
5169 10529 105239
7678 14978 90777
5560 15608 41128
14805 3945 186411
14291 12214 138102
11549 14136 77354
5600 7169 80030
11137 15320 62222
16216 7011 108612
5189 9448 136615
9599 10971 73294
8809 9537 5042
14139 13411 66415
2621 12806 171600
9304 13705 73163
9995 1293 73163
11877 3712 114590
6960 3123 178122
4993 3663 129461
6208 9536 155792
964 6738 21939
15007 12621 16234
17592 18279 88717
15197 13670 170316
12504 6112 190760
6176 15654 186117
9182 12348 114590
14737 6952 185041
9859 1830 170316
17658 5788 16372
14839 18003 123876
11099 17934 47523
3320 3370 126140
16251 14243 34428
6585 17420 94530
4861 4768 132082
2169 18098 98753
11104 13239 126412
8468 11291 71266
17630 5787 17979
3149 8507 5288
4849 9651 16372
6117 17301 6562
17519 7591 49594
7340 10661 129461
920 14475 155200
13402 5677 171604
4724 12195 186411
12086 4434 43709
14762 7009 94802
8580 3960 139311
6707 17069 71266
15749 15192 186411
6715 14769 50156
9003 4283 170316
7705 7344 190644
351 1647 185041
16021 15196 155605
8411 4682 168086
6915 1755 119792
6438 13343 73163
9867 4401 119830
14900 11412 180988
14161 6487 146251
6860 7880 41982
8999 4154 94530
2992 11407 41128
1854 6590 123876
2630 6872 49729
15095 4311 199406
8327 6560 62617
9880 7009 136615
8905 7380 185041
891 6970 111661
12014 10201 146355
11951 12194 21837
15526 5934 33705
14129 5365 146201
11207 9524 165806
15542 18052 40041
15446 374 185041
4519 6690 139758
1234 3980 111661
14430 9575 178488
8745 1535 181832
14264 717 75494
12759 8875 44981
7094 3333 126389
9054 7856 91424
9074 14833 21939
9004 3792 62222
681 8373 177806
17661 3823 194811
10247 1465 126204
5099 10169 109987
134 15727 33633
17671 4975 41780
2994 13696 187340
13366 15654 87968
2784 15668 15968
8346 9275 58235
6189 6755 52591
4465 13883 44981
12978 6268 48420
16739 3075 155792
150 12637 50042
8566 3129 91417
2233 10461 61352
12473 13546 146355
2097 13784 188528
7028 15189 119792
15856 9199 49729
4429 2984 57177
14309 16059 2528
5675 7330 108612
3009 14023 58235
17246 6922 41705
12673 17953 199406
1840 12664 91557
7588 10533 84763
7145 647 135548
14553 694 10957
13037 3093 102094
13705 10942 137686
16840 48 199022
8607 13003 52525
16412 7420 91417
7043 15470 21837
14213 9268 71266
5444 13031 199022
3723 1922 146954
15267 16437 178488
5341 1355 89415
3626 14033 154311
12935 6050 102713
14695 16740 198502
13172 8840 139758
8801 2937 62617
448 10684 35223
11587 3718 91557
14106 8585 2528
9180 4714 96706
14494 4236 186411
17045 11057 167846
17931 15844 109805
9435 12081 114479
13844 5275 180988
4183 16225 55837
15964 11126 29207
10325 8452 114479
6373 7020 24123
9405 16732 46287
15523 13910 109987
10382 5265 109805
7173 15600 155792
10070 7715 49729
1953 11637 36413
6801 3350 122436
17044 10934 170316
14862 6734 39968
10590 14347 88717
4850 17781 151438
8957 17921 122610
11570 8447 50998
8595 2106 38720
14009 4253 147722
17853 6266 133736
14400 1105 17979
16625 8058 92557
2230 15737 47523
16120 13351 108612
10530 4712 126389
1613 1309 2528
14355 949 105239
15196 16352 5042
2851 6023 119449
5662 9361 92557
460 17795 109643
579 14705 190760
7008 11028 40041
163 11097 99071
76 17549 190295
1323 11635 14262
10636 4692 24123
1582 11436 49729
13042 8452 71804
4277 14804 100290
16419 2864 55837
4598 7810 50998
10728 12078 198502
12909 14299 167981
17901 14958 122436
12521 104 5392
3135 10022 102094
15940 10803 2528
3649 9069 50998
12307 21 82022
2092 14191 20623
4186 6045 108612
227 13770 146355
8449 14102 109987
7966 6360 58235
5331 399 25071
1021 14366 114475
14698 16568 105893
3473 3437 44981
2690 2588 114479
11844 5996 133067
15199 6722 43709
17285 16545 50998
10856 7262 50042
2333 3786 126412
9707 3203 146201
12838 16542 170316
6327 12857 167981
3108 8226 20623
121 4143 38720
15978 5060 119449
511 10557 75494
5703 5138 57177
5083 14601 122610
12690 12567 58235
5275 15395 181854
17387 4079 178488
9657 11899 37918
7982 1230 43709
16500 5542 146954
15008 823 136615
13532 12156 75499
15109 8040 62222
6204 14909 129461
13098 17525 41780
625 10632 5288
17555 4207 76266
4295 15068 100290
5187 5153 178488
16786 7732 49594
14512 6951 180779
2633 9974 100214
14050 1261 42179
334 7871 37918
10861 6794 103594
12197 14692 102713
4306 10339 194811
11760 5068 55837
5850 11774 21837
12683 17042 126204
2099 979 102987
5593 18098 135548
12764 9357 89415
8586 4564 175276
4345 1771 171331
12498 2479 107854
17102 17850 5042
11561 12303 88717
1686 7938 194811
1906 2996 126204
5899 14878 46287
16828 8499 123876
18025 1273 14262
772 12526 73163
1284 17484 186117
9548 1329 77354
7719 726 25777
15296 18257 129461
16253 3926 38720
11810 18278 126204
16230 8894 73163
7220 8554 50998
3709 12608 50998
8909 16720 89415
7913 10789 39968
12784 4286 75499
2684 8671 159719
4376 12518 190644
12352 16471 92557
6907 10335 21939
6301 5007 180988
2661 8130 10957
12657 11754 99071
8695 5655 171600
11743 14755 177972
13382 13108 41780
8868 1817 190644
13775 5771 164116
11309 11354 152807
16227 12258 138102
10820 14882 136615
10740 10277 36413
14577 6621 181832
13728 10668 111814
12513 10170 58235
15354 11602 15968
10916 17321 16234
15634 12400 91417
11159 17286 152807
5352 17556 175276
13363 13458 186411
11859 10053 178488
17927 14542 159719
7118 18111 103621
15332 14636 103594
14326 7339 149733
13669 457 21837
17340 3931 194811
9530 16587 2817
4045 17017 186411
7468 10689 190295
17357 4842 2071
8993 15619 41705
8633 2789 137686
15479 16660 133736
10346 14329 29207
8919 13677 108612
11674 10303 40041
12392 16154 77354
9014 740 36413
519 2575 180988
7829 5051 39968
7519 9216 164116
16932 13370 146251
10750 6257 44981
4645 15490 100290
9166 1377 20969
106 17920 2817
6188 1897 2817
993 1133 109987
12439 4487 114590
14581 9955 170316
13107 8268 100290
17515 13466 105239
15674 60 102987
2340 13441 61352
1867 920 120123
15686 4395 14262
9495 2329 41705
8473 8124 190760
5345 17502 42179
15541 2895 122610
8184 3868 55108
16917 561 152368
5713 15278 126389
7387 4992 190760
9884 13811 99071
13899 5051 20969
5870 2019 64821
17141 16661 90777
16633 4145 183966
5995 8940 49594
13233 2717 185915
9980 14089 109643
1642 14654 152807
2882 15183 11650
9583 1560 102987
5825 14146 64821
16038 14874 103594
16797 15358 190760
1237 4671 187340
14328 11188 105893
1544 18193 199406
7995 3980 135548
430 3821 190295
7161 11717 102987
18165 8938 126204
9321 1227 55837
6400 17111 66415
7832 9484 41982
1142 18248 21114
7949 1367 14262
8205 16926 71266
5992 234 1416
13191 794 73294
15215 939 34428
7246 7690 94802
3119 17225 91424
6302 334 48420
11062 12534 133736
1191 581 168086
7178 1860 102987
6338 4575 92557
11138 10289 167981
9710 12287 94802
16802 12353 114475
15709 16308 83529
17601 7992 135548
4510 10886 178122
1051 9507 155200
6057 14052 98753
2915 2393 145838
17872 1495 64821
1563 3803 175276
7108 11032 91557
13713 8 194591
2837 11427 41780
2822 377 178122
95 1107 185915
958 13243 177806
4105 14475 171604
18220 2358 5042
17530 9743 178488
16990 5198 2071
11235 7681 126140
2682 15158 41982
14496 1576 61352
14952 16219 102713
8268 14023 114998
7675 10801 29207
501 13817 109805
7317 8441 5392
13966 4982 185915
7604 4195 41128
6767 16564 114479
18292 3145 75494
16468 1773 145755
10694 15718 98753
6810 18281 167846
12871 4177 76266
7025 8669 20969
7931 12380 87968
16639 17234 29207
1630 18277 122610
9579 1609 100214
482 11322 167846
933 12860 170132
9189 5944 6562
13596 16273 62617
5637 8695 187340
3163 4857 165806
12104 9290 39968
2205 2197 90777
4337 16163 107854
8487 3901 168086
3603 6342 119449
3727 7735 62617
18181 8346 119792
13190 10605 194591
1157 15660 14262
13022 15254 132082
6940 9366 94530
15417 9749 165806
14989 3417 178332
13400 3362 33633
4858 7064 133736
12908 10046 109987
10101 10708 146251
12296 5487 20623
4415 366 199022
2037 4686 114998
11031 12856 119792
11285 4880 170132
15214 13863 126140
8045 2019 47523
8535 5245 190295
14029 4641 61352
11287 15564 86803
16822 15084 154311
1266 2188 77354
11452 662 41705
17908 10299 49729
1707 18127 194811
4694 1124 94530
8058 3129 181832
11256 14250 167846
17014 4158 77354
7454 15450 111310
16936 10652 136434
2500 3341 42179
15744 17431 55837
8319 15203 139311
17273 2221 64821
14423 2640 1416
12186 3696 199406
2572 8843 114479
6409 12806 41128
9263 872 126389
9851 13803 62222
373 12802 111814
14330 17916 6562
8597 811 89415
9318 16080 71266
6014 5478 55108
2253 5212 73294
2152 7198 50042
11226 519 177806
6816 9625 180779
8879 17246 77354
14665 7861 170316
12103 55 33705
4419 15310 14262
1417 6791 73163
11771 18209 152439
1651 3425 136615
7064 8759 108403
10280 2294 61352
7311 2791 75499
16592 16141 43141
17779 12139 2071
8899 11165 111814
18013 11271 109643
1110 9448 103304
10403 13633 5288
15242 2754 118499
10938 6961 66415
13719 16178 181854
9808 10737 28287
1399 3430 132082
5251 12134 157464
4653 10166 122610
5395 17343 99071
17351 13130 114590
3471 8162 175276
4585 1242 44981
5085 17479 24123
354 4917 73163
4546 10239 119830
7060 3849 33633
15845 12248 40041
2901 2740 194591
11269 4216 57177
9844 17198 91417
7391 7259 185915
11481 4199 136434
15951 840 39968
8376 9475 126140
9900 14644 17979
15639 3558 170132
16612 16841 185915
278 907 181832
5047 17487 62222
15303 17890 46287
5069 10394 177972
10423 14159 44981
13371 7174 50156
5693 8 24123
4006 15213 44981
16512 2860 186411
14249 5891 132082
15450 13562 42179
1293 11422 187340
4752 5233 96706
45 5616 36966
6920 15395 46287
10699 14906 64821
14984 2052 178488
6079 18234 73163
15501 459 96706
14893 2384 152439
1913 6868 36413
6654 10226 94530
11275 9786 168086
1162 10978 100214
7203 14655 87968
16403 4600 199022
14571 16735 152368
10689 16086 5288
2351 4213 114475
1165 13126 100214
12985 12155 180988
10491 155 28287
15625 16090 49729
5996 4335 123876
4774 14769 191131
13597 10789 77354
8075 6439 145838
11111 14921 199022
15903 12951 194811
9518 10934 13331
5354 16329 155792
14621 10941 108403
193 5463 186411
11293 9071 62222
10988 1025 118499
6851 14952 87968
18034 5697 41982
15587 9297 10957
2027 17011 102987
13741 5203 82022
3782 169 108403
7066 12802 190644
13819 6638 5042
17972 15733 83529
11590 17975 194811
17889 12798 17979
9219 14973 139758
16134 1192 145820
17966 3400 36413
10472 3731 170316
14781 10769 6562
6265 494 152807
17399 14367 35170
14660 1166 114590
18131 906 178488
3678 15047 43141
5595 12575 177972
758 918 139758
3943 9708 42179
16385 2716 122436
13307 14009 167846
15600 13546 198502
6979 7494 155200
13504 894 52591
13065 12998 136434
16464 11535 100214
10914 9404 167846
13049 17329 2528
1434 14023 42179
3186 8207 40041
14462 5933 188528
8036 17007 78762
2916 17295 120123
2052 7827 40083
15754 4361 43709
9608 17817 145820
15278 4126 94530
8691 15551 21114
5805 15481 20623
10948 7982 111661
36 15554 190295
6529 5153 109643
9760 4975 103621
10094 15994 188528
3447 16770 6562
17191 7066 109805
10377 12758 105893
7503 4370 44981
13131 8848 107854
3735 1818 5288
8618 5580 177355
2273 1640 180779
10764 18093 35170
8818 16512 145838
6319 670 171604
8572 10608 37918
5114 14160 11650
14278 2400 133736
13733 3699 2528
9961 13971 94530
3083 8157 108612
15143 8813 91557
18120 7811 155605
12294 10695 107854
16051 15677 2071
9893 7954 48420
8189 3475 118499
371 5385 114998
5603 1654 47523
4303 16152 41982
317 14753 152807
11428 17903 190644
6739 9098 177806
6878 16509 136434
2073 13172 165806
4673 14374 99071
6435 3996 87727
5048 14170 178488
3291 5109 57177
3187 14644 63911
17560 2448 190644
12185 530 147722
6041 9236 29207
12897 11945 103621
10791 5897 76266
16606 16546 20623
17236 2502 177972
7114 2305 43141
2967 8376 122610
870 8669 122610
4819 7154 16234
5513 4353 103594
9914 7949 190295
7696 10912 5392
17980 13040 35170
16629 7574 175276
1474 16706 91557
5847 8 119449
11665 9227 86803
14602 14338 186117
7238 3787 146355
10510 4573 186411
5021 5647 16234
15229 6665 34420
5214 11367 119792
8224 12942 16372
8116 17546 42179
6557 5549 91417
11754 5037 66415
5167 9741 55108
6648 7911 20969
4628 14589 149733
14891 1736 109987
454 3279 92557
2434 7120 146355
1965 14908 181854
12218 14167 126389
15618 12886 146355
10420 3987 24123
2595 2273 122436
7120 717 91557
4656 15189 120123
16115 9866 181832
2956 14462 118499
11773 14119 145755
8800 7871 164116
13061 3565 35170
12362 3177 16234
8488 16437 55837
7123 16705 178122
12056 12225 119792
174 15326 57177
10213 9933 36966
6732 15227 157464
8481 13982 135548
1200 14814 190760
17967 4530 5392
2797 13996 122436
4086 18098 139311
9215 9141 139758
6853 16298 119449
16179 11203 122610
6272 5337 152439
411 5208 145755
14105 13770 186411
1863 9823 185915
5255 17985 91424
14552 13473 155605
15495 15657 10957
15315 1975 39968
2899 3159 2071
14743 6881 2528
15335 14400 103621
10556 17033 25777
4076 2584 89415
15160 6044 139311
17046 7089 145755
8086 4633 25071
5001 5769 66415
2709 12211 146201
1900 15091 28287
10351 16476 86803
6758 16262 103621
15803 11481 139758
10683 16588 102772
4781 16219 146355
7147 8736 24123
14059 10508 171623
9790 8385 11650
9663 10467 177972
6350 6922 114475
17840 7318 73163
12874 3402 35170
2181 3575 181854
8620 6054 41780
8585 1315 71266
10587 12588 138102
6139 2711 177972
6586 17381 71804
7683 11284 96706
13628 5751 50998
3772 16316 52525
11170 17477 3889
9849 14163 180988
16667 12182 44981
2376 331 41705
11437 18098 109805
4574 11730 73294
2437 3767 11650
5106 15968 71804
4725 15749 41982
309 13294 139311
13240 12036 37918
8312 10728 75499
3411 5051 40083
14778 8103 2528
1654 10467 183966
12738 7167 199406
5910 7416 55837
5417 14878 185041
7275 15361 66415
3577 11467 2071
7257 8818 25071
8857 9347 24123
10901 6958 58235
1431 9473 17979
8673 17399 103621
11992 7938 122610
5905 4765 38720
6151 18154 108403
12868 11566 98594
1219 12166 109987
858 5271 180779
15595 1309 171604
14629 9447 120123
14134 9157 135548
10570 17805 20916
13380 7176 171623
15021 1244 177355
2164 14590 41128
4641 6758 167981
4108 8930 164116
14198 2752 39968
14598 7402 155792
2421 15463 71804
13625 7971 120123
1588 13602 55837
14688 17599 5392
4893 16062 43141
4213 12897 29207
11871 6489 49729
9432 13199 58235
16731 14180 62617
49 13301 185915
1936 1293 194591
1822 17726 44981
7440 6091 50042
16924 13102 102094
17756 9194 37918
5576 3378 40041
16328 15749 108403
15292 11526 126412
15559 6680 41128
574 8918 46287
13322 7759 92557
16352 12107 1416
5068 2294 38720
3292 15256 171331
13288 11791 154311
15715 4601 100290
9084 13966 13331
3148 6667 165806
3457 10499 183966
4408 14824 152439
16580 11781 111661
154 13411 126204
10871 12471 50998
84 9833 86803
15779 5764 167981
12812 5872 73294
16341 17838 42179
10531 280 36966
4485 15482 20623
402 16262 165806
15823 7724 40041
11607 13919 171604
17862 6916 152807
1003 16643 108403
3663 18097 34420
10205 17396 58235
3315 10066 11650
6743 16603 36413
9601 7176 181832
829 5467 89415
7875 14567 50156
13686 14925 90777
2929 7772 123876
5624 12573 145820
16009 4017 171623
7474 15749 29207
16228 325 132082
3883 14295 170132
2197 8860 15968
249 1354 21939
11913 8800 16234
14644 7036 105893
1560 2716 41128
9025 6758 149733
8803 16878 135548
5116 12089 105239
3620 5036 36966
8806 986 52525
12121 10938 147722
16926 16666 136615
13866 15531 91557
418 3550 109805
8689 10348 129461
1754 17376 145838
3038 6289 188528
12643 5326 194811
3537 2168 190760
13790 10220 73163
8593 11200 24123
15042 3086 10957
13711 6283 41982
10673 17819 105239
12241 930 126412
7410 4740 5392
10873 9240 42179
10533 16807 111661
1783 13094 46287
14227 12274 164116
16657 9675 42179
15847 6066 178122
2769 16792 35223
18215 7873 87968
14030 12841 43141
13069 11422 171331
6530 5513 41780
8813 13907 118499
3726 5337 41780
12717 15977 42179
10560 3419 126204
15239 10518 102094
12854 3920 89415
11447 16062 155792
4671 14578 199022
14062 12246 103304
13202 14731 186117
14633 8981 43141
16467 1839 37918
675 7079 50998
17173 16223 181832
12851 16116 86803
5970 11067 29207
5635 14028 120829
15462 13907 66415
7418 10870 187340
9245 17527 100290
13026 6007 114998
13738 10362 88717
16543 1275 16372
14257 15634 103621
4013 8032 103304
2802 10584 50156
12361 14717 58235
10685 15953 40083
2751 12498 62222
12569 8932 190295
14056 14539 41705
7330 12808 84763
13422 16345 146355
10480 11264 91424
11154 4395 46287
8568 1276 66415
10038 7314 199406
9081 12909 188528
6008 2996 146954
17284 17872 71266
13811 2610 40041
12236 16345 49594
14682 794 138102
15819 4371 64821
12384 3656 118499
17356 2486 82022
4480 9875 58235
16632 8077 146954
7024 3534 6562
151 9563 11650
15020 10605 178332
13089 9786 29207
17881 14157 16234
16052 6586 94530
8314 7253 83529
3560 7051 2528
14205 9178 190295
14699 14593 36413
11319 3904 66415
7663 13142 111310
14693 8376 62222
4866 12811 36413
9149 15662 87968
9887 9074 82022
9002 17069 119449
9622 15596 100214
11979 7153 80030
4815 2923 188528
16084 11735 10957
9553 6025 103621
16136 654 146201
18076 8664 159719
2460 7994 84763
14993 6899 167846
4232 7676 63911
526 5190 102094
4727 6704 145838
12445 5756 15968
17529 16256 15968
5544 18192 80030
8285 13410 73294
4839 5416 155605
14543 11172 71804
4372 11422 177806
9268 16252 114475
10930 4145 37918
18253 14052 170316
9211 13495 166049
3551 10749 92557
14165 7349 99071
14514 14537 171623
7368 16737 149733
3115 18253 145838
13603 12090 62222
1855 667 96706
18151 14698 177806
11247 4725 21837
1916 9773 139311
9446 2789 1416
17426 9538 120829
14922 399 157464
5547 7629 46287
9497 6189 29207
4412 713 98594
4975 15749 48420
4111 16682 91417
7679 7949 108612
1639 18062 171623
7081 17917 194811
16627 12360 114479
13670 15720 43141
16012 4353 109643
18265 4085 1416
1409 13937 152807
12133 3281 120123
9217 10290 103304
7733 4745 99071
2743 12117 100290
12916 12634 91424
11067 3830 194591
6787 1472 186411
8637 17817 180988
230 5195 71266
8372 15780 136615
7649 13453 41982
3799 11938 157464
13969 9584 33705
11581 10655 71804
6246 5775 126412
1994 8928 136434
1128 7825 136434
14884 12890 145755
16804 8763 177972
6891 4115 49594
13520 3865 91557
15116 3475 164116
15243 18196 55108
14239 3781 178332
6320 14095 50042
10769 15150 122610
9938 8103 171623
5295 2668 190760
14431 3328 36966
9331 8434 36966
923 12938 34428
9543 12473 49594
5606 9663 126389
3550 17876 191131
7647 1911 87727
13857 11427 41982
15649 4158 138102
3377 6295 108403
9788 6998 41128
301 2392 84763
16763 3468 114590
2167 3202 147722
12474 15378 39968
7971 13267 11650
10954 9060 119449
11728 12285 16234
10734 8259 167981
17798 11802 146201
3011 18259 64821
9049 13790 102094
3101 2282 75494
10456 13393 20969
4549 9150 29207
4708 12828 76266
17648 17057 50998
1467 12210 136434
4779 4605 114479
12747 9917 42179
1336 17045 29207
7968 17422 36966
3237 4065 29207
15263 12361 57177
6032 8882 10957
14965 4544 136434
8983 6369 178488
5702 15323 34428
3260 14412 49729
12755 9897 138102
2347 10816 35170
16383 4326 108403
1265 13425 88717
15265 1165 6562
17038 10682 39968
15480 3131 49594
197 10629 122610
4798 488 88717
13894 17098 55108
13237 11691 33633
141 11530 34420
6606 8326 87968
16961 11773 73163
4789 12949 133067
2699 16372 123876
6059 2252 126140
565 2756 61352
16481 11927 64821
1991 5457 149733
6190 18275 105239
8254 17928 24123
13869 3745 44981
15630 1982 84763
2754 12351 43141
13021 569 1416
6670 17694 94530
4271 11826 3889
4755 14517 29207
5287 5528 55108
7057 6330 49729
4096 7709 102094
16338 1747 43709
10721 4207 82022
1197 15963 17979
11504 17483 15968
15802 15361 146954
5835 14564 58235
6 7259 20969
3816 5570 77354
8894 2032 109805
16768 12693 40083
1376 15735 119449
9383 1336 14262
11774 707 122436
5736 7871 119449
5 5866 20969
11599 3487 165806
5933 10667 164116
5975 3116 87968
8270 17586 135548
6339 4747 177972
9649 17318 103304
16724 11451 132082
10357 6302 146201
12489 4085 167846
8835 15943 138102
9637 13540 55108
9927 15141 149733
779 1174 102987
8102 11473 145838
6721 7215 167846
3775 2183 181832
4488 2324 35170
156 10367 78762
16565 12803 71804
10398 4277 20969
14452 2397 16372
17867 953 126204
8758 12753 165806
659 9806 103304
8565 9580 119830
7905 6383 1416
12523 12052 154311
8812 14808 6562
16263 1431 145820
1537 17423 98594
1874 2539 2071
2131 1198 133067
14718 11203 15968
8111 4759 119449
17210 15590 105239
4604 1817 138102
8413 4004 91424
8221 17397 90777
6437 7883 42179
10860 3647 119830
16258 4445 183966
15687 4174 129461
629 1289 52591
11424 13559 111310
4607 16420 146355
901 16118 102772
18102 6248 38720
10785 6879 91424
17718 11638 46287
11988 1868 126389
13681 3766 58235
12080 17928 2817
17352 8558 111661
14588 5362 168086
9196 1025 21837
5793 783 61352
5110 3415 120829
7106 6332 52591
12157 11363 137686
18184 3767 84763
9113 2780 76266
16367 5406 109643
4237 779 33705
17314 7733 114998
5196 15596 165806
6311 4975 50156
11822 13045 41780
14537 5593 21837
6458 15831 147722
5446 3835 129461
13163 17729 171604
12169 4236 46287
14529 8367 50998
16534 1119 102094
2334 6128 155605
15653 5702 102713
471 5286 198502
9909 16364 123876
17041 977 82022
13228 6568 171623
15294 2412 37918
15990 10807 180988
465 12300 194591
10969 13874 3889
9118 15199 133736
4896 7735 34420
6048 7851 57177
4674 4437 21114
15527 6906 120829
13534 10243 122610
16975 1298 171604
9742 1817 20623
14094 5809 66415
481 13392 55837
7100 4247 147722
1478 10368 36413
9349 4855 123876
16516 8986 48420
9572 8571 64821
376 4724 36413
9983 9710 165806
16177 13914 103304
5358 12098 194591
1271 14952 41128
6016 14615 41705
16103 10191 180988
14394 13253 66415
17308 2856 41780
14501 12107 180988
5087 11920 109643
4530 17508 122436
5005 13028 186117
16527 1960 146954
11642 3322 77354
16274 17549 105239
2440 14947 199022
3416 252 62222
12372 12661 66415
17090 17460 185041
3184 12169 171600
10283 1123 94530
1273 12886 25777
15443 6570 52591
2809 4436 178122
16811 4631 10957
16158 8381 186117
8393 9798 94802
8395 11436 75499
1212 14230 145820
6520 5985 105239
16750 1905 3889
14410 82 155792
17445 8536 42179
12587 11769 5042
16535 14 71804
13276 13833 120829
12010 3755 186117
4477 8268 188528
2744 9825 109987
14444 6995 185915
15722 8829 170132
12733 4697 177806
12735 12440 126204
11314 10801 159719
99 11790 132082
2730 9073 43709
11849 11222 136434
12421 12146 135548
13588 1584 58235
11517 16736 99071
857 13613 16372
16734 17265 77354
12998 7810 38720
4200 3055 55837
9580 19 21837
1621 15038 188528
8715 16757 21939
14109 10542 75494
1520 6666 122436
3707 8783 135548
10435 9373 91424
17037 8525 103594
11327 13796 167846
5966 2378 126140
11635 12102 39968
7320 6382 1416
537 9714 80030
14289 7109 155792
3004 12656 111814
13460 8695 75494
5409 923 133067
3721 10979 88717
4575 2903 146355
7457 13438 16372
13008 8287 111310
15395 13208 167981
17389 7687 155200
7292 5820 114479
2240 1181 146251
12484 11449 78762
6490 10188 84763
1622 6189 159719
17497 10938 100214
17441 12640 109987
3427 7870 63911
15121 16860 2071
15281 4317 126412
11274 6118 98753
7788 18131 146355
5054 11513 38720
5629 2421 75494
4026 10399 92557
10682 1773 2528
11102 5380 62222
15472 9021 122610
3322 9869 13331
14657 5518 107854
16452 11706 145820
1899 7069 3889
9529 2034 145755
11950 4444 2817
8925 17443 155200
7735 13418 167846
15677 4206 102713
9817 12823 177355
18136 3937 146355
15551 9696 2071
5426 4287 98594
17899 9891 166049
7232 13922 100214
5469 4388 41982
15128 11039 152439
7859 12779 16372
9316 9540 102094
5055 6815 76266
466 8269 178332
12700 2206 137686
12524 10467 94530
9476 7908 166049
15302 17955 98594
8398 17125 167981
16286 14400 126389
17780 12287 2528
2332 4835 137686
10454 3218 71804
11935 4145 109987
5160 7443 194591
5991 5715 40041
17266 12304 164116
8179 11240 178488
7768 10484 152807
5877 4138 122436
7728 5532 152807
14628 6421 152368
2327 13798 44981
12574 292 52525
15751 10907 167846
15553 2766 145755
17196 2209 76266
1647 1341 102772
4969 5262 43709
4288 17078 145755
10953 16853 87968
3486 8753 186117
15191 17138 88717
16130 17014 178122
2108 10488 21837
15601 11264 166049
11268 9712 175276
5492 83 103304
8419 6255 20623
585 9358 171331
449 8058 103304
11046 7381 21939
7327 658 83529
16499 14326 146954
9431 7008 75499
7301 17127 136434
16800 7766 36413
14387 3103 62222
8915 5640 40083
492 1211 75499
9590 12837 180779
6433 418 73294
4685 12062 55108
11346 4228 35170
8335 3593 21939
15104 15595 139758
8430 6228 137686
16626 14888 76266
6927 2427 61352
11865 10099 146954
1039 14421 75499
3853 1744 146355
7067 7242 159719
2791 12302 75494
424 13003 126140
3668 6325 87968
18243 4904 20623
887 7107 102987
14921 5902 87968
8093 9865 152368
1297 10192 1416
7812 15225 191131
14439 746 41982
557 6200 20916
12600 8963 10957
9233 2300 90777
4945 12523 2817
1118 17220 167846
2734 10963 33705
17444 13253 43709
6147 16606 119449
4970 14521 119449
6947 15594 105239
13898 15017 2071
16430 668 132082
7610 9608 165806
769 12687 55108
6236 15168 50156
4987 1166 167981
9703 8924 13331
7295 14428 123876
13919 5129 92557
4470 13561 108403
10550 2573 152807
4633 17914 187340
1437 7657 178332
15127 11372 55837
4507 7131 5288
1725 18118 159719
13024 3975 10957
16145 12311 102713
8739 5781 3889
11359 7407 1416
17900 2770 133067
14745 13320 25071
3753 2685 114475
13372 17601 87968
10244 975 103594
13097 12894 87727
3002 2083 159719
12277 6872 152368
9452 12358 10957
7942 14158 2528
13198 17271 71804
1836 13370 94802
8635 15598 43141
898 1946 107854
9236 15210 194811
10697 15622 199022
15507 4315 66415
9160 7323 126389
814 717 145755
15955 9654 137686
5250 15963 183966
11479 5374 190295
12202 15506 91417
1037 10975 149733
13537 5442 109987
3683 10035 29207
16394 4015 102713
3851 15173 151438
11996 17783 126204
14460 16587 120829
7038 6803 76266
13747 5202 180988
13426 17997 190644
6836 1013 109643
15832 10524 36966
8510 5426 126389
17031 10331 39968
68 3028 177355
5298 16125 166049
8061 5965 41780
13250 16199 145820
3999 17132 86803
6826 17132 33633
6719 108 82022
11237 13047 102772
10792 4756 91424
4129 17182 91417
3239 14177 52591
11128 12526 21114
15520 12371 171604
17474 2951 75494
1413 10034 154311
1925 5355 123876
17644 4221 16372
1103 11547 20623
11823 17993 190760
13319 11101 114479
708 17182 21939
8675 1004 98753
6464 12782 111814
16607 4794 109805
12237 10077 183966
6993 2668 2528
6297 765 46287
1181 4145 145838
9489 6055 73163
3131 15594 57177
9535 11992 38720
17332 12471 168086
10493 16430 149733
5484 9306 133067
13903 11605 185915
11736 1029 139311
10814 9361 105239
5711 1228 133736
10295 7026 122436
13804 10197 177806
759 9740 137686
13676 5301 91424
14773 14893 37918
13445 1421 181854
6918 458 2817
6880 12461 114479
5239 7174 133067
5554 7205 102713
9528 9242 52525
17547 4701 146355
13974 10686 152807
15815 11320 73163
3380 17627 126412
15957 7284 33705
17008 5353 147722
1425 3980 180779
7922 16773 36966
11586 16994 133067
8238 16833 170132
5677 1798 103304
4235 7358 94530
11011 5752 5288
305 1726 99071
17002 2635 157464
50 16518 126204
8384 9423 171331
8321 980 108612
11211 3416 155605
2910 11478 50042
679 6149 48420
18301 13856 155200
7213 10054 155792
5598 2074 2817
14583 1930 151438
5977 5148 48420
11007 2731 5288
5922 13321 122436
15235 17196 91424
14259 14020 171331
13396 2050 103304
6294 5593 132082
14170 10194 186117
5657 3060 34428
9739 7629 180988
6156 5819 111814
13991 12090 171604
734 14704 157464
7673 2401 24123
1810 2774 89415
7303 952 55108
14601 14141 126140
17199 6688 122610
13023 4234 138102
3490 7698 175276
1415 12712 126412
13850 8581 16372
6684 14527 41128
7452 9635 133067
8567 858 180779
15938 17470 41780
18222 13209 186117
16456 7036 24123
12876 15148 41128
2716 10467 87968
11775 3283 89415
9450 17144 17979
13453 7980 35170
7846 3290 71266
3744 4797 66415
6114 141 185041
15690 10520 50998
11082 9797 75494
768 5409 38720
4439 13984 92557
3182 10761 154311
2280 1838 122436
6850 9742 17979
5565 9596 120123
13032 8192 43709
9512 14019 64821
15805 7536 119830
16252 9536 111310
8069 14102 35170
9396 13952 171331
14495 3052 194591
4274 7194 80030
12558 232 171623
3429 17244 86803
7594 2886 33633
3091 13768 6562
14812 12757 103594
12159 7889 96706
17985 11618 111661
17417 10240 188528
10919 3301 119449
11097 16253 78762
12219 1562 119830
8971 15359 46287
10411 18143 171623
3092 3767 75499
6308 15241 43709
14197 796 199406
13496 16248 57177
583 13744 78762
13187 12817 41705
17944 8207 170316
10298 13941 36413
4150 3398 94802
18084 14971 167846
5396 6868 50156
6161 10644 177972
2408 10406 35223
8337 8207 166049
7644 4196 129461
13717 17678 139758
14135 1985 133736
5145 1728 91557
3402 920 57177
14381 15840 80030
3298 14013 180779
2483 15348 178332
6340 7159 126140
15638 4100 155200
14969 2721 146251
3978 4887 181832
16857 12031 47523
10422 12126 89415
1738 5904 137686
14548 18160 38720
15211 16350 84763
11611 4612 171604
17928 3151 77354
15756 2020 34428
5930 11499 103621
656 3926 152439
400 12027 62222
5900 11782 139311
12060 9109 55108
3585 4571 166049
8508 13967 17979
10245 18261 122610
9137 15142 37918
14124 3362 16372
15967 13118 199406
8658 11372 94802
362 13397 89415
4491 2423 36413
16360 14230 186411
4669 8753 50998
9212 14917 62617
5376 5825 120123
9264 3946 98594
15228 15041 146355
7877 11290 186411
13475 6957 102094
3268 4775 43141
7170 13301 87727
6100 12858 190760
1386 1245 71804
6848 16068 89415
12650 4269 17979
3512 7174 28287
13238 802 111661
9197 11268 75494
17946 7376 36966
8599 12438 139758
17945 5820 119449
2839 570 194811
8561 13664 126412
7944 13852 91417
17814 11780 109643
17015 2738 154311
12332 983 87727
144 8791 171331
2303 13602 152368
8747 415 152807
12809 1903 52525
1311 16432 75499
5579 9186 50042
13038 14136 46287
6559 12541 171600
8802 6603 167981
9005 9296 177355
17663 17843 167846
17319 13325 75494
17864 4249 40083
15545 8523 21114
14279 7053 114998
13056 4638 102987
4032 6983 190644
8590 12874 103304
4611 14960 111661
6524 7403 107854
6581 1858 147722
14641 4216 114590
11655 12770 102772
1392 17456 55837
168 12834 126389
8906 13845 119830
9087 4175 109805
1452 17524 47523
3589 14530 103621
17073 1931 6562
13736 12334 102987
10675 9942 137686
2208 9007 66415
9065 15361 84763
1384 15103 10957
12911 17332 114475
18122 17664 119830
15513 16780 180779
14943 9480 64821
11174 5083 109805
17635 17181 2071
12771 17241 199406
12903 9893 177972
6904 2640 38720
15236 11863 25071
8693 8037 50156
18188 3252 188528
1826 12907 71804
4770 7694 21939
342 7053 49729
17738 16424 24123
16358 8170 186117
2986 6909 2817
2148 2640 123876
6945 1684 108403
11850 17491 62222
11178 2424 87727
7415 10001 11650
13782 17397 109987
5969 7325 178488
3222 13584 71804
8062 6570 38720
9575 10769 111661
7965 2735 147722
16200 10965 138102
7367 12987 129461
16703 12461 122610
10386 10977 50156
13058 17997 119792
1806 15495 41128
10146 4552 183966
9481 13160 89415
3061 12682 37918
15489 7497 84763
9231 17179 123876
14890 9503 180779
3848 10409 146355
5461 10081 28287
15603 4986 24123
9540 2557 24123
12795 10731 105893
14730 4198 16234
4531 5389 61352
3962 7918 183966
15306 9702 2528
5006 17246 36413
4843 13236 139311
17708 16835 108403
3048 15424 187340
6067 15145 14262
18152 15182 171600
13369 6913 136615
8353 4236 168086
5903 15908 92557
14612 17712 199022
4972 8038 126204
9471 16286 55108
12968 16619 119830
16105 7923 146355
250 14280 66415
3470 8011 102094
4080 5646 64821
15566 3560 2071
18210 4286 20916
3325 5771 92557
1130 4715 35170
13673 4353 149733
9270 1836 145820
8770 2922 13331
5453 7115 171331
11890 17653 145838
13360 2107 155605
6793 5652 171331
9138 14347 109643
12267 1374 38720
16123 8761 5392
5658 14358 100214
15561 7028 2071
17603 6780 5042
3438 7774 21114
7093 17780 94530
16125 13677 155792
5125 944 114998
1548 14835 102094
16624 13369 119449
1394 13744 94530
9198 11592 20969
7283 609 35170
822 1944 73163
18217 14649 11650
1320 1661 135548
12662 8587 171600
11997 10375 146355
310 6766 190295
12403 14328 55108
14977 1191 108612
6185 12997 157464
2614 13894 129461
11006 13990 55837
2422 11407 157464
12984 14622 6562
11867 12609 35223
2919 6091 190644
9800 8898 152368
7957 692 61352
14178 15148 146954
14774 11136 167846
17095 4335 149733
9334 17205 49594
2984 13744 2817
4936 3040 24123
8815 6549 25071
2673 13971 199406
9117 16029 49594
15882 16130 20916
10418 7458 71266
17241 10661 5288
2023 988 122610
14958 11707 164116
1183 331 5042
6646 11998 50998
6971 5299 119830
10087 5136 178332
13862 513 198502
15434 8859 108403
14948 3798 180988
705 5270 5042
17289 15210 91417
5636 11908 191131
8096 2955 58235
2689 4361 109987
3285 5422 100214
11821 2292 198502
13941 9987 94802
13377 10012 21939
8482 12345 16372
10735 2835 170316
17220 13063 171600
17465 1273 52591
7742 1713 111661
16672 12717 20969
12256 6067 175276
10481 3448 199406
11644 9175 180779
9925 16269 105893
6062 16926 114590
6536 1811 33633
377 3470 170132
13083 6031 61352
12557 174 171623
15118 13551 103621
8574 14691 91417
5014 3363 2817
15909 8854 185915
16041 13425 5288
14670 15612 3889
3886 16032 25071
13768 12006 167846
1333 2899 178332
1325 15817 103621
3623 17583 171600
10517 6879 103594
2742 15539 129461
13051 14793 132082
473 10101 11650
17886 1985 75499
2259 11997 94530
17419 13279 55837
9483 7443 1416
8978 13213 133067
7218 15768 91424
2302 17340 164116
4713 8879 191131
17824 8190 108612
223 16375 16234
8645 1694 25777
14415 5200 94530
3841 267 21939
6525 15893 123876
16199 2008 49729
17812 3601 21114
13909 5405 2817
11917 16737 118499
4272 7453 100290
4964 13974 64821
7524 10861 99071
1886 7801 87727
12947 14059 180779
15192 7810 139311
12565 13665 139758
7339 11412 126412
13327 18197 96706
3097 16860 94530
1578 9896 42179
2972 4437 2528
2081 3587 178332
1615 5051 62222
9362 12195 98594
6730 11146 88717
12386 16029 123876
9665 7193 111814
6819 12336 6562
12989 9097 83529
4500 12726 183966
2740 5394 87727
75 14310 20623
2593 15404 108612
12039 2169 87968
13943 16247 87968
13952 15070 111661
2237 12922 38720
7325 3250 49594
9897 2243 164116
6121 205 100290
12639 1401 86803
5092 6896 50156
10285 14204 167981
5934 7475 171600
6406 11246 138102
4102 17535 55837
3054 16771 89415
3549 13752 170132
11294 13660 2528
1653 3064 114479
17148 10814 180779
406 11730 2528
11282 14182 21114
9869 5628 178488
1000 2413 14262
1125 154 84763
11185 7915 47523
17617 10290 151438
3797 10 102772
6748 17453 102094
2518 7991 83529
555 14268 33705
15693 1209 170132
4775 125 132082
1276 3439 188528
11486 6200 191131
12084 12830 5042
18077 11615 58235
6396 10609 36966
11008 17946 55108
7986 8494 28287
11786 2731 137686
5972 25 78762
5288 15395 178122
3907 11264 177972
824 17105 154311
4117 9106 129461
1053 8306 171623
16284 176 41705
6003 2752 187340
12458 13922 170316
11173 14976 103304
7789 13087 167981
9282 7687 149733
17976 3965 108612
4249 10934 49729
18093 817 102772
15857 4219 111310
6335 1631 21837
2034 11354 146355
3982 6118 145755
8324 2944 16372
11846 2960 71266
13824 2803 165806
15728 4178 170316
117 15355 1416
11009 18191 123876
2580 14758 1416
8309 11348 20969
12179 17988 1416
14375 8614 39968
8532 8846 41982
2688 10756 100290
4040 7859 91417
4007 7065 133736
4125 8901 5288
7648 3507 10957
3756 6960 198502
11790 3268 149733
2089 7995 29207
8176 9875 99071
1402 5246 44981
13115 6044 16372
16688 3466 86803
17859 9332 190295
4835 12360 126204
12699 6383 119449
1217 17118 21939
17453 3817 109805
8262 1852 78762
14184 15208 40083
10922 14072 133736
5456 15394 186411
7925 10371 90777
5292 16385 24123
17208 14836 61352
11029 8819 102987
11980 4144 155605
4029 8387 152368
2400 7665 10957
51 8414 25777
17608 4915 41982
16561 15690 2817
7313 2802 37918
14511 3856 120123
15359 10155 111814
17516 3620 108612
14168 10964 186411
13513 6158 82022
1050 14371 137686
2696 9476 94530
15442 10711 20969
13308 6651 76266
6704 13811 194811
1838 9600 62222
15623 123 100290
14382 15114 114998
2004 9654 199022
3879 4694 71266
4509 1434 139758
10991 14414 137686
12749 9462 78762
11646 15501 47523
2044 6245 109643
8218 3536 170132
18071 15112 98753
11288 10056 55837
14247 15623 98753
11263 8895 35223
8173 13963 137686
17134 5696 111814
3519 6398 111661
7893 9910 111661
16524 4198 21837
4534 2860 78762
1985 13202 37918
13257 13437 55108
2168 14059 120123
12070 17359 36413
9142 9710 66415
28 15379 77354
4248 2056 119792
11551 17958 63911
13544 9275 91424
9991 17013 159719
4361 80 100290
15 16911 90777
17030 9897 43709
4380 8963 122610
14085 12317 98594
14079 1475 46287
16891 998 98753
3880 12924 119830
9676 8314 36966
4802 2549 178488
6966 3081 99071
8423 14401 166049
17431 5203 109805
4844 16190 145820
1669 17423 34428
5745 9115 39968
2495 15124 119792
10162 14624 181832
13328 11553 171331
119 16030 129461
14809 9797 171623
10368 9706 88717
8527 6630 43709
1154 9281 49594
3576 11234 89415
9498 3502 86803
11802 9522 126140
41 4105 146954
1849 5358 109805
8437 17769 139758
4268 16311 166049
17932 8071 50998
880 4364 20969
7800 17927 145820
1145 18189 166049
15605 16389 36413
6266 9507 14262
14506 8266 185041
10017 8828 198502
7497 12955 109643
1383 11277 21837
5421 6398 183966
18135 6574 1416
15284 1831 102094
9569 3408 88717
9975 15266 177355
11659 10231 177972
6474 1441 96706
17836 2630 33633
5712 12678 35170
16700 12842 40041
580 7523 50998
8807 14909 36413
13221 18242 33705
13009 6187 82022
17214 12907 100290
14753 13811 102094
16298 11501 146355
6574 10160 46287
9140 12902 33633
14275 16980 133067
8866 5412 28287
17365 14519 41780
13393 2494 41128
11719 284 96706
618 5840 78762
17842 7481 16234
281 9519 102772
14908 6049 105239
4234 16815 146201
12224 3939 21837
14800 3193 14262
17036 6745 50042
390 9701 14262
11442 15112 171623
9469 13196 77354
5267 3144 126204
17286 8537 167981
9392 4383 40083
7054 4802 78762
5519 13789 63911
9740 16754 136434
9840 13927 178332
17321 5363 186411
12381 14371 17979
17280 15959 159719
10391 14371 35223
4206 9940 194811
8877 15282 48420
9421 9546 15968
11353 13126 62222
1185 15615 114590
6432 2976 6562
11056 4368 64821
16176 13046 146355
14618 1688 119830
14671 6945 146954
16901 9124 2071
1993 4294 98594
12918 5353 52525
11883 710 99071
6273 16962 37918
707 1138 89415
13419 4543 119830
13626 8660 114590
16733 8355 155792
4983 4171 29207
15748 13017 100214
6509 12403 42179
6681 188 35223
9457 11547 145838
10449 78 100290
8115 8069 52591
9794 17982 171604
6882 13675 138102
1439 10240 180988
11371 11712 55837
17793 2584 62222
6872 4193 91557
2532 17973 177972
11715 3012 145755
8541 2887 186117
15423 7656 40041
8050 1394 111814
13247 17220 103594
1396 13488 10957
5803 14025 120829
791 8553 187340
2210 10188 186411
13330 9877 171604
15954 15868 50156
990 7219 86803
11647 15678 167981
6453 9875 48420
9862 12626 149733
4820 4349 188528
5018 16581 146355
13797 973 194811
5008 5618 108403
5546 11002 96706
14359 4610 155200
13472 11055 185041
17080 4279 109643
6709 4588 91557
5120 9984 135548
135 2587 165806
5785 15207 24123
12365 6509 105239
1035 16567 190760
14353 7254 62222
17414 18005 98753
17685 16888 41780
17960 1170 83529
1175 9168 13331
385 13142 17979
10464 9728 57177
251 13837 151438
1347 125 98594
9582 16154 122436
2516 16560 82022
17490 4817 33633
12444 11402 63911
3374 2549 83529
180 5344 98594
6220 10458 35170
3056 10034 77354
17133 14305 180988
15455 5808 168086
4460 8332 126140
13100 12400 186117
8127 14366 126389
7392 7810 171331
8569 3813 33705
11271 14908 129461
14092 7817 35170
11087 7334 37918
17588 10688 126389
8614 14078 55108
15082 4198 13331
16953 15531 6562
10469 17013 47523
14086 6391 73163
10083 270 102094
15044 5595 186411
17537 1876 39968
15141 5478 75494
1069 11308 145820
14273 14117 20623
741 885 41128
4684 12557 177972
9666 12559 167846
4180 14378 136434
3170 16719 190295
4106 1843 20916
17525 3882 123876
6083 1541 108403
18238 2953 5392
9712 2564 126140
1030 14078 190295
6503 15664 87968
9250 6304 109805
1711 840 111814
4141 7837 146251
3843 12259 44981
7797 2151 38720
2268 1381 76266
12119 8427 76266
1143 17458 109643
480 17034 100290
11066 14068 108403
4104 11570 180988
8422 7539 198502
17430 3850 166049
12065 2664 171331
13389 4317 47523
18153 8373 178122
6250 11043 86803
9310 7196 111814
3339 3976 108612
3936 13428 105893
8326 15633 28287
1952 8689 178122
9646 4193 167846
3801 12705 136434
4310 3007 28287
7855 15539 28287
13451 8109 25071
16818 7001 57177
3837 2497 94530
1245 12929 171600
15304 15369 20916
5628 125 2817
8190 2412 103594
11732 12682 149733
17910 5847 199022
10330 13662 21114
12869 12184 47523
2567 4058 61352
745 10685 119792
16193 7339 155200
13529 9651 133067
16234 9979 154311
10457 4353 42179
17200 3064 114479
1962 7464 180779
4855 4310 100290
7281 697 1416
4395 4975 3889
15200 10240 43141
17846 1737 48420
8834 12070 43141
13215 18259 75494
14822 7381 185041
4805 8851 119792
15915 7980 132082
7670 7394 136615
6367 17416 41982
384 11945 126140
9028 6995 38720
757 16695 58235
7617 2105 190295
1453 10482 111310
6759 10062 52525
3861 4208 188528
11769 6372 119830
12681 8989 34420
2321 16467 107854
5533 14761 1416
991 4315 119449
3014 8090 190644
6847 4929 42179
9865 16090 35170
3273 13878 180779
6163 10103 114475
13581 17470 102987
14280 16955 137686
7284 6010 58235
14200 7954 114590
2894 8018 6562
14488 12457 25777
2641 11014 71804
6519 2306 37918
15406 14028 152368
780 11287 34420
3024 16266 71804
9633 16072 185915
3409 14503 126389
13907 12287 102713
18288 2873 46287
14366 698 87727
5003 10806 178332
3586 2618 35223
18073 13420 20623
17494 7810 58235
15626 80 122436
11536 6803 46287
6212 12781 100290
2584 16555 20969
2883 10169 167846
3141 8331 62617
7031 16547 44981
5770 13744 177806
11332 9631 171604
998 14881 73163
15180 9292 46287
11656 10683 82022
10875 14151 103594
17135 14186 114479
8065 16047 21939
4028 10873 37918
5722 16178 186411
12750 6284 191131
4157 14236 167981
7682 13431 145820
9783 3411 103304
17551 14613 94802
5926 5587 126389
17299 9373 177972
10520 8780 190644
954 7725 86803
1272 6002 58235
12034 6933 42179
7287 9909 145755
17914 8077 145820
12053 17849 52591
5089 2537 2071
10029 3131 109805
3722 10152 75494
16281 11997 146251
11303 2700 178332
3125 16326 171600
5760 8049 33705
14351 1805 40041
2009 1490 16234
15712 6217 11650
8814 4925 178332
147 9875 73294
11977 14279 57177
16678 3370 133736
2577 152 164116
2141 15608 50998
5497 4248 198502
7289 214 170132
18106 5795 28287
8354 16223 155792
13506 13063 126140
3037 9896 78762
5310 13762 171623
1526 10981 164116
3120 15189 20916
14879 6938 181854
5688 11665 133067
241 6692 123876
871 16016 177972
9661 2227 36966
2153 9134 34428
5681 12212 37918
11239 3269 108403
6209 1564 164116
11782 1361 154311
14684 8633 71266
10319 14051 185041
17602 7174 91424
7852 10519 152439
6908 2150 52591
10658 4496 13331
8024 9877 180779
16282 11730 34428
731 4694 71266
3821 10918 84763
8027 6780 139758
9627 6065 146954
16191 8095 178122
12772 8414 89415
12712 12282 87727
16065 14061 34428
8947 12429 44981
1771 13022 114998
12937 16143 6562
5528 13646 33705
12891 16664 66415
784 14419 151438
14855 17218 94802
13762 12756 100214
1878 11622 109643
11717 2083 41128
5873 2037 154311
3891 12874 177806
15732 12604 103621
17440 5542 71266
5517 976 133067
11563 9451 34420
2970 3209 170316
9083 10133 66415
13079 11116 62222
9484 5442 114475
3662 4417 178488
16671 10278 194811
5464 2169 83529
13591 2860 190295
5764 8669 103594
11320 7883 52591
6390 13065 99071
407 10361 73163
5284 9550 52525
1400 3950 164116
4853 5159 175276
13246 11507 34420
12682 2020 83529
6148 5513 114998
10487 17876 46287
16061 6354 166049
4022 9678 180988
15400 7636 146954
8030 18110 88717
16402 13277 167981
6287 17495 194591
8282 4701 21114
17921 8977 154311
977 8469 71804
15319 1807 5392
5468 9168 15968
3046 6859 171331
13522 15806 34428
7667 1849 152807
17120 5065 77354
15866 5599 63911
15444 6398 170316
13434 12672 177806
14320 9200 170316
3724 3123 84763
17215 9708 52525
6674 5066 191131
8811 5945 84763
12448 7222 39968
14436 5403 2528
5175 13770 35223
5148 3037 2817
4033 9608 166049
4625 4908 109987
7086 5756 177972
1120 3777 177806
12482 16811 186117
12150 4640 83529
7657 17045 126389
8584 10805 138102
9285 2384 126204
14689 6485 47523
15533 15050 48420
14216 14439 41128
54 10419 199022
14171 12914 98594
12977 13896 105893
1042 7760 84763
6477 7771 13331
9833 93 114475
17128 14616 91557
17666 15539 119449
13564 13682 94530
16614 11285 167981
57 6504 178332
15311 13803 5288
12582 15716 76266
8513 534 87727
7091 17489 16234
2683 13083 34428
18132 15154 180988
12678 124 191131
10016 3512 114475
13908 11494 178488
14769 7242 171331
14426 1278 177806
14776 9457 119449
1698 13966 185041
12304 14310 3889
13849 11538 102094
7208 17952 188528
668 9875 89415
14185 16061 36413
11286 1413 183966
17454 13952 2071
15355 7548 133067
10366 16981 2817
8989 17818 149733
6771 3845 155200
4113 18101 103621
15173 12176 21837
4592 15309 120829
3514 14347 66415
12616 17909 119792
10311 14514 44981
3178 2195 145838
8964 3521 120123
6815 3268 111310
4639 3232 107854
5329 7449 171331
11420 8700 177355
4100 10257 20916
14136 16735 57177
17001 11387 34420
6517 17871 87727
7407 4726 50042
620 6891 146201
12739 8120 120123
5944 13132 145755
3197 15120 180988
13111 16692 155200
6116 5322 118499
6626 6334 21837
17467 9518 36966
13112 15312 152439
8557 14036 91417
11129 4554 84763
4400 15450 38720
14053 10383 146954
13297 5442 168086
17876 18155 44981
5983 12271 6562
5494 1551 25071
3300 15890 49594
17902 10172 94530
13343 15542 80030
14534 17776 126412
16799 16468 119792
10071 16417 21837
2064 7742 122436
14578 3531 186411
7323 17800 73163
1890 12929 177806
16941 9103 71266
10301 2694 165806
8101 13176 91424
16912 5813 50042
11884 9224 175276
4458 2359 136615
17505 5570 120829
12196 11469 108612
1742 1760 76266
13508 10291 120829
5514 8865 91417
10223 14041 43141
14098 8038 14262
16479 152 181854
6425 8861 155792
9874 11747 157464
5545 7085 73163
2242 7343 146355
9820 4999 94802
11020 5890 186117
785 15599 99071
16885 2441 177806
16656 3390 94530
15038 1036 151438
9697 17817 38720
2383 14942 52525
3525 10806 50156
11806 13618 50998
5498 16652 35223
12349 11183 170316
1843 14836 25071
15305 1681 122436
7034 8139 73294
15381 11737 105893
18019 12651 49729
17180 15396 5288
12687 16337 6562
15464 14981 36966
10633 8275 100290
5096 5137 137686
6231 8965 165806
8873 6260 108403
10993 952 177355
521 6434 5042
14851 17295 20623
17344 17503 47523
1574 17864 38720
17198 18257 177806
2402 1382 109987
14043 16850 185915
8402 2955 80030
3593 4286 75499
16454 7563 76266
5236 7998 13331
6172 16639 58235
16496 18179 73294
12443 1406 185041
11299 6652 76266
13315 10948 25071
15875 18200 96706
3559 14467 42179
17668 4128 146201
3485 16029 145838
3628 13796 190644
10279 6867 33705
10551 17634 16372
1022 3118 107854
1390 7864 159719
11267 9374 103594
12428 8746 102713
9022 10973 6562
3406 3350 171600
10216 4826 6562
4900 15791 105239
13208 8394 109805
15074 4468 71266
17253 14050 37918
4870 7465 188528
1692 14452 102094
17432 3066 152807
1253 6792 185915
4041 8304 111661
17848 5175 102713
370 2283 87727
17681 14971 49729
7781 7384 50156
8951 5796 33705
595 3118 118499
10580 12889 119830
3324 5617 2528
5192 10842 147722
2536 7258 41780
312 3965 185915
15245 6621 190295
18137 14940 114998
10741 104 99071
10130 3755 108612
6888 544 62222
5667 4629 119830
8592 18048 188528
16889 1939 114479
17544 4565 41780
6492 12673 190644
6279 9213 75499
4092 15470 15968
9279 950 102713
7107 1970 146201
8090 6303 91417
7766 12886 126412
8902 1389 52591
1317 14654 146251
2187 456 86803
4811 12863 164116
13634 1436 122436
12085 3120 91424
5316 3759 107854
8400 806 109987
12976 10684 139311
10161 13995 1416
12490 10279 62222
10249 5414 145820
7032 11311 126204
17789 3278 190644
2846 12338 37918
6924 547 171331
16555 820 48420
4801 686 190644
15407 16460 126412
6143 1875 98594
432 568 114590
11985 10459 185915
8768 904 133736
434 12111 167981
14910 2583 146954
18272 983 91557
15039 9380 126412
7216 5499 62222
6253 13599 24123
7200 14898 100290
8656 11162 188528
3820 14344 20623
16598 3462 107854
2590 156 21939
14196 13867 181832
6737 8739 138102
15458 6358 122436
3608 1817 168086
3122 16453 151438
1255 6278 34420
17707 10974 47523
16318 7870 114475
4616 15282 145820
10637 13073 21114
5495 5781 135548
9391 17113 14262
10828 11605 129461
15818 12295 165806
4686 13451 178122
14793 5320 151438
10143 15571 44981
4923 2076 17979
3456 6268 136615
1637 17795 36413
11152 10497 76266
18161 1270 177355
11918 15691 178122
2892 13107 20916
8182 3999 15968
13375 12183 139311
17075 5347 100290
9629 45 181854
18208 8629 44981
3154 8844 177972
3876 8175 100290
1205 8388 94802
15515 12036 100290
11833 17845 186117
58 11234 6562
12612 15001 82022
9181 15631 111661
15791 11110 120829
6488 10518 165806
5033 11422 14262
14871 268 155200
17404 13612 58235
16808 1585 5288
6510 15952 83529
8794 16345 58235
2660 8590 194811
4750 11336 180988
8523 7299 33633
4208 4461 145820
11962 10072 41780
5206 13660 136615
2382 11207 62617
3997 574 76266
17153 5358 139311
4053 17375 186411
3789 2056 109987
1792 6770 135548
2212 7038 149733
1172 2951 157464
4986 9374 20916
6983 6855 5288
14582 7614 89415
13800 6909 94530
10847 11913 16372
3310 1421 82022
17373 8221 21114
17988 262 40041
16400 7391 88717
3568 9901 15968
1378 4685 175276
894 14947 171604
10458 16737 126140
13817 6864 147722
4930 16481 39968
1408 4597 194591
18074 14539 40041
9161 8377 16234
5834 4154 103594
17911 15618 108612
3269 1440 98753
179 7055 188528
9809 13410 186411
8529 17477 145838
10997 5446 43709
10786 4193 145820
16971 12626 20623
13583 16512 136434
3193 8268 168086
8505 13530 40083
14798 16069 135548
11136 12569 50156
11909 12081 92557
6690 11635 58235
3793 6595 151438
8161 3320 170132
12222 17955 15968
17942 10028 187340
515 14384 157464
17847 16926 180779
17647 7033 43709
17159 14089 103594
12658 12752 151438
5215 2670 21114
2096 7470 5042
16809 13383 102772
11487 7630 194591
2149 1195 149733
5507 7951 21114
10511 5389 145755
15054 2989 118499
14956 14031 159719
3435 4600 157464
2840 14740 100214
17350 1253 3889
3142 815 105239
16798 879 165806
9979 2423 92557
7618 17004 100214
16064 2174 16372
13184 1370 146201
7930 1112 145838
16083 17554 145755
16159 11329 44981
10540 2676 16234
15227 15747 73163
10833 7279 119449
10396 1331 178488
6106 13298 11650
6805 3966 120123
6608 10632 108612
364 91 122610
9494 8313 152368
899 3193 152807
12611 2829 33633
4788 3736 58235
2011 373 111814
14019 6583 136615
4170 14105 55108
3681 16871 159719
4443 13445 29207
12212 7626 109643
1974 569 111310
17237 9989 102772
4088 5732 133067
10514 8316 177355
16054 15292 111661
4840 10158 90777
2523 2935 46287
6749 16752 91424
10451 7073 73294
3767 11474 61352
8009 17917 155792
2069 5127 190644
5781 3086 170132
6383 7629 90777
5261 18027 175276
8900 4726 139758
2249 9778 105893
6305 14381 91417
4569 4421 146355
9398 5952 198502
9508 639 138102
12029 4533 55108
10471 5512 119449
582 16216 75499
683 13808 175276
8621 9036 63911
9525 16470 167846
5710 18111 43141
7553 13368 40041
7157 3235 152807
14002 3357 2817
5650 13979 114998
4976 7194 100214
684 2662 43141
7883 14108 199022
5518 16456 91557
6676 6983 33705
15935 12317 36966
2054 12470 120829
4590 14249 98594
13637 338 103621
6011 17090 181832
4627 7261 159719
2540 9867 167846
3084 6317 25777
9072 13649 114590
3238 8350 136615
10490 14357 35170
7206 10160 13331
4109 15525 24123
7767 3784 171331
865 7261 86803
2315 10687 177972
16246 6960 33705
16138 13910 178122
15402 9879 190760
6036 15856 119792
2406 12798 2528
10371 6667 13331
13654 9897 111310
5139 16278 5042
2780 17226 147722
2123 14146 36966
3676 5253 146954
109 5147 62617
3357 9321 49729
12943 3005 100214
11577 15687 20916
17940 16868 126204
12337 16414 186117
627 14334 171604
11840 7051 145820
9898 15017 24123
6476 15288 71804
11555 4640 147722
10116 6273 165806
11158 68 183966
16902 7687 58235
10290 6348 17979
11778 12114 49729
12638 8660 102987
14285 5987 66415
18056 17213 109805
17506 2139 21939
9062 17729 61352
6486 2515 10957
7839 4066 49729
17750 1104 175276
9734 8562 57177
2485 5537 3889
2566 6987 98594
13613 7304 50042
16113 10412 2528
13774 149 175276
2758 11660 103594
15782 6919 21837
14748 5405 145820
5979 6896 11650
13666 2303 103621
15689 2077 43141
15798 8058 62222
7310 1286 41780
16710 13257 75499
1593 3650 1416
13624 12062 42179
926 15678 43141
3773 5884 76266
14388 3196 111661
7242 9773 118499
13055 17918 50156
383 5974 175276
9414 11211 102094
16027 8872 102772
2104 1203 40041
9565 7262 132082
13143 6846 33633
3226 8277 178332
12154 4130 185915
9906 1752 177806
6592 12289 49594
16967 774 139311
79 10467 62617
3604 10348 73294
3318 3917 194811
4551 7629 76266
9554 5760 33705
1924 13959 10957
17656 15655 170316
11364 16962 5288
1122 6580 155605
4231 13486 102987
3618 6332 151438
12117 1036 20969
1883 9475 34420
17538 13642 36413
7222 8270 171623
15185 16285 44981
14177 8343 171604
13870 14848 6562
7628 11316 50998
5378 6354 52591
1174 1585 111661
4745 9203 34420
14603 13324 47523
18042 17115 91557
3348 8324 171604
12628 6652 178488
6820 4755 43141
17160 3152 183966
4339 11105 80030
1236 18265 152439
3312 7204 37918
17587 58 10957
8017 1425 151438
11013 18296 33633
10445 8267 62617
7623 2820 114590
14263 14876 40041
16949 2074 175276
10893 1242 123876
13905 4875 50042
15821 9353 6562
16890 13769 159719
5824 5092 146251
8365 796 105893
4327 80 167846
14469 5781 170132
4542 4535 199022
9816 16346 178122
12822 15122 180779
14846 14497 190295
3731 9670 21114
14561 13536 15968
17083 13196 185915
17029 2271 20623
3036 10139 126140
4702 10291 103621
2824 1655 50998
14972 16691 111814
9095 505 66415
2313 5971 155605
1098 4190 46287
1492 15217 157464
6261 16818 35170
11305 6088 126204
12790 14835 91424
17759 1569 180779
14655 16639 42179
7991 13770 145820
5985 9678 49729
9492 7087 35170
1779 12440 111661
3899 8108 5042
17733 5368 138102
17057 14484 87968
14847 4993 86803
4890 1831 13331
6556 4220 119792
12374 17698 14262
10643 14072 170316
10838 6586 35223
17429 14708 171331
2299 6383 145820
5990 3999 171331
16651 16306 186117
8683 13446 94802
14484 1831 29207
5401 11934 21114
16611 6016 145820
7184 5896 71804
13595 1350 100214
178 10690 164116
14265 2074 52525
7228 9473 154311
1789 5192 126389
14255 12360 99071
7716 4085 62222
16939 18098 188528
5865 5585 135548
5609 1475 61352
5935 15890 63911
3467 13382 119449
9784 6303 180988
1760 7368 21114
5322 1182 120123
16111 4391 16234
13483 6146 16372
2746 9938 5288
4915 6041 102987
4783 3700 133736
15264 4106 94802
15212 17535 94802
16122 3591 198502
11179 15522 154311
553 1977 66415
16872 16220 5288
15089 3424 11650
4437 10362 168086
11331 13891 100290
4220 8293 190644
3027 12098 190760
13644 7329 145820
18179 18259 180779
16324 11680 100290
11051 7404 178332
1357 9282 57177
10169 654 133736
16871 15646 109805
2020 17549 199406
9167 4976 185041
5186 16815 178332
17366 8601 92557
14991 3765 164116
3076 431 36413
14546 174 146954
11417 1871 29207
14559 9584 155605
1189 3877 41705
13121 1273 92557
17956 11283 102713
8056 2174 50156
12318 2633 86803
6363 5693 82022
8774 12524 20623
10933 18187 73294
13765 15644 94802
3264 9015 111814
11276 10445 111814
16977 116 21837
9177 13914 21939
2213 12608 155200
9163 2874 16234
289 11747 190295
13135 11635 100290
372 8582 139758
8522 3869 14262
2188 7905 39968
12502 8139 199022
8364 831 25777
16297 9524 149733
15085 9565 34420
10063 7039 17979
7531 13419 99071
9207 5363 102987
2394 18029 146251
1213 3076 190295
4719 7789 191131
16866 3648 20969
13028 15217 75499
1741 1799 152439
9130 14969 152368
616 13008 14262
8267 7242 75494
13414 11684 50042
10416 14478 111814
3309 10661 157464
12544 8343 10957
8977 2437 20623
14151 998 43709
7614 991 175276
7355 14808 50042
5814 6001 157464
7613 2032 100290
4118 5412 146954
882 18178 92557
16254 1382 61352
10932 2866 91417
8296 897 40083
3070 10354 187340
16108 16895 39968
16374 1070 49594
4837 18073 33633
1657 17548 108612
2838 13520 105239
6216 4070 34420
13013 12871 102772
10477 3378 157464
2063 8134 133736
8242 15091 73294
6942 11702 178488
6505 3366 43141
10441 16666 99071
5465 1069 35223
8936 6232 137686
4090 12547 20916
3770 14543 82022
17549 18098 133736
9969 3367 109987
18225 2644 105893
7414 18105 166049
5259 8543 181832
13867 12833 180988
1222 17660 58235
404 12366 6562
1841 13584 41705
7397 15700 118499
17217 10014 171331
2189 9374 178122
15153 4004 177972
12774 5854 119792
14181 6998 177355
10777 7846 171331
8731 13389 41982
11105 3931 61352
4381 17291 178122
14385 10455 47523
11699 15290 187340
16209 1381 13331
3127 3073 199022
14440 11492 151438
3659 2859 139311
6864 13646 151438
14678 3581 102987
1521 14843 181832
4169 3987 90777
518 13444 21114
15047 1434 186117
8052 11183 94530
13326 4094 40083
10823 3537 50998
13987 14976 91424
10037 12269 98594
10787 17096 171623
10799 9981 198502
6135 6128 36966
13144 4775 139311
1706 4315 29207
12719 5288 100214
15413 4145 154311
11855 8955 63911
12995 2122 77354
18139 9957 49594
8969 12351 1416
6829 15525 35170
13379 11107 155605
2843 5936 146251
11639 1746 102713
7077 3539 145820
9066 7219 194591
18143 13437 138102
14892 16794 10957
7976 18097 181854
2629 14915 33633
6565 964 20916
1096 78 107854
16144 13518 14262
14230 10022 66415
15202 474 118499
10218 17032 166049
7342 10564 190760
17021 15461 168086
274 7897 138102
18067 10053 171623
493 5828 168086
18138 3696 91424
8515 6337 188528
9799 17613 181832
1182 6896 119449
9179 14998 114590
2140 8198 120123
17268 1736 108403
16874 14787 77354
9771 583 62222
4004 10220 109643
8273 16807 139758
8858 12053 177972
2448 7174 164116
15447 16157 49729
10355 12589 87968
698 2454 41780
4676 2151 78762
3359 17817 105893
3728 16853 108403
5522 7011 52525
13132 7291 191131
18023 5104 94802
13482 5495 165806
82 5570 178488
14531 9749 91417
12633 4832 94802
16028 5372 120123
1802 14155 75494
12570 16486 187340
12457 12467 126389
4578 17595 34428
7621 3228 87727
17101 15591 41705
6546 2980 43141
807 14917 167846
17559 17691 145820
8829 605 25071
13900 209 194591
16182 11768 75499
338 10731 92557
7 13162 14262
7098 1408 167846
15470 13518 151438
16528 8077 49729
7300 5029 58235
10703 9418 109805
7769 2496 133067
14305 8394 178122
7933 3367 43141
13871 13505 71266
8819 4574 11650
931 7991 55108
2171 10058 181832
3280 13540 129461
17665 3658 155792
15184 2870 118499
15425 3593 47523
8331 5664 33633
5867 114 15968
14663 8166 63911
5901 14855 103621
8786 4250 28287
16242 97 135548
14346 15338 57177
16169 8646 38720
17413 4574 75494
13199 9584 44981
11827 7049 87727
4158 15192 108403
10845 17912 88717
5102 2326 71266
10547 11936 147722
3523 14278 62617
12805 9811 126389
1799 14072 2528
7833 13543 21114
2952 4783 139311
11566 4472 52591
5342 8382 2528
897 16742 94530
617 12421 86803
3069 16099 194811
7426 1374 16234
455 2424 146355
12376 9051 188528
7250 7979 155200
3666 14368 123876
8042 9979 43141
5617 559 190760
4732 9244 109987
1618 5202 14262
1472 5832 98594
12422 11261 190760
9635 15481 122610
4136 6755 25071
6133 2666 111814
10618 6521 108403
14269 13952 2071
13929 15110 35170
173 7628 181854
4024 5370 37918
3134 2784 119830
15345 7178 178122
2186 5111 155605
11744 17381 75494
5278 10622 177972
13075 1528 190295
3155 10728 94530
13554 14983 126389
9655 17959 138102
9246 1689 177806
13249 14896 41780
3020 5696 198502
828 12175 183966
15411 13065 133736
7395 15594 119792
16608 14881 90777
798 12547 165806
445 8091 62617
6839 3106 20916
3555 2409 80030
9323 7573 107854
12857 8963 114998
8559 17092 44981
4920 6259 15968
1939 12990 6562
4174 20 170132
9524 1323 105893
3391 8119 146251
5726 4286 145755
5383 11289 61352
14261 15970 50156
2317 10412 151438
6672 399 154311
7435 3990 37918
3049 3199 109987
14756 7242 62617
18254 12421 180988
2943 9616 126140
17803 10288 146201
15792 8164 154311
12071 6627 119792
2657 5370 136615
2782 15668 123876
9863 1634 33633
2432 15675 46287
12036 15877 111310
1046 14344 109987
13340 13620 36413
14864 4341 181854
5487 17997 122610
7590 3723 87727
3776 6353 75494
5180 13972 42179
16591 16929 151438
94 325 178488
6611 14186 187340
4712 15283 120123
3642 6901 166049
1275 18094 122436
9436 8715 170316
10714 1347 194591
5433 6917 73163
15505 18111 146954
7718 2717 98753
9564 16001 145838
9870 16773 119792
14150 12360 166049
14750 14881 139758
4703 1637 3889
10222 4128 33633
3751 1367 181854
2897 1825 50998
5887 17202 139758
15376 7612 146954
12863 2238 171600
17535 13722 21837
15755 7333 177972
7130 541 15968
3407 17360 86803
8665 2944 111661
6992 7890 126140
765 8258 6562
8025 6848 126204
16431 15481 94802
1645 17314 24123
641 17615 5042
11094 8522 25071
5819 1377 170316
4559 14332 114998
2712 6587 25071
7466 11667 37918
8084 9918 181854
7717 13616 34428
2031 8440 2817
142 14611 100214
14042 4020 105893
5549 2318 155200
16276 2308 91557
488 9957 114475
4204 13621 29207
6491 2083 136615
16509 14567 71266
164 15754 111814
7653 2178 16234
12892 686 178332
4051 2701 71266
2201 17977 66415
10370 11906 152807
1683 15031 38720
12090 12287 20623
15028 10801 62222
16503 16389 109987
7910 17236 41128
5563 3697 91557
2649 6032 64821
2806 5929 40041
9097 7755 187340
16619 1254 82022
8100 11287 114590
6569 4170 91417
10383 15443 84763
2238 2476 107854
14066 9875 111814
17838 3284 50998
316 3794 5392
12472 944 135548
3929 13828 21837
13984 17237 136434
16135 12768 120123
7889 16352 1416
496 15176 98594
10353 12070 11650
8452 1013 16372
9593 11372 111661
17797 10669 199406
17741 10371 49729
14241 4600 90777
11936 17448 6562
11125 1158 49729
14717 8192 170132
1914 15727 44981
11740 17605 109643
15169 5498 105893
11019 3670 36413
8961 16403 165806
8583 13310 114475
6937 9018 58235
10049 367 152807
7974 5846 91417
3743 12477 126412
10700 13489 35170
5509 16736 73294
4490 7809 75499
3329 9225 186411
7073 8783 126389
13444 1398 137686
1775 1525 20623
6227 1215 58235
1062 11781 190644
14694 6223 63911
6668 3508 114590
15724 13430 190295
11043 12428 171604
723 12069 133736
13729 1088 89415
16016 10685 13331
1797 16579 43141
1702 13570 185915
8709 1351 75499
15157 9506 123876
6618 58 105893
15289 12679 152807
16507 4892 49729
1167 14567 181854
12146 10459 194811
1291 15818 87727
8746 6443 170316
7687 10056 171331
9773 11203 185041
15952 10319 91424
5064 4795 43141
11480 1455 107854
8852 12871 96706
8144 14288 91424
12423 15470 109987
12596 11780 177355
12835 291 181832
8506 638 108612
976 12809 103594
13608 5548 119449
15771 11552 167981
2038 10291 57177
10527 15440 35223
15150 14717 55837
13893 5696 38720
16715 3470 119449
17000 5389 5288
1469 5585 185041
12442 12658 38720
16783 3339 108612
13230 1800 178122
2608 6284 47523
6494 3627 114590
15981 16911 34420
890 1737 100290
6276 14580 171604
9886 1948 114479
300 4144 13331
1044 9609 146355
5687 16648 126412
10390 7999 17979
16616 9278 145820
2912 17576 17979
10100 11329 89415
7074 5883 175276
1445 1937 102987
17263 15167 149733
1318 9216 39968
3563 6231 178122
5633 9473 86803
13701 1831 133067
5672 6259 99071
13843 14488 71266
13059 3757 64821
13901 8071 33705
5478 1973 88717
672 6697 6562
8381 5933 5288
17795 6039 126389
1712 2243 181832
11777 12039 44981
11772 7085 170316
17493 7634 135548
7210 1948 40041
1581 5156 178488
2998 17751 2528
2591 17494 47523
11258 14998 103621
5415 6461 29207
12064 13200 5392
17709 11086 49594
3612 3964 25071
8848 3830 14262
9963 15594 145755
4960 1919 186411
9131 8154 16372
8434 3250 109643
326 1067 111310
18258 6311 155605
1788 4727 36413
5660 17115 152368
10518 998 114998
8293 13452 103621
15714 4349 40041
8181 1165 186117
14332 6039 102713
14563 9354 109987
10548 7951 185041
8839 7290 190295
11682 9971 167846
16719 2787 114998
7363 14576 47523
14833 17448 157464
1257 7356 2528
6601 14217 91557
8661 4262 25777
16317 1309 102987
4668 13143 5042
677 7944 133067
7749 10771 186411
1940 9377 145820
14143 16348 139758
18010 11512 41128
7160 6366 14262
15719 3012 28287
5112 1015 170132
4977 2779 139311
15293 875 152807
2293 18108 102987
13204 13198 73163
2114 12096 154311
12990 14711 181832
10344 17149 194811
12609 7210 20916
18279 12515 78762
13260 7571 175276
17206 7999 145820
5403 17177 41780
514 13792 178332
16036 1242 126389
11617 8140 20623
3442 16085 58235
17676 1886 188528
13789 6920 13331
14312 9716 71804
16753 184 126204
12215 17427 118499
9741 6945 89415
17815 17931 91557
547 7593 96706
9556 14128 87968
10975 2136 73294
7162 649 199406
11885 14601 24123
9342 7719 152368
12934 11950 145755
9127 12033 46287
14882 14942 102987
2701 15282 102094
6323 13736 99071
4690 10711 34420
3578 6489 136615
12962 13315 15968
2005 831 42179
322 10665 100214
4300 5081 58235
13834 16547 139311
330 6912 91417
18300 14745 159719
727 902 49729
9681 14905 55837
2761 5235 11650
955 3794 94530
9340 4795 34428
5502 8543 149733
15327 246 187340
10369 10038 126204
17981 327 139311
9984 14460 137686
14761 4775 96706
2134 7130 78762
16461 14025 33705
8496 586 83529
15671 17428 178332
7592 393 145820
1909 1743 133736
16410 11143 48420
16427 8000 194811
17870 1541 34420
2503 12319 102094
13430 11451 96706
2691 11906 138102
6122 11304 119830
6395 13309 16234
14687 4522 5288
13392 6443 102772
12470 13729 36413
1665 5190 111661
6128 12827 11650
7378 794 145755
17799 10048 146355
11225 14767 84763
8253 13703 136434
3738 8733 41128
3096 18283 35223
9451 3517 133067
6990 9823 186117
1465 9763 120123
14823 9540 62617
10925 15079 152439
12756 4530 190644
4297 451 139758
541 11077 41780
17744 7082 50156
6906 14144 109643
8080 2009 119830
14811 5504 28287
11654 17416 170316
5450 2064 15968
2601 12013 138102
6050 10406 76266
586 6033 149733
18149 18238 52591
4765 34 108612
2287 425 120123
7747 10684 181832
16845 4165 102987
4681 4758 167981
13693 13419 119830
5506 11937 48420
12310 8629 190760
13243 8724 190644
15716 6129 105893
56 1708 34420
7262 17797 171600
5953 12856 145820
12645 15227 133736
4404 17301 139311
8068 4987 114998
8967 2156 35170
5762 4580 75499
12732 13495 109643
17704 12488 187340
11264 8357 180779
685 13823 47523
13067 17227 126140
8307 6166 64821
12477 7574 194591
17433 16864 40041
12234 8577 52525
7635 6823 21114
11085 14457 55837
13000 6156 73163
12710 2100 186411
5720 8078 177355
7932 8469 21837
16268 5128 190295
11175 6872 108612
2651 7253 103304
13166 11350 123876
16787 9332 37918
10345 1317 185915
14597 17219 41128
8475 5160 76266
8019 6758 139758
14433 12523 5392
17678 17612 149733
3342 18279 119792
16269 11718 185915
946 13458 159719
12375 11812 43141
17300 17854 41982
18008 4830 102987
12870 6603 82022
6197 13673 178122
16709 15568 166049
13833 8963 35170
14298 15951 37918
12630 1051 21114
1964 11441 52525
8429 17976 2528
244 1285 87968
13971 6296 62222
229 11315 118499
1667 4021 181832
7129 1962 77354
8361 9035 91557
842 5328 76266
13562 7375 109805
12191 17773 180779
720 12102 52525
4523 3006 198502
10189 15067 190760
5332 11581 146201
3118 14059 34420
6558 988 62222
6763 2372 135548
13618 15453 10957
13126 10712 35223
13572 18146 43141
4588 9534 199406
7816 9417 133067
589 3151 82022
6105 9359 5392
2687 2360 47523
18046 9030 139311
7878 187 171600
18148 3676 103304
3058 10027 111814
1479 1799 62222
6750 13348 50998
16497 13503 180988
5941 1741 2817
17291 483 62617
3147 13798 120829
17590 9305 166049
14744 13064 91417
12240 2090 183966
10554 11008 47523
1506 2192 138102
4829 4049 199406
13324 10803 146251
11516 9745 43141
8539 11522 16372
3836 15196 34428
11506 16075 107854
2506 11280 20916
7876 9098 37918
4812 17855 96706
8943 18176 94802
17105 16983 180988
15697 16049 199022
2524 9701 181832
16187 16197 178488
9038 15413 41128
12818 16974 164116
15188 7178 44981
9694 5461 80030
9994 2556 199022
6870 8603 52525
13378 5723 146355
6879 14750 82022
8507 4464 75494
3864 590 165806
11576 7352 185041
12167 214 66415
17333 10346 87968
9470 5065 62617
13145 11696 166049
15457 8634 36413
4162 12582 171331
16359 9824 90777
686 913 5042
1682 14796 20623
7133 10563 90777
12743 11132 55108
14364 794 145820
1888 11046 194591
15648 1434 146355
1280 3906 119830
6562 5389 167846
945 909 15968
13551 15086 103594
9500 11566 114998
4147 1559 38720
5300 2743 119449
10117 1848 114590
8347 1142 178332
7382 12746 126412
4074 13267 171604
14924 15040 41982
9257 14208 11650
2487 7801 5392
17964 4438 34420
10281 3065 71266
6361 11423 122610
1141 11993 25777
6790 15638 62222
12290 14601 21114
17841 2815 50998
12195 3469 187340
9588 15295 2071
12543 16453 1416
13678 15503 49594
10008 16445 66415
14544 12422 102987
9600 1181 165806
11567 4145 80030
896 6435 146201
16075 6151 100214
17483 8966 177355
5961 9892 114479
14528 1214 175276
6941 12401 135548
16904 14400 87968
4556 1550 109987
499 14218 47523
10024 14253 50998
2891 15248 100290
17032 1936 80030
11473 9480 21837
975 5412 103594
3331 6928 109987
7374 16803 17979
10347 16285 177972
4444 8813 100290
12697 17122 111814
15083 17122 41128
10718 7496 126389
16076 7309 71266
10361 6211 16372
16171 6496 38720
4535 11327 146355
13490 15690 167981
11925 472 34428
16718 10578 25071
2471 6397 42179
15061 5219 11650
2702 9591 114475
16339 10635 181854
3968 78 35170
2352 12234 119830
8164 12242 80030
8740 17416 181854
2225 14851 118499
8827 16904 167846
10998 9265 109643
15598 11830 55108
4879 3511 52525
4355 8617 168086
4294 4614 20916
14712 5268 103304
4425 12802 29207
17492 15054 20916
9162 12581 181854
12181 9745 103594
7656 14208 17979
9146 654 118499
14592 244 49594
10813 2989 199022
3912 11325 159719
2792 16228 139758
6936 17969 155605
8391 4309 114479
4928 10971 177806
8322 13023 103594
11662 13715 52525
694 11437 55837
16039 7087 82022
16504 9014 166049
1055 15090 36413
3610 11530 126389
7587 14278 61352
16684 10524 77354
16987 4827 123876
4260 8627 73294
2583 17627 178488
11446 1866 62222
7903 10595 183966
8955 3906 107854
15795 10878 83529
2932 8596 170316
3986 16546 136434
4250 4715 119449
5653 12170 2817
17278 2136 109643
4826 8134 102772
12597 16823 38720
17616 1934 119792
18296 11894 136615
4506 12538 122610
6912 17455 138102
8396 9320 108403
7460 15296 41982
4060 6707 5042
4608 5255 157464
13133 6817 64821
9688 13649 64821
13085 9074 139311
7296 2310 171604
441 8183 190760
12367 18181 198502
17556 8406 91417
11944 10046 183966
10567 7764 177806
3601 196 61352
3954 11265 20623
1471 14643 194811
12041 10508 50042
3095 6686 73163
2502 9435 111661
15077 6452 21837
3107 1307 86803
1646 10811 103304
17887 18146 119830
1816 739 178488
15869 7850 66415
459 7932 20623
7005 10958 102772
17951 1245 64821
11336 13966 155200
12122 15928 187340
14481 5238 49594
8979 17994 71266
16085 2103 146201
6145 7232 166049
14031 18183 21837
10655 7599 119792
13884 7099 40083
17664 2540 183966
16325 15633 71804
11307 12983 78762
240 13031 135548
14000 636 186411
15272 13192 175276
14208 17845 109805
18115 14044 50998
7763 15497 38720
6673 2212 114479
9852 11264 43709
16201 8134 87968
11244 3007 139758
16059 9450 187340
7444 5503 87968
13962 10410 35170
10176 7964 52525
16222 6904 149733
660 8 48420
4651 7807 191131
12204 18097 114479
15718 6826 21939
10282 6032 43141
1426 11633 103621
2330 13315 177806
628 3411 40083
11745 17189 89415
3157 15071 71266
14872 10629 64821
16160 11614 168086
12115 5549 187340
15171 13143 166049
11801 16455 103621
5385 11391 36966
6532 8316 13331
4827 14504 43141
4198 6562 24123
10525 5463 114475
1831 11203 178488
8258 662 187340
14609 4896 180988
6782 2299 50042
12720 8341 42179
4001 10997 167981
4999 14944 177806
18114 3131 20623
14831 13003 175276
12377 8355 118499
8734 7713 61352
15615 16600 99071
2741 4530 24123
8077 12585 90777
16713 3250 181832
5012 8381 63911
17460 15212 194811
1090 5414 21114
4462 12811 21837
14957 8260 91417
12780 16776 139758
2920 16436 171600
14113 1499 109987
12843 17305 167981
13323 11348 177806
8099 9143 3889
14220 11151 15968
6169 1465 103621
14107 16500 171600
10259 8822 83529
8626 3852 105893
4589 10338 139758
4538 4020 14262
8575 12730 152368
6877 13366 178332
10322 14431 171600
395 15524 120123
7778 11842 25777
8714 11144 91417
11690 3100 28287
7411 16420 190760
9013 5298 91417
14725 7885 170132
3008 3269 145820
9192 15112 6562
3637 4620 37918
7450 3881 155605
9558 14632 47523
16536 9034 76266
17115 12039 109805
6181 14893 71266
2526 6673 170132
336 6926 5288
6544 8479 133736
4595 16891 103594
5891 13790 71266
7798 12308 190760
15409 11376 108403
4085 4585 55837
10607 12024 122436
3251 17265 138102
14421 17661 155792
13088 10412 96706
18157 10518 16234
2717 11203 126389
17745 13792 194591
13258 12937 177972
16132 3980 191131
136 5597 105893
2551 14619 166049
14763 16335 171623
17906 9880 91557
12789 15165 126412
18066 6742 75499
1715 16095 107854
4907 18084 185041
12828 12367 145820
852 812 61352
14321 16621 11650
11074 492 180779
3644 12966 146251
4298 16413 175276
12618 2476 75494
1915 10632 180988
8606 8963 171600
15438 16818 126389
5093 12436 62617
4043 15168 55108
14939 5455 34420
5572 18124 17979
7929 11391 171600
17540 11810 52525
7308 3089 133736
14055 17138 75499
9490 1298 178488
8916 4182 151438
17791 1401 177972
3232 14305 21939
