100000 225021785
49064 -1
-9111 -1
-35069 2
-80822 -1
20592 -2
43703 1
11883 1
-88923 1
-80636 1
-38876 -2
-58710 -1
-23376 -1
-49309 2
-85374 -2
1865 2
-43347 -2
9628 2
-26037 1
-19967 -1
-38836 1
-51448 -2
41784 1
27473 2
25943 1
-39578 -1
37852 -1
-39740 -2
-21775 -1
-77295 2
43499 1
31243 1
-7409 -1
-35804 -1
-57538 -1
-68252 -2
43429 2
-92170 2
-41294 -1
-34401 1
-15431 -1
-85085 1
-37747 -2
24717 2
31934 -1
-1439 2
-11349 1
46785 -1
-98880 -2
20793 -2
-35321 1
39391 -2
-98762 1
-68775 2
6851 1
13020 2
22525 2
38806 -1
-95145 2
18179 -1
-28711 2
25364 2
-82263 -1
-15526 -1
-90002 1
-42105 -2
-36982 -2
32077 1
-86544 1
-24745 -2
-68416 1
-9459 1
-72854 -2
-10473 2
5816 -1
-36744 1
-40330 -1
-37759 -1
-27786 1
-56527 -1
-58557 -1
-59052 1
37370 -1
-21413 2
26100 -1
14691 -2
-9793 2
2431 1
33208 -2
26762 1
-18232 -2
25033 2
-8693 -2
29574 -1
41791 1
-66095 -1
-34192 2
23090 2
-14131 -2
28587 2
29008 -2
18574 -2
-12090 1
29411 -1
-3705 2
-97084 -2
-92816 -2
-46105 1
12815 -2
10686 2
-95392 -1
22364 1
3989 -1
-80462 -1
-77679 2
-12872 -1
14547 -2
45138 1
33101 -2
-83073 -2
42072 -2
23452 -2
21163 -2
-15619 -1
-32974 -1
-36641 -2
-14946 1
12678 -1
43970 -1
34985 -1
38670 -2
-79741 2
34344 -1
-69611 -2
20880 -2
-3209 2
-23104 2
-39705 -2
-74186 -2
-15232 -1
33103 2
-58676 1
-66880 1
26080 -1
-69 2
-96313 -1
-78109 -1
-93623 -2
-96705 -1
28220 2
-47739 -1
-72637 1
9076 -2
22149 2
-1070 2
-78808 -2
-7182 1
30227 -2
32958 -2
-12482 -1
-78202 1
-5404 1
-87472 1
-84899 2
-11160 2
47744 1
42716 2
-4786 -2
-75265 1
-77130 -1
-23393 -1
-79595 -2
-24496 1
-97630 2
-60693 1
49813 2
-62900 -1
-200 1
36995 2
-62122 -1
-73766 1
-56530 1
-41717 2
7737 2
-9235 -1
-53417 2
-33258 -1
-96403 1
-56092 -2
-24924 1
45353 -2
-43979 1
-19083 -1
-78575 1
19717 2
-46221 1
-41950 2
-84866 -2
-96968 -2
-40881 -1
9769 2
-52240 -1
10814 2
-99440 1
-29936 1
42451 -2
38704 1
-91303 -1
-96632 -1
-26313 2
-86516 -2
-39207 -2
30954 -1
-97813 -2
-24655 2
26581 1
37864 -1
-78312 1
-47708 1
13969 -1
31303 -2
-64391 -2
-50570 -1
25173 1
11426 1
-45 -2
-39956 2
36407 2
-88741 2
13126 1
-69930 1
-74681 1
2651 1
-61240 1
-12544 -2
-58174 -2
-41779 -2
-49254 2
16093 -2
2284 -2
40875 -2
-51492 -2
-1368 -2
-36649 -2
-54638 1
-80979 1
-2014 -1
-58790 1
14294 -2
-884 1
39722 1
-17639 1
-47728 1
-82667 -1
36614 -2
-68061 2
-3219 2
8857 1
17529 1
37914 -1
7143 -2
11891 2
-46805 -2
-61678 1
5221 -1
-15550 1
-38280 -1
-89858 1
2894 1
20483 1
-7970 -1
-75929 1
-22080 -2
-44469 -1
-5256 1
-56556 -2
28165 -2
-99153 1
-88490 2
-30754 1
8905 2
-29643 2
-62713 2
-67675 -2
-18045 2
46580 2
-14361 2
-17066 -1
-75205 2
-75825 -1
-71372 1
-49035 1
-80387 1
27714 2
32773 1
-80007 1
-10487 -1
12004 1
-9029 -2
39309 1
-20778 2
-24654 -2
2942 -2
36886 2
-99192 -2
-8002 -1
-96133 2
-991 -2
36556 -2
-65927 -1
-23328 -1
41215 2
-44335 -2
26865 -2
17116 2
8109 -1
24663 1
15699 2
-64513 -1
7328 -2
8763 2
-92872 -2
-62256 -1
-28956 -2
16195 -2
-44495 -2
-33382 1
-48097 -2
-56887 1
-19365 2
-57441 2
-72275 -1
3218 1
-23477 1
-49293 -1
-60331 -2
43798 -1
-52758 2
3147 -2
-41583 1
-18260 -1
23667 -1
-89916 -1
14558 2
-60595 2
-14801 2
-8855 -2
-78330 2
-25740 -2
-15216 -2
-27611 1
-45401 2
46069 2
-20667 -1
-57370 -1
-87874 1
-67511 -1
17546 1
-50120 -1
47059 2
-9513 2
23924 1
-41988 1
-5285 -1
-23548 2
32701 -1
39569 2
12416 -1
-12646 2
-18212 2
-6266 -1
-64901 2
-53300 -2
24212 -2
-20216 1
-62680 2
6973 -1
48553 -2
-67126 1
-56948 2
-11369 1
25447 -1
-2980 1
21190 -1
-97606 1
-1692 2
-74643 -1
15584 2
-71670 2
-42487 2
-83340 -2
-75300 1
10630 -2
32784 1
2497 -1
-66883 2
-12385 2
12224 1
-15487 1
-59928 1
26149 2
-7986 2
-35536 2
37000 2
-4335 -1
-55544 -2
-59645 1
-42699 2
-69099 2
-7751 -2
-70847 2
-8461 2
-50615 -1
18725 -2
20190 -1
-16077 -1
-10636 1
-89059 1
22081 2
-11391 1
-55417 -1
-7896 -1
20737 -2
-49708 -1
-23414 1
-7745 1
-21124 -2
-26048 1
-21097 1
-62948 -1
-80868 2
15412 1
26029 -2
-30805 -2
25198 -1
-80996 -2
-51040 1
14639 -2
-53360 1
22645 -1
-87506 -1
-43698 -1
-92566 -1
34184 -2
-85788 2
-1557 -2
-31659 1
5493 1
-62386 -1
-90249 2
907 1
44358 1
-29920 2
-70760 1
-13449 2
-91074 -1
33484 -2
38159 -2
-76039 -2
-42638 1
5438 2
-23630 2
-20851 1
-28448 2
-9446 -2
-52138 1
-84186 2
27840 2
-90907 -1
-77392 -1
41832 1
-78190 1
22025 2
-75771 1
4326 -2
-36829 -2
7368 1
-29440 2
24833 1
-78411 -1
-60271 -2
-70414 -2
22849 2
30485 1
-62646 1
-80071 -1
-22613 1
40899 1
-32630 -2
39448 -1
25202 1
36354 -2
-9676 2
-63217 -1
-84506 2
28130 1
26501 2
-92899 1
2950 -2
-56320 -2
-16607 1
26947 2
30036 2
33508 -1
42922 1
-60062 2
-53163 -2
46660 -2
-43567 -1
-25797 -2
-67280 1
13253 1
-9789 2
-68837 -2
-3340 -1
-88403 1
-90864 1
-74784 1
-90859 -1
-77436 1
48399 2
-4744 -1
38188 1
795 1
-4242 2
-93154 -1
-87455 1
-95173 -2
35395 2
3847 -1
-44343 1
38633 -2
44917 -1
-51067 2
-59427 -1
-74996 1
40687 1
-53012 -2
-20785 2
22134 1
-5393 1
-16436 -1
-50106 2
-27981 -2
41122 2
-72762 -2
39510 -2
-77091 2
-850 -2
-89584 1
-36623 -2
-82122 -2
-43239 -1
47529 1
-34592 -1
-39119 1
1677 -2
-26908 1
-96700 2
156 2
-98285 -1
-89800 -2
-25365 -2
40946 2
-58832 1
-33640 1
-15621 -2
-28047 -1
10487 -2
-52843 1
-96855 1
-20251 -2
43948 -1
-60991 1
43165 2
-31649 -2
-94705 -1
-67615 1
-11053 -1
-65281 1
6375 -2
49255 -2
-44315 -2
3390 -2
6324 -1
-96139 -1
46731 2
-52527 1
-22356 2
47589 -1
8594 1
41 -1
-24136 -2
32440 -1
-81424 2
-19740 -1
-37751 1
-90624 -1
-23653 1
-40009 -2
-38971 -1
-2521 1
-52705 1
14859 -1
29835 -2
-36955 1
-24402 1
23082 1
-22143 2
-12399 -2
-27056 -2
-51933 1
25285 -2
1671 1
-3259 -2
17401 1
-44248 1
-48190 1
-68871 2
-9127 -1
-71675 1
-10063 1
-7839 -2
-95162 1
-22608 2
-21368 -2
-96086 1
-47998 -2
-53042 1
-97726 -1
-16910 2
-48302 -2
22314 2
-53159 2
-43143 -1
-61199 2
-40970 -1
-25242 -2
-3123 2
-69499 2
-74251 -2
-64212 -1
-8468 2
-33768 1
-65469 1
11104 -1
29120 -1
31395 -1
-96217 -1
-76765 1
23128 -2
-95989 2
-20246 -2
-38602 2
-53861 2
37135 -1
-51150 1
-99408 -1
-95985 1
36683 1
13439 1
-22357 1
47031 2
-55653 -1
43691 -1
34109 1
-90403 -2
2743 -2
-57769 -2
-90747 -2
14831 -1
5314 1
-98758 2
-41041 -1
15785 -2
15186 -2
-5722 -2
-38140 -1
-12467 -1
1466 2
-2111 2
-22748 1
-68648 2
43871 -2
4905 1
23258 -1
44382 -2
32966 -1
-98846 -2
-12764 -1
-42207 2
-17058 2
14620 1
-47565 -2
-85549 -2
-92234 -2
-27497 -2
23584 1
19971 2
-27365 -2
14606 -2
28024 2
39045 1
-59747 1
-57247 -1
-72767 1
-13304 1
-45551 2
-79336 -2
-10283 -1
-62512 -1
-8148 -1
328 -1
-39422 -2
-5245 -2
16301 -2
44430 1
19260 2
23586 2
-70040 -1
30656 -1
23918 1
38524 2
-61662 2
-72529 -1
-2484 2
35673 -1
-40285 2
-54265 1
-62438 -2
-67879 1
-70213 -1
-83404 -2
-49903 -1
42206 2
-16952 2
-66419 2
21377 1
3188 -2
-72952 -1
4850 -2
-19202 1
-59543 -2
2613 1
-60589 -1
-31268 -1
-73747 2
-33867 2
-64460 -2
16841 -1
28036 1
-18717 -2
7670 2
-83958 -1
9412 1
46588 -1
-58659 -2
-30391 -1
-9452 -1
40106 -1
-19078 2
7164 1
-83005 -2
-36001 -1
10629 -1
-32962 2
21896 -1
-175 -1
19774 -1
-2127 1
43738 1
43146 -1
-35414 -2
-6725 2
-14185 -2
-82503 -1
2839 -2
-424 -2
-43314 2
9987 2
-59035 -1
-59719 -2
-51021 -1
34856 1
-44368 -2
-93454 -2
-54005 2
-36079 -1
-22716 -1
-21966 1
13425 -1
-52001 1
-6390 -1
38368 2
48065 -1
-98433 1
-67417 2
-77322 -1
-83452 -1
-67202 -2
21099 -2
-92490 1
-89182 2
-62183 -2
-87003 2
-24267 -1
-81364 2
-26053 -2
-67493 2
-83756 2
37203 -1
7503 -2
-35901 1
-11278 2
-48319 2
-4409 1
-83459 -1
-57168 1
37404 -2
24516 1
48765 -2
-72272 2
-48784 2
-68814 -1
41354 1
8923 -2
37163 -2
22505 1
-2405 2
39492 1
39516 1
-93039 -1
-41806 1
-77722 -2
-24726 -2
-44663 1
12919 -1
21940 -1
-41708 -1
2376 -1
36518 1
-88774 -2
-51674 -1
-53040 2
-78325 1
-59785 1
-94260 2
-1957 -2
-76462 -2
17115 2
-48677 -1
-28511 1
-54253 1
10191 2
-90749 2
-26610 -2
-62639 2
6360 2
-24791 -2
-51863 -2
32200 2
-14816 1
45811 -2
-52898 1
-77935 1
-89767 1
-38057 1
-10056 -1
-40568 -1
33601 -1
-10809 -1
16391 1
9198 1
48495 -2
2782 1
8068 2
-84483 -1
-24561 -2
27486 -1
44238 2
-90944 1
18878 -1
46498 -1
-83711 -1
27269 -1
41273 1
-81505 -2
-32214 -1
-38115 -2
48590 1
-57771 2
36981 -2
-76759 2
-45981 1
27832 2
27380 -1
-72464 -2
-32724 -1
1856 2
18519 -2
1468 2
-37264 1
-60628 -1
-10761 2
-21071 1
-33616 1
-66772 1
37220 2
-71830 -2
-76036 -1
30788 1
-27886 1
-19406 2
-96751 1
20097 -1
-76610 -1
-79655 2
-54435 2
27057 -2
15517 -2
-43477 2
-92309 1
17305 -2
-60732 2
-17813 -2
-87162 -1
41490 2
-12082 -2
-61184 -2
-940 2
-91939 -1
-85031 2
-5835 2
-2988 -2
-60675 -2
-58566 2
6865 -1
-74590 -2
-1989 -1
39641 -1
513 1
-43549 -2
-71175 -2
-71253 -1
-1317 2
23198 -2
10987 1
-5858 -2
-28692 2
-42501 2
8931 -1
-40277 1
47157 2
15748 -2
41254 1
23254 1
36027 1
16367 -2
-78688 -2
-31531 1
41760 2
-65010 -1
19862 2
-41931 -1
11312 1
-46217 1
-99254 2
-23189 -2
-32955 -1
20948 -1
47904 -1
-48727 1
-169 2
-11719 1
-77954 -1
-58598 1
21854 -2
34812 -2
-62581 -2
-37621 -2
-56389 -2
28729 -1
45524 2
29224 1
-97881 -2
-44688 1
-95165 1
36417 -1
1793 -2
-22529 1
-93747 2
41070 1
-60086 -1
-62931 1
16523 -2
48976 -2
-14967 2
-51592 2
-17530 -2
39840 -1
-20201 -2
-13537 2
-19416 1
-16404 2
-2606 2
-17467 1
-24159 2
43502 2
-75461 1
32364 2
27245 1
14008 -1
-71928 2
-80139 -1
-17366 -1
21889 -1
-94875 2
5321 -1
-79183 1
297 -1
11756 2
14160 -1
39643 2
-2818 2
-57623 -2
-12092 -1
-68184 1
8316 -1
-26114 2
-66200 2
45085 -1
26567 2
-61194 1
-61408 -1
-88461 1
-73626 2
9540 2
-98630 -2
-43094 -2
20832 -2
24393 -1
33539 -2
-86614 -2
-74183 -2
15568 -1
-11128 -1
-46407 -1
-49816 2
37419 1
-92767 1
-65053 1
38793 -2
-3908 2
32950 -1
-43894 -2
-50001 -1
-11644 -1
21732 1
42168 -2
7282 -1
-88672 2
-52841 1
-81981 1
3299 -2
-35523 -1
-74914 1
-61205 -1
11887 -1
46210 -1
36247 -2
-52333 -1
32789 1
28077 2
-64510 -2
48915 -1
-88269 -1
-80817 -1
-66115 1
-44950 -1
-28951 1
-74253 -1
44847 1
-56231 -1
217 1
10943 1
17039 2
-46338 -2
2730 -1
17583 1
-35471 2
-37049 -1
-60719 1
-77981 1
-85852 1
34407 -2
-29995 1
-1159 -2
-7838 2
-96533 2
-65585 1
-43983 2
28926 1
-90854 1
-90815 2
39098 -1
-67620 -1
-59008 2
-64632 -1
33973 -1
22585 -1
10091 2
13747 -1
26635 -1
32328 1
-43837 1
-49462 -1
-77673 -2
31147 2
-56582 -2
-8576 2
-5642 -2
23523 -1
-16535 2
-1675 2
-88696 -2
21088 -2
-99071 2
-74934 -1
22308 -1
-2991 2
-17528 -1
-76206 1
45813 -1
-33945 -2
49312 1
-15989 -2
-38597 2
-41603 2
-33924 1
-16285 1
-12589 2
-86106 -2
-7040 2
807 1
-39709 2
-4197 2
-23592 2
-10504 -1
-57475 -2
41396 -1
-9938 2
2925 -2
-64979 1
-41152 1
-77719 -1
38856 -1
-74542 2
-84632 1
-26254 1
48116 -1
-62217 -1
27026 2
-25677 -1
-98091 2
-80953 1
-4596 -1
-26042 -1
-11809 -2
-81725 1
44041 -2
-95613 -2
10032 -2
-72024 1
18938 -1
-55722 -1
15945 1
-64892 -2
-60141 2
16520 1
47651 -2
-50460 2
-51500 -1
-18202 -2
-89700 -1
33550 -2
-94553 -1
34201 2
-60594 -2
49325 2
-16626 -2
-88124 -2
-55882 1
32617 1
30733 -1
-49259 2
-69724 -1
-31736 -2
-55147 -1
28300 2
-10811 -2
25014 1
-60073 -2
-3712 -2
-39277 -1
-20646 2
13420 -1
20520 -1
49099 -2
-93016 -2
-28309 1
31088 -1
34969 -1
-97761 -1
-28999 -1
-7628 1
10148 2
-6304 2
21518 -1
-29420 -2
40545 1
-7874 -2
-1682 -1
-27205 2
-29545 -2
15337 -1
39297 1
-98488 -1
29523 -1
-81845 -2
-84372 1
-63566 -2
-94308 -1
-44012 2
1614 2
-41328 1
8511 2
-79414 1
-87533 1
-54707 -1
31242 2
22655 2
-7429 -1
-82302 -2
-7993 2
1285 1
18946 -2
-25643 2
14660 -1
21081 2
-50492 -2
-87228 2
-58514 -1
-65106 1
46030 1
-41623 1
-5394 -1
-70256 -1
33402 2
-70246 1
-74726 -1
-83192 -2
-79032 1
-12697 -2
-47200 2
34545 -2
-65015 -1
42295 -1
-95927 1
-15470 -1
-18674 1
41057 2
-18539 -2
7196 1
-85227 -2
-867 -2
15281 -2
-35595 2
-35123 -2
-44595 1
17702 -2
49371 -2
-50232 -2
-94794 2
-34883 2
-42032 -1
-90823 1
-6806 -2
48181 2
-40664 -1
39949 -1
-54801 -1
-12641 1
-33783 -2
-16621 1
-18557 2
-19938 2
-60694 -2
-36664 1
-93283 -1
-88484 -1
22869 2
44957 1
-98233 2
-23767 -2
-7045 -1
39969 -2
-39234 -2
-92354 -1
-64382 2
37471 1
-10835 -2
-71477 1
-51900 -2
-35771 -1
-41249 -2
-60813 -1
-57783 -2
-85612 -1
10679 2
-68548 -2
26687 1
-95163 1
3639 1
-91662 1
-46041 1
-14062 2
-75150 1
-22449 1
37605 2
-73748 -2
-19892 -1
7185 2
4127 1
-89504 1
-38308 -2
-26218 -1
-89758 -2
-66441 -1
-55232 2
-65689 -2
-39075 2
232 1
-25195 -1
-27331 -2
40445 -2
-45762 2
8292 1
-20063 -1
401 2
38874 1
12447 2
12424 1
-82077 -2
-43654 -1
-6531 1
12639 -1
-14125 -1
-91886 -2
-25333 -1
-19912 1
-5943 1
-3963 -2
-5453 1
-31087 -2
-11496 -1
3276 -1
-31307 -2
-4301 -2
-59744 1
24249 -2
-91134 1
32347 -2
-53579 1
22657 2
-33412 2
-70850 -2
26062 2
-33092 2
-27217 1
45014 -1
-63529 2
-82395 1
-9399 2
39908 2
-23391 -2
-59766 2
47166 -1
28923 2
-32749 1
38481 1
-32140 2
-31038 2
-80148 1
1676 2
47532 -2
29798 2
-46812 -2
-57264 1
21624 2
-8270 2
-2577 2
-18039 2
34325 -2
-75201 -1
-46889 -2
-40753 -2
-20427 -2
35843 1
-55025 2
-41500 -2
-49081 2
-24879 2
-52867 -2
-22204 2
-82578 -2
-10801 1
-44412 2
-39772 1
-86910 1
-85338 -2
-65559 1
-76885 2
334 2
-64885 -2
-94823 1
-73722 -2
29946 2
-44937 -1
-43878 1
-39797 1
-30014 -2
-68634 -1
-77580 -1
-62358 -2
49406 2
-46995 -1
1572 -1
-59878 -2
-38014 -2
13585 2
46175 1
-7686 -1
-68148 2
10627 -2
-22834 -1
-58205 -1
-21058 1
-69395 -1
-39592 1
-64794 1
-66298 2
-1017 2
2888 2
-85069 2
96 -2
15631 2
8784 2
32043 -1
1288 -1
-19542 -1
-67558 -1
32493 2
-20033 -1
-96240 2
-62019 1
14130 1
35237 2
-93032 -2
-67421 2
-66029 -1
-42279 2
-76744 -1
-91893 2
39577 2
19684 -2
3503 -2
-6940 1
-33026 2
-4375 1
-32639 1
46518 -2
-17305 1
-14140 -1
2793 -1
43993 2
3248 1
-36779 1
-37994 1
-71688 -1
-38655 2
-48813 -1
-25778 -1
-26901 1
-11061 1
34964 1
-40290 1
-39382 1
-66963 -2
4026 2
10314 2
-34931 -2
-28129 -2
-59806 1
-98426 2
-90477 1
-59798 2
47932 1
-23125 2
13383 1
-35030 1
-6980 -1
-61473 -2
19931 1
-59468 2
-13864 -2
-30537 1
-21692 2
48848 -2
-76480 -2
35519 2
-95475 -1
339 1
-56292 1
14051 1
-48125 2
-1512 1
29115 -2
-20715 -2
42572 2
-63798 2
-33597 -1
36930 -1
-51159 2
49073 -2
-41551 -1
-23051 -2
32035 1
-2962 2
47178 -1
7113 -1
18673 -1
45670 2
-8348 2
-71846 1
48591 1
-19658 2
-8274 2
-64759 -1
-98771 1
-29971 -1
686 -1
-8814 2
10734 -1
-69477 1
-10506 2
-56488 1
-32979 2
-62601 -2
-86356 2
6917 1
37982 -2
-1969 -1
-14061 2
-10654 -2
-80298 1
-56973 1
-41701 1
-91055 -1
21147 1
42737 -1
-86695 -1
-74903 2
22787 1
-24684 2
-22190 -2
24754 -2
-98449 -2
-36373 2
-40164 -1
-90763 1
25035 2
-14696 -1
13748 -2
-31460 -2
-83015 -2
47308 1
-68884 1
42807 1
-76265 1
13424 -1
-57121 2
-74988 -1
-87196 2
-64102 -2
-80143 1
-92773 -1
-55400 -2
8241 2
26737 -1
-1309 1
-36056 1
-81531 2
-81894 -1
-7662 2
-12231 -1
-76611 -2
-18074 1
35737 1
-21222 -1
36139 -1
-84652 -1
6752 1
-2531 2
-30948 1
-56664 1
-32926 1
-97036 -1
-27883 -1
23372 -1
-25203 2
12726 -2
-15630 -1
-54173 -2
21689 2
-22182 -2
-982 -2
-84068 -1
-74140 1
16346 2
-71021 -2
-49897 1
-9199 2
-24320 1
-97277 1
37731 -1
-9970 -1
-99480 -2
-81930 -2
34193 1
-29114 -2
-19500 1
-90095 -2
-94182 2
-35227 1
-98385 -1
-31196 2
6320 2
-53963 -2
-23162 -1
-4344 2
-37225 -1
-86285 -2
-217 2
38757 1
-73164 1
-23453 2
-74134 1
-75073 -1
-98344 -2
2495 -2
-81646 -1
33982 2
-62825 -2
43130 -1
-88961 -1
-66676 -1
49661 -1
39927 -1
30122 -2
-53211 -1
-12240 -2
-56651 -1
-82099 1
33714 2
-79164 1
8345 -2
-95144 -2
45859 2
21891 -2
-35813 2
-56648 -1
-48859 -1
-68623 -1
31984 -2
26924 -2
-94202 1
-45584 1
45144 1
-46740 2
-97540 2
-22075 1
-64777 -1
-75655 -1
-72056 -1
42783 -2
-98962 -2
31866 2
-97682 1
-60777 2
-70387 -2
2571 2
42191 1
18970 -1
-35930 2
-58947 2
48717 -2
-71062 2
33996 -2
31636 -1
30127 -1
35217 2
13954 1
-86344 2
23392 -2
545 2
-86569 1
36640 -2
6595 2
42549 1
-11049 2
-26955 1
40490 1
29855 1
-74971 1
-51764 -2
1509 1
-72287 -1
27740 2
24242 2
4604 -1
31728 1
-44679 1
-95740 -1
-14081 -2
-77819 2
-89091 1
-87214 -2
-58087 2
-99590 -2
-38352 -2
-96929 1
19881 2
-83619 -2
11767 -2
-7531 -1
10786 -2
31843 -2
32292 1
-48291 -1
-13390 -2
1767 1
-58008 -2
-33256 -1
-16904 1
-49770 2
31440 1
3402 -2
-91647 2
-58387 -1
36038 2
-46113 2
14523 2
-7332 -2
16402 -2
-21592 2
-93518 2
25932 -2
23283 -1
48701 -1
-14376 -1
-82855 1
-66761 1
-73073 2
-86811 2
-87197 -1
13430 1
-67652 2
-8373 1
-14411 -2
-61905 -1
40750 1
47785 -2
-83570 -2
-58113 2
-44838 -1
-18016 2
-9281 1
-67617 2
-86261 -2
-72865 -1
-23447 -2
-14901 -1
-53530 2
-6179 -2
-42726 -1
-50774 1
-79633 1
4868 -2
43140 2
9654 1
33518 2
-34282 -1
-19483 1
35555 -1
43967 1
28651 2
-70885 2
-2169 1
9676 -2
11151 -2
-46402 -2
-80997 1
6982 -2
6605 -2
23089 2
-35247 2
-69473 2
-62054 2
-69429 2
-84614 -2
-57751 -1
-30155 2
-77052 1
-34726 2
-48949 -2
-13660 2
-3836 -2
2705 -1
-9549 -2
-99772 -1
-51142 1
-38184 -2
-3974 -2
-2871 2
-6040 -2
2963 2
-98465 1
18950 -2
-27485 -1
-44682 -2
-62693 -1
-43703 1
-3417 -2
32767 2
37650 2
-29062 2
29703 -1
-82741 2
21474 -1
-5922 2
14941 1
47855 2
-35126 1
-44038 -2
-45311 -2
41119 2
-68982 2
-1068 -1
-75989 1
-98373 1
-72959 -1
-99862 -2
-6564 -1
22346 2
-51061 2
627 -1
7105 -1
28870 1
-71375 1
9494 -1
10135 -1
-45300 1
40314 2
-53966 -2
-2685 -1
9551 1
40382 1
-61576 -1
23564 -2
19201 -1
49825 -2
-15671 -2
-27832 -2
-15140 -2
-51666 -2
-4031 -1
-25931 2
30195 2
17782 1
-16052 2
-38740 2
37916 -2
-42316 2
-59034 -2
-92068 -2
-19241 2
-90830 -1
-50021 1
-87872 -1
-89571 1
13285 -1
3584 2
-54845 -2
-24283 2
-74085 2
-93168 -1
-51384 1
-79372 -1
-23181 -2
-82100 1
-77279 -1
-27239 1
-55127 -1
-91645 -2
-54445 2
-23465 -2
24758 -2
-17280 1
45200 2
-91362 -2
24738 2
15645 2
43827 2
-19443 1
-29267 2
-26311 -2
-55476 1
-20901 -1
-41113 -2
-43652 -1
10262 -2
15276 2
33957 -2
-63895 1
-21447 -2
-65536 -1
-51365 1
29121 1
-78760 1
-73791 -2
40618 1
14085 -1
-91138 -2
22 -2
41722 2
9284 1
-31747 -1
-33044 -2
-36261 -2
-60786 2
-78036 -1
-74762 2
-22658 2
-94983 2
-49355 1
28456 1
-80471 -2
-5933 -2
-24927 -2
-22419 -2
-29884 1
20031 -2
-3150 2
-14780 -1
-80800 1
-52079 -1
-97138 -2
25636 1
-80233 1
-85965 2
-53085 -2
-21169 2
2208 1
-78006 -2
-65422 -1
18944 -1
-79951 2
-75651 -1
29866 2
-17918 -1
-69769 1
-4998 -2
-78874 -2
15414 1
-30125 -1
-64983 -1
-28662 -1
-23854 2
-54441 -2
-69260 -2
-22744 -2
-35323 2
-26425 -1
-98690 -1
-81947 -2
-93707 -1
35671 -1
-93977 2
-66246 -2
-98663 2
5122 1
7474 -1
-82907 1
-21194 -2
-40238 -1
-56861 2
-67487 -1
-69796 -2
-1997 1
-37018 2
-88871 2
3208 -1
27361 -1
-30305 1
-72664 -1
-68424 1
-30681 -1
46525 1
-6087 2
-11241 1
-91790 1
-37486 -2
-96889 2
24052 -1
-18643 2
33895 -1
-22120 -2
18909 1
21795 -2
19170 2
-69281 -2
-25622 2
-83186 2
3752 -1
-17774 -2
43852 -2
-64200 -2
41749 2
-55041 -2
-19162 -2
19719 1
-29985 1
-68042 1
-106 2
-90199 -1
22146 -2
-1041 -2
-85904 -2
19814 2
34635 2
-30804 -1
-3042 -2
-88500 -2
-56312 -1
10112 1
-19674 1
637 -1
-38575 -1
11925 -2
-27318 2
-70108 2
46482 -1
5895 -2
-28998 -1
-35222 -2
-17459 -2
-21766 -1
48063 -2
-67909 1
3882 -1
-58928 1
49614 1
32279 2
-28098 -1
17283 2
-82340 1
-75459 -2
14353 -1
-1234 -2
-1495 -1
19927 -2
2586 -1
-2473 2
-68971 -2
-72802 -1
45062 2
-54365 -1
-7655 2
15704 1
-98726 -1
-76640 -1
-26822 2
-35326 -2
32201 2
26594 1
6680 2
-10308 -1
-40637 -2
-47192 -1
20240 -2
-85706 1
-11335 -1
433 1
-37929 2
8524 2
-44664 -1
11371 1
23212 -2
-5732 -2
-28835 -2
-25481 -1
-99953 -2
37816 -2
-2387 -2
-29963 -1
-18845 -1
-63168 1
-83717 -1
18471 1
-66179 1
11069 -2
-97461 1
-85083 -2
-20525 1
-83455 -2
-9750 2
-43285 -1
-10434 1
-83707 -2
-40561 -1
28304 2
-56172 2
-78224 -1
-85513 2
-84728 -2
-37573 1
-55093 2
-2831 -1
-28007 2
38973 -2
-63224 -1
-42349 -2
24888 2
37225 1
-54181 1
49845 -2
29624 2
-34038 2
-9028 -2
-74409 -2
48367 2
10417 1
-31470 -1
-34835 2
22172 -1
40852 2
10357 -1
-95830 -2
14122 2
-28044 1
-15419 1
-93305 1
16122 2
27338 1
-51816 -2
48613 2
-98420 2
10077 2
-1777 2
-74187 -2
-56626 -2
-19186 -2
-42761 -2
-26906 -2
-51171 2
21893 2
-99360 2
823 2
37202 1
-93528 -2
-17123 -2
30904 -1
-86686 1
-12123 1
30753 -1
-10466 1
-42579 -1
20194 -2
30164 -1
-9478 2
-52160 -2
-99492 1
-55440 1
-22109 -2
4588 -2
42816 -1
-66381 -1
-57936 1
-65017 1
-33693 2
-12036 -1
-50642 1
-30549 -2
-1319 2
-68790 1
31367 -2
-50695 -2
-36194 -1
-18471 -1
-59306 -2
-83323 1
39619 -2
-32493 -1
-56528 -2
-777 2
-78625 1
4373 1
22177 -2
-44902 2
33878 -1
-62071 -2
40309 1
-13374 1
13026 1
-924 -1
38558 2
-19451 2
-95569 2
-75882 -2
33567 -1
27178 -2
-80410 -2
-52673 -1
-41875 -1
-62213 -1
-86866 2
30898 2
-50898 -2
6828 2
-29753 2
-69908 1
-94092 2
-94203 -1
36594 -1
-22141 1
13781 -2
-9139 -2
-67446 -2
21560 -1
-93540 2
-69845 2
-96651 -2
31910 -2
-21868 -1
-70656 -1
-18172 1
-3287 -1
-6463 1
47522 1
44591 -2
-71758 2
26327 -2
-66111 -1
-88848 2
-41474 -2
7843 1
-85555 2
47225 1
12596 -2
16811 1
-59319 -1
-86615 1
-94903 2
11843 2
-92814 -2
-37304 -2
-65344 1
-25430 2
-8173 -1
44252 -2
38680 -2
-78547 -2
-59075 1
32157 -2
-75420 -2
14245 1
3336 2
-36701 2
-51162 -2
-23279 -2
-88031 1
21055 2
-93289 1
5430 2
11812 2
46318 -1
-24770 2
-36983 1
49474 -2
39469 -1
4309 -2
-56339 -2
-24491 2
2064 -1
-32612 2
-76139 -1
-60159 -1
10235 1
-65342 -2
43142 -2
-62660 1
-31494 -1
-10492 -2
-30576 2
-4880 2
38819 -2
31845 -2
32087 -1
46428 -2
-38883 2
16633 -2
-83816 1
45213 1
-71963 2
-53166 -1
-20473 -1
-33203 -1
-78250 -1
-69530 -1
-38400 1
-71443 1
-69707 1
-3458 -2
-39301 -2
-81450 2
-22970 -1
-3619 -2
-21286 -2
-25287 2
46014 2
7211 2
24161 -2
-73898 -1
-28162 -1
16938 -1
29155 -1
-63373 1
36979 1
-49929 -2
464 -1
5941 2
5111 1
7384 1
-69668 -2
-77732 2
-66105 2
29184 -1
20623 2
-9316 -2
25474 -2
25719 2
-36048 -2
-56330 -2
-10044 2
-26252 -1
-5864 -2
-93805 -1
36155 1
-32705 -1
-24412 -2
-53364 2
32398 2
-26040 -1
-29446 -1
42311 -1
-4932 2
45806 -1
-76110 -2
9714 -1
-64559 -1
1873 -2
-96655 -1
-93818 1
-32826 -1
-88382 -2
-14730 -1
-80013 1
-86167 -2
-57189 -2
-73998 1
-5418 2
-91231 -1
-5980 1
-23594 -2
-15998 -2
21879 1
-44646 -2
-61328 -2
12752 -2
-79722 -1
-99988 -1
-59745 -2
44371 1
-68054 -2
-98521 2
-48981 2
32296 2
-4346 -1
-79438 -1
-84745 -2
-56444 -2
-51124 2
-27431 2
-91266 -2
7735 2
-76592 -2
10254 -2
-36963 -1
-1731 -2
-85409 -1
-77024 1
-54431 -1
-92208 2
44359 -1
1023 -2
-63829 1
-51734 -1
5270 1
-62824 -1
-33891 1
-34574 -2
-47609 -2
6725 -1
-47821 -1
42611 1
-57468 -2
41609 -1
-87502 2
-85113 1
-37113 1
4689 -1
43511 -1
-56370 -1
-67027 2
-97536 2
16510 1
-96479 1
-52246 -1
-17591 1
30236 1
40166 -2
-83902 1
-8244 2
-54460 -2
-38698 -1
-93060 -1
46912 -2
-62858 2
15359 1
29662 -1
-52733 -2
-74128 -2
-25159 2
-70084 1
-66491 1
7925 -1
39150 1
-65848 2
-17584 -2
-33986 1
41283 1
-97054 -2
47622 -1
-73581 2
-47548 -1
15015 -1
-99120 -1
-22652 1
-4400 1
47736 2
49240 1
-40685 -1
-60723 -1
-53913 -1
2026 2
-26060 -1
40725 -2
-28534 1
7207 1
-5855 1
23379 1
7018 -1
45339 -2
-54562 -1
-46749 -1
43137 1
-82281 -1
-29823 1
-49971 2
-12762 -2
-31459 -2
9733 -1
-86813 1
23953 1
-52728 -1
-38330 2
-38394 -2
-70072 1
4460 -1
-90952 -2
-72733 2
-45528 -1
-60441 -1
-45483 -2
-38062 -1
-84860 1
-29901 -1
-52220 2
-84769 -1
-18923 1
-620 2
-77132 -2
5361 -1
23727 1
16914 -2
17612 1
28882 2
-53257 -1
8553 -2
43787 1
-55446 1
-89256 -2
373 -1
-98137 1
5526 1
-67432 -2
-81013 -1
11133 2
5210 -2
-27683 2
-26080 2
10436 -2
-66535 -1
-53925 -2
-90977 -2
-7524 2
-6895 -2
13796 -2
-36785 -2
35966 -1
-54350 -2
-23756 2
-78127 2
28369 -2
-57670 1
-62011 -2
-72750 -2
-63578 1
-48237 2
9102 1
-96768 1
-40511 1
-70791 2
514 -1
-13662 2
-96426 1
25258 -1
6958 1
-88061 2
-62318 -1
36197 -2
-91677 2
8015 -2
-27590 1
-48243 2
-13419 -1
-47828 -2
42948 2
-6525 -1
-19730 2
-24513 -1
-37600 2
-33833 -1
-40989 2
6044 1
-20841 -1
8010 -2
-78179 -1
13709 1
-97007 -2
44959 1
-97062 1
-27914 2
-79918 2
-78052 1
-69701 1
40233 2
23694 -1
23130 2
-6630 -1
3161 -1
-12382 2
-30997 -2
-15143 2
-16644 -2
-75298 2
-19091 2
-84646 1
-81429 1
-39953 1
-3565 -2
-53136 -2
-88419 1
-72970 2
-62132 -2
-14632 1
19733 1
1409 -1
-48429 1
-67653 -1
-48865 -2
-83485 -1
-7765 2
-79311 2
-76859 2
28477 -1
33645 -1
-37453 1
-98475 2
-67702 2
28922 1
32235 1
18240 -2
-6126 2
-77494 1
46385 1
-84911 -1
-20600 2
-79248 2
-69963 -1
-48224 1
-88975 1
14764 1
-89125 -2
-78570 1
46592 -1
39043 1
45563 -2
20664 2
14535 -2
-34645 1
-40036 -2
5275 1
-92768 -1
-36359 -2
37557 -2
-4069 2
49180 1
-37050 -2
-63900 2
15454 1
9969 1
-27728 2
-6656 2
-4201 2
-86416 2
22922 2
-15718 -1
-56441 1
-25566 1
12346 -2
-14891 -2
-12150 -2
-57984 -1
-58782 2
42669 -1
-64196 -1
-51262 2
-24574 2
-28828 -2
20346 2
8065 -1
3370 -2
-89156 1
22414 1
-90127 2
-72339 1
-43670 2
-74127 2
-48497 -1
36223 1
40862 -2
-2081 -2
44059 2
15824 -2
-70519 -2
-22045 2
-49040 -2
25778 1
-88816 -1
35598 2
12477 -1
-52892 -1
21723 1
-95679 1
-5883 -1
-88982 -1
-95457 -1
611 1
7907 -2
-815 -2
-3470 2
-81566 -2
15595 1
42720 -2
-98017 1
-98600 -1
-6311 -1
-87024 -2
25545 -2
13801 -2
44346 2
-92111 -1
-32132 -1
20045 1
-99643 1
-60320 -2
12856 2
-97898 -1
16790 -1
46490 2
-62534 2
-3456 -1
-91629 2
25842 1
-95707 -2
-52477 2
-92598 1
10659 -2
-90837 1
-68608 -2
-93028 -2
12574 2
-82 1
-21546 -2
-46862 2
-16874 -2
177 -2
-39349 1
-40128 2
-53675 -1
7388 2
-41615 2
6249 2
-86768 -1
-28966 1
-932 -2
-33645 2
22291 -2
-37200 -1
-6928 -2
14574 -2
-28036 1
47383 2
30660 -2
-23439 2
40274 1
-21909 -2
-34923 -1
-43338 2
8371 1
-96939 1
-81501 2
12505 1
-26338 -1
-95839 -2
42580 2
-15635 1
-27757 -2
-26083 -2
-85426 2
-19309 2
-4826 1
-94343 2
-82540 -2
-47631 -1
-94244 -2
-28757 1
-8948 2
-59944 1
-97975 -1
12014 -2
-54267 -2
-76548 2
-20186 -2
-16163 1
7823 -2
-73134 1
-95140 2
-91027 -1
-65091 1
48035 -2
6112 -1
-93871 1
-12012 -2
-57337 -2
-87145 2
29656 1
-52472 -1
-52302 -1
-24097 -2
-7925 2
-44414 2
24767 -2
6546 -1
-50300 1
-68921 -1
-34542 -2
-75383 1
-1446 -2
13392 2
-98322 -1
-89217 -2
-37511 -1
-24286 -1
6348 1
-59483 1
5665 -1
-76833 1
-81212 -2
-2291 2
38536 2
42711 2
32555 2
-24441 -1
-54288 -1
-89007 -2
-98751 -1
-7512 1
1914 2
-57896 1
16152 1
-34821 -2
14530 -2
-21800 -1
-86906 -2
-2945 1
-37826 -2
-37679 -1
25430 -1
-83523 2
-59751 2
-13804 1
12517 1
-28518 1
4548 -1
-64601 -1
-68119 -1
-83551 2
-26222 1
-67717 2
9063 -2
-60063 1
7760 -2
4710 1
-92512 1
-96966 2
-98971 -2
-77440 -2
33612 1
-6197 2
9200 2
-68353 -2
49951 2
-19723 -2
-74929 -2
-60893 1
-46073 1
22841 2
-1694 -2
-76474 -1
-19461 -1
-38696 -2
-1206 2
-95342 2
44813 1
-61980 1
-77151 2
-26552 2
34014 -1
12258 1
-44099 2
-21680 -2
-20197 -1
-30871 -1
-74175 -1
-77927 1
-56640 -1
31745 2
9290 2
10732 -1
-18825 1
-52594 2
-30518 2
-77119 -1
-27973 -2
37453 -2
40815 -1
-75127 -2
-78796 -2
-12084 2
-20128 1
38603 -1
23588 2
-12803 2
-1479 1
15737 2
-33551 1
21197 2
-89332 -2
3833 1
-29973 -2
-4284 -2
-28928 1
17235 1
-9673 -1
17995 -1
-37639 -2
-31450 -2
-27640 -1
-71800 2
-81206 1
-7825 -1
-83513 1
-44667 2
-9380 -1
-27224 -2
19597 1
25683 2
-58095 1
3431 -1
-11603 -1
-83768 1
-92145 1
-62625 -1
-97573 -1
-57925 1
10582 1
-14564 1
-19598 1
-91013 1
38850 1
-21018 -2
-86505 -2
16051 -1
-73963 1
-37434 2
10169 2
43262 1
-19750 2
-70997 -1
40344 -2
-30010 -1
6371 -1
-2360 -1
47075 -1
-97585 1
2734 2
19730 2
41005 -1
26814 2
-62485 2
45839 -2
35783 -2
-60423 -1
-6447 1
17044 -1
-39103 -1
-20199 2
-71394 -2
-48294 2
-94583 1
-97947 1
18529 -1
24926 2
-55364 2
39627 2
-10293 -1
-38828 -1
26059 -1
-27907 -2
-12086 1
42673 -2
-68960 -1
-9233 2
8981 -1
48430 2
-84043 -2
27508 -1
-44299 -1
6209 1
-36657 2
-31820 -2
-56452 2
-978 1
-62315 1
-55192 -2
-3488 1
13409 1
-33913 -2
-85725 -2
-77246 -2
-96502 2
26127 2
-73837 -2
45625 -1
-60724 -1
-65379 -2
-58989 -2
26157 1
26134 -2
-68088 -1
-4248 2
-69092 1
-66232 -1
4033 2
-77118 1
31760 -2
-44669 -2
-64669 -1
-31415 2
-98812 2
2130 -1
-95937 2
-51182 -2
-40288 1
37281 -1
47145 1
-93442 2
12959 -2
3311 -1
-89637 1
9933 2
-81033 2
15854 -2
-71640 1
39285 -2
-56174 -2
-13888 -2
-93051 2
-21499 -1
-98820 -2
-28960 -1
29815 -1
38235 1
40507 -1
-20640 -2
-98126 -1
37496 2
-77075 1
-43030 1
-96698 1
15063 2
554 -2
15845 2
-72584 2
-87026 -1
-19024 -2
-94237 -2
-36831 -2
-3601 -1
-35534 2
-69295 2
19221 1
-57320 1
38259 -1
-11411 -2
-94005 -2
-9581 -1
-44005 -1
-91263 -1
-11064 -2
-1430 -2
-837 1
44540 -1
-62363 -2
-31631 -2
-62056 -1
-11473 2
-28883 -1
-36129 -2
-29292 2
-1734 -1
-42520 2
-94482 -2
-85810 -2
16519 2
-8537 -1
1264 2
40423 -1
-92863 -2
20638 -1
-59887 -1
32280 -2
-25334 2
32103 2
-38307 1
-5419 -1
-1403 2
-38911 -2
-52170 -1
-22125 -2
-88167 -2
-81403 -2
-4737 -1
-99656 2
-63146 -2
-64493 -1
46458 -1
-46669 -1
23768 -1
-57159 1
-41162 2
47111 -1
-67880 -2
-90229 -2
44026 -1
-66017 -2
14803 -2
8256 -1
-2420 -1
-55830 -2
-73136 -1
-99315 -2
38902 -2
-45846 2
-66346 -2
-72954 2
-27260 1
-17432 2
-59513 2
-57283 2
11503 1
-72671 -1
44334 -2
-37842 2
-31955 -1
42091 2
23972 -1
-88641 2
-54446 -1
-47142 -2
29506 -2
39051 -2
-82647 2
-87203 -1
37201 -1
-6025 -2
-85541 -2
-55916 2
17776 1
-36148 2
-16531 1
-34746 1
-26020 2
-56659 -2
26639 -2
16063 1
-6180 -2
-64920 -1
-75332 1
46204 2
10459 -2
15491 -1
-61893 -2
9011 -1
-51394 -1
10086 -2
-62068 1
-26444 -1
-61536 1
32676 -1
-64784 -2
-13394 2
-26186 1
-19439 2
-95785 1
-76233 2
-94142 1
-86597 -2
-63372 2
6586 -2
-95576 2
-28936 2
-69438 -1
49971 -2
-123 1
-69961 2
-45236 2
-53466 1
18775 -1
19107 2
-2094 2
-40922 -2
36998 2
-37152 -2
-20277 2
-22790 -2
11135 -1
-7001 -2
-39554 2
29950 2
-2734 1
43922 -1
9474 -1
-12620 2
-59693 -1
-24898 -2
-2801 2
-79381 -1
-17866 -1
-71104 1
-36646 -1
-64818 -1
-87710 2
-71413 -1
25620 -1
-99205 -2
48962 1
-99123 2
-29408 -1
-21881 1
-9743 2
-40205 1
-56018 -1
-69638 -2
37199 -1
-64342 -2
-22200 1
-9917 2
20733 -2
4447 2
-33889 -1
-43198 1
47194 -1
-81449 -1
3026 -2
-76318 2
-77415 -2
-78169 -2
-48134 1
-95894 -2
-29469 1
-50773 -1
-88835 -1
-39468 -1
-79897 2
-76942 -2
-56947 1
-79841 1
-86797 2
47189 -1
13167 2
-88301 -1
-10173 -2
-95199 -1
10932 2
-99339 1
45135 -2
32465 -2
-43063 2
-99335 1
-55894 -2
-24169 1
-84886 2
-9855 -2
-48668 1
-73615 -1
-79482 1
42483 2
21522 2
30103 -1
-31489 -1
-70899 1
-60597 -1
-71739 -1
8421 1
-79648 -1
-58446 2
4898 -2
28202 -2
5145 -1
-7868 2
-33881 -1
-80427 -1
46149 -2
-18567 -1
-31371 2
26429 -2
39406 2
-55178 1
14516 -2
-12905 -1
38020 2
-77128 2
42214 1
25231 -1
4843 1
-8231 -1
-64935 -2
-83457 2
15210 1
-84948 -2
-1489 2
-53319 -2
-71570 2
-26503 2
-62880 1
4027 -1
2103 -1
-56789 2
46851 2
-32843 -1
-9667 2
-20457 -2
-30230 -2
-69371 -2
-21930 2
-86010 2
-24994 2
32560 2
27678 -1
-3088 1
-84107 -2
-54697 1
-18401 -2
-49711 2
-62816 -1
9698 2
-61169 2
-45633 -1
-70954 -2
-31701 1
-76819 2
17050 2
-42205 -2
-95698 2
-18522 2
-75280 -1
-59429 1
-18291 -1
-63606 -1
-24788 -1
-32957 -1
-73641 1
-61327 2
2017 2
-56820 1
-48962 2
-80292 1
-56421 -2
-17898 -1
-13209 -1
-11746 2
11764 2
-25270 2
-26544 1
-60729 -2
-93807 1
-6343 1
7397 2
-11862 -2
-54841 -1
-16840 -2
3812 1
-1086 -1
27332 1
-63207 -1
-56394 1
-61274 -1
-39307 2
-43484 2
6537 2
-61398 -2
-50047 -2
-12474 2
-91110 2
-92738 -2
9299 1
15640 -1
-24903 2
28120 2
19086 -2
-66301 -2
-30492 1
24491 1
-58663 1
-17063 1
-21857 1
-61915 1
-99650 -2
-81402 2
-60417 2
4758 1
19148 -2
-3910 -2
-47973 1
49299 -2
33334 -2
38705 2
-93697 2
2107 -1
-97544 2
32163 -1
-29560 -1
28828 1
-56010 2
45067 -2
-14085 -1
-54811 -1
-79319 -1
-51729 2
-4885 2
-6335 -1
24764 1
40580 -1
18737 1
-68827 1
-64964 -2
-8202 2
1642 -1
-52084 2
-5655 2
-29864 -2
43784 -1
-66755 1
-62799 -2
-86381 1
-61029 -2
-65958 -2
-28152 -2
-20743 2
31877 -2
-30965 -2
42610 1
7093 1
-71056 -2
44097 1
13369 1
-97580 2
-1554 -1
-11010 1
-65562 1
-52493 -2
-63329 1
-82292 2
40357 -2
-95724 -2
-43588 -2
31995 -2
-80469 -2
-40481 -1
-13289 2
-71352 2
-8590 2
-3507 -2
-20286 -1
-4946 -1
-93962 -1
-25665 -2
24578 1
34844 1
-43129 -2
-65596 -1
-65703 -1
30850 2
-17766 1
-84466 -1
20943 1
3420 2
-12235 -2
-90233 2
-98711 1
-14278 -1
37248 1
-35393 -2
11479 1
-92405 1
-74165 -2
-87154 -1
-21475 2
32223 2
-15699 -1
-93421 -1
-97113 2
-39748 -1
4189 -1
28441 -1
-13341 -1
-13810 1
5641 1
-84017 -2
-83728 -2
16267 -1
-34878 2
-27607 1
-83251 -1
-97385 1
17061 2
12395 2
-40947 -1
-19028 1
-86553 -2
-50828 1
42420 -1
48340 -2
35061 -2
-71270 -2
-86143 1
13139 -1
-81796 -1
3183 2
31520 2
-42428 1
-22757 -1
45674 2
23928 -1
-57013 -1
-58907 2
-87919 -2
20481 -2
30474 1
14875 -1
-83900 -2
49043 1
-1502 2
-99450 -2
40963 -1
-60367 -2
-29005 -2
7689 2
-84988 1
30200 1
-72440 2
-29071 -2
25742 1
-49808 2
-36969 2
-40345 -1
-71334 -2
-29910 1
-98043 -2
-78465 -2
-13993 -1
-43254 1
-24063 2
9210 2
-65903 1
48206 1
24222 -1
-47275 2
27730 -2
-5305 -1
-14955 2
-6920 2
-72447 -2
-87637 -2
-78885 -1
6002 -1
-49086 2
8573 -1
-60862 1
3077 -1
41452 1
-43996 2
-84864 -2
-30178 1
-90902 2
-81909 2
-39473 -2
-7780 -1
-99562 -1
-58358 2
16198 2
44937 -1
-20727 -1
-10516 2
34449 -1
20002 -1
-97220 -2
5416 -2
40149 -2
11987 2
-90787 1
39971 1
-80921 1
-24330 -2
-4761 -1
-94001 -2
-77933 -1
-45538 2
-28287 -1
-38039 -1
-96408 2
-31449 2
44620 1
-51145 2
27347 -1
23795 -1
806 -1
-41781 -1
-87695 -2
-25345 -2
-72309 -2
-63656 1
31382 1
-36565 -1
-14167 -1
-57667 1
-80111 2
-94602 -1
-40091 -2
-6408 1
24253 1
-78070 -2
-2610 2
-72663 -1
-14333 -2
-20415 -1
-22346 1
3602 -1
-59872 1
-56451 -2
45168 -1
-96902 -1
31908 -2
-24334 -1
-18356 2
-64597 -2
5821 -2
-8355 2
-84032 1
26075 -2
-822 -1
-49605 1
-4799 -2
27977 1
-60585 -1
-19961 2
47184 -2
-43804 -2
-45983 -1
-75986 1
-20215 2
-43685 2
-94699 -2
46782 -1
-43689 -2
-95153 -2
-51006 2
36375 -1
-34076 2
-4327 -2
-9283 -1
-75734 -2
-63419 1
22101 2
-59985 2
-26409 -1
49327 -1
-15839 -2
-96039 2
-83887 -1
-3522 2
17432 1
-10926 2
-17599 -2
1665 2
-32994 -1
-99162 -2
-43370 -2
-10185 -2
-8168 -1
-37601 -2
-87027 1
-96350 2
-79443 2
-9738 1
-89253 1
-65719 1
-29880 1
-6279 -2
2688 1
40698 -1
-44232 2
-4265 -1
-20691 -1
-95662 -1
-80656 -1
7895 2
8617 -1
-21256 -2
-6095 -2
-20041 -2
44868 -1
-37207 1
-40370 -1
-65055 2
-5212 -1
38916 2
-71080 -1
45576 2
42758 2
-86720 -1
-33347 -2
-92485 -2
4399 -2
-70308 -1
-51648 2
29096 -2
-67993 -1
-12543 2
-95789 -1
-48446 -1
8793 -2
-88035 -2
-16048 2
-43988 -1
32466 1
-49562 1
40715 -1
25619 -2
-87983 2
16725 2
-95503 1
40812 -1
19389 2
-28159 2
46425 2
-37875 2
17347 2
-15746 -2
-43691 1
47164 -2
25418 -2
49090 -2
7130 1
6116 2
-87958 -2
-51428 2
-33274 -1
-95635 1
-68571 -2
-95607 2
-42119 -1
-69196 -2
-16011 1
-832 -1
-95388 -2
-71016 1
39605 1
-28176 2
-65693 1
45115 -1
-7799 -2
14584 -1
-19513 2
5713 -1
-14259 -1
3710 2
-91978 -2
33694 -1
31061 -2
19425 -1
-66244 2
-8900 2
-36038 2
-12594 2
-25603 1
-7783 1
2910 2
-28292 -2
-62808 -2
-57965 -2
-94282 2
-52563 -2
28044 -1
46996 1
42221 1
26970 -1
-81949 -2
-78298 -1
-76227 2
-67504 2
-3940 1
-63469 -1
40799 -1
37317 -2
-73321 1
-85288 -2
48543 2
-3895 -2
47808 1
-9256 -2
38344 1
30142 -1
-38099 1
-81732 -1
-56520 -1
15984 -1
31658 -2
-78037 1
-69519 1
19240 1
-67734 2
-78955 2
-46164 1
-58058 2
12056 1
-20696 1
-92523 1
-78095 1
34552 -1
44535 -1
46218 -2
-82061 -1
32682 -2
-34202 -1
33697 2
-30366 -2
-9592 -1
-48626 -1
-30722 1
40279 -1
-52 1
4560 -1
-76126 -2
-30173 1
-72492 -1
-39029 1
-88449 1
-34761 2
-5451 1
-84940 2
16708 1
-68777 1
-10898 -2
-14267 1
49505 2
-57019 -2
5307 -1
32872 -2
-80681 1
-78188 1
-82227 -2
-97152 1
49622 1
-60844 2
-60113 -1
-85922 -1
-59951 -1
20642 2
-86124 2
-66139 2
-54923 -1
-80404 -1
-9610 -2
-36436 -2
-88278 2
-99921 1
13079 2
-99444 2
40121 1
-10869 -2
-5993 -2
-23685 -2
-26171 -2
25049 -2
-15596 -2
-76108 1
-82641 2
5683 2
-97930 2
39616 -1
-23999 -2
-93447 -2
-88855 -1
34790 -1
-43415 1
-77137 -2
-44963 2
5007 1
-75062 1
-58954 2
-60659 -2
-15116 -1
-93120 2
-44717 -2
22719 1
-9569 1
-69730 -1
49738 -2
2305 2
3911 1
-20533 -1
-15819 -2
-68346 -1
29494 2
-96709 1
-40646 1
-29153 1
-77593 1
41901 -1
-72708 2
-56712 1
19160 2
-56620 1
-79701 -1
-21045 1
7976 1
-49781 1
13166 -2
33890 -2
-83109 2
-52899 -1
-89501 -1
28023 -1
-41304 -2
-63609 -2
-83557 -1
20624 -2
17883 2
-93461 2
19279 -1
21113 -2
-7735 2
-16995 2
17075 1
46970 -2
12797 -1
-66773 1
-4270 2
-80221 -1
-2618 -1
-34807 -1
-88905 2
-4612 2
-9195 1
-61651 1
-22759 1
-64339 1
-66885 1
40169 2
-43333 -2
21671 -1
-51099 -2
-57296 2
2179 2
7005 1
-34581 -2
20602 2
-73969 -1
29314 -2
-16833 1
48398 2
-3144 -1
-59871 2
20802 2
-51449 1
12867 -1
-46335 1
-37627 2
29654 1
3072 -2
4088 -2
-89688 -2
-86328 1
-77771 -2
-46034 -1
42786 2
-39884 1
-95861 1
40760 -1
-31407 -2
-51349 -1
-14350 1
-66051 -2
15413 1
-44420 1
-73400 1
31329 -2
18077 1
34280 -1
-7550 -1
-81626 2
-68659 2
11328 1
-18677 -1
19330 2
-2713 -2
-63909 1
-48470 1
-9911 2
-92192 -2
48294 1
-25728 -2
-94143 1
27136 -2
-40219 2
4008 1
-83420 -2
21951 2
-75282 -2
-84938 1
2514 -2
41184 -2
-73368 1
-34225 -1
-89786 -2
34155 2
39166 1
21986 -2
25637 2
-34445 -1
-71607 1
28113 -1
-34428 1
-71095 1
-47311 2
-51313 2
-99751 1
48259 1
-32027 2
7782 -1
-50603 -2
-33315 -2
9459 2
48829 2
-32647 -2
-15236 2
-20358 1
34387 1
-38591 -1
-52675 2
-3380 -2
-28693 -2
-91870 1
-70864 -1
-57742 2
-11660 -2
-35284 -2
-11795 1
-84406 -1
17349 -2
-97689 1
20797 -2
46613 1
-61134 1
-2714 2
-46523 2
24244 2
5843 -1
-27075 -1
40076 -1
-36942 -1
-57867 2
-91531 -1
48329 -1
-72111 2
-47441 1
-82903 -1
30596 1
-4422 1
-27586 -2
-15458 1
-73390 -2
-99936 1
-95820 1
-77799 -2
2893 1
7857 2
-41299 -2
-19080 2
-29210 -1
-34622 -2
-48702 -2
-85199 -1
-93009 -1
23697 -2
7463 -1
-44121 -1
-47534 2
-51125 -2
-45648 -1
-50807 1
-5157 1
-10586 1
-4317 -1
-21424 -2
-43849 -1
-45735 1
-37596 -2
49740 -2
-87938 -1
-94009 -2
-24935 2
-66128 1
40714 -1
26472 2
-73378 -1
-6136 -2
-79720 -1
-10357 -2
-5852 1
-53139 2
22373 2
5956 -1
-27286 -1
-97730 1
-52351 -2
-17643 1
14080 -1
-84011 -2
-5357 -2
-82286 1
-27476 -2
-15505 2
-27007 1
-92879 2
-62733 -2
2831 -2
-88170 1
-667 1
-23745 -2
41805 2
-54650 2
-69447 -1
-79684 -2
-93358 2
26253 2
-50547 1
-60715 1
28029 -2
12110 -2
-52831 2
-70366 1
-76149 2
-3631 -2
-52488 -1
-30771 -1
-22907 2
-12367 -1
20354 2
-64354 2
-82131 -2
-14966 -2
38084 1
47997 2
-16832 -1
-81686 1
-47547 1
20561 1
-1631 1
-74367 -1
-20089 1
-88279 -1
-16203 1
-69128 -1
-92178 -1
41859 1
-83246 -2
-69906 1
45977 2
41788 1
-26115 -2
47286 1
-34306 -2
6535 -2
-37420 2
-75779 -1
-47107 -2
13816 -2
-43898 1
-48920 -2
-73656 -2
-82261 -1
-82787 -1
-75704 -2
-77843 1
-45929 -2
37932 -2
-61703 2
-66332 2
-30557 1
-92463 -1
12978 -1
-63961 2
30186 -1
-63850 2
-95203 2
37066 -2
-13453 -1
23599 2
33328 1
11793 1
-39426 1
-21380 -2
-82918 -1
-79257 1
-65287 -2
-73383 1
-25534 -2
-77661 1
7228 2
48383 2
3676 2
-85532 2
-54120 -2
-15791 1
-50839 -2
-43217 -2
-90175 2
-22354 1
-88044 1
-25830 -1
-2435 1
47445 1
48770 1
24300 2
-67812 -1
-21317 -2
-68003 2
-63464 2
-4082 -2
-38389 -2
-45661 2
12460 1
-60206 -2
-16090 -2
-72685 2
-84955 -2
37683 -1
-3834 1
-27622 1
36566 -1
14554 1
-49450 -2
-42362 2
-92701 -1
-6030 2
-85159 -1
-81057 2
48263 2
-62408 -2
-54383 2
43406 1
4829 1
-52653 -2
-49881 1
-41636 -2
-33015 1
-43271 1
45240 -1
-82599 1
-31334 -2
-57387 -2
-80989 1
35419 -2
14810 2
-24445 2
27641 -2
6765 2
-74940 1
-16499 -1
-77905 2
10634 2
-14572 1
24425 -1
-22398 2
13964 1
15338 -1
-50602 -2
-41773 -1
-47080 -1
-26289 -1
-23975 1
-98851 -2
-79702 -2
40587 -2
44602 1
-89779 2
6614 2
-97528 1
-75560 1
-22225 1
-86418 -2
-22362 -2
-70705 -2
-55818 2
-56489 1
-45144 -1
16118 2
-8349 -2
-50017 2
20474 2
166 2
37364 1
-56641 1
-70801 -2
35409 -2
-56029 -1
-75689 -2
692 1
-84925 2
-84681 -1
-68495 2
38887 -1
9602 -1
40247 2
49503 -1
48299 1
-43175 2
-44781 1
-7214 -2
-81435 -1
-85636 1
-99045 -1
36971 1
-51831 1
44412 -2
23300 -1
-81151 -2
-82393 2
-89903 -1
27871 -2
19687 -2
-54228 2
-28268 -2
21064 2
-45124 -1
20216 1
17031 1
-7543 2
24875 2
-78494 2
-77374 -1
-67309 -1
6242 -1
-61050 1
-51215 2
-93469 -1
-45272 -2
33587 -1
6786 -1
-32789 -1
-30685 1
-56858 -2
-21457 1
-14133 1
-11431 1
4120 -1
-82404 1
-74279 1
-18519 -2
-52444 2
-95415 -1
-9800 2
-88874 1
-51451 -1
-3121 1
-84869 -2
-47508 -2
31854 2
8563 -2
-99221 1
-84801 -2
-16977 1
-25979 -1
-65359 -2
-12479 2
-57046 -2
4941 1
-19624 2
14732 1
28 -1
-3734 1
-86228 -1
42825 -1
26471 2
44332 -2
14079 -2
4409 2
-92494 2
-21801 -2
-54105 -2
-88754 2
-68418 -2
-32859 2
-60267 1
-85775 2
-35469 2
-11037 -2
7349 2
-67820 1
48725 2
29663 2
-53667 2
-75826 2
-79227 1
-90899 2
44420 1
44598 -1
-85238 2
5579 1
-60002 1
-76807 -1
23027 -2
-55960 -2
-79034 1
-41743 2
68 -1
-26432 1
-83500 1
-24241 2
2554 -1
-48607 -2
-36806 2
-29055 -1
286 -1
36187 -1
-1475 2
-31455 -2
17154 1
-45922 -1
33669 -1
-96884 -1
41692 2
-51343 2
8558 2
-92675 1
-95243 -2
-52595 1
-63797 2
-22428 -1
-39167 -1
-81438 -2
18589 -1
-96756 1
31250 -2
37076 2
-96396 -1
-67663 -2
-18603 -1
-66186 2
8521 2
-1227 1
-8310 2
-54571 2
-47210 1
-41576 -2
24137 -1
-51698 2
49692 2
25116 2
-12007 1
-73169 1
41322 1
-96251 2
16020 -1
26517 1
-78299 -2
-4641 2
38512 -2
24679 2
-87997 -2
-79555 2
-18313 2
-52817 -1
-82207 2
49593 -1
-74864 1
-90932 -1
49765 2
-15375 1
-31497 -1
-92344 1
20238 -1
-79165 -1
29723 1
-63199 2
7408 1
40171 -1
13104 2
-49980 1
40766 -1
9767 1
-39918 1
-45864 -1
-3770 1
-62191 -1
-60303 2
-96489 -1
-21815 1
-12198 2
-35418 1
47595 2
-12579 1
-67056 -2
44536 1
1011 2
41305 1
-71179 1
-39548 1
-34698 1
1577 2
-27755 1
44264 2
-81046 -1
-74058 -2
-95201 2
21612 2
-99353 1
-91364 1
-65651 1
-20653 1
-60576 1
45639 1
-85468 2
21128 1
-12826 1
-81011 -1
11399 -1
-68567 -1
-3724 1
9875 1
-2689 1
-99828 2
-79729 -1
-56749 -1
-71398 1
-37911 1
47219 -1
11712 -1
-36189 -1
-82664 1
-14926 -1
49007 -2
-84224 1
40370 -2
-44394 1
17539 -1
9268 -2
16902 -2
-20654 -2
-27378 1
-93312 -2
22533 -1
-36741 -1
33558 -2
-8371 1
-16301 -2
-31686 -2
-67593 -2
-76740 1
-22098 2
-23353 1
-60324 1
-30559 1
-78671 2
-62588 -1
9810 1
-7981 1
-66148 -2
15285 2
10842 2
16889 1
-62864 -2
-6299 1
9152 -1
-58050 1
-53295 -2
-46038 1
-64736 2
2352 -2
-21304 -2
-42490 2
-25667 -2
-41353 -2
-99833 2
-78268 -2
-75817 -2
-42596 1
20640 -2
-90935 -2
-63218 2
-46136 1
-98132 -2
-17756 2
28349 -1
-41825 -2
-72577 -2
-44886 1
-77944 2
-18553 1
-24957 1
15852 -1
33000 -1
-16458 -1
25009 -2
-17287 2
24181 -1
-74396 -2
10168 -1
-4701 -2
25311 -2
16849 1
-80116 2
-59682 1
-71953 -1
-54087 1
-61979 -1
-67471 -2
-55743 -1
37444 2
40124 1
-82645 1
44373 1
-98668 -2
-21947 -1
-32109 -2
21310 1
-94900 1
39347 -1
-50764 -1
39827 -2
3952 -2
-96952 1
-93995 -1
-19952 -1
-90790 2
-74708 2
34400 -1
37889 1
-73913 1
-74241 1
-7835 -2
-67374 -2
39645 -2
13630 2
-99736 2
-68912 -2
-97663 1
2215 1
34271 2
43756 -1
-31019 1
-59811 -2
-16125 -2
-18367 -1
-18859 2
-4648 2
-38444 -1
-84748 1
15773 2
-6661 1
-41221 2
2677 -1
-52133 -1
26028 1
10347 -1
-67887 -1
-2252 1
-70041 -2
-11104 -1
-19996 1
37469 2
-77524 2
-69168 -1
-76175 -1
-55749 -2
-89726 -1
-39172 2
-4566 2
-94219 2
-90478 -1
30320 2
-4164 -1
-36830 -2
528 -1
-50798 -1
45842 -2
29524 2
48052 -1
-94410 -2
-84891 2
-70834 1
-92226 -2
-72895 2
13377 -1
-90164 -2
-72508 -2
-83053 -2
-49498 -1
-31405 1
28820 2
21674 1
16166 -1
45612 -2
-19008 1
-9889 2
-79262 1
-19217 2
18280 2
-97595 1
-47448 2
-89039 -2
-41629 -1
-12838 -2
874 1
-33877 2
-57306 -1
-79862 1
44091 2
-41140 1
-32362 -2
-69443 -2
-2417 -1
25822 2
13525 -2
-22024 -2
39443 1
33466 -2
49822 -1
-58310 -2
-50099 2
-72761 -2
-26772 2
7151 1
-69969 1
45150 -1
11698 -1
-6726 2
-89961 -1
-84705 2
-97313 2
-85252 -2
-87324 -2
209 -2
25086 2
-74666 -1
39254 1
41436 -1
-89269 2
-17694 1
23188 -1
-9710 1
40902 2
-29800 -2
-82861 2
28370 -1
31692 -1
36362 -2
-82846 -1
-19460 -1
-77936 -2
23946 2
-57620 2
-35629 2
45933 1
-11569 -2
-66591 -1
23365 2
-26459 1
18043 -2
-80229 -1
-62238 1
-39866 -2
-30928 2
-44776 -2
11476 -1
-2914 1
14569 1
43435 2
43669 1
15919 -1
-93853 1
41237 -2
24549 -1
25002 -2
14362 -1
-38027 -2
22289 2
-15005 1
-94109 2
29051 -1
-45139 1
-67711 -2
-11567 -2
-69951 -1
21418 2
-66732 -2
-47213 -2
-72475 -1
-67754 1
45890 2
-8857 -1
44470 1
-93948 2
42613 -2
-86610 -1
-11477 -2
-95548 2
23441 -1
-29703 -1
29579 -1
-45205 1
-28433 -2
-62972 1
-33516 -2
40178 1
42652 1
17943 -2
41209 1
-11015 1
49246 1
36457 -2
-49853 1
-36950 -1
-56074 -2
1795 2
-40242 -1
-40813 1
-79613 -2
16898 2
32736 2
-97943 -2
-38204 2
-90182 1
-19249 1
-86937 2
4649 1
-16617 2
-71794 1
-21101 -1
-71919 2
-94574 1
17448 2
32567 2
44879 1
6052 1
-73579 2
-75365 1
-11486 -2
-51737 -1
-25039 -1
25702 -2
20214 2
18332 1
-81099 -2
-64999 1
-14112 -2
33269 1
-56368 2
-41954 1
-56611 -1
-79942 -1
-2386 -2
-88428 -1
-61281 2
16015 -2
-62675 2
-31112 -2
45934 2
24858 1
-454 -2
-12809 1
11131 -1
-83647 2
-23673 2
10142 1
-27200 -2
-14940 1
-97293 2
-8883 2
-27072 2
-32114 1
49806 -2
-17367 -2
-90817 -2
37994 1
-50158 -1
-1434 -2
-67800 -2
14813 2
37920 2
38233 2
30653 2
-33375 2
37377 2
-48573 -2
-90974 -2
40313 1
-51191 -2
-51579 -2
23320 -2
-84883 -1
-83339 -1
45127 -1
-83888 1
49035 -2
7539 2
-57659 2
31557 -2
33214 -1
31532 2
-74499 -1
18133 -1
23352 -1
-43100 1
-49717 -2
-2544 -2
9504 2
-63240 -1
9556 -2
-1049 -2
-96635 1
15815 -2
-12739 1
-20402 -1
37954 -1
-50194 -1
-36512 -2
-80755 -2
26367 -1
-602 -1
-38098 -2
46086 -1
-60496 -2
23862 2
-91023 1
10960 2
-23311 2
1961 -1
14995 1
615 2
35099 1
22518 -1
2608 1
-50428 2
49201 2
-22977 -1
45166 2
-20559 -1
-87603 2
33287 -1
-75951 1
8503 -1
34719 -2
-95043 1
-62562 1
-80970 1
-13651 -2
-79040 -1
39084 -1
-63010 2
-74654 2
-3089 -1
20114 2
-13891 -2
8721 1
-2640 1
-64846 2
-53749 -2
44214 -2
45113 1
-98286 1
19199 -2
-71090 2
11043 1
-28655 2
16363 2
-33938 1
-77806 -2
18252 1
-875 2
-85916 1
-62440 -2
-25431 -2
42674 1
-56977 -1
-33761 2
-89612 -1
1875 2
-35033 -2
-49726 -2
29030 1
21334 2
-61534 1
20580 2
9105 2
-12584 -2
-18277 -1
-93780 -1
48039 -2
-85978 -2
-1665 2
-11324 -1
-82546 2
-65351 -2
23962 2
6898 -1
-15085 -2
805 -2
-41549 -1
-96784 -2
-45568 1
-32195 -2
-42844 1
-20723 -2
-67041 2
37224 1
6163 -2
-93553 -2
-82791 -1
-12688 2
-43323 2
-14749 -1
34467 -2
-13137 2
9440 2
9292 2
-6718 1
-95012 -1
-54373 -1
-67212 -2
22726 -2
5694 -2
-62225 2
36608 2
48566 -2
-23744 -1
-25219 1
-80468 -2
4437 2
-67071 -1
-43425 2
-62030 2
-76095 2
-73524 -2
-97786 1
-50496 -2
-76037 -2
4489 -2
47365 -1
38497 -2
25286 -2
-96805 2
-91135 1
36153 2
-47361 1
36892 -1
16029 2
6099 -2
-40667 -1
-14309 -2
15609 2
40443 -2
48559 -2
12148 1
-76069 2
-72104 2
-81839 2
29452 1
10883 -1
20029 -1
-29183 2
20779 -2
-53052 -1
-17826 -1
-68809 -1
46166 -1
-53170 2
37223 1
-95535 2
-77815 2
1182 -2
-49474 2
11828 2
16760 -1
-62789 2
48592 -1
-51628 -2
6412 -1
4203 1
-54334 2
27497 -2
-42992 -2
8352 -2
-9813 2
-17792 2
35608 -1
47454 2
-46333 -2
-15983 -1
-77384 1
14286 2
14410 2
23753 -2
28053 2
15227 -2
-46513 1
-54781 -1
48396 1
-58550 -2
22815 1
569 1
-38968 -2
35631 2
-33318 2
-71500 1
-4029 -1
-44124 -2
19528 2
-59313 2
-89467 -2
-20082 2
-13857 1
13621 2
963 2
17307 -2
42666 -2
-9331 -1
-98826 2
15503 2
-31911 2
-97349 -1
-99126 -1
7157 2
-78991 -2
38466 1
14559 2
-20387 -2
-91113 -2
-48843 -2
-30900 -2
-20919 1
-74422 -2
-27668 -2
15819 -2
4874 1
31271 -2
-62862 2
-36378 -2
-44273 -2
-86541 2
21037 1
-1023 1
49212 1
44445 2
-25708 2
32431 2
-89009 1
13331 1
-66362 -2
-18870 2
-29311 -2
-89899 -1
-17566 -2
-46586 2
-33105 2
17867 2
-39992 1
34208 -1
-84005 1
-86968 2
31654 2
23814 -1
-10078 2
-65686 2
-84147 2
-6861 2
1833 -1
-60348 2
-92242 -1
-73819 -2
-318 1
-85380 -2
-94060 -2
-50029 -1
32303 -2
-32432 -1
-82994 -1
37922 -2
-69957 -2
32641 1
-86266 -2
-33367 1
-51847 1
23176 -1
-42658 1
2638 2
14820 1
-79600 -1
42127 1
-38625 2
-22358 2
-70539 -1
-45194 2
-96249 1
19894 -1
-90641 2
-74954 2
-29889 2
-12096 1
-63000 1
-71981 -2
-75988 -1
-79401 1
-7593 1
-70564 -2
12469 1
11375 -2
-71126 1
-15397 2
-95526 2
-63201 1
41308 2
-59904 -1
-55637 1
44694 -2
10167 -2
-5729 -1
18477 1
22376 -1
-17196 -2
-50261 2
22742 1
-32192 -2
-5331 1
-48039 2
-99212 2
24428 -2
49518 -2
-91615 1
45406 -2
-16375 -2
-95672 -1
-5274 -1
-53834 2
40477 2
-13503 -1
-82521 2
-59352 -2
-48118 2
-28359 -1
-44079 -2
-38647 -1
-83449 1
11015 2
-76580 -2
5666 -1
-89708 -2
20757 -1
-89203 2
-98783 -2
-7120 2
-2356 2
-65008 -2
-18748 -1
13238 2
-95980 2
-4260 2
30406 -2
33387 1
38545 -1
41498 1
5374 2
-89486 2
-64800 -1
6751 2
39319 -1
-97637 2
-40310 -1
-87436 -2
-12724 1
-45643 1
-57804 2
-81649 1
43106 2
-14591 -1
23418 -1
42937 -2
16517 2
-59224 1
-55078 -2
14686 1
-12888 2
-41086 1
-6213 2
-74398 -2
-34656 -1
33089 1
-51181 -2
-38479 -2
-70346 -2
-25359 -2
-41784 2
-59394 -2
11699 1
22648 1
-58615 2
7900 -2
-26714 2
-94437 2
43445 1
-72445 1
5873 1
28899 2
-7347 -1
-30246 1
-71117 2
-86286 -1
-48150 2
31667 -2
39011 -2
-88716 -1
40385 -1
-36750 2
-61679 -2
-35593 -1
-13552 1
-10166 2
-81404 -2
-25995 -1
-12655 -1
-34577 -1
-13904 1
-9424 2
-52213 -2
-25824 2
36694 1
-17943 -2
-69256 -1
-1556 -1
36501 -2
42435 -1
-78859 -1
-22203 2
-80883 2
-2666 1
13296 -2
-57048 -2
-5600 -2
44913 2
-55468 2
-49456 -1
23310 -2
-98100 -2
-43531 1
30908 1
-69656 1
-83815 -1
-22234 -2
-97687 -2
-35296 -1
-52208 1
-98302 1
-30082 -2
20541 1
-241 -1
43378 -1
-4746 -1
-81630 1
36917 2
1995 1
929 -1
-17444 -2
-41260 -2
-9837 2
39037 1
-41368 -2
-15083 -2
-60067 1
35580 -1
-19420 -2
18709 2
-8702 -1
-40515 -2
-15043 1
46215 1
-36643 -1
-46035 -2
-42248 1
-21454 1
9376 2
-17542 -2
-45315 1
-35429 -1
-57735 -1
-87806 -2
-65611 1
38357 1
-65705 1
44441 -2
9496 -1
-10643 2
34972 1
-66844 1
31077 1
-73224 -2
-45484 -2
-33538 -2
-97292 2
-68657 1
-91164 1
35396 -1
31642 1
25074 1
-35302 -2
-74009 -1
-41420 2
21330 2
-11325 -1
-38035 2
-57464 -2
-1763 -1
-19962 -1
3328 2
-61766 2
-68352 -1
-62559 -1
-30998 1
-5049 2
-66042 -2
263 -1
14147 -2
-64995 -2
-56860 -1
-32097 2
-54565 2
-66494 2
-77306 -2
30356 1
41918 1
-72518 2
-10574 2
18427 1
-84783 -2
4925 -1
40877 1
20004 1
-15420 2
22097 -2
36863 -2
-64942 -2
-21389 2
24302 -1
31378 -2
-73698 -2
-74606 2
3310 1
-98981 -1
35271 -1
-76132 1
-37500 1
44683 2
-24385 -1
-12538 -1
34766 -2
-19991 2
-19320 -1
-53355 2
-51243 -1
13686 1
-53083 2
-77482 -1
17592 2
-75374 -2
-67429 -2
-70856 -1
43853 -1
-99082 -1
-95816 -1
1061 1
-58262 -1
31756 -2
19710 -1
45755 2
-89774 -2
-87131 -1
-34652 -1
-92667 2
-26214 1
-80874 1
-80439 2
45827 1
-56561 -2
-9279 2
-33716 -1
-52083 1
42812 -2
-89636 2
-20292 1
-81582 1
-66234 1
-43888 -2
-15921 -1
-50676 -1
13484 2
-36898 -1
33357 -2
-75887 2
-93614 -2
25805 1
-41276 1
26811 1
46262 -1
32628 -1
1911 -2
-59876 -2
-33094 -2
23248 -1
-848 2
-15897 -1
28486 1
32952 -1
-65740 -1
11908 -2
-42517 -1
18783 2
22548 2
-35715 -1
-77036 -2
13697 1
41743 -2
42526 -2
29677 2
-87924 -2
-68382 2
35304 -2
34851 -2
45627 -1
45102 -1
-57822 -2
32938 -1
-98581 -2
-831 2
-72229 -1
-33803 2
-40708 -2
-94757 -1
-98020 2
-23934 2
13379 1
-28643 -1
35083 -1
1361 1
1499 1
-52865 1
22403 -1
-52026 2
-40965 1
-22602 2
-28954 -2
48596 1
26049 2
11539 -1
-65179 -2
-4588 -1
38258 -2
-83204 2
28571 2
-90159 2
-16624 -1
40658 -1
8008 -1
-48933 -1
-91611 1
-81274 -1
35349 -1
-34341 1
44875 2
-95332 -1
16800 -2
-51916 2
-57015 -1
-20625 -1
-69889 1
39230 -2
-45804 -1
-58475 -1
-64926 1
-16588 2
-51305 2
-67699 2
4835 -2
4582 1
-20931 -1
-45051 -1
-49026 1
-95945 1
24402 -2
-43558 2
7360 -2
6506 -2
-87303 1
-8547 1
27192 -2
-21459 -2
47175 -2
-39003 -2
-40318 2
-65582 -2
14028 2
-46986 1
-41231 2
22392 -2
-95875 -2
-46665 2
192 2
22401 1
-25380 1
-36100 1
16565 1
12289 -2
-38194 1
7662 2
47020 -2
27852 2
38601 -1
44294 -2
-78550 -1
-59940 -2
-68502 2
38153 1
-12024 -2
30613 -1
-47554 -1
30248 -2
-26050 -1
-31814 -1
-20629 2
-78024 -1
-70197 -2
-47259 -1
33059 -2
35457 1
-85434 -1
-15474 -1
-94026 2
-39572 -1
-68190 -2
6702 1
30025 -1
-93353 1
18236 -1
-13745 1
19504 1
49735 -2
-48388 1
-10524 1
-16045 -1
5365 1
-26933 2
21374 -1
43664 2
-90549 -2
-48050 -1
-28761 1
38648 1
-45014 -1
-66632 -2
-6368 -1
-41828 1
-36372 -1
-69355 -2
10993 1
1887 2
-29734 2
28529 2
-59129 1
3805 -1
15140 -2
28670 -1
-36112 2
47604 1
46893 -1
-78399 -2
24014 1
-91745 -1
40831 2
-7478 -2
-92260 -2
44855 -1
-25714 -1
3264 -2
25045 1
-41074 -1
24508 2
-37081 -1
42096 -2
-95575 -2
-60283 1
-67893 2
-66507 1
-9943 -1
45177 2
-59463 -2
-50150 2
-56507 1
-16146 2
14148 -1
-82385 1
-31217 2
-75533 2
-35492 -2
-83152 -1
-91260 -1
-98205 1
-23560 -1
-44881 1
-57794 -2
-24417 -1
-35299 1
-70269 -1
-78283 -2
46352 2
23904 2
5320 -1
1858 1
-36280 2
-32252 2
44555 2
-41314 -2
-50881 1
-62446 2
-29230 -1
29337 2
-93588 -1
-3584 1
-8610 2
-35249 -2
-96023 1
-20595 -1
13673 2
-61620 2
1578 2
44649 -2
-23139 -2
-74289 1
-16443 -1
-49741 2
-24907 2
45731 1
-46573 2
-3466 1
-43430 1
-88120 -1
44122 2
-13027 -1
-10593 1
-10530 -2
-53356 1
-52615 2
-92862 2
-54498 -1
-55855 2
-91613 2
24791 2
-29028 1
-1608 -2
-48347 -2
-50063 1
-60166 -1
-20002 -1
-74609 2
-25409 1
14138 1
-18758 -2
-83048 -1
-34170 -1
-10583 -1
35633 1
-79596 2
-71704 2
-59860 2
-47942 -2
8048 1
-35802 -1
-90580 1
20299 2
-47247 -1
13627 2
-565 2
33259 2
-18147 -2
-24828 -1
-10865 -2
13892 -2
-28776 -2
-23348 -2
-38405 -2
25759 2
-99914 -1
-34054 1
-26892 1
-65784 -1
13719 -1
-54332 1
-5856 -2
-18421 -1
-46161 -2
-52913 1
-1565 1
49015 -2
15840 -2
-17560 2
-84048 1
-88215 2
45031 1
28431 -1
-68403 1
-58397 -1
-94684 -2
-38454 1
31359 2
-53671 1
-45683 1
-88282 2
-14962 1
-53948 -1
-50671 -1
-87441 -2
-6893 1
8189 -1
6673 2
-99591 -1
-62232 2
-3552 2
-31210 2
-87017 -2
-6858 1
-68783 -1
-16670 2
-98502 1
30080 -1
41174 -1
42606 -1
28412 -1
-73419 -1
13241 2
-49544 -2
-37322 2
-32942 1
-2227 1
-98944 -2
-63403 2
47359 -2
-72093 -2
-3972 2
-42628 -2
-35857 -2
43554 2
-48077 -2
-54475 -1
-66565 1
-94481 -2
23740 -1
-86097 -2
-23929 2
7286 2
-6692 -2
-25621 -1
27579 -2
-45238 1
-2172 1
27061 1
9330 2
-76236 -2
-14533 -1
-30756 -1
-14526 1
-26685 -2
-94418 -1
-81642 2
40258 2
-26520 -2
-71059 2
23623 1
-56687 1
-18480 2
47959 2
5514 -1
-6355 -2
29111 -2
43190 -2
-39400 -1
-53071 2
-69432 -1
-29009 2
39224 -1
26832 -2
45533 1
-16618 -2
-13719 1
-28680 -2
-47623 1
-70063 1
-73555 -1
-72162 1
1267 1
-53696 2
-29361 1
-74288 1
-40639 1
16407 -1
14386 -2
33220 -1
-30878 2
40595 2
-45475 -2
47409 1
-71131 -2
43623 -2
-67263 -2
-59404 -1
10499 -2
-22375 -1
8676 -2
-43957 -2
-79341 -2
-19929 1
25751 2
-69980 -1
-72185 1
21759 -1
-64833 2
-67406 2
-9747 -2
-74063 2
-2185 1
8542 2
-70368 -2
25320 -2
4062 2
-25248 1
-17693 -1
-61251 2
-97199 1
22331 1
-81072 -1
-46552 2
-9656 2
-1674 1
-36533 1
-89166 -1
32191 -1
-61910 2
-71127 -1
-54462 2
46605 2
6883 -1
42048 -1
-8766 -1
10844 2
1700 -1
-27799 1
-60276 -1
24849 1
-89712 2
-63410 2
-26116 -1
49580 1
30497 -1
-18019 2
34055 -1
-39515 -2
-60163 1
-82633 2
16650 1
-52735 -2
-72704 -1
12243 2
-5924 -2
45239 -1
-51464 -2
-90431 -1
-59514 -2
-56483 2
-59826 2
-94876 -2
10994 1
37510 2
-42944 1
20842 -1
-33979 -1
-76508 -2
-74237 1
16467 2
24269 -1
-27376 2
-96297 2
-67709 -1
36750 -1
-89601 2
-8282 2
-49508 2
-16983 1
-77757 2
-72277 -2
-73138 -1
33955 -2
39153 2
-55718 1
-2211 -2
41046 -2
-85240 1
41199 1
-38856 1
16700 2
-80473 -2
13679 1
-10314 1
-30544 1
-72677 1
40567 2
-47720 -2
-52265 -2
-22090 -2
-43627 -1
45759 -2
-42370 -1
-40883 -2
-49088 -1
-77292 -1
9782 1
-56150 2
9499 1
-52683 2
-53761 -1
-61468 1
31966 1
-56433 2
-18969 -1
24642 2
39332 1
16968 2
-99402 -2
-21151 1
-23101 1
43615 -1
3740 1
-89930 2
2127 -1
12376 2
41159 -1
-10325 2
-81219 1
-2158 2
35289 -2
-76981 2
21918 -1
-28012 -1
39192 2
-56522 1
-49094 -1
40561 1
-25112 1
-72218 -1
-40862 1
-88037 -2
-85212 -2
39094 1
16529 1
-54418 -2
-75077 -2
-72612 1
-31643 -2
-8426 2
-36875 2
48573 1
34760 1
18420 1
-53474 2
1373 -2
17735 1
20141 -2
-26679 -2
-68815 2
-53848 -2
-6139 -1
-83058 -2
-48369 -2
-21623 -2
-16653 2
-69816 -1
-90890 -2
17518 -2
-31693 2
-33818 1
-37940 2
-56123 2
-54799 -2
-73695 2
-47596 2
49419 1
8576 1
-77974 2
-75334 -1
-42382 1
-26864 1
14681 2
34787 -2
13628 -2
-6225 -1
-49113 1
-93959 -2
-60118 -1
17526 1
13559 2
-95435 -1
-16010 2
-61289 -1
-58060 2
-32569 -1
5569 2
-98910 2
-79 -1
33835 1
-13325 -1
-28587 -1
-86847 2
-59011 1
-27220 2
-69948 1
49635 -1
-59909 2
-83169 -1
-1708 -1
-2439 -2
-40529 1
-8209 -2
38863 -2
-40228 1
-64616 -2
-73260 -1
-55750 -1
24583 1
1214 2
-6888 2
-14049 -2
-17452 -1
-72603 2
21947 1
-11098 -2
43071 -2
-91879 2
35697 2
27138 1
39429 -2
49880 -1
16001 -1
-60347 2
-23479 2
6168 -2
21644 -1
-19827 2
18005 2
27614 -2
-24210 2
-85358 -2
-34194 -2
-96392 2
-24586 1
-60290 1
12336 2
-42745 -1
-26149 2
48885 1
-98037 1
-76644 -2
32971 1
-53547 1
-85990 1
-66496 1
24727 -2
-40322 1
-23706 1
-534 -2
41855 2
43000 -2
-8811 1
-24624 2
6934 -2
-51634 -1
29714 2
-50518 2
4349 2
-80712 -2
32802 2
-5105 -1
-71260 2
8821 -1
-34626 -2
-92869 2
-54915 2
43050 2
-26094 1
-3665 2
-33339 -1
-46111 -2
-57889 1
19236 1
10432 1
-59147 -2
13359 1
-54786 1
7675 1
-56024 -1
40871 -1
24415 -1
-41001 -2
13712 1
-51385 1
-69420 -1
-35025 -2
21786 1
-48262 -2
25159 -2
-86198 -1
-55586 -1
-25588 2
-31172 -1
-37042 2
38657 1
-56751 -1
8602 -1
-98336 1
27503 2
5069 -1
-26608 2
23711 -2
-59146 2
-56599 1
-44934 -2
13433 -1
-75960 2
-60996 -2
-73733 2
5350 2
-53032 2
-80288 2
-54325 1
-65217 -1
-4517 -1
-25693 -2
-20354 -1
-47845 1
44697 2
-34628 -2
16111 -1
-59362 2
16672 -2
-33710 -1
15219 -2
-75155 -2
48170 -1
-31994 1
-80274 -1
-82480 -2
-82990 -1
42062 -2
23791 -1
-80752 2
-82852 2
-61856 -1
-86128 -2
-4752 -2
-30180 2
-66082 2
-56109 -2
-34537 -1
14575 1
17910 -2
-23616 2
28826 -1
-15558 1
-56103 1
-65419 -2
-42110 1
-76316 -2
41787 -2
23628 -1
-10064 1
747 2
37214 -2
-15859 -1
-6561 -1
-2345 2
-34575 -2
5080 1
12066 -2
-12117 -2
-57928 -2
48138 2
4017 1
-92063 -1
-41553 -2
-40938 -1
785 -1
-1655 2
38541 1
-12999 -2
17073 -1
3062 1
4346 -1
-67423 -2
-74667 2
-58307 -1
-71596 -2
-31711 -1
12829 -2
-90057 -1
45892 -1
-58172 1
-83184 -1
-13693 1
21224 2
-37493 -2
-69082 1
46473 -1
-10074 -2
26622 2
-60292 1
-85043 1
-4670 1
36482 -1
8020 1
-18449 -1
-25048 -1
-59056 1
42506 2
5071 2
394 -2
-26969 2
-89447 1
-60536 -1
-5937 1
-42765 -1
-74107 -2
29335 2
-6365 -2
-93074 -2
47316 -1
-57949 -1
-33935 -2
-28139 1
-53415 2
-57226 -2
15580 2
21865 -2
-30054 1
25867 -1
-54135 1
-36971 1
20259 -2
4420 -2
-44761 -2
-20268 -2
-54665 -2
-37944 -2
38074 -1
37703 1
23421 -2
-15911 -1
-12033 2
24720 -1
31999 1
-59016 2
10201 -2
8126 1
36132 2
-61885 2
-47641 2
-97069 2
19907 2
20478 -2
-76123 -1
15406 2
-96869 -2
-32615 2
-47122 -2
-77136 1
13733 2
-51998 -1
-62846 -1
-5089 2
32092 -2
-37401 -1
-92858 -2
-90029 -2
-79189 -1
-69463 -1
-81294 -1
-17245 -1
-83882 -1
-78405 2
-34001 -1
39057 -2
-59777 1
3541 -1
-24500 -2
32188 2
-26779 2
-2214 1
-54537 -1
-24229 2
-4794 2
-27632 -2
-45719 2
-30573 2
-2627 2
-15411 -1
6802 -2
-33964 2
-78596 1
37539 1
-95655 2
42099 -1
-72149 -2
-73050 -2
-2730 -1
18534 1
-84228 1
47740 -1
-22957 -2
-18767 -1
-44023 1
-26496 1
-77563 -2
33781 1
4054 1
42900 1
-84926 -1
-91573 -2
15692 -2
-38768 2
-70522 -1
46524 1
-12413 -1
-84025 1
-1205 2
-21260 1
-93439 -2
-56407 2
-18811 -1
40976 -2
-90653 2
-61782 -1
12246 2
-55477 2
49943 2
-9322 -2
-63951 2
-73731 -2
-53662 1
45950 2
-39794 2
32295 2
-23556 -1
-97917 -2
-35946 -1
-73952 -1
-79712 2
-51814 -2
-40184 -2
-59862 -2
-14849 1
-77724 1
-19481 -1
23135 2
22803 2
-29499 -2
-18592 -2
25878 -1
-41565 -1
17350 -1
18609 -1
-27514 -1
-9430 -2
-3015 2
-74244 -2
1021 1
-72563 -1
15259 2
-12304 2
45749 -1
-61994 -2
-14903 2
36809 -1
1777 -2
-88526 1
-96353 1
-37096 -2
19551 1
15027 -1
-52405 2
28476 -1
-43 -2
-52754 -1
23383 2
11684 2
16452 2
13194 -1
-66700 2
-43634 -2
-88444 -2
35831 -1
-15990 2
-5194 1
-80594 -1
11937 2
-11562 -1
-40392 -1
-51128 2
49116 -2
-9164 -1
4452 -1
-20200 -1
7824 -2
672 1
-74912 -2
-66739 1
-93604 2
-51268 -2
49868 -2
-89167 1
-54310 1
-72267 -2
35 -2
40762 2
-7971 2
-34264 -1
-56014 2
-46500 -2
19966 -1
-8631 -1
-41473 -2
22870 1
-37412 -2
-26423 -1
-22110 1
-32684 -2
-99013 -2
28222 1
-61483 2
49304 2
-35878 1
-46748 2
44368 -1
-92706 -2
-89342 -2
3914 -1
-16646 2
30673 2
40740 -1
-56888 1
-1686 2
23961 1
37051 -1
-7 1
31175 -2
-11579 2
8261 -1
23060 1
-35027 -2
39832 -2
-28089 -1
-93395 2
15283 -1
-6657 1
30094 -2
-40287 2
-40379 -2
-26298 2
-10204 -2
-26491 1
-34455 -2
-19808 -2
-74313 -1
35782 -1
-53179 1
9938 -2
44240 1
24444 1
-53099 -1
-85424 2
-7087 -1
38495 2
-72842 2
7146 -1
2446 2
-58628 -1
-55767 2
28275 2
-78867 2
-87058 -1
-73256 1
-57821 2
-84962 -1
30965 -1
-21016 2
48909 1
11798 -2
-45590 -2
-61296 2
31139 1
-90610 1
35448 1
-88581 2
-52642 2
39924 -2
-22289 -1
-3713 -1
-4962 1
-80830 -2
-67343 1
-26155 1
39381 2
-34421 2
-34962 2
-56917 2
-99289 1
37924 -1
37424 -1
5168 1
-97601 -2
-55206 -1
-32204 -2
-47304 1
11199 -2
16793 1
-18728 1
-94906 -1
11431 -1
-50082 -1
-99282 1
31283 -2
-99252 -2
-42209 -1
5644 1
-77964 2
-57368 1
-76008 -1
2948 1
-52709 2
-11799 2
19918 -2
15042 1
2786 -2
31214 -1
-55501 1
33536 -2
9302 1
-76657 2
-92057 -1
-85046 -2
-3408 -1
38539 -2
-88080 1
-13118 -1
11401 1
-52300 -2
44623 -1
14902 -1
9618 -1
-68767 -1
-93738 2
20269 2
20217 1
33132 1
48214 -2
-28553 1
-24982 -1
17028 1
-85899 -2
-5106 2
36089 1
-84381 -1
-82889 -1
-61389 2
8271 1
-27960 1
4425 -2
-11153 1
-86842 -1
-55096 2
-13122 -2
-37594 -2
-7391 -1
1684 1
-67181 1
18979 2
34915 1
31671 2
-99774 2
-70426 -1
-58288 1
-67194 2
-45094 -2
-79029 -2
-73552 1
-55185 -1
11377 -1
24481 -2
-84413 -1
-44312 1
-70089 1
5825 1
41334 1
-79924 1
9309 -1
17069 1
34409 -1
37025 2
-45839 -1
-64056 2
-10946 1
41463 1
40609 -1
-47458 -1
35870 1
3522 -2
-14142 -1
-89857 -1
49186 -2
-74611 2
-62650 1
-45887 -2
-97149 -2
-9864 1
852 -1
-26776 1
17313 1
-75210 -2
28503 1
-31342 1
-94537 2
1525 1
-8809 -2
-79879 -2
-50260 1
40593 -1
-80379 1
-52029 -2
13005 1
-6183 2
-72648 1
-15853 2
-49159 1
20889 1
-11581 2
-98070 -1
28389 -1
-1003 -1
15801 2
-70732 -2
-65969 2
25107 -2
36404 -2
-75738 -1
21705 -1
-45233 2
10055 2
7839 -2
17261 1
-82561 2
4782 1
13717 2
-64680 2
-30188 2
10795 1
-54028 2
29738 -2
25866 2
41430 -2
-61743 1
13249 -2
-12533 -1
-15551 -2
46022 2
-68473 -1
-74791 -2
6208 -2
8050 -1
-8708 -1
-51080 -1
-22009 1
48481 1
12536 -1
34803 1
-73862 -2
-2616 -2
37083 2
-12728 -1
-81369 -2
40729 1
-12334 1
-74238 1
-64717 -1
-41087 -2
-78580 2
-36697 2
-27793 -1
23428 -1
-38475 -1
-88218 -2
-97677 2
-23797 -2
-804 -2
-40007 1
1653 2
27898 2
35581 -2
7401 -1
44886 -1
37321 -2
-6507 -1
26308 2
29323 -2
27823 -1
-39281 2
-40150 -1
-56270 1
-25015 -1
-97959 2
-96810 -1
-56377 2
-11636 2
-58188 -2
-98781 -2
-90508 2
-85041 -2
-13931 2
-64965 -1
-72043 1
-56808 1
-26354 -1
-28926 -1
11129 2
-30955 2
37801 2
46380 1
-46593 1
23150 -2
-51393 2
-38064 1
-1606 -1
-83638 1
5062 1
-45607 -1
-5765 1
-65893 2
-47442 -2
405 -1
-49745 -1
26387 2
-55590 2
-25261 -2
43589 -2
15269 2
-61514 1
-78658 -1
32515 1
-63389 1
-626 -2
-40246 -1
-53181 -1
-83277 -2
-6291 -2
19831 -2
26136 2
-52091 -2
-81426 1
-72640 2
-91661 -1
-72227 1
-78830 -2
-17187 -2
-62023 -2
-75306 -2
-96031 -1
36660 -2
16393 1
-54258 -2
-92723 1
34752 -1
31695 -1
-74555 -1
-7472 1
3261 2
19126 -1
-23245 -1
-73947 1
-65408 -2
-41932 1
6310 1
-86924 2
-11157 1
35092 -2
-83867 2
-97815 2
-31950 -1
17981 -2
-5292 1
44574 -2
-12216 -2
-33659 1
-51664 2
-82803 1
-99956 -2
13863 -2
-46503 -2
-39750 -2
-46793 2
5702 -1
46087 2
-89411 -2
-49406 -2
-47394 2
-88934 -2
-43760 1
-93890 -2
-44831 -2
-79983 1
-73972 1
42479 -2
-83166 -1
26965 2
-27575 -2
-19444 1
5096 2
-12428 -1
-27197 -2
20655 2
29975 2
-13096 -1
38961 -1
-50241 1
-7108 2
-68990 -2
-65346 2
-28876 -2
-96919 1
45770 -2
-32669 -1
-90500 -1
-60366 -1
-36895 2
49769 1
32961 2
36319 -2
17823 2
-21846 -1
13870 -1
27674 -2
-25302 2
-55686 -2
-21980 -2
24882 1
-18084 2
47510 1
32320 -1
12421 -2
-41763 -1
44024 -1
-50027 -1
-52369 2
-62907 -2
918 -1
-34036 -1
-41853 -1
46444 -2
-9732 1
-79284 1
6128 2
11466 -1
35576 2
-29583 -2
31317 -2
-12409 1
-84256 1
42023 2
15204 1
-5241 -1
-22767 -2
-49042 2
12776 -2
-80763 -2
-69291 2
-69983 1
37936 -1
-11707 2
-83129 2
20569 2
26768 -2
-89324 1
-47410 -1
-94125 1
14140 -1
-57488 -1
-64282 2
-83933 -2
-94952 2
5406 2
28767 1
12661 -2
-12963 -1
27353 -2
-99463 -2
10210 2
6231 -1
-77048 1
-23763 -2
-87911 2
-9976 -2
42798 2
-80331 -2
-2289 2
26496 -1
28291 -1
-42656 1
-5088 2
-86955 2
15355 1
-93481 -2
-77625 -2
-12801 -1
-30572 -1
-45523 1
44610 1
-18302 2
46906 2
-84385 2
-35396 -2
-63524 2
-22188 2
-99448 2
24150 -1
-45234 2
-52947 2
-32566 -2
42398 -1
48981 -2
-8623 -1
36516 -2
18855 -2
4212 -2
-34122 -1
-30410 -2
-87164 -1
-89931 -1
-71612 -2
-33330 2
-81371 1
-74013 -1
-49118 -2
-2292 -2
-34669 2
38787 -2
26990 -2
11885 -2
-75901 -1
-66590 1
-95276 -1
34682 2
-7567 2
-36730 1
-13101 -1
-23430 2
-91009 -2
-92737 2
4273 1
-67305 -2
-37845 -2
-45423 -1
36945 -2
1574 -1
-38435 2
5410 -2
-36074 -2
-81029 1
12413 1
-67485 -2
-7757 2
10044 2
48322 -2
-71856 1
17778 2
34394 -1
-9604 2
-9776 -2
-58572 2
-93317 -2
-11591 2
-11029 2
-21049 2
-38675 1
-90632 -1
-38749 -2
-65122 -1
-19537 -1
-95563 -2
25295 -2
1337 -1
-50183 2
6714 -2
-42251 -1
-95118 -1
-23865 1
-78737 2
-91729 -2
-47898 -1
24812 -2
-98413 -1
36976 -2
2914 1
-79765 -1
-60120 -2
7868 2
-14668 -1
22183 2
-44908 1
-51003 1
35794 1
14977 1
-27102 2
18539 1
19776 2
-16921 -2
-26748 1
-47149 1
-24160 -2
-81164 2
-63176 -2
-30758 -2
-12487 -2
-7998 -1
1312 -2
3017 -2
-45452 1
18272 1
-4487 -2
-92686 -2
41587 -1
-87194 1
-23081 -1
-68279 1
-50355 -2
38638 1
-57415 -1
-39381 2
-4304 -2
29906 -1
46669 -1
37551 1
36623 -1
-29571 2
-92762 1
-84837 2
47028 2
32578 -2
1997 1
-1026 -1
45681 2
-14423 -2
-90620 1
-23415 2
-32793 2
-38869 -1
-72914 -1
-71770 2
22103 -1
-23254 1
-89868 -1
-28604 -2
34808 2
14443 -1
-21025 2
-91388 -2
43102 -2
-68630 -1
-41861 -2
-37726 -1
43181 2
26645 -2
19593 -2
-46649 -1
12295 -1
44507 -1
-52859 -2
-42535 2
10720 1
-97926 2
34463 1
45119 2
5706 -2
25057 1
-21919 1
-68584 1
23179 2
-80529 2
-68910 2
-37154 -1
-91938 -2
40857 -2
17757 -2
-86209 -2
6055 -2
-22800 1
19843 -1
40417 1
-78621 2
-3943 2
-94779 1
-25318 1
38939 -1
13278 2
36129 1
-95137 -1
-24585 -1
35041 -2
-3413 -1
-80069 -1
-49347 1
43987 -1
37817 -2
-72040 -2
-16796 -1
-4044 -1
-2446 -1
-45893 2
26918 2
-59847 -1
7679 1
-81802 -2
-64409 -1
-69800 -1
-15275 2
41445 -1
-17594 -1
5285 -1
-18344 -2
15794 -2
-41287 -1
-98320 2
-65189 -2
42851 1
-98918 2
-68364 -2
35296 1
-50388 -1
2008 2
-86072 -1
-8654 2
-12081 1
-65876 1
-65616 -2
3743 -2
17547 1
-45334 2
-97705 -2
30689 1
24956 -2
23486 2
38752 1
43930 -2
-46199 -2
-7730 -2
-26764 -1
28527 1
-58296 2
33371 -1
-76133 2
-85480 -1
45854 1
10299 1
-35785 2
-31076 1
-80167 2
-68194 1
-53741 -1
-73967 2
42685 2
-29477 -1
-78996 -2
-18835 1
-67697 -1
-98739 -1
16926 -2
-33035 2
-25847 -1
15951 1
-69517 2
-35185 -1
-98652 -2
-4459 -2
-73356 2
-56016 1
-55779 1
-51949 2
27222 1
-79728 2
37929 2
49051 -1
11003 2
-46178 -1
-57606 -2
21027 -2
-25076 2
12580 1
-5865 1
27079 1
40389 -1
-25525 -1
-78542 -1
-39588 1
-86539 1
-42227 -2
37687 -1
-59525 1
-31192 1
2918 -2
-99300 -1
17248 -1
17731 1
-53291 2
33812 -2
-77163 2
16091 2
-75143 -1
18002 -2
-81912 -2
-37290 1
42705 1
29937 -2
-83908 -2
-55809 -2
31402 -2
4291 1
-26417 1
-27322 1
-35634 1
15558 -2
-93050 -2
46813 2
-3788 1
-17959 -1
22555 -2
-6719 -1
-38498 1
2272 -1
25991 2
18277 1
-80666 2
-91245 -1
-76016 2
15357 -1
-32925 2
-89770 -2
-75903 2
24102 1
-43257 1
-18544 -1
-64769 -1
-89623 -2
-68461 2
15989 1
39502 -2
-4070 -1
-64022 -2
-63228 2
-10423 -1
39201 1
38517 -2
-56902 1
16545 2
-39110 2
-58729 1
35005 -1
-26072 1
25141 -1
20379 1
591 1
-52105 2
-6115 -1
4643 2
-33651 -2
10780 2
-53849 -1
-22593 -1
-83633 2
12613 1
-17346 -1
-78175 2
-13379 2
-21372 1
23370 -1
-89831 2
-18375 -2
-34657 2
-21240 2
34628 -2
-7216 -2
7540 2
-76379 -2
-57703 1
4275 -2
-59640 -1
15073 2
-70771 -2
-26939 -2
-53278 1
-38733 -2
-86144 2
-5413 -2
-34361 1
1000 -2
-54464 -2
899 1
-81752 1
27735 2
-95099 2
45717 -2
-38031 -1
-31085 -2
-89336 1
-99997 -1
-8906 -2
18710 -2
-846 -2
26015 -2
-12516 -2
47813 -1
-98517 -2
-57180 1
-38697 2
48332 2
24000 1
34009 -1
18969 -1
-83391 -1
6564 1
-75674 -1
7476 -2
-57275 -1
39010 -1
-92710 -2
-44110 2
-39127 -1
40286 2
-67271 -1
-71680 1
-84571 -2
-90589 2
35136 1
-89588 1
-40903 -2
-24428 2
-79245 -2
-4925 -2
44043 2
-40235 1
-92024 -1
-59095 -2
-37070 -2
20096 -2
29 1
-75485 -2
16214 -2
-22588 2
-69834 1
20 1
-58845 2
-82176 -2
-3881 -1
32078 -1
36195 1
-63786 2
-2813 -2
-3398 2
30867 -1
-60710 -1
18032 -1
-37222 -2
-76856 -2
38568 -1
-94298 -2
-70233 -1
35543 -1
45677 2
-5807 -1
-13470 2
13551 1
20066 1
-49168 2
-11340 -2
-85561 2
-98402 1
-31506 -1
-53641 -2
-53632 1
45133 1
46391 1
-73102 -2
-18031 1
38089 -2
22064 1
-22406 -1
-86641 2
-26638 -1
-3298 1
-11661 -1
-90378 -1
43740 2
-87755 -1
-34324 -2
-44620 2
-77274 -1
-79236 -1
-59269 2
-95826 -1
46039 -1
38759 -2
17457 2
-25118 -1
20116 -1
-34854 2
-21387 2
-78531 -2
-98195 1
-28812 2
6027 2
23144 -2
49134 2
-41437 1
-24809 2
28759 1
-43005 2
10303 -2
-89000 -2
-31626 -1
-57672 -2
10265 -1
38988 -1
-32106 1
-84293 2
48899 -1
-12015 1
-33723 -1
-55318 1
-72781 -1
-66162 1
8670 -1
-1145 -2
20350 1
-63242 1
4637 -2
25906 1
-36190 -2
-17957 2
-11487 2
-83710 -1
-51644 -2
-45428 1
7080 1
10615 2
-91884 -2
-92409 -1
-19123 1
17496 1
-49948 -1
38417 -2
-86927 -2
13088 -2
-26962 1
44350 -1
-33870 -1
-49116 -2
-1063 -1
46067 2
-70149 -2
21386 -2
38130 1
33029 1
-35317 -1
42624 -1
7487 1
-71218 -2
-49786 -2
-40109 2
24939 2
-75393 1
5192 -1
-88304 -2
37886 2
21520 2
-98259 -2
15312 2
35607 -1
-1316 -1
-91730 1
-40722 2
-91097 -1
-31555 2
-76943 -1
29773 2
18631 -1
-36036 -2
-79844 -1
39713 2
14418 2
-4539 1
29241 -1
25350 2
-51360 -2
-24694 -2
5110 1
5491 1
-2760 1
-58527 -2
-28748 1
-79837 1
16399 -1
-56942 -1
-10512 2
8755 1
23648 1
-9860 1
-47906 2
-22867 -2
-91034 -1
-33082 1
22643 -2
-83441 -2
37670 -1
-72748 2
14240 -1
-51800 1
27896 -1
-41441 1
-74634 1
36221 -1
21646 -2
42511 2
41111 2
-48311 1
-70846 -2
-83369 1
-81731 1
15796 -1
-88377 -2
-60626 2
-95221 -1
-28823 2
31446 2
2690 -1
-63020 -1
-1593 2
42022 1
-65283 -1
2032 -2
-26656 2
-57540 2
-65981 -2
-13005 1
41044 -1
-69575 1
-83478 1
-37783 -2
-7706 2
20971 -2
-8823 -2
-92467 -2
-72594 2
2526 -2
442 -2
-47618 -1
38230 -2
13754 2
48079 2
34237 2
7067 -1
-98797 2
-21703 2
-44879 1
-79069 2
16623 1
27256 -1
-27257 -2
47424 -1
-98950 -2
14283 2
-92865 -2
-68763 -1
27526 1
-72578 1
-87797 -1
28344 -1
-87739 -1
-44899 2
13059 -2
-82455 2
-17394 -1
-21611 -2
-79952 -2
15320 1
37876 2
-57982 -2
-64793 1
43800 1
-96924 1
8980 -2
-95692 1
-57269 1
42076 2
-38915 1
-45971 -2
-51855 -1
-33030 -2
-50553 -1
-75844 2
25794 2
-37733 1
32451 2
-2228 -2
-92343 -2
-65614 1
-27492 1
-13000 1
49447 -1
47900 -2
-71725 1
-46690 1
1613 2
-87667 -1
13389 -2
12426 -1
13728 -1
46323 1
-6098 -2
-73736 -2
44070 2
-98917 2
-66361 1
45158 -2
-91353 -1
49589 2
225 2
-52410 1
-73812 -1
-86215 1
-86881 -2
9608 2
28671 2
-38125 -2
-21294 -1
1780 -2
-81498 -2
-13331 2
-26418 -1
-98894 1
-16961 2
-51060 2
-52507 2
-7591 -2
-57384 2
-12269 -1
-77736 2
-29615 -1
-49476 -2
-66432 2
-64561 2
-14760 -1
23650 1
44999 1
-96886 -2
21901 -2
42258 -1
-91734 -1
33953 1
9469 -1
-54873 1
32609 1
-60886 -1
-27415 2
-78852 1
-82689 -1
-63861 2
-13239 -1
-76652 1
-35087 1
-86428 -2
10156 1
-42129 -2
-82193 2
26046 2
36564 -2
-57712 1
-77169 -1
-33171 -1
-4956 1
-26531 1
-60520 2
28648 -2
22093 1
-47336 1
27751 -1
34928 1
-88610 2
-60280 2
-18942 1
9447 -1
-39717 2
-51494 -2
10785 -1
41588 -2
9321 1
-59832 -1
-10176 1
6555 -2
-6609 2
-16221 -1
-22265 -2
47753 2
-58224 -1
17733 -2
44141 2
7031 2
-22691 1
-65292 1
46991 1
-74240 1
-47189 -2
-90163 -2
-40102 1
-87819 -2
-23895 -2
13065 -2
-70443 2
-20300 -2
6014 1
39478 -1
21159 -1
13304 1
-5987 -1
31389 1
19205 -2
-82091 2
7489 1
-19000 -2
7855 -2
42827 -1
32066 -2
29748 -2
47165 -2
3962 -2
-56586 -1
-20775 -2
43164 -1
-85331 -2
34485 2
-22821 1
28793 2
-48463 2
25280 -1
-68807 1
-94939 1
-1700 1
-64765 -2
-26511 -1
48068 -1
47613 -2
-13138 2
-26577 -1
20501 1
14879 2
-67345 2
-22656 2
49570 -2
41404 -2
-608 -2
21676 1
-70228 -2
34263 1
-64981 -2
-19675 -1
38682 -1
6906 2
-49266 -1
5521 -2
28363 -2
-8919 -2
-47225 2
20690 -1
-4180 -2
1719 -2
-36017 2
-8939 -2
-47794 -1
35768 2
-20669 2
-63313 2
42517 -2
-12237 -2
-56101 -1
-3577 2
-66435 1
31197 2
15528 1
-7413 1
-67403 2
-73871 -1
31805 -2
15101 -2
-76054 2
8662 -2
-33182 -2
42495 -1
-6874 -1
-29196 -2
-4452 -1
-90566 1
-40414 -2
40969 1
-20544 -1
33500 2
-79954 1
14628 -1
-27679 1
-54618 -1
-99357 -1
-86 -1
-92095 2
-31925 1
36412 -2
-48160 -1
-23112 1
-17649 -1
-27638 -2
36114 1
-87777 -1
-29095 -1
-40508 -2
-11397 2
-17585 -1
-66662 -2
39515 -1
-51585 -1
-87349 -2
-73902 -2
42445 2
-5755 1
-89193 -1
-30510 2
-45761 1
-57546 -1
12097 2
-7185 -1
39147 1
23789 2
-83721 1
42378 -1
-56744 -1
38694 1
-77725 -2
20605 -1
-86886 2
-75712 1
-34030 1
-98611 -2
-21370 1
13689 1
-63714 2
-15137 1
-47572 2
-61676 -2
-17069 -2
7612 -2
-33533 2
36632 1
27202 -2
-82944 1
-11362 -1
48807 -1
24485 -1
28325 2
-41572 1
-55 1
44736 -1
4091 1
47257 2
-54035 2
42702 -2
-14243 -2
24608 -2
-4364 -1
29636 -1
8915 1
-26353 -1
-17781 1
-8787 -2
548 -1
18218 -1
-80848 -2
-88698 1
34982 -1
36398 2
15728 -2
-25300 1
-16716 -1
6888 -1
-37466 -2
-2648 2
49485 2
-55680 2
-28651 -2
-82768 1
-64461 -2
15425 -1
42799 1
-2101 -1
28728 1
28226 -1
-89002 -1
-1990 2
-51558 1
6671 -1
-36347 2
-92740 1
-66425 -2
-28230 2
-37691 -1
3269 -1
-11365 2
4261 -2
-72047 -1
-65393 2
21596 1
-10539 1
-80497 -1
-53809 -1
-73901 2
-81100 -1
-28833 1
38766 -2
453 -2
-25880 -1
-3153 -2
-46186 -1
20111 2
-49295 -2
37180 -2
-14368 -2
-3314 -1
19611 2
-50859 2
-48833 -2
-50500 1
3159 -2
-67796 2
48636 -2
-34460 -2
-27806 -1
48025 1
-61434 -2
-73017 -2
-23130 -2
-51821 -2
15869 1
-78644 -2
-65575 -1
27194 1
-2746 -1
-43490 -2
-7545 -1
-75342 1
-17213 -1
-89011 -2
-55563 -1
31686 1
-20756 1
-23931 -2
-38930 1
-54591 2
25838 2
-27034 -1
39065 1
-31206 -2
-95266 -2
-46316 -2
-11090 -1
-93489 1
34771 -1
-16690 1
-71155 1
-89677 -1
-28906 1
25915 -2
35113 -1
-45623 -1
25402 -1
-53618 2
17139 2
-23848 -2
-2231 1
35452 -2
33034 1
33221 -1
-46998 -1
-64825 2
-34344 2
-85067 2
-22540 -2
-11974 -2
-21476 1
26421 -1
46959 -1
-55602 -2
-38563 2
-35128 1
-17393 -2
31288 -2
32943 2
-42498 2
-19792 -2
11980 2
-80710 -1
-90336 -2
-70447 2
-67372 1
-63220 -2
48571 2
2228 2
2533 2
-31754 1
48670 -1
35547 -1
-7338 1
-10557 -1
-51983 -1
11269 2
30831 -1
-18652 -1
-35279 -2
-26136 2
4730 1
7016 2
-35253 1
35751 -2
-14837 2
-16129 2
31380 -1
-8925 2
-15445 2
-16455 -2
-58835 -2
18542 1
-97051 -1
-29129 1
-92642 1
-32952 -2
29412 -1
-7808 1
-80730 1
-50490 2
-89303 2
-76216 -1
-29269 -2
-85949 -1
9350 -1
-71705 -2
21639 -2
-2272 1
22159 1
22825 -1
45042 1
-67925 -1
-9995 2
-45806 -1
-82102 2
-95384 -1
-65452 -2
-56940 1
-53094 2
-90795 2
-15234 1
6484 -1
20628 -2
15927 -2
2744 2
-20018 -2
13135 -1
25988 1
45309 -1
-39129 2
-50007 1
-20009 2
-24854 2
-84022 2
-84548 -2
10412 1
-817 1
38974 2
-48619 -1
-34608 2
-72041 -2
45744 -2
-3817 1
-62695 1
-10279 2
28717 2
-35678 -2
17224 2
-55964 -1
22410 -2
-63558 1
29831 1
-97981 -2
-84502 1
-94361 1
38380 1
6612 -2
-83691 2
-40915 -2
8779 -2
-86004 1
-63638 -2
34114 2
36150 -2
-46833 -1
-81865 2
-55786 2
-29536 -2
22039 1
-5430 -2
-16522 1
-57076 2
-91983 1
38250 1
6424 2
-45473 -2
-8789 -1
-95036 -1
-46508 -2
-62659 -2
2672 -2
6785 -2
-21631 -2
-97143 -1
-33149 -2
35170 1
12904 -2
-56197 1
40876 2
-27621 1
-28871 -2
19975 1
29535 -1
-82084 -1
-16104 -2
-90125 -2
-96671 1
49497 2
48991 2
-93007 2
-5874 2
-27573 -1
-79005 2
-28586 1
8086 1
38416 -1
-56224 -1
43686 2
-38944 -2
-48227 2
-83068 -1
11569 -2
-59072 -2
4013 2
-30157 -2
-77790 2
-26990 -1
-73001 1
34117 -2
-30594 1
30509 2
-38290 2
1046 1
-89126 2
7531 -1
-82565 2
-26931 -2
-79113 1
46673 1
-40126 1
-23510 2
-7430 2
-83663 1
19754 -2
-59409 -2
31164 2
-58781 -2
-78077 2
363 -2
-40724 1
34608 -2
-60026 1
1028 -1
-99754 2
-53514 -2
-34383 -1
-93438 -2
-34226 1
-78022 -2
-90514 2
-58855 -1
12125 1
13042 2
-28506 -2
39704 -2
-41562 1
9553 -2
5571 1
-44752 1
42778 -2
-37284 -1
16133 1
-4824 -2
1680 -2
-61096 2
-25357 2
24644 1
-18593 2
-20125 1
-76445 1
-76722 2
-23721 1
-91288 2
24750 -2
-99896 1
-46326 -1
-48337 -1
-30016 -1
-38361 2
-47297 -2
46600 2
-23360 -2
36633 1
-70150 -2
-48508 -1
39363 -2
-13661 1
-13860 -1
-71484 1
19103 1
-12360 1
-93285 1
45312 2
-18073 2
3776 -2
-16027 2
-12653 1
10465 2
-24604 -1
-12665 -1
-53744 1
17728 2
40004 -2
-73406 2
34185 -2
22032 1
-42184 -2
-15127 2
9989 1
-84092 2
10678 -1
-7959 1
-39978 -1
-83623 2
-29585 1
-10891 1
-39010 1
11836 2
23641 -1
8953 2
-43738 -2
-46734 -1
-17115 -2
44904 -1
-92744 -1
-68289 -2
36039 2
-54739 -1
-12649 2
8825 2
40236 -1
-12114 -1
-23907 1
-59138 1
-77899 -2
-92122 1
25378 -1
47920 -2
-50624 2
-51205 2
-17962 1
-5319 2
-67742 2
-33972 1
38352 -1
-36179 1
-16753 2
-98134 -1
-1526 1
33070 1
-18489 2
-25272 -2
-40495 1
-23539 1
-45328 -1
-49145 -1
-21279 -2
49013 1
-80245 2
-46070 -2
-73583 -1
-59017 2
3524 1
-64124 1
-33750 1
-34767 -2
-66742 -2
-3903 -1
7339 -2
35012 -2
48417 -1
-23292 -1
-35995 -1
-45717 2
-24632 -2
-87902 -1
29846 -2
-25751 2
-83550 -1
-77417 -1
-11143 -1
-93902 -2
-99382 1
25215 -2
-88968 -2
43886 -1
21388 2
-42581 -2
-44393 -1
-80982 -1
36010 2
-61926 -2
-34866 2
-25540 -1
-25673 1
-76398 -1
-22971 -2
-23614 1
-52106 1
-5512 -2
-55861 1
-62584 1
-67358 -1
-48925 2
-70598 1
-37038 2
-41666 -1
-79592 2
-78159 2
-92695 -1
-89437 2
43372 1
-50045 -2
-37115 2
-16949 -2
-19005 2
46094 -2
-32761 -1
-75803 -2
-949 2
-64159 -2
2931 2
45597 2
-98856 -2
-15896 -2
-45773 2
-99014 1
16813 -2
-63773 -2
-94625 1
-61472 -2
-83739 -1
-69393 -2
-28003 2
-36501 -1
29042 2
2732 2
-81991 1
-98317 2
-78534 -2
-22902 -2
12359 2
-51088 -2
-56670 -1
-409 -2
3069 1
-27733 2
-96618 1
33288 1
-2042 -1
5197 2
-50623 2
21071 -2
37185 -1
-27099 1
-98250 -2
-90942 -2
-50247 -2
-82001 -2
18650 1
-58034 -2
-46538 1
5660 -2
-39224 -2
35135 2
33182 -1
-69521 2
-6974 2
-48139 1
41520 2
36762 2
2462 -1
-78910 -1
-22056 -1
-40051 1
41640 1
-32970 -1
-2012 2
48492 -2
-80441 -2
-36818 -1
28364 1
-95797 1
-3876 -2
-92607 2
4817 2
-20713 2
-24856 2
29461 -2
36604 -2
23991 -2
-25783 -1
-88659 2
-35661 2
-96864 1
32499 -2
-71377 2
4887 1
-9063 -2
6166 -1
33638 -2
-87028 -1
-62629 2
35947 -2
-86013 1
-77875 1
-43564 -1
-14537 2
22085 -1
-46102 2
-32139 2
26674 -1
-61867 -1
23206 1
-70137 1
2242 1
23787 2
-9698 -2
-6162 2
41261 -2
-49701 2
-36097 -2
-82528 -2
47674 -1
-10468 1
-92505 2
-52793 1
49834 1
-32688 -2
21226 -1
-69043 1
31206 -2
-46438 -2
5628 1
-37548 -1
-22853 2
-91131 2
-85006 -1
-17350 2
-11858 -2
8135 1
-17124 -2
-46646 -2
-54760 2
42753 1
-46850 2
-60382 -2
-94777 -2
11258 -2
1764 -1
-34048 1
-69955 1
-58348 1
26342 -2
-25585 1
12389 -2
-82596 -2
-77402 -2
32782 1
-33061 -2
-16882 1
39334 -1
-97454 -2
-76491 -1
-68477 -1
32720 -2
4130 -1
5206 2
35416 -1
-88762 -2
45303 2
-29319 1
-92726 1
16667 -1
-89287 -1
-24630 -2
45500 2
-24251 -1
16713 1
-34691 1
47498 -2
30440 -2
-30738 -1
-81416 2
-35953 -1
15303 -2
-93256 1
23829 1
-69703 -2
-913 2
5710 -2
-3001 -2
-73635 2
-16725 -2
14766 1
44846 1
-15759 -2
11902 -2
-46756 1
36193 -2
-70130 -2
-75933 -1
-88016 2
-50087 2
-36004 2
-87193 -2
2195 2
-59288 -2
-65176 -1
-78951 -1
-57319 -2
-54647 2
-17005 -1
-71482 -2
-4040 -1
22828 -2
-44750 -1
26413 2
8255 -2
-51254 1
-60035 -2
-52364 2
28968 2
-65467 -2
-67588 1
-92506 -1
-15586 -2
-87384 -2
-4397 1
-5657 2
7836 -2
-96678 2
-49307 2
47909 2
46938 1
30626 2
-28857 -1
21368 -2
-75652 1
-68740 -2
31207 -1
18327 -2
-49730 -1
-83616 -1
-66341 -2
-60107 -1
-35320 -1
10738 -2
-35106 -2
-91685 2
20099 -1
27748 2
8164 -2
-87283 2
-57207 -1
-91025 2
-32513 1
-17169 2
7417 1
-6896 -2
-7068 2
39821 2
21291 1
35521 1
30507 1
35342 -1
-45892 2
17835 -1
-82876 -1
22421 1
33121 1
-50991 1
9424 1
-51264 -2
14612 -1
39982 -1
-48199 -2
-94917 1
-26620 -2
10684 2
-91439 1
14942 -2
2034 2
48038 1
-42879 -1
31619 -2
40828 1
-91350 -1
18862 -2
-74328 1
21443 1
43221 -1
-7355 2
46546 2
-88631 -2
30701 -1
-74622 1
-94224 -2
-88600 -2
-16465 -2
-79902 2
49245 1
-17721 2
-7554 -2
41335 -1
-70180 -1
-25560 2
-35667 -1
-40973 -2
-7951 -2
-13364 -2
-13691 -1
26679 -1
-50957 1
895 -2
-42883 1
-98440 1
-14757 2
-55655 -1
-68985 1
-99248 1
45761 1
-30009 -2
25113 -2
21768 2
29974 1
46221 2
-94115 -2
-30938 -2
32350 1
-69620 1
32591 1
-66758 2
-62150 1
45866 2
-16532 2
-35604 -2
23318 2
30951 -1
-24106 2
-96848 1
-24560 -1
-81776 -2
-31269 -2
-65035 2
-14581 2
-40832 -1
-32105 1
-61047 2
-19234 -1
10852 2
-4779 -2
117 2
25756 2
7789 1
-38670 -1
-1850 1
21183 2
-46612 2
35328 1
-77162 2
-26508 1
-48672 1
-95218 -1
-51167 -2
37256 -1
-40795 2
-46336 2
27163 2
-13690 1
-57102 2
-76171 1
-39027 2
-90058 1
28395 -1
37373 -1
-63210 1
-96473 -1
47684 -1
34695 -1
-37941 -2
-23405 1
-20382 -2
-22270 -2
-82631 -2
16126 -2
-29289 -1
-93628 -2
-43351 2
-84508 2
-13958 -2
-13421 -1
-15606 -2
-77121 -1
-91781 -1
-45851 -1
-58931 2
-39418 -2
-57438 2
17395 -2
-93088 -1
24964 -2
-32143 -2
-50454 -1
35115 2
40293 1
15578 -1
-71550 -2
4688 -1
-94968 -1
-85141 2
-90938 -1
-99807 2
-28206 -1
-78824 -2
10808 2
28840 -1
-72796 -1
-603 2
6207 2
-57237 1
38114 -2
-48002 -1
21262 2
-61273 -1
22546 -1
-7938 -1
-87975 -2
-16494 -2
-89429 -2
43973 2
-64442 2
10692 2
-44256 1
-38619 2
-11575 1
-17060 2
39666 -1
-56711 2
-64089 1
21282 1
-39280 2
42401 2
-51271 -2
2926 -1
-53783 2
42574 1
-27333 -1
-76104 -2
31622 -2
-82512 -2
38672 1
-66344 -1
-14179 -1
-86941 2
-53607 1
19478 -1
-79148 1
3004 -2
-63880 -2
-93126 -1
10027 2
-19898 1
47815 -2
-95050 -2
-9061 2
-47580 2
30851 2
-5697 2
-47756 1
43599 -1
-33408 -2
-66137 -1
-6274 -2
-20378 2
5393 2
-49558 -2
-54558 1
5575 2
-32079 2
-74774 1
-79831 -2
-43190 -2
40657 2
11089 -1
26910 2
-69337 -2
-52114 -2
29144 1
21461 -1
27238 2
30105 -1
-95267 -1
8300 -2
25813 -2
18379 2
-19296 2
32616 -2
-36515 -2
-55272 2
21444 -2
15831 2
-34733 -1
-5183 -1
-18379 -1
-56896 -1
-81990 -2
-6960 2
-71844 -1
13891 -1
-82216 -2
-42817 1
-15090 1
45574 -1
-93688 -1
-59634 2
7418 1
-42863 2
-88358 -2
-85355 -2
45693 -1
12327 -2
7803 2
-1725 -2
1521 1
-37961 -1
-36656 -2
-83253 -2
-15128 2
35854 2
-60247 -1
-44337 2
-55339 1
-64463 1
-39176 2
46038 -1
29544 -1
32870 -1
-93548 -1
16933 1
4131 -1
-60517 -1
28362 -1
-86456 -1
-52850 1
-42622 1
7025 -2
4693 2
-33089 1
-51427 2
-89017 -2
-92334 -2
-66800 1
-79674 -2
36450 -2
19837 -1
21185 -2
17091 -2
32058 1
-69839 -1
-13557 1
-57006 -1
9662 1
-63446 -2
-65552 2
33785 -2
30041 -1
-8661 -1
20826 -2
-89817 1
8715 -1
-72679 1
-62230 -1
-56335 2
-28383 -1
-8252 2
-92077 -2
-52674 -1
-21759 1
-28577 -2
-64235 2
299 1
22034 1
-83446 1
-65227 1
2640 -1
-36748 -2
7835 2
-49966 -1
-13726 2
-69472 1
-61612 -2
-91183 2
36850 2
-32902 -2
-19932 1
-48205 2
-40021 -1
20527 -2
-81613 -2
-79529 -1
20703 -1
-92622 -1
-87542 -1
-46421 -2
-15965 -1
-60958 1
48406 1
21539 -2
-79260 1
16710 1
-51538 2
-98656 -2
-26457 -2
-39440 1
-12695 -1
-2656 1
-35454 -2
-58143 1
-20644 1
-51593 1
-1931 2
-81367 -1
-8688 2
-67514 -1
-30251 1
-87182 1
-96064 1
41922 2
-91465 -1
-20514 -1
-30548 -2
-4068 -1
-84595 -2
32165 2
41861 -1
-21297 1
-46780 -2
-83362 -1
32847 -1
3728 -2
22210 1
-86454 -2
-99475 2
-75616 -2
-80976 1
21930 -1
-84411 1
25793 1
24020 -1
-68621 -1
-81296 2
-29961 2
-48178 -2
44406 1
-5757 1
-85742 2
-78329 -2
-14595 1
-10310 1
-54400 -1
-23894 1
45287 1
5065 -1
-91631 -2
-80935 -2
25613 1
-63117 1
-23984 -2
-46678 1
33364 2
21845 1
46581 -2
42151 1
32209 1
-10458 1
-20964 -1
16034 -1
-79212 2
-28337 2
19800 1
44325 2
-17159 1
-84421 2
30211 -2
34230 -2
29444 -2
-6055 1
-22793 2
-497 -2
-60146 -2
-57596 2
-61754 1
-65950 2
-60472 -1
-25495 -1
-9379 2
-19630 1
-22572 -2
-46736 -1
-54319 -2
-66027 -2
-64440 -2
-46929 -2
17802 1
-40249 -2
-55692 -2
-10931 1
-25296 -2
41101 1
-20046 -2
-56465 -1
-86981 -1
17926 -2
-42373 2
-99472 -1
39168 -1
-79351 -1
27227 1
-49083 1
-59397 -1
-42094 -2
-98948 -1
-61163 -2
-29909 2
15416 2
-64285 2
-3137 -2
-82970 -1
-42642 -2
-5878 2
29280 2
-91036 1
-91563 2
5742 1
-40779 1
35428 2
-56639 1
37315 2
-92210 1
27254 -1
-65309 -2
-6818 -2
40776 2
22193 2
39725 -2
17124 -2
-15022 1
-22212 2
-87586 2
-34136 2
-58248 -1
-71709 -1
-68918 -1
-532 -2
7712 1
4198 1
-69410 1
-57332 -2
-61588 2
-36925 2
13759 -2
-64538 2
6160 1
44655 -2
6617 1
-40909 2
10588 -1
45583 -2
6681 2
46276 2
-96662 -2
33018 -1
-36735 -2
11586 1
-25659 1
-16980 -1
-43758 -1
-9623 -1
23746 -2
8639 2
11529 -1
-56012 -2
40129 1
-86224 -2
-83164 -1
4123 -2
-97357 1
-82489 -1
-96854 1
-98637 1
23769 -1
36023 1
-63028 1
13473 -1
-2943 -1
-57123 1
-22201 -2
25443 1
22782 -1
-38734 -1
27236 2
-562 -2
48913 2
-67710 2
40428 2
-56020 -1
-23657 -1
-4043 2
46270 -1
14940 -1
-47689 1
-72127 1
-92812 -1
-15807 2
-93036 2
-4444 -2
-86822 -1
5159 -2
-75832 1
4387 1
-15073 1
26791 -1
48060 -1
32915 -2
-12562 -2
-4091 -1
-25386 -1
-92916 1
34462 1
-1270 -1
28143 2
-88105 -2
7392 -1
31935 -2
44569 -2
-98122 1
-43576 -2
-64910 -2
-15961 -2
-20067 2
-81226 -2
-19832 1
20183 1
-28585 -2
-10976 1
39444 -2
28170 -1
-79394 -1
-83438 1
24382 1
-36980 -1
4938 -2
46143 -1
-38977 -1
-17931 -2
-79119 2
45809 -1
-37422 2
25134 2
-79698 -2
-37735 2
-38250 -2
-16801 1
32251 1
-59730 -1
-69912 2
-60820 -1
-54855 2
40208 1
-70661 1
-79692 -2
-86571 2
-87674 1
44629 -2
-12025 2
-97078 -2
-55647 -1
-9778 -2
-57411 -2
21182 1
-8723 -1
8957 2
-20910 -2
-91932 1
48842 1
-51446 -2
-32034 -2
-47707 1
13799 2
-23498 -1
-26734 -2
-91354 -1
-25217 1
-17258 1
23376 1
-73152 -1
5948 2
-74707 -2
-37323 -1
-57917 -2
-36146 1
-41721 -1
-28792 1
-54763 -2
-86979 -1
-65788 -2
-17294 -2
44675 -1
9229 -2
-98088 1
-29515 -2
-8489 1
8993 -2
-92140 2
10874 -2
-30495 -1
-88530 -2
7941 1
-4106 1
-57143 1
-18011 2
27009 2
-31834 2
-91838 -1
35292 -2
-38550 -1
-82380 -2
-10727 2
-36793 1
-95368 -1
48281 1
-56919 -2
-91773 -1
-85344 -1
-22664 -1
8893 -1
-54830 2
31892 -1
-85377 1
-99673 1
27121 -1
44552 2
-92927 1
48209 -2
15149 2
31468 2
38629 1
-14431 -1
27801 1
-46142 2
-53362 1
-10933 -1
48097 -1
-81079 2
-17661 1
-6468 -1
-34242 2
-12354 2
-32497 2
-67692 -2
-27452 1
45250 -2
-34674 -1
49667 -1
-90100 2
-84536 -2
-70337 1
-66912 1
-19482 1
-82118 -1
-5521 -2
31072 2
-76990 2
-12039 -2
-10573 2
35388 2
13349 1
-32671 2
17637 -2
-18395 1
-71925 1
-37134 1
1723 1
16673 -2
-83544 1
45841 -1
-35148 2
30288 -2
38804 2
-56681 2
-67455 2
-68489 1
-30566 2
-65570 -2
-83593 -1
3385 2
-8170 -2
-10576 -2
-27288 2
-96181 -2
-63309 2
-59426 2
-49712 -1
-37789 2
-7262 -1
-20480 -2
-16919 -1
17145 1
-25618 -2
49515 1
-61996 -2
-20206 1
-25041 -2
-30947 -1
-64226 -1
-29675 -2
-3544 -1
-25791 2
-16253 1
-22943 -1
-33707 1
-55807 1
-8500 -1
-42766 -2
15559 -1
-51476 -1
-50904 -1
-9937 -2
17130 -2
-42030 -1
16674 1
16386 2
30084 -2
8063 -2
-60875 -1
-13796 -2
-56926 2
-66061 1
-71592 1
-42526 1
-59917 1
-23278 -2
9050 -1
30362 2
30893 1
-71411 -1
-41104 -1
-42280 -2
-70110 -1
-47542 -1
-52846 -2
18054 2
-53844 -2
-3251 -2
3468 1
-33331 -1
39401 1
-32050 -1
-3929 1
37992 2
43180 2
-4378 -1
-23521 -1
24348 -1
-85247 -2
-15407 -2
-15374 2
-99582 2
36285 2
-27610 -1
-88209 1
-73481 -2
22862 1
-29178 1
17208 -2
-11568 -1
-70663 1
-6184 -1
-55173 -2
-40791 -2
-41939 -2
10286 2
19168 2
-84254 -1
-63449 -1
3993 -1
-29370 -1
-43173 -1
45153 1
43493 1
-98946 -2
-13435 -1
-95330 -1
-43904 -2
26003 1
-35630 1
-69714 2
-19238 1
-69755 -1
6185 -2
-46358 -1
-18352 2
-62281 1
-31635 1
18225 -2
-73652 2
-9640 -1
19723 -1
-52409 2
-51441 2
47981 -1
-14147 -2
-35494 -1
-29839 2
-42358 1
-61500 2
22245 -1
-45012 1
-20248 -1
-74641 -1
40310 -1
43035 1
-54492 2
27692 1
-44710 1
-43902 1
40260 -2
46602 1
-36412 1
3520 -2
5782 2
-32341 -1
27587 -1
25409 2
-17094 1
-8235 2
-56104 1
-66791 2
26400 -2
40210 2
-94078 -2
10467 1
48062 2
-99880 1
33217 -2
14916 -2
-41409 -1
29599 2
-21858 1
26893 -2
965 2
-74466 2
-59506 -2
-13584 1
-58914 -1
-47376 -2
42285 -2
39754 2
45118 -2
-17625 -1
-60524 1
14776 -1
-38142 2
35332 2
-16213 1
-73463 -1
-31695 -2
24468 2
-94792 1
-425 2
27900 -1
-30360 1
-76034 1
-90467 1
-37803 -1
-70704 2
23333 -1
-22633 2
-6776 -2
-98677 -2
3784 1
-48078 2
-23950 1
-79926 -1
-48969 -1
-30197 2
11731 1
21782 -1
-45505 1
-68896 -1
-3041 1
12119 -2
-61825 -1
-81020 2
-88467 -1
-50174 -2
-25093 1
-55006 -2
-71614 -2
7746 -1
13492 2
-99473 1
-66892 -2
-72182 2
-78345 -2
-24555 2
-39230 2
29249 -1
-52438 2
-317 -1
-73155 -2
-4315 -2
-91496 -2
41632 2
-10302 2
13705 -2
-30847 -1
23509 2
-89356 -1
-14584 1
33456 1
38566 1
14714 -2
-9086 2
19883 2
6057 -2
-85195 2
-35703 1
4592 -1
-91746 1
-15557 1
-47859 -2
19645 -1
43415 1
47411 2
39844 -1
-18509 -2
34134 -2
38588 -1
40945 -2
-90516 2
-68929 2
5353 1
-41750 -2
20796 -1
36989 2
23022 -2
-93502 -1
-81751 -1
-49153 -1
13899 1
45964 -1
7433 -2
-12321 1
-57236 -1
-79495 1
-66392 -1
15703 -1
-27931 -1
-83951 -2
-39540 2
-86711 2
-54577 -2
-49243 1
-27405 1
29963 2
-18059 -2
4547 2
-96373 2
-45594 2
-11208 1
-41917 -2
30464 -1
-27953 2
48580 -1
44457 1
-44172 -2
45041 -1
-98109 -1
42351 2
-58029 -1
27130 1
-48636 2
-57632 -1
27435 2
7541 -1
-17399 1
2232 2
22703 2
6226 2
-66685 -2
22127 -1
-1181 -2
-23040 -1
-54053 2
-29879 1
-38144 1
-36 -1
-86899 2
-56578 -2
-39660 2
-13160 -1
-8542 -1
31172 -2
35616 -1
-71686 -1
28629 1
-19449 2
-5693 1
33081 -2
-93144 2
-78896 1
-70354 -1
-30018 2
-48624 -1
-77864 2
22460 -1
-53914 1
-36489 1
-3164 -2
20851 -1
-43422 2
-41013 2
-8640 -1
-83858 2
-70884 -2
-72853 1
8717 1
12195 -2
-94810 2
-5756 2
-79111 1
-95835 2
-43733 2
-51535 -2
12142 1
-90265 -1
-31031 1
-91970 2
-94540 -2
49707 1
-72142 -1
-61918 -2
21436 1
-47062 -1
-39624 1
-40518 2
-56115 2
-34617 -2
3824 -1
-11471 2
-14311 2
-90024 -2
6178 -2
32949 -2
-51465 2
-215 1
35754 2
-96564 1
36232 -1
36351 1
-37365 -2
15394 -1
-63024 -2
-76829 1
-59796 -2
-37915 -1
26333 2
-50151 -2
-7321 -1
-25192 -2
27481 -1
-74843 1
8813 1
17771 -1
-22899 1
-36530 2
-69591 1
41021 -1
-48035 2
-92176 1
17746 -1
-66623 -2
-62480 2
48727 -1
-1238 -2
25360 2
-76063 -2
-20024 1
7315 1
-9193 2
-76303 -1
-51935 -2
-81356 -2
-79628 1
31914 -2
-52347 -1
-36369 -2
-6105 -1
8 -2
17388 2
-70558 1
-38713 1
-1618 -1
-1349 -2
-15536 -1
-33195 -1
-80776 2
-1371 1
-67996 -1
-65442 -2
-7278 1
-91501 2
-53653 -1
-87315 -2
-27426 1
31950 1
34597 1
19166 -2
-39369 1
4106 -2
-93244 1
-19748 -2
-26304 -1
-83519 1
-49640 -2
930 1
-85665 -1
-43535 2
44745 -2
-1812 -1
30427 1
1385 -2
38990 1
-25710 -2
-82677 2
-26084 -1
14801 -2
6236 -1
-90534 2
37439 -1
-79647 -2
-65901 2
-2143 -2
-8932 2
-81118 -1
41958 1
-23534 -2
42586 -2
-40451 2
-18237 1
-81721 2
-48942 2
-37744 1
-98210 2
-50200 1
13929 -1
-87805 -2
-66627 -2
8159 -1
-37768 -2
-28561 -1
-24280 -2
-10275 1
-65896 2
-23919 2
-37223 2
-5653 -2
-47248 -1
-44423 -2
-86060 -2
-63622 -2
26746 2
-57200 -2
8753 1
-2706 -1
-2679 -2
-94825 -1
29454 1
-40573 1
3632 1
-8741 2
17653 1
-39306 1
-55839 -2
-43134 2
1797 -2
-68919 -1
-9542 2
-93309 -1
-30395 2
-87897 2
305 -1
-11297 2
-81244 2
33207 -2
10911 1
-94429 1
-66197 1
-56592 1
20853 -1
-12475 -1
12555 -1
-15351 1
-97242 -2
-34041 2
586 2
-89666 -2
10913 1
-55898 -1
-29718 -2
19269 -2
-29322 2
-14315 2
-26178 2
37874 2
-99546 -1
-83017 -1
-75892 -2
-85649 -1
-82129 -2
20454 -1
-37552 1
-64690 2
-8412 2
-42704 1
-16612 2
-31687 2
-95859 -2
-41866 2
-3050 -2
-13515 2
-71364 1
-11439 -1
-54917 1
-60183 -2
29407 -2
25082 -2
-35822 -1
30423 -2
-90628 1
-53658 1
-12239 -2
-16717 2
42358 1
-16987 -2
-68899 -1
-77620 1
23016 1
5506 -1
19841 2
3748 1
-94648 -2
-79888 1
-9486 2
24618 -1
49842 -2
22730 2
-47532 1
-67788 2
1943 2
-42807 -1
-66946 1
-59608 1
-33510 2
-73753 -1
33854 1
12157 -1
37912 -2
19284 1
46861 2
26132 -2
-89506 -1
-103 -1
-10376 1
13909 -2
-96914 1
-40542 -1
-54519 -2
15457 -2
28949 -1
-93323 -1
-38441 2
49936 2
-13194 -2
33114 -2
-94117 -1
-1930 -1
-3914 -1
-6620 -2
48622 -1
-77155 -1
-85087 -2
36443 -1
9413 1
4991 2
45970 2
-6848 -1
-83218 -2
-86707 -1
-49669 1
16138 1
-70237 -1
-44398 1
36209 2
-32061 -2
-46744 2
-20562 2
1256 1
-99016 2
-10996 -1
4390 1
-16088 -2
-61683 1
-15509 -2
-86283 -1
-14643 -1
-9019 -2
34691 -2
-5064 -2
38346 -2
-33091 -2
-42986 2
-42942 -1
-52015 -1
-69288 1
-58609 -2
36896 -1
38528 -1
-46019 -1
-84331 -1
5591 -1
-80237 1
-87658 1
-91681 -1
28483 -1
-87966 -2
-27222 2
37153 2
-49152 2
-78370 -2
26698 1
-39002 2
-20875 -2
-41290 1
-46420 2
-75301 -2
-75481 1
10125 1
46590 1
-18204 1
-34965 -2
18024 -1
-1741 1
-5382 -2
-21633 2
-778 2
-26139 2
-15695 -2
30053 -1
-34450 -1
3572 2
17269 1
-23692 1
-46910 -2
-4597 2
11630 2
-6993 -2
-4673 1
47321 2
5792 -1
-41100 -2
-87390 1
-71751 2
-32052 -1
-97722 1
-96738 1
-29423 1
14860 2
-40356 -2
-2956 -1
-55344 1
-8965 -2
44338 2
26135 2
-53772 -1
30649 -1
42433 2
-11494 -2
-49364 -2
-25331 1
-42747 -1
-24962 -1
-80827 -2
22646 -1
-29806 -2
-34388 1
2012 2
-85175 2
-63540 -1
-93198 2
-76517 2
4143 -2
-6192 1
-28631 -2
18659 -1
7468 1
-35163 1
-99148 1
-33696 1
-81054 2
28844 -1
-88162 -1
45515 1
-43118 1
27829 2
2282 1
-40827 -1
-19301 -1
-68090 -2
46366 -2
-86555 2
44801 1
-29540 -2
-90720 2
13419 1
28469 2
12741 -1
-5095 1
-29145 -1
-68192 1
-20083 1
-18922 2
-13500 1
-38604 1
-47904 1
-40725 1
-44104 1
1950 -1
-787 2
12854 1
40683 2
21168 2
23415 2
10115 -2
-95599 1
7614 2
-86337 -1
42575 1
-38411 -1
4786 -1
26951 1
-87009 -1
-37732 -2
16581 -1
-50432 -2
-5311 2
-77604 -1
-57859 -1
-2542 -1
-92205 -1
-96212 1
-17558 -1
-29983 2
-37804 -1
-77066 -1
19676 -1
-81128 -2
-68552 -1
37207 2
47821 2
-14745 1
-88751 -2
-95258 -1
-2600 -2
-54494 -1
-83216 2
-88096 2
19852 -2
-42322 1
-36174 -2
-50793 2
-87146 -2
-66864 2
-81875 1
-49951 -1
-51979 2
-23623 -1
-14089 -1
-87665 1
-22667 -2
-22831 1
-61554 1
17150 2
-68408 2
-59410 2
41371 -2
-72545 1
-43782 -2
-80063 -1
-64954 1
32611 -2
10318 -1
-55361 -1
-2637 -1
12714 2
-11119 1
35404 -2
-71717 1
-89826 -1
-64487 1
46041 2
-58283 1
-34759 2
-4646 -1
7692 1
-60535 -1
49424 2
-80192 -2
46140 1
40143 1
-26476 2
-60108 -1
-6752 -2
33099 -2
-86579 2
-97533 -2
49675 -1
1766 -1
42040 -2
19595 -1
40218 1
-16743 2
33243 1
-68550 1
-17481 -2
-15820 1
-99899 -2
-6543 1
2871 -1
-79882 1
-99980 -2
-75923 -1
-15108 2
-32760 2
-31591 -2
48925 2
-86705 -2
-48603 -2
2747 2
-10696 1
40455 2
-69206 -1
37989 -2
-53646 -1
-99642 -2
-66718 -1
-34800 2
-94985 -1
-21715 -1
-51985 -2
42177 2
14076 1
8962 2
7511 1
39005 -1
-90814 1
24231 -2
-93474 2
5984 2
-51221 -2
-85617 1
-10889 2
1492 2
-23708 -1
-65522 -1
32177 -1
41256 -2
-66439 1
11078 2
43047 -2
-23781 -1
-14751 -2
35524 -1
-53079 -1
4320 2
-73179 1
35407 1
11978 -1
-46250 -2
26615 -1
18255 -2
-17400 -1
30333 1
19766 1
-78079 1
-63771 -1
-47147 -1
-4633 1
-42998 -1
-49311 -1
-19530 2
-51714 2
-23429 -1
-40407 2
-35921 1
-74571 1
-69042 -2
-95112 -2
13652 2
-88034 -2
41513 1
28689 -2
-14380 -2
23850 -2
-99182 -2
28127 -1
-45790 2
-41802 -2
32749 2
-38812 2
-13964 2
14478 -1
-67575 -1
-33474 -1
-64871 -1
-85370 2
-70802 2
15821 1
-16909 -1
-64025 1
23447 1
-72177 1
-34566 -1
37 -1
41266 -1
-16292 1
-97368 2
-6042 -2
-33647 -2
-34248 1
367 -1
-16990 2
-10561 -1
-54816 1
34880 2
11244 1
-9735 -1
-43428 -1
-89681 1
15209 2
21095 2
-89081 -1
-14136 1
-23799 -1
-1933 -1
41908 1
-85122 -2
48681 1
20518 -1
-53495 1
-98436 -2
-52474 -2
-14281 -1
-23251 -2
22542 2
-64531 -1
-19331 -2
-15868 -1
-78649 -2
-76916 -2
-20044 2
31125 2
25161 -1
-67916 -1
4918 -1
-18227 1
-73124 2
-45224 -2
-96875 -1
-33002 1
-32993 2
-43228 1
713 1
-60812 1
-3885 1
29054 1
-88451 1
-75713 1
-77586 1
-64007 1
37204 -1
-8930 -2
-38954 -2
-99374 2
-85959 2
48819 -1
-78985 -2
37181 -1
-10645 -2
-95080 -2
10244 -1
8653 2
-37213 -2
-40334 -1
20188 1
-72929 -1
-41088 2
-24618 -2
-27751 -2
43115 -1
31905 -2
-37425 1
-61203 -2
32533 1
-50698 -2
31857 2
41930 -2
21178 -1
-28814 -1
-62341 -1
-43933 2
30078 -2
-36456 1
-26323 -1
9639 2
-53739 1
-89164 2
32586 1
43726 -1
27039 -1
-76087 -1
-42643 -2
-41147 1
30582 -2
-6256 2
-858 2
21022 -1
21157 -2
-68539 2
18517 2
-55105 -2
13802 1
-74315 -1
38906 1
-56365 -1
-93368 2
3213 1
-23846 1
-52147 2
43629 2
-56672 1
736 1
-66556 1
-28865 1
13500 -1
-58680 1
-76712 2
10010 -2
-72627 -2
46183 -1
-40765 -1
8022 2
-10410 2
-77623 2
-72389 -1
-92296 2
-74817 -1
-23987 2
-352 -2
-44609 -1
-16054 2
37956 -2
-34151 1
-55797 2
3819 -2
-47391 2
44996 2
-50587 1
-13323 2
23535 2
-84573 -1
-90574 2
-8329 2
-46201 -2
-23146 2
31069 -2
-60605 -1
22537 2
-44461 -1
3870 -1
681 -2
-60573 1
-48919 -2
-96534 2
30552 2
16919 -1
18374 -2
38271 1
-9172 -2
-54556 -2
-58980 1
-65128 -1
-84601 1
25967 -1
-66901 2
45179 1
32504 -1
-51844 2
-12441 2
-60315 1
-85930 2
-743 -2
20453 2
-5518 -2
-50053 -1
-15634 -1
-83279 1
-61595 -1
-73323 -1
-54990 2
-92448 -1
-79870 1
46480 -2
-24538 -2
-49403 2
-37806 2
34785 2
-48652 -2
-80015 2
-17578 -1
-67090 1
33421 -2
31282 2
-39686 -1
11918 2
-37902 -1
17127 -1
37905 -2
-92942 1
-11339 2
8862 -1
-70635 -2
-63236 -1
-22239 1
5388 1
33300 2
-53979 -1
5548 1
-21713 1
-83318 2
38915 1
39655 -1
-1667 2
48634 -2
-86411 -2
46245 -2
-93538 2
42917 2
-68034 1
-24012 1
-96775 2
-37371 -1
-25043 -1
5208 -2
-28436 1
38577 -2
5799 -1
-74138 2
-64011 1
-94669 -1
-29977 -1
46023 2
-16776 -1
1317 -1
-26523 1
-63233 -1
-93500 2
-98056 -2
10885 -1
-61691 -2
2814 -1
-31818 2
-34775 2
-79675 2
-15092 -2
-37302 -2
-53315 2
-7829 -2
-31462 -1
48026 2
-41292 2
18106 -2
-28014 -2
43961 -1
-50004 1
-37553 2
-57104 2
27906 1
-65396 2
34903 1
-66458 -1
44286 -1
-44702 -2
-3000 2
-18223 -1
-57026 1
-51330 2
-58860 -2
-82270 2
20336 1
-68504 -1
-97784 1
-22631 -1
-50489 -1
35897 -2
-75250 -2
14279 1
-96188 1
-64599 -2
-57434 -1
35739 2
-8238 -2
-95831 -1
-91099 -2
-52090 1
-20995 -1
-14593 -1
-83659 -2
42985 1
-58220 1
14155 -1
-10252 2
-46418 -1
-47545 -1
5303 -1
-56461 1
-3477 -2
-12716 2
48980 1
-90297 2
-91657 -1
-8518 1
-48707 -2
7415 1
20542 2
19029 1
-9852 -2
-27245 2
-80324 1
-57485 1
-59789 -1
-76945 2
2182 1
22113 2
-65348 2
-23976 1
-35416 2
-70958 2
17296 -2
-58275 -2
-14798 -1
8552 -1
27768 -2
-19688 2
-65215 2
-31596 2
6436 1
-82963 1
1239 -1
33061 1
6965 1
-79366 -1
37491 2
-97564 1
-76834 2
-20311 -2
-96653 1
44398 -1
-49102 1
-86737 -2
-66894 2
-93255 2
-59062 2
-80374 -1
-68246 -1
-16319 -2
-68225 1
21415 2
3216 -1
-60810 1
-47404 1
-22883 1
-11403 -2
-50165 -1
-31976 -2
-48000 1
35066 -1
-66908 1
-19977 1
-59281 1
14510 2
28223 2
-91810 1
-16520 -2
-79839 1
34592 1
24371 -1
-1509 1
-144 1
-3578 -1
29059 2
-76307 -2
20256 -1
42239 2
21145 -1
-73729 1
-98793 1
-38546 -2
-49752 1
44837 -2
-162 -2
-63750 1
-27151 -2
21432 2
5025 -2
47816 2
27277 -2
-7913 -1
-9968 1
-54230 1
-31374 1
-19274 1
-82007 -2
-17347 2
18446 -1
-50417 -2
-92825 1
15316 2
-32946 1
-31827 2
-59145 1
-52695 -2
-58807 2
-96791 -1
-15239 -1
-16692 -2
14992 2
-73221 1
-67396 2
-65672 2
-61519 2
-64830 -1
8579 1
-34422 1
-22308 1
17524 2
22002 -1
-52484 -2
22248 1
49303 1
-2476 2
-87729 2
-28793 1
-87305 2
-58284 2
-87055 1
-61355 -2
-7254 2
-62259 -1
-27527 -1
3373 1
18835 -2
-85680 2
-81162 1
-20974 -1
44046 -1
9722 -2
15360 -2
12584 -2
-55766 -2
-67034 1
221 -2
-13899 -1
-40829 2
-90021 -1
-80590 1
4819 2
20672 -2
-14010 2
-21700 -2
-30114 2
8513 -1
18007 1
-83332 -2
-88267 2
21410 -2
-36937 1
11051 2
21161 -1
38862 -1
41768 1
-36171 -2
14664 -2
45948 1
-61190 2
-67681 1
9537 2
39372 -1
-60938 -1
-93826 -1
-36751 2
-46412 1
32589 2
42836 1
-36904 -1
32711 2
-33508 2
7627 1
-97504 -1
4883 1
-72008 -1
10568 -2
-63153 -2
20730 -2
46724 -2
-63103 2
-94695 -1
-47636 -2
-85777 -2
39624 1
-8408 -2
2773 -2
-98487 -1
-1287 -2
-52770 -1
-39434 2
40486 1
-62700 -2
-92535 1
10080 -2
-90840 2
31672 -1
-6441 2
-37654 -1
-69837 2
47773 -2
-158 2
-24825 -2
3006 -2
30741 1
-41632 2
-59369 -2
26933 -2
-27179 2
-32798 -1
30031 1
34220 -1
22387 -2
-99291 -1
-96171 2
47143 -1
39193 2
-9570 -2
5509 -1
-22246 -1
-29831 -2
-64180 -1
-72399 -1
-7003 -1
-72559 2
-31200 2
-48061 1
-38948 -1
15975 -1
47446 -2
-69918 -1
-56160 -1
-30288 -1
18715 -1
11358 -1
19382 -2
25299 1
6840 2
-52875 1
-11457 1
-37315 -2
-86992 -2
-97010 -1
-85668 1
-3781 1
-54408 -2
-70283 -1
-26090 2
-58219 -1
-50285 -2
-84389 -2
-46022 2
-94638 -1
-61255 2
-25264 -2
-29788 -1
-52185 -2
-94557 -1
43203 -1
-47651 2
-94744 -2
-82418 1
27148 -2
-47991 -2
-69805 2
-17334 2
-75925 -1
-37444 2
-50012 -2
-19915 -1
-11815 2
-68902 -1
12908 -1
-27969 -2
-62467 2
-27218 2
-81038 1
14471 1
26040 2
-62865 1
8229 1
31808 2
26386 -2
-98987 2
-76898 -2
-50862 -2
42841 -2
-79656 2
-56374 1
11418 2
21920 2
32878 -1
-57022 1
-62193 1
30373 1
48106 -1
34289 1
-60610 1
33819 -1
-45028 1
-33687 2
-37957 -2
-55359 -1
-28618 -2
14857 2
-35356 2
-78273 -1
-30356 -2
-92469 2
-15227 -1
-88468 1
29849 -2
-13288 2
-83172 -1
35849 1
-37404 1
-50797 -2
-7824 -2
35686 2
-76065 2
17502 -1
-11105 -1
-44755 -1
-25255 -1
26479 1
-74011 -1
32204 -2
17143 -1
-20004 1
-10546 -2
41454 -2
-27324 -1
-64980 -2
6142 -1
-42655 -2
-24637 -2
3997 2
40734 2
37277 -1
-27612 -1
-21010 -1
-41169 -2
-84217 1
-97319 -2
-87632 -2
-93644 -1
-25496 1
-65867 2
24532 -1
-3920 1
-60972 1
-27624 2
24456 -1
-54193 -2
10746 2
45902 1
-28291 -2
37866 -2
9944 2
-43649 -2
-56194 2
-38865 -1
-14020 1
3076 1
-24436 1
-33506 -1
-11859 1
-53838 1
-38818 1
-87067 -1
5989 2
-92456 -2
-97586 1
-35370 2
-42082 2
-44283 2
-39541 2
36871 -1
-6954 -2
-83800 -1
-10602 -1
-72585 -1
-93314 1
26056 2
12230 1
-39619 -2
-3592 1
31665 -2
-74504 -1
-72608 -2
-69501 1
-69051 -1
7139 1
-94836 2
-90195 2
-90636 -2
-14565 2
-90735 -2
26732 -2
5000 -2
20361 2
10501 2
-35255 -1
26903 -1
-91158 -2
16040 1
-36725 1
-45145 -2
-89840 2
-40992 -1
-53746 -2
-43353 -1
-50612 -1
-66135 1
-42028 -2
-29621 -1
30021 2
-36033 1
-60243 -2
44313 1
-51767 1
-94316 -1
-44240 2
-95150 -2
-93825 1
-22380 -1
1024 -2
-53521 -1
-60543 -2
10295 2
-81980 -2
-23261 -2
211 -1
-35903 -2
-17512 -1
-2608 -1
-19086 2
-57084 1
2915 1
46968 2
9963 1
-85870 -2
36035 -1
-43236 -1
-88510 -1
40670 1
-96019 -1
9160 2
-4739 2
12993 -2
-15580 1
-11145 -2
11348 -2
-84496 -1
-75928 2
-80023 1
-37108 1
-98274 2
33572 -1
-84485 2
18385 1
23142 2
4603 1
-23970 -1
2798 1
-35558 1
-11034 2
44861 -1
-16553 1
-87388 -2
-76498 2
32754 -2
48742 -1
-52510 -1
-27995 -2
41912 2
28860 -1
-39125 2
17176 -2
-23830 -2
21385 -1
33355 -1
-43973 1
-80721 -1
48569 1
-39614 -2
3604 1
42959 1
-36827 -1
-91373 1
-4424 -1
-27537 -1
-17448 1
-38273 2
-57042 2
21957 -2
-94717 1
-81214 1
-89152 2
-61257 1
-90745 -1
-99615 -1
-84439 -1
44887 -1
-94327 1
-8596 -2
-93674 2
-94329 1
-77998 1
-16244 -1
-89575 1
-62431 2
-71743 2
-78609 2
-53899 -2
6676 1
-89943 -1
17840 2
-73181 -1
-39899 2
922 -2
-23852 2
-42838 -1
-41598 -2
32476 1
-71053 2
22048 1
-11637 -1
-93386 2
-12280 1
40501 2
-44562 -2
-61430 -1
-74307 -2
743 1
-82816 -2
33918 -1
-92654 -2
-36116 2
-58837 -2
-1210 -2
-83220 -2
-97752 -2
-66195 2
-80782 1
-36930 -2
20674 -2
40896 2
23514 2
-31669 1
-67906 2
25166 2
35795 -2
39018 -1
31821 1
47360 1
-93352 -1
31912 -1
41556 -1
-5537 2
29295 1
-78513 2
-7918 -1
-45197 1
-62528 -2
-92517 -1
-11891 -1
-87651 2
-15685 -1
-92032 -2
-65194 1
31435 2
12709 -1
-21156 -1
-77701 2
-65633 -2
11906 1
33557 2
40634 -1
12586 -1
45906 -2
-22606 2
-66736 1
-88674 -2
-40522 -2
46341 -2
-94671 2
-66247 -1
-11069 1
47756 -1
-17633 -2
-2787 -1
-21052 2
-29853 -1
-90421 1
44899 1
6065 -2
15109 2
31491 1
-60258 -2
-60251 2
-43420 -2
-43633 -2
-20599 -1
-30632 1
-61512 -2
43153 2
3493 -1
22281 -1
-75511 -1
25648 1
45584 1
-32400 2
-52647 -2
-28682 1
-10455 -1
-2258 -1
-89075 -2
-71521 -1
-81228 -1
-42867 1
-63813 1
-26385 -1
45852 -2
-73431 -2
-67448 -1
-71504 -2
8287 -2
-48113 -1
-25143 -2
2867 -2
-90247 2
13639 1
13901 -1
-26537 -2
-54180 2
-41415 -1
43295 -1
-11552 -1
5043 1
-95129 -1
-66482 1
1659 -1
-69189 -2
-45111 -1
-75800 2
-4376 2
-29699 -2
-17275 -1
3435 1
-10969 -2
-7787 -2
24897 -2
-31069 -2
-67250 2
-8880 -1
-47431 -1
-5716 2
-32599 1
47954 1
8232 -2
46103 2
40967 2
-56226 1
-71197 1
-14165 2
-59250 1
9815 2
22185 1
-59815 2
-64727 2
-23769 -1
-48694 -2
-13506 -2
-59856 1
-8217 -1
18931 -2
22620 -2
-69396 -1
-39620 -2
-45106 -1
23104 1
17967 -2
36024 2
-38047 1
42676 -2
16739 2
-66440 2
-14559 2
19352 1
23072 -1
-44164 2
-10739 -2
-85273 -2
-58085 -1
33894 -2
26967 2
21350 -2
14997 -1
16154 2
-8311 -1
-19553 -2
-78976 2
-63819 1
-11811 -2
-63778 1
-11554 -2
-58222 1
-21921 -1
-96771 1
-34367 1
-570 2
-88512 1
48497 -1
-47785 -2
48509 -1
39824 2
-24648 2
-96264 -2
-74045 -2
787 2
21498 -2
-58146 2
-51234 2
14999 -1
29097 2
-20334 1
-21760 2
-33959 2
-2219 2
-52579 1
12073 2
1554 2
-47239 -1
-76396 -1
-56799 2
-62204 2
-78864 -1
-36486 -2
13868 1
-61515 1
24870 -1
37825 -1
-43062 2
-62815 -1
-65699 2
-47182 -1
-36413 2
37603 2
-40613 -1
5237 -2
-78 2
-2951 1
-57954 -1
30973 -2
-48921 2
-40250 -1
7772 -1
-80328 1
-63619 -2
-4736 -2
-53253 -2
-14004 2
-73600 1
-89347 2
-67618 2
-12298 2
-33921 2
-36684 2
-68897 2
-48208 -1
-60317 2
22336 -2
-95478 1
-62302 -1
7584 2
-11506 1
-70042 2
7990 -2
-79174 -1
-23269 2
45095 -1
-60577 1
-10697 -2
8851 1
-97185 -1
12400 -2
-34983 -1
-60286 -2
23238 1
-68726 2
-72494 -1
-58417 2
-99820 1
-5116 -1
-57643 1
-98822 -1
-4334 1
40190 1
-46251 -1
-22100 -2
39341 -2
-42169 1
-47713 -1
17786 -1
-69534 2
-31150 2
-51402 -2
-65430 -2
-65417 -2
-53132 -1
45386 2
39074 2
-64378 -2
-26581 2
22693 -2
-28259 -2
-98181 -1
31010 -2
-43616 -2
-86581 2
-74706 2
48548 2
-75853 -1
-93567 2
-19432 -1
-62060 -2
-26235 2
-76101 1
-46128 2
-19989 1
-27320 -1
-30279 -2
-74073 1
-92361 -2
39278 2
24806 -2
-92310 1
-71247 -1
19020 -2
19055 1
291 -2
45419 1
-13354 1
-23668 -2
24862 2
19300 1
-19596 -2
-20303 -1
-27482 1
14973 -2
-47880 -1
-34146 -2
-96519 -2
-33539 -1
-26835 2
-95385 -2
-71975 1
-25903 -2
-72868 2
-24549 -1
-10686 1
9130 2
-81406 -2
-54150 -2
9778 -1
-28068 1
-49651 1
-73144 -1
-39164 -1
-52274 2
-60558 1
-43452 2
-36420 -1
-89687 1
-97769 -2
-11756 -1
-28022 -1
43556 1
2895 -2
-7171 -2
-22958 -1
-71174 1
-6813 1
-59396 1
-36504 2
7890 2
18044 -2
-59711 -2
-89864 1
-56291 1
-15548 1
29876 2
30930 1
-44307 1
-50322 2
-18642 -2
-29655 1
-37891 -1
-94692 1
201 -2
31833 2
-72231 -2
-72547 -2
-62644 2
-67269 1
-12890 -2
-96300 -1
10514 -1
-88173 -2
18060 -2
-58157 2
24607 1
-31795 2
-18130 -1
-64351 1
-94514 2
-15304 2
-8339 1
2529 -1
8113 -1
-64895 1
-92215 2
-65899 1
13321 1
38664 -1
45688 1
7101 2
49978 1
2667 -1
-54015 -2
-2146 -2
-12793 -2
-93381 1
-95334 2
-83935 -1
-63307 -2
-89847 -1
-6007 2
46465 -1
28679 2
30861 -2
-98670 2
-988 -1
-22459 1
32428 2
-72334 -1
13524 1
-475 1
-50523 2
16354 -2
21007 2
46461 2
-76576 1
19285 2
-65694 1
-53370 -1
-82817 -2
-41330 2
-9206 1
-19350 2
-3353 -1
-18894 2
-78259 1
-49870 -1
-81856 1
-81213 -2
4362 2
-31908 1
-13131 -1
-82128 -1
38390 -2
-94118 1
-53626 -1
-95474 -1
-56989 1
-13298 -2
-21363 1
-52697 1
-77995 2
-83545 -1
-78559 1
7817 -1
-16399 2
10619 2
-72771 -2
-32840 2
39944 -2
-60476 -1
-14981 -1
-56875 1
-77264 1
-27739 1
30265 -1
-78936 1
20859 2
-4491 -2
35814 -2
-64913 2
14676 2
-36582 -1
-47151 -1
-51085 1
-15244 1
33738 -1
19089 1
4255 2
-84906 -2
11656 -1
-31059 1
-20021 -2
-31511 -1
-66785 -1
45547 -1
-49626 1
37988 1
-13586 -2
-77776 -1
-56235 -2
-2433 -2
29842 1
-86669 1
-22364 -2
-49805 -2
22266 -1
-25845 -2
-55058 2
32479 2
-63484 -1
-55425 -2
-40764 -1
-38187 2
-42260 2
-37060 1
-30132 2
21061 -2
36431 2
-42858 2
-35242 2
-17761 -1
-3807 2
-83997 2
-63590 -1
-81312 -1
-89778 -2
-95352 2
-30484 2
-72567 -1
-57038 -1
33020 -1
29007 -2
37251 1
-32329 1
33716 -1
39894 -2
-4953 -1
1497 -1
-63326 -1
-51186 1
39185 2
-92631 -2
-19518 -1
-36707 -1
-93867 -2
-75714 2
-92511 1
-34092 2
47833 1
-34737 2
-89620 2
9943 -2
-76447 -2
38387 1
-6821 -1
-46987 1
46180 -2
-88368 -2
-98057 1
-66166 2
29709 -2
-76696 -2
-48991 -1
-98926 -2
32237 2
-35746 -1
-98531 2
46410 -1
-51222 1
-56144 -2
20027 2
-36467 2
22947 1
-61142 1
1452 -1
-84853 -1
-93422 2
-93934 2
24533 -1
-26368 -2
-59764 -2
-78480 -1
-81906 1
-45053 -1
34707 1
-34794 1
-92573 -2
-31378 1
-42240 1
-73603 2
-70681 2
-84915 -2
-46267 2
-21178 1
16081 -1
30140 -2
-16969 -2
-87104 1
-28482 -1
-31858 2
33534 1
40470 -1
26427 2
-31457 -2
40705 2
-91227 -2
-36668 2
34259 2
-34599 2
42013 1
-81240 -1
-76317 -1
39991 -1
-62263 2
35995 1
26980 2
-22077 -1
-30881 2
-30068 1
28980 2
42955 -2
-49601 1
-78145 2
7448 -1
-49272 2
-96692 1
-24576 2
9873 2
24996 -1
46018 1
-6930 -2
36073 1
-7741 -2
-91471 1
-89223 -1
-57479 -1
-9586 2
-57140 2
-40129 -2
-48323 -2
-81496 2
35331 -2
-73872 -1
-39112 2
-67867 2
-73047 -1
15257 -1
4220 -1
-94603 -1
-25546 -1
24698 -2
-31312 1
42593 -1
7567 2
-23622 1
-30701 1
-50993 -1
-20235 2
-31316 -1
-57107 -1
-71096 -2
-36458 2
-51927 -1
10727 1
13546 1
14972 1
-22719 1
-2777 -1
-43856 -1
-65872 -1
-41646 -2
8886 -1
25063 2
24760 -2
-65835 1
-42418 1
-27503 2
44893 1
30787 2
27753 -1
-68773 1
-7601 2
5624 1
23926 -1
-87518 -1
-48525 2
-88746 1
-59916 1
-26475 -1
10301 -1
-7506 1
39546 2
-45696 1
23521 -2
14434 -1
-32002 -2
45481 -2
-46569 -2
-29421 1
-9689 2
-91636 -2
-36272 1
-6207 1
40656 1
2633 -1
30324 -2
36324 2
43510 -2
45829 -2
-86391 -1
-50088 -1
-20689 2
-79459 2
-12153 1
-53442 -2
-72184 -2
-93542 1
-92377 2
20329 -2
35760 1
43458 -2
-9723 1
5544 -2
34228 -2
-22938 -1
-235 2
-37329 1
-46864 -1
-80349 2
-32094 -1
-92223 -1
-34442 -1
6900 2
-49691 -2
-1326 -2
-20993 -2
-9269 -2
-9652 1
-22974 1
47637 1
-28874 2
-14246 -2
-9574 -1
28708 1
-95081 -1
-97076 -2
37967 -2
-26267 1
-52737 -2
-83588 1
-54764 1
-32378 2
-98608 -2
-88339 1
-68668 2
-83422 -2
-2149 1
-24083 -1
15657 -1
30955 2
-11070 1
8500 -2
-77582 1
-18837 -1
-68519 1
-80236 2
-57430 1
-86719 2
-82983 -1
2014 2
-22208 -1
48768 -2
-67040 -2
-42961 2
-12190 -1
-44708 1
-52547 -2
-85885 -2
-17764 -1
-8987 -2
4654 1
-64407 1
-71214 1
-34251 1
-70568 1
-66354 2
-45873 1
35578 2
-22158 -2
-92404 -1
1308 1
-36428 1
-72510 -2
-1537 -2
-43442 2
-55426 -2
-45150 2
-83791 2
-62877 1
-45054 1
-94694 -2
-23082 -2
-78965 2
-48467 1
19121 -1
17866 -1
-33547 2
-45146 -1
22743 -2
47580 -1
9384 2
-34319 1
-96611 -1
-83437 1
-83206 -1
-33029 2
-82036 -1
31390 -1
39268 1
18670 2
-70889 -1
-71637 2
-64956 -2
1565 2
-61107 -1
23504 -1
-26147 2
-66121 2
-82588 1
923 1
-62703 1
-19030 2
-22242 2
-82821 -2
2174 2
-15220 1
-39086 -2
-77126 1
1450 2
19296 1
33764 -1
16769 1
-87011 2
37996 -1
32385 1
-55348 -2
23035 1
-12598 -2
-56463 -1
-38167 -2
-37067 -1
48204 -1
-80682 2
18368 -1
-41479 -2
-30747 1
-46940 -2
-3316 1
41187 2
-79812 -1
-14453 -1
-58991 1
-76741 2
-6470 -1
-94579 2
-53778 -2
-95844 1
-18755 -2
-38109 -1
12406 -2
-17201 2
-47724 -1
-78473 1
-71002 1
23159 -1
-8127 -2
-29534 1
-91208 -2
41218 2
-40171 2
-26448 1
-52317 -2
-34377 1
-87078 -1
34926 -1
18587 -1
48954 1
-73398 2
-99304 1
-79332 2
27994 1
-61660 -1
-1425 1
-16780 1
13872 -1
18135 1
-13696 -1
35290 2
-68523 2
-64476 1
-81494 -1
8394 1
-33222 -1
31582 -2
-72153 -2
-98313 -2
45373 -1
-39287 1
-58377 -1
-1689 2
30424 -1
-55224 1
40090 -1
-81877 -1
-83747 2
22874 1
4201 2
1992 1
-17015 1
31955 1
-15752 -2
-49729 -1
-56790 -2
2142 -1
-57394 -1
31707 1
-73388 -1
-45701 -2
-89563 2
16737 -1
-22904 1
-26271 -1
-79370 -1
-11646 2
5958 1
-96495 -1
-14793 1
-9958 2
-19112 -2
-15614 2
-57792 -2
-26725 1
-62520 1
28962 -1
-21783 2
30331 -1
-88965 -1
-90410 -1
-5480 -2
-58130 -2
-51239 -2
39273 -2
-95464 -2
-96041 1
35846 -2
-9137 -1
46163 2
-22004 -1
45649 -2
-1976 1
-56492 1
4019 2
-17342 2
30328 -1
-26259 -2
-88333 2
-88254 1
48896 1
-22068 -2
37663 -1
-65165 -2
25226 2
19164 2
5261 -2
2099 -1
-78327 -1
-12043 1
24215 1
-36025 -1
-42295 -1
46751 -1
-72140 -1
-59562 -2
-36394 -2
-91488 -1
46529 2
35196 -2
41016 -2
15952 -1
-79900 2
9316 -1
-24125 1
1101 1
-72362 -1
-24616 -2
-57862 -1
-37122 -2
-58227 1
-4052 -2
-68725 -2
38889 -1
-16264 2
-93336 -2
-23159 2
28924 2
1415 1
23936 2
-11022 -2
10813 -2
-87327 2
-81321 -2
45565 1
33625 -1
28150 1
-25372 -2
-14211 1
-71986 -1
-43965 1
-91144 -2
9527 1
-16503 -2
-70119 1
-93784 -2
-76042 -2
-88997 -2
-56183 -1
8591 1
-59311 -1
9307 1
-47160 -2
-78491 -2
6445 2
-14263 -2
36350 -2
42251 1
-64571 -2
-82715 -2
-46471 1
-61522 2
-97094 -1
18849 -1
-95936 -2
24313 2
-56846 1
7569 2
31021 -1
-8705 2
-39590 -2
48851 2
-81066 1
-59387 -1
20239 -1
-22567 2
-60306 -1
-9963 -1
-66352 1
-2646 -2
-45467 1
-71583 1
26561 2
-31774 1
19542 -1
-60401 -2
-77545 2
-82699 1
-338 -2
-83764 -2
30929 1
-79358 2
-87319 -1
-51039 -2
-24021 -1
40551 -2
-31761 2
39774 -2
18615 -1
-86655 2
47556 -2
-84262 1
-77547 -2
13953 1
-15554 -2
-36927 2
-80619 -1
-37588 1
27291 -1
-21360 -2
-99322 -1
27854 1
-81431 -2
-55726 -1
-56663 1
34525 -2
1423 -2
-79640 -2
28685 -1
-96362 -1
-57653 -2
-36230 1
-53496 1
22186 1
-25500 -1
-46049 2
-88713 2
47493 -2
43201 -1
-34511 1
18282 2
-46320 1
33197 -2
-97130 2
-97234 2
-80181 -2
46641 2
-37318 -1
-40233 -1
17114 -1
537 -2
22663 -1
-7719 2
-29728 2
-96788 -1
-15456 -1
-54043 -1
-92271 -2
-95792 -2
-85619 -2
-26001 2
47372 2
-67662 1
48733 -1
-15770 -1
-76112 -1
-10982 -2
26763 1
-24666 -2
-21653 1
4210 1
21139 -2
-17839 -1
-6714 2
14094 -1
-645 -1
47818 2
12841 1
-88345 2
27327 1
41127 1
-54049 1
-43043 -2
-96728 -2
-47342 -2
-53776 1
-24795 1
-29302 -1
-43266 2
-13271 1
-43635 1
-39790 2
35171 -2
48813 1
27177 2
-85998 1
782 -2
40335 -2
11079 2
-40479 2
25733 2
-21618 -2
-12748 1
23572 -2
-33396 1
-77334 -1
-55165 -1
12191 -1
8185 -1
-7021 1
41675 -1
6331 -1
-24941 -2
40351 -2
-57423 2
22418 1
-48270 2
30268 2
45941 2
20025 -2
35454 2
6648 1
32969 2
-26146 -2
-25068 -1
-6671 -2
14778 -2
-74966 -1
-39309 -2
46169 -1
-72155 2
-91184 1
-99842 -1
44792 -2
29352 -1
33787 1
-52423 -2
-28118 1
-4947 -1
-88424 -2
-88539 -2
-7921 -2
10026 2
-2569 2
46936 -1
-66587 2
-14110 -1
-41061 -2
-32884 1
17899 2
47851 2
-98053 -1
37707 -1
-84187 2
-71337 -1
-82453 1
-17090 2
-10447 -1
39181 1
1132 1
-74132 2
-55423 -2
-90145 -2
30678 1
-54533 -2
-32104 1
12267 2
-8466 1
1489 1
18749 2
-37519 -2
16158 1
-70911 2
24827 -2
5581 2
-8113 1
7508 2
6599 2
-44384 1
46670 -1
-362 -2
-43395 -1
41090 -1
34942 1
-6529 -2
-88420 1
49875 1
-2563 1
-85457 2
12869 -2
14407 -1
35847 2
-21405 2
-92735 2
-47808 1
-98074 -2
4526 2
-7083 2
10212 2
46432 -1
-32180 -1
-74457 1
18340 2
35200 1
44572 -1
-18122 1
2046 -1
-2851 1
37173 1
-37764 -1
-6732 2
-59864 2
-62175 -2
-80446 2
49108 2
-4750 2
17246 -1
-7015 1
-37682 1
-30490 -1
15049 2
-33476 -1
-46239 -1
1110 1
-14241 -2
-62715 1
48007 -1
8757 1
-96742 2
-86359 2
-52907 -1
-59532 1
-46062 2
-76559 -2
-30474 1
41753 2
18679 2
31570 2
-29300 1
37796 2
-48675 -1
-23253 2
-57315 -2
3270 -2
25603 1
-52154 2
28640 2
-45086 -1
47263 -2
18747 2
42306 1
-28338 -2
20644 2
24850 1
-52881 -1
35772 2
35662 -1
26809 -1
44285 -2
-96982 -2
-36808 1
-44798 2
-33223 1
-73279 2
-90661 2
-23232 -1
-55728 2
-8230 2
-53637 2
6000 -1
-9294 -1
-13922 1
34429 1
-51797 -1
-94204 1
-70994 -1
-65306 -1
-36136 1
-146 1
-55949 1
-25019 -1
25085 -2
-5777 -2
25078 1
-23398 -1
-53822 1
-38927 -1
32829 -1
-43275 1
36674 2
-50401 -1
-87223 -2
-13590 1
40879 2
-3767 -2
30191 1
-99069 -2
7646 1
-4640 2
-14701 -2
-34084 1
-97342 -2
-77314 -1
-23141 -1
-41602 -1
31179 2
-15454 -1
-26854 1
-80598 2
-69101 -1
-26024 -1
25978 -2
-47446 -1
-83613 2
-76650 -1
9595 -1
-56638 -1
44661 -1
37320 2
6697 -1
-34424 2
-69640 -1
-45112 2
10853 2
-96505 -1
-79958 2
16548 1
-36119 1
-44046 1
-32622 1
-65089 -1
46171 2
38884 2
9367 2
-72590 -2
-41350 1
-50085 1
28303 2
-16427 -1
-83572 1
-14678 2
-4664 -2
-6978 2
-56740 -2
-69231 1
-43562 -1
-92443 -1
-18009 1
25627 1
-42006 2
10479 -1
-3116 -2
-80778 1
8898 -1
-6262 2
-46112 2
20595 -1
-76411 -2
-57514 1
-12531 1
43007 -2
-57414 -2
-56057 -2
-92977 1
-71682 1
-50279 -1
-90531 1
17587 2
-72882 -1
23260 -1
-49480 -1
13469 -2
-26133 1
7482 2
21553 -2
-29943 2
8253 1
-52508 2
-76638 -2
-87286 -2
-5962 2
17922 -2
14194 -2
-31825 1
-56843 1
-84983 -1
-61055 -2
-97968 2
-58786 -1
-84234 2
-11450 1
-84696 -1
-35307 -2
20034 1
35215 -2
21653 2
-63690 -1
-61650 -2
-91525 2
5606 -2
-71138 -2
-55837 -2
-94085 -2
17427 -1
-26538 -2
-98224 1
-37181 1
-56863 -1
-45410 -2
18662 2
39489 -2
-70563 1
-62036 2
-57017 1
-15158 1
-36652 2
7889 -2
35300 -2
1480 -1
-96691 1
-66665 2
16259 -2
-37859 1
-26103 1
12913 2
-32031 2
-43179 2
-11017 1
-72574 -2
-92373 -2
-86855 -2
3455 1
-50072 -2
-61149 2
37187 2
-46965 1
-10287 1
-78195 -1
13438 1
-40134 2
14455 1
44743 2
-2607 -2
-16193 2
-28233 -1
-2680 1
-931 1
37872 1
49431 -1
-46927 -1
-47629 -2
-58016 -2
-98372 -1
12754 1
23883 -2
-83178 -2
-54190 -1
-87825 1
-35008 1
34598 -1
33234 -1
47791 -1
-68844 1
-56555 2
29392 2
42029 -1
49733 -1
-86164 1
-61876 1
-98337 -1
-55596 1
-87895 2
28310 2
30671 -2
-75907 -1
-31719 -2
-74697 -1
-35577 -1
-68830 2
27091 -2
-5069 2
35876 1
-92764 -1
24032 -2
32119 2
49418 -1
-87264 2
29967 -2
-11331 -2
-53261 -1
-26477 -2
21009 2
-74126 1
-77898 1
-78364 -1
-43272 2
-20980 -2
31170 -1
22096 -1
-14935 -2
-42722 -2
-13345 -1
-71955 -1
-12932 1
41767 -2
-94032 1
34482 -1
-26296 1
-43687 2
-79279 -1
-19522 2
4244 2
-86313 -1
5906 1
-79176 2
-16401 1
16743 2
8739 2
-46700 1
-66644 -1
-5843 -2
-3270 -2
8212 -2
-80535 -1
-41367 2
-2655 -2
-55352 2
-70024 1
2429 -1
-11499 2
-40067 2
-74772 1
-21266 -2
13273 -1
-67521 -1
49451 1
-11792 2
-75510 -1
-20684 1
-38908 2
23677 -1
-66956 -1
8230 1
-39595 2
-84994 -2
-66656 -1
-59027 1
34010 2
-23528 -2
47839 -2
-39331 -1
-67573 2
-17522 -1
7902 1
41869 2
-16810 2
-7501 1
36776 -2
-9940 1
15199 1
-26112 1
175 -2
-23733 -2
-8513 -2
-63458 -2
-13815 -2
7682 -1
-74377 1
-39568 -1
9325 -2
48333 2
28600 -1
-75547 -1
-64589 1
-64802 -1
-90841 1
20170 2
-28210 1
1866 2
-24390 -1
-30529 -2
-45065 1
-58317 -1
-40818 -1
-82933 1
11167 1
-88532 1
-11871 2
-22301 1
14482 1
-13455 2
-73204 -2
-3539 1
18456 1
-58757 -1
-58378 -2
-60602 2
-98177 -2
-2540 1
35956 -2
-38526 -1
14919 -2
-6464 -1
-30791 1
-93082 -2
-16651 -2
41099 -1
-69456 -2
41214 -2
-65107 -2
-22586 1
-56999 -2
10362 -2
-36311 2
-27853 -1
25874 2
-52143 -2
21456 -1
-41227 -1
-61695 1
-49962 -1
-91653 2
-33993 -1
42832 1
45244 -1
-75156 -2
45354 1
-11511 -2
27831 1
-9254 2
-61175 -1
-34874 1
-39266 2
-4011 2
-87356 -2
16454 2
37691 2
-29458 1
5034 -1
-24272 -2
-90179 1
48938 2
-73127 -1
-81337 -2
29891 2
-92988 -1
27889 -1
-73111 2
-62724 -1
-24517 1
-27077 -2
-9644 1
-22415 -1
-90488 -1
41338 -2
5348 1
-83046 1
11376 -2
-97661 1
-52175 -2
-98627 -2
-57725 -2
-818 2
-81472 1
23751 1
-33206 -2
-2275 1
-88639 -1
11603 -2
8071 -2
4134 1
-36402 1
-8758 -1
-63279 -2
48710 2
-77149 1
34438 1
-10186 -1
-73537 2
-83099 -1
49074 1
46987 2
-33124 2
-1275 -2
9449 2
11224 -2
22386 -2
-77220 2
36894 1
15098 2
-75340 1
-87534 -1
49585 1
18333 -2
-40220 -2
15017 1
-17298 -2
-75700 1
21874 -1
8960 -2
-61586 1
1327 1
33237 1
46633 -2
-62813 1
-15766 2
-94262 -2
-46563 2
48661 2
-82812 2
-32593 -1
-12705 2
-76254 -2
-42023 2
45542 2
-94099 -1
45634 2
-3815 1
46452 1
48688 1
7756 1
-96101 1
28010 2
38184 1
-20285 -1
6169 -2
18553 1
-30713 -1
44920 -2
-64005 -2
12351 -1
28159 2
-93735 -2
-57454 1
35714 1
-40616 -2
2899 -1
-7388 2
-90313 -2
-43068 -2
-75108 -2
-54283 1
-44416 1
37681 2
-16464 1
-54210 2
31065 1
30551 -1
33990 1
9687 2
-94612 -2
-4725 2
-57945 -2
35333 2
-76584 1
-66921 -2
-10762 1
-35997 -2
30326 -2
22709 -1
-60396 -2
-54838 1
-7038 2
-74989 -1
-41734 1
43743 2
-62089 2
-94582 2
-34241 2
1855 -1
31230 1
-96433 2
-73887 1
-66286 1
-44623 1
8019 1
-64635 -2
13318 1
-81886 2
-3297 2
2611 -1
2093 1
13739 -2
-95565 1
-62253 -1
-37458 2
10346 -1
-45705 -1
-26406 1
-8927 -2
40558 1
-39783 1
-78788 -1
-3437 -1
-79907 -2
-4543 2
15636 1
-48524 -2
-17570 1
3936 2
-37074 -1
9799 2
-66715 1
44836 -2
6495 2
-31384 1
8203 2
-55784 1
18433 -1
-31523 1
-39232 1
-45603 -2
28033 -1
33087 1
32540 -1
9141 -2
-72428 -1
-39304 1
-83348 1
-30668 2
-3326 -1
-87926 -1
-14079 -1
22527 -1
-95282 1
-27798 1
-70651 2
-99712 1
-19366 1
-43299 -1
29020 1
-76433 -1
13537 -2
28168 -2
-35581 -1
-50228 -1
-23187 -2
-18896 -1
-97485 1
941 1
-15631 1
-94914 1
29459 2
-21656 1
-69554 -1
-64393 -2
-84040 -1
-63364 2
23340 -2
15136 -2
-59673 1
-24999 -2
47982 -1
-85285 2
-24501 2
-49862 -2
-21128 -2
-82692 1
-97275 2
21068 2
-1221 -1
-56938 2
2132 1
11695 -1
-46451 -1
12029 -1
-77884 -1
48604 1
-7700 -1
-40890 -2
-67118 -1
-69830 -1
4561 2
-96062 -2
8408 -2
-86628 2
-92560 2
-85373 2
-72299 1
-96797 -1
-26068 -1
-86923 2
-50223 -2
-31652 1
32403 2
-21250 1
35858 -1
-70295 -1
33282 2
-28477 -2
-59662 -2
-16925 -1
-44127 1
39665 -1
-47136 2
-90889 -2
3623 -1
-46442 -1
-85753 2
-18864 -2
-62707 1
38763 -1
6736 -2
-84436 -1
-95160 2
12818 1
29727 -2
-15628 2
47183 -1
19823 -2
21102 1
-30864 -2
47891 -2
12444 1
-16323 -1
33680 -2
-7782 -1
-91202 1
-41220 1
-26914 -2
-438 2
-2834 -2
321 -1
49709 -2
-12637 2
-11793 2
-56065 1
-81484 -1
-85011 -1
-10592 -1
-61014 -2
37524 1
-71478 -2
27960 2
43451 2
6866 -1
40132 1
-18918 -2
16430 -1
13203 -2
11292 1
24452 -1
-97413 2
31812 1
4073 2
6777 1
-27522 -2
-15171 1
10521 1
11735 -2
-4330 2
-71308 1
-46957 2
37612 -1
-1395 -2
-4967 1
-38474 -2
-71633 1
4191 1
-78947 1
-52373 -2
-21062 2
28499 -1
-67989 2
-24960 2
-61746 1
-40275 1
-22016 -2
20636 2
-22973 1
23785 2
-37197 1
-47733 -1
-65836 -1
1393 -1
-62325 2
-75497 -1
36128 -1
-68018 1
-46256 2
12540 -1
-70252 -2
-37763 -2
26533 2
-12138 -2
-16982 2
21581 1
-60669 -1
-6090 -2
16912 1
3177 1
10506 -1
6717 1
-30382 1
-40697 -1
35444 -1
-25625 -1
39303 1
-40166 1
41829 2
43958 1
6937 1
-22924 -2
2872 -2
-5691 1
-45586 -1
-28903 1
-22388 -2
-43869 1
46185 2
-16289 2
-28967 -2
-4860 2
-13072 -1
6847 -1
37768 1
10973 2
-18849 2
-30763 -1
-865 2
41856 -2
-13313 -2
-71809 1
-72889 2
7829 2
5759 2
-30099 2
-50287 2
-75369 -1
-95832 1
-12116 2
-56068 -2
-52844 2
-3101 2
-6943 1
-31721 1
-49077 1
-58457 2
-88505 2
24359 1
-48406 -2
32363 2
-44883 -2
-6112 -2
-4309 -1
-6614 -1
43307 -2
-90964 1
-31131 1
-54847 1
-49799 -1
-11268 -2
34112 -2
-2307 2
-68474 -2
7459 1
20798 -1
-30939 -1
-16557 1
-95101 1
-76521 -2
-40537 1
44268 -1
20220 1
-69069 1
-77869 1
-19981 -1
-7016 1
-55778 -1
43042 -2
-29287 2
-69699 1
-51155 2
-5955 2
-17955 1
-13723 -1
-8540 -2
-97119 -1
-73976 -2
-19133 -2
11491 -1
-89983 1
-3253 1
-86062 -1
4380 -2
-50717 2
46909 -2
-2202 -2
-73160 1
41532 -1
7022 1
-29336 2
-69719 -1
-17002 2
36196 -2
-19565 -2
-52600 1
-97115 2
17020 1
-81007 2
32231 1
-53566 1
-71849 2
-18571 -1
-75931 2
-41771 -1
16499 -1
3477 2
-6522 2
36217 -1
-60209 1
-33637 1
-91760 -1
-62976 1
23290 -1
-55491 -2
-89654 -2
-33609 1
-41472 -1
-38805 -2
-46885 -1
-73429 2
13112 2
-65887 2
33140 -1
-78355 1
-12156 1
-20535 -1
-48522 -2
-44624 -1
-73869 -2
-47807 1
-80028 1
-65862 -2
-79828 1
36724 1
-91707 -1
-6633 2
8912 -1
-29404 -2
5373 -1
-28331 -1
48422 -1
-65285 -1
456 2
-38284 1
20390 1
-18115 -2
-74203 2
-98263 2
-99711 2
-50307 2
-51727 -2
-92985 -1
-28000 -2
12064 -2
-52530 -2
-64383 -1
-35201 -1
-11202 2
-70615 -2
-64859 -1
20452 1
3830 1
28071 -2
64 -2
38202 -1
-11497 2
-46312 -2
-83776 -2
-83262 1
-5805 -1
-60416 2
-40693 2
-19387 2
49078 -2
-94522 -2
-38179 2
-86382 -1
24544 -1
-79259 2
-88400 -1
46510 2
48132 2
-62415 -1
-26512 1
-48410 2
7425 1
-72108 -1
-32901 1
-74871 1
-98829 1
48474 2
-53425 2
21859 -2
25888 1
-2866 2
-94844 -2
-30412 -1
37831 1
-22994 2
-16313 -2
6054 -1
34779 2
-96532 1
-34348 2
-10660 1
403 -2
-96867 -2
-44505 -1
47574 2
47761 -1
-57948 -1
4316 -1
-36860 1
-87876 -1
-92151 2
-81755 -2
20206 2
-44151 -2
36589 -1
4141 -2
17003 1
-49867 -1
23424 1
8748 2
37895 1
28473 2
13732 1
-82675 1
-75067 2
5282 2
-95765 1
-37163 -1
-8333 -1
7187 2
-63007 -2
-31800 -2
-21416 -2
-34441 -1
-19487 -1
16332 -2
-61011 1
29861 1
-38800 -1
-11731 -2
-75187 -2
-37298 -1
-36290 2
35526 -1
-66281 2
-97963 -2
32315 1
-56682 -2
125 2
-27585 1
37345 -1
-98168 -1
-79678 2
-37580 1
-32893 -2
-40358 1
43523 -2
-59032 1
-68280 1
-13434 1
30801 -2
28171 -1
-32100 -2
38769 -1
21118 -1
-75075 -1
-60085 1
-55458 -2
-48130 1
-28779 -1
-41854 2
-61013 2
-74119 -1
-39487 -1
-89782 1
-13188 2
-94551 -1
-10910 -2
-49771 -1
-32174 -1
1853 -2
-7440 2
-21377 2
-70033 -1
-50173 -2
-83094 1
9177 2
-709 -1
-92496 -1
-17093 -1
-89572 1
-63734 2
-36568 -1
14842 1
-51004 1
-68546 -1
2836 1
-73991 -1
17532 2
-2075 1
-99452 -2
-24065 -1
-92803 1
47551 1
-76230 1
49793 2
-91083 2
-36205 2
470 2
-14128 -2
-49670 2
-79593 1
-18752 -1
-61053 -2
-69690 -1
-11563 -1
-75681 -1
8123 -1
25528 1
-27399 2
42642 -1
-76597 -2
20387 1
4744 -2
23025 1
-64270 -2
-3160 -1
42838 -2
-44579 -1
26989 -1
-11326 -2
45357 -2
19454 1
-36848 -1
-61914 -1
42203 1
-16574 -1
-66279 2
18694 -2
-365 -1
7637 2
38263 2
-9880 -1
-19090 1
-90121 1
-37714 -2
7509 -2
44593 2
-58073 -1
22584 1
4978 -1
-47608 1
-31353 1
35384 -2
-38075 2
-36477 1
3205 -2
26641 2
-43440 -2
-55385 2
44028 2
-53679 -1
-55678 -2
11853 1
34125 -1
-12882 2
-92043 1
-25493 -2
-7653 1
-88473 1
-47227 -1
29027 -2
-68915 -1
-12121 2
-49216 1
-74403 -1
-58691 -2
-60545 -1
-93360 2
-52818 -2
-69654 -2
-29394 -1
45254 2
40731 2
-8528 -2
29766 -1
48276 2
37832 -2
-25473 2
11977 -2
-18216 -1
27464 1
-66086 -1
40940 2
-84826 1
-3812 -1
-98734 1
-1432 2
-90950 1
18805 2
-32966 -1
-49914 -1
-84968 -1
-68161 1
9905 1
47019 2
-65501 -2
-33854 -1
-14956 1
6984 1
47798 -1
-30195 2
35750 -1
41915 2
-28788 -1
-95109 2
-25813 1
-1773 -2
-39245 1
31252 -2
-18438 -2
-79752 1
36467 1
-95061 1
-32468 1
-78489 2
-56089 1
-36286 2
26570 -2
-84747 2
-60802 2
-55922 -1
35238 -2
-36329 -2
43809 -2
8124 -1
-72020 1
-2130 2
30698 2
-8813 2
11844 -2
-1926 1
20758 2
-23250 1
-51532 -1
44673 1
-81693 1
-78285 -1
-75196 -2
35273 -1
21049 -1
967 1
-95898 -1
-67964 2
-67850 1
48798 1
-54279 -1
-75523 2
21286 -2
46999 -1
-1314 -1
482 1
-15224 1
-29186 -1
-98912 -1
-69267 1
-73803 2
-7328 -1
-1602 -2
-17441 1
40738 1
-43327 -2
30340 1
-31881 -2
49217 1
-56063 1
24378 2
11381 -1
39177 2
32880 2
45766 1
16473 -1
-67782 1
36020 1
16326 2
-38185 -2
-7919 -2
-11130 -1
-73311 2
47394 -1
45678 -1
31310 2
-58147 2
-22727 1
-28849 -1
-72876 -2
16248 1
2112 -2
16693 2
-40715 -1
-21664 -1
-60019 -2
-74052 2
-75964 -1
23536 -2
-84239 2
48488 1
-95540 -2
31982 -2
-23867 1
-87893 -1
-46687 -1
-2751 1
-29107 1
-27772 -1
-51656 -2
61 -2
44212 2
-48403 1
-68348 1
-62151 -1
-62701 2
20669 1
-75125 -1
-15461 2
19969 -1
-62893 2
-30960 2
-43792 1
-55525 -2
-22525 -2
-5215 2
-13256 1
-17388 -1
18440 2
-33784 2
38186 -2
28022 2
-82668 -2
-94935 2
-65145 1
-71827 1
8730 -1
-55834 -2
-5244 -1
-63345 2
-6687 -2
-54742 -2
-87754 -1
-39656 2
-74358 2
-15616 1
28997 2
-55387 1
-82095 2
-87468 1
47525 2
41708 -2
4456 2
-59697 2
-75112 -1
-93430 -2
-17135 1
43314 2
-20160 -2
-9849 -1
-23395 -1
-94627 1
-53946 1
-11259 -2
17884 2
-59869 -2
39497 2
-23982 2
-69610 -2
-39707 -2
-89224 2
-45533 -1
46271 1
-3725 1
-48407 -2
-23790 2
-29808 1
22541 -1
-85363 -2
45195 -2
24443 1
-13267 -2
-87952 1
19385 -1
-63822 -1
-88238 1
-66531 1
-44133 -2
33836 -1
20881 1
-63980 -2
-62874 2
-4704 -1
20898 -2
-81154 -2
-37817 -2
-33138 2
-9472 -2
34247 -1
-669 -2
-64027 -1
-23327 -2
-88664 1
-99055 -2
-54368 1
47362 -1
-94022 2
-78685 1
-31100 -1
4016 -1
21246 -1
-37576 2
-50172 1
-51564 1
34317 -1
-33353 2
-29771 1
1759 2
-17685 -1
-38124 1
23475 2
11743 -1
-10735 -2
-46384 2
-16576 2
6467 2
-23170 1
-8023 1
-52433 1
-88592 -2
27407 -2
-37638 -2
10703 1
-5770 2
-9519 2
2946 1
2859 1
-48826 -1
936 2
22512 -1
-9674 -1
49684 -2
-30513 1
49984 2
-45793 -2
15221 1
-36516 -2
-81319 2
-67074 -1
-60509 2
-87660 -1
-456 2
25572 2
-85250 -1
3585 1
19820 1
-44964 -1
-31138 -1
-14190 -1
22979 2
-82170 1
1706 2
-95295 -1
-27058 2
-96760 2
46201 -1
-13418 2
-8622 -2
37570 -1
-98754 2
-94944 1
1245 2
-54039 -1
-27050 -1
-88665 -1
-56329 1
-41593 2
39764 1
-28415 2
-74105 -1
-47090 1
48376 2
-20346 2
43178 -2
-42312 -1
19396 1
-18843 -1
-36312 2
-54439 -2
43101 1
-45546 2
25414 -2
-78132 -2
-86259 1
-20302 1
8072 2
-96125 -1
-95593 2
22622 -2
-56425 -1
25513 1
7854 -2
-50941 -2
-46177 -2
-40493 1
-23991 -1
-18218 2
48041 -2
-66144 -1
-87544 1
-61067 -2
-33215 1
-10903 1
45874 -1
-27089 2
-76354 -1
-43958 -1
38249 1
40000 -1
-13538 -2
42823 -2
-42176 2
-21683 -1
-24046 1
-26731 1
22837 -2
-28589 1
-35793 1
-66088 -1
-6380 -1
48301 -2
-51089 1
-92521 -2
-26978 -1
-75226 1
-97999 -2
-11887 2
42297 2
26396 -1
-85702 2
-12671 -2
-1155 -2
-13167 -2
-1264 -2
-92286 -1
-91585 1
27406 2
27258 -2
-89731 1
-60034 2
-90813 -2
34100 1
27943 -1
1986 -1
-91120 1
5480 1
29511 1
-73623 -2
-2328 -2
-14332 -2
-41710 -1
39272 -1
-93593 -1
-40066 2
48824 1
-22487 2
-52126 2
5780 -1
-53929 1
-30334 -1
-50589 -1
-57374 -2
33814 -1
9948 -1
26697 1
-43891 1
-70165 -2
30558 1
-23518 -1
-83300 2
48222 2
39773 -2
-64154 1
-62506 -2
-95419 -1
-36370 1
-31832 -2
-98548 1
-27596 -1
24021 -2
27200 -2
-64301 -2
-92294 2
-62342 -1
49199 2
45764 1
18983 1
7050 1
-12775 -2
3508 2
44755 2
-78921 2
9444 2
-43693 -2
-67915 1
-17228 2
-74210 1
-72145 2
-66989 2
-48383 2
-35005 -1
726 -1
-44361 1
-98028 2
31071 1
-49147 -1
-9153 1
15857 2
-51287 -2
-73598 -1
43110 -1
24685 1
34032 -1
-45472 -2
-76921 -1
-18440 1
-76877 -1
-20375 -1
-81717 1
13055 -1
-60708 2
17489 1
-62090 1
28217 -1
-21312 2
-43457 2
-13803 1
-79046 -2
-27707 -2
-70422 2
-98460 1
-69158 2
9429 2
-49274 1
-86508 -1
-28112 2
34806 -1
-68601 1
-41730 2
-89802 2
-59112 1
-19678 -1
-25 -1
-43478 -2
-36141 1
12689 -1
-53250 1
-8601 -2
-17523 -1
-44815 -2
-81272 -1
16249 -2
-41673 -2
-90980 2
-31275 -2
27581 2
-8020 -2
7329 -2
-30348 1
-98498 2
-477 1
3794 2
-41987 2
-95929 2
21546 -1
-86178 1
25712 2
-47962 -2
-56897 2
-30071 -2
14364 1
-64576 -1
-37105 -1
-10955 1
15878 2
-90923 1
-42134 -1
34094 2
-13792 2
23533 1
-5886 -2
-6814 2
-69768 1
6060 -1
46036 -2
-79892 -2
15301 -2
-85779 -2
-59360 -2
-77851 1
-37568 -1
9864 2
-8451 -1
-34589 1
-358 -1
29694 -2
-96535 -2
43807 2
-90457 1
-99883 -1
27879 -1
-57943 1
-18311 2
33855 -1
-89321 -2
22604 2
-69916 1
41933 2
-76192 2
29317 1
-32082 -1
14950 -2
-84134 1
-10972 1
-2674 -2
12003 1
-61488 1
-78605 2
-49072 -1
49466 1
-2057 1
16852 -2
-61362 -2
24171 -1
47243 -2
-50445 -2
-51894 -2
-54805 -2
-60528 -1
21479 2
43758 2
30634 -2
33560 2
24144 -1
-32153 -2
-44286 2
43460 -2
-61795 -1
-72799 2
-53468 2
-55850 1
-51543 1
-19845 1
47109 1
-22734 -2
12902 2
-64329 -1
41244 1
-96503 -1
-33106 2
-48008 -1
-78552 -2
-85946 2
-76194 -1
-51752 -1
-12574 1
-29384 2
-64927 1
-51574 -2
38794 1
-73511 -1
-65280 2
-91076 1
-81139 1
45707 -1
19322 -1
33569 1
45017 -2
25288 1
-35220 1
-54625 -1
45170 -2
10934 2
-71279 1
-79195 -2
-53157 2
38513 2
6821 -2
-15623 1
-7199 -1
39237 2
-98986 1
-17537 -1
-34271 -2
39767 2
-62607 -1
-63381 -2
-79371 -2
-73909 -2
-38403 2
-5825 -2
33169 2
-65192 2
27694 2
-24191 1
-46859 -2
-11957 -2
-49540 2
-30519 -1
-92837 2
-5317 1
-41766 2
9869 2
-49898 1
20994 -2
-79830 1
-68074 -2
-34197 2
-36410 -1
-4622 1
-2440 2
-689 -2
-13321 -2
-69529 -1
37117 2
-48559 2
-39599 -2
-40245 -2
-58524 2
35574 2
-92605 2
-74602 1
-73302 2
-60460 -2
-34407 1
-29870 2
-47102 1
-77520 -2
-92161 -1
-16477 -1
-37 1
-95991 -2
-68177 -2
30173 -1
-26767 1
-87206 2
-40641 2
-7495 1
-84976 -2
-78458 -2
-4056 -2
-76646 2
31059 1
-22936 2
-67332 1
-40600 2
-19803 2
24086 1
-52381 1
-67645 2
56 2
-28464 2
-27678 1
-18730 1
-6386 -1
1368 1
-37346 -2
-26073 1
-67603 1
-43437 2
-34482 2
-92702 2
-95107 -2
-65762 2
-96638 2
-80945 1
19227 1
-58337 1
-13 -1
1443 2
5504 -2
-45165 2
-81675 -1
8783 2
-88494 1
27728 1
45543 -2
36171 1
-76627 -1
-71737 -2
-52981 2
-66098 1
-16855 -2
12717 2
27844 1
6693 -1
-19044 1
-69509 1
-25682 1
8976 1
9327 2
-31916 -2
14573 -1
-98573 1
-94409 2
-43811 1
4404 -1
39951 -1
-28521 2
25616 -2
28112 2
21850 1
-77858 -2
-96525 -2
32610 2
21358 2
-64916 -1
-53280 1
-66267 2
46188 -1
-93598 -2
-56667 2
-13098 1
5798 -2
26006 2
-38178 1
-46196 -1
-87946 -1
-16713 -1
-68540 -2
26223 1
-46888 2
-24986 -1
-54126 2
28321 1
-92693 2
-49043 -2
34943 2
-72921 -1
22910 2
-79451 -2
41726 -2
-96204 -2
-59447 1
-28720 -1
46680 -2
-9249 -1
-86441 -1
-61900 -1
-42624 -1
33678 -2
21958 -2
-41855 2
48603 1
-6344 -1
27316 -2
12967 -2
23464 -1
46888 1
36338 -2
-16251 -1
-6431 2
-32853 -1
-8291 -2
-75398 1
35654 2
49987 1
-92305 -2
-56036 -2
-50339 2
-95319 2
-97455 -1
-30438 1
35882 -2
-784 2
-39886 -1
36276 1
-44189 -2
25896 -2
-67 -1
-84722 1
-16159 1
32768 -1
986 2
-34114 1
-53700 1
-39877 -2
-99835 -1
-14652 2
-41497 1
-31212 -2
-99158 -2
30790 2
15907 2
-17392 1
-25912 -1
-12119 1
-1642 2
-29809 -2
-47294 -1
-19652 1
-58912 2
-35565 -2
-11416 2
-39291 2
-75948 -2
11930 -1
-93865 1
10008 1
-68288 -1
-97192 -1
-52822 1
-48335 -1
-97779 -1
-92036 2
-79784 2
42376 2
42386 2
22063 -2
45222 -2
-50312 2
-69945 -1
40290 1
-95810 -1
7807 -1
39371 2
46420 -2
38554 1
-71863 2
-55237 1
34748 1
11645 -2
-66704 2
-9318 1
48967 2
-9131 -1
18829 1
45088 -1
-65230 -2
-98441 1
-32740 -2
-23719 2
-51308 -2
-6232 -1
34792 1
-54684 1
-45389 2
27118 2
45695 -1
-43808 2
15323 1
-75258 -1
-20230 -2
-47332 1
45180 -2
-58004 -1
-98998 2
-80690 2
-31833 1
1197 2
-90284 -2
-3044 1
-4987 -1
-58893 2
-62124 1
-36798 1
-7356 -1
-58445 -1
-86609 -2
19655 -2
12953 1
-28393 2
-11327 -2
-16382 2
-6307 -2
45245 2
-16357 -1
-93575 1
-39344 2
2175 2
42475 1
41601 1
-41073 -1
18967 -1
-20113 2
-67958 -1
-37146 1
-26631 1
-44451 -1
-11962 -1
36875 -2
-32046 -2
-17265 2
-21356 -2
-70639 -2
23776 2
21578 2
-57096 2
-70710 1
-84153 2
-24664 -1
-30936 1
-85056 2
-41388 2
332 -1
-65606 2
35937 -2
10579 -2
-7442 -1
6524 1
-30628 -2
38257 1
-85734 -1
-87726 -2
38696 2
-40787 -1
-39998 -2
-20806 -1
36869 -1
-90400 -1
-79036 1
-85304 -1
-21053 1
43748 -1
-39102 -1
42391 -2
-83567 2
-28920 -1
4196 1
-83461 1
-47477 -1
7137 1
-49974 2
-12712 -2
46945 -2
23250 1
18755 1
-7011 2
19609 -1
-79972 2
14903 -1
-63964 -1
-4090 2
-92551 2
-51549 1
-97285 -2
-2061 2
-31726 -1
-51780 -1
37103 -2
35837 -1
-34107 1
12445 1
-57969 1
-85490 -2
-86318 1
-95867 -1
-16922 -2
-69757 -2
4412 1
-26145 2
-72328 -1
41679 2
-12504 -1
-53011 -2
-35976 -1
-74423 -2
-25332 2
-99558 1
-24129 1
9347 -2
48266 2
-11686 1
-87171 -2
22017 1
-20862 1
-19972 -2
-96282 -1
-43603 -1
-88941 -2
-30046 1
32594 -2
-29654 1
-88646 2
-28480 -1
-2822 1
-35574 1
-3062 2
8127 -2
-83313 -1
38551 2
-90239 -1
7030 2
-25744 1
-86211 -2
-57930 1
-48782 -1
-47070 -1
-25792 1
-93159 1
-61286 2
-3410 2
-88752 -1
-70647 -1
-34612 -2
-49747 1
29405 -2
48024 1
-90911 2
-62322 -2
-80786 -1
27698 1
-91981 2
36935 -2
-49660 -2
-96036 1
-77588 -2
-84964 2
-23880 1
48530 1
-86850 2
-39754 -1
18726 -2
27112 1
46384 1
-34239 2
37422 -1
35993 1
-97460 2
-98191 2
-80678 -1
-33598 -2
-35455 2
-15193 -1
5757 -1
-38726 1
27835 1
-94241 2
30358 1
-47523 2
46870 -1
-14773 -1
-15296 -1
-99283 1
-94331 -2
-79337 -1
-33164 -1
-9854 1
-18141 2
-75202 -1
-55993 -1
-12001 2
-40986 -2
30773 -1
-82197 1
-87832 1
-37836 1
-36709 -1
-46434 -2
24779 -2
-44020 -1
-7075 -1
-49197 1
13829 -2
-89348 1
-77922 -2
19293 -2
9511 -2
-35132 -1
-65126 1
-90147 2
-41248 1
-20623 -2
20819 -1
-41554 2
-7463 1
-9237 -2
-65986 -2
43098 -1
-31597 1
-9010 1
-57240 2
16058 2
3724 -1
-57519 1
-36494 1
-34410 -1
-6845 1
-98217 -1
2401 -2
-25399 -2
12550 -1
-69689 1
46823 2
-37742 -1
5151 -1
-79158 -2
3306 -2
-44678 1
46337 2
28311 -1
25532 1
24762 2
19967 1
-53868 -2
-48868 -2
-57401 1
-24262 -1
-41752 2
-95932 -2
40707 -2
-2791 1
-87703 2
-35665 -2
-38928 -1
23971 1
-65794 -1
-6921 -2
-43820 -1
-40967 -1
-19148 -2
18557 1
-72279 1
13367 -2
-83789 2
-60649 2
-54339 1
26913 -2
22773 2
-15988 2
-45060 -1
17396 -1
33492 1
-78794 -1
-16931 1
-56619 -1
24002 -1
-93211 -2
-44402 -2
-98643 -1
-33743 -2
-83917 -2
45295 2
-29034 -2
32329 2
-95283 2
32513 1
-52230 -2
-62143 1
-24077 1
-34228 1
28002 -1
31545 1
-87798 -1
-77886 -1
45601 -1
22895 2
-62269 -2
-78665 -2
11024 1
-20928 -1
12823 -2
-32670 1
-11606 1
12391 -2
-78343 -1
-33261 2
-86233 -2
-78155 -2
-28573 2
-82678 -1
301 -1
-91635 1
9854 -2
-20474 1
-61592 2
1177 -2
-56921 1
-82558 1
-95113 1
-11667 -1
4855 2
-47283 1
-91904 2
35305 -1
-32451 -2
25606 2
-71579 -1
-28841 2
-87662 1
35652 2
-63356 -2
-92846 -1
-8950 -2
-32779 1
-79574 -2
-797 -2
-48985 2
14099 -2
19847 -2
-41649 -1
-25773 -1
40845 1
-41566 -2
-16267 -1
-50169 -1
44845 -1
-99435 -1
-4103 -2
-82080 -2
-65237 1
-34517 2
14998 1
-80391 -2
-24189 1
-30370 1
2703 -2
-49753 -1
-88591 2
-50951 -2
31414 1
-60683 2
-97829 2
-89247 -2
-18534 -2
16780 1
-11556 -1
3659 1
-89470 -2
-3427 2
15628 -1
-2282 2
-88006 -2
-9858 -1
-74101 2
-16338 1
-92364 -2
-10788 -2
32480 2
11781 -2
-71713 -2
39069 1
-36407 -2
-57483 2
-36975 -1
21739 1
-74397 1
-88726 -1
40925 1
-31884 -1
-80165 2
-84151 2
-88348 1
8120 1
-25702 -2
35787 -2
-87495 -2
26882 1
-18024 1
-90579 1
-32445 2
46672 1
-16330 -2
-90986 -1
-38021 2
-51322 1
-70227 1
-9051 2
-61711 -2
30539 2
17659 -2
-72717 -2
44272 -1
-54437 -2
-13033 1
-22153 -2
19363 1
-98147 2
-92006 -2
-57266 1
-6300 1
-19265 2
3826 1
-8776 1
37575 -2
-81372 2
28126 1
-67633 1
-78551 -1
27676 -2
-36843 -1
39506 1
-8478 -1
-5038 2
-11255 -2
-78222 -1
11588 1
47536 -1
14869 -1
-45879 -1
17740 -1
-85526 2
-75261 -2
-13548 2
-36110 -2
-28644 -2
-75376 1
40516 -1
-96546 -2
-48614 -1
8561 1
-63693 2
-14053 2
-67871 2
46307 1
1824 -1
-65464 -1
-69004 1
-29719 1
-77761 2
33335 -1
40033 2
-28271 -2
-38227 -1
-92986 2
-14253 1
5725 1
-77241 -2
-94155 -2
-56936 -2
5482 -2
28374 -1
-86917 2
46115 1
-95933 1
-80066 -1
28404 2
-10229 -2
-44656 -2
23316 -2
38392 -1
-58517 2
-11538 1
-88692 -1
-82637 -1
-58240 2
-84093 1
-69623 -2
-73409 -1
-84954 1
13843 -2
1416 -2
-17309 -1
32813 1
-9737 2
16732 1
-48361 1
-37964 -2
-78414 -2
-29886 -2
14172 2
-34812 1
-88476 -2
-7053 -1
2809 1
-9960 2
-96602 1
-35601 -1
-18354 -1
-16738 2
22383 1
-63587 2
-100 1
-99172 -1
-16334 -1
-65712 1
47569 1
-50374 1
44065 -1
-99818 2
-91538 -2
-58603 -1
-55757 2
8331 1
-253 -2
-29031 1
-99600 -2
-27175 1
-66754 -1
-62779 -1
-19524 2
-5821 1
32108 -1
-88845 2
-59293 -1
17907 1
-39523 2
-66750 -2
-7988 -1
-36917 -1
-40794 -1
3439 -1
-38404 1
-15662 -1
-62989 2
-90046 -1
25959 1
-45408 2
-18490 -1
-80955 -2
-39777 2
-19344 -1
-2108 1
44941 1
-45183 -2
-53852 -1
-92228 1
-92015 -1
10366 1
43170 -2
-27766 -1
19670 2
27716 -2
48468 -1
-93984 -1
-41090 1
-71180 -2
-62024 1
-24918 -1
-13316 -2
-77202 -1
35185 -2
-68684 -1
-76420 -2
24636 -1
-47646 1
-60697 -2
-93371 1
9912 -2
10051 1
20422 2
-97594 -1
-34158 2
-98579 2
6964 1
-30247 2
-30567 2
-89174 2
-60508 1
-72397 -1
-90995 2
-16551 -2
-11300 2
-94239 -1
-59237 2
47367 1
-26572 -1
-16360 1
30516 -2
-8614 -2
-23502 2
-55813 -1
-81712 -1
15395 -1
-37299 2
-41 -1
-84564 -1
43059 -1
23065 1
-98268 2
-53313 -2
-58562 -2
-74736 1
-7555 2
-33919 2
-74208 -2
-15618 -1
2042 -2
-66593 -2
-58163 -1
-87160 -2
40009 2
16208 -1
-57799 -1
-56959 1
36267 -1
-84248 -1
25612 2
-5628 -1
-5599 1
43202 -2
31572 -2
-70848 2
-96717 2
-70147 1
12988 1
26799 -2
30286 2
-60359 2
36540 2
2820 2
-41373 -2
-56083 2
-50680 -2
-7515 1
-33585 -1
-21235 2
-84115 -2
-3790 -2
1152 -2
-6176 2
-37139 1
32113 1
-39321 1
-84338 2
-938 2
-56739 1
20955 2
-28057 -2
19569 -2
36718 2
40711 1
-35015 -1
7355 -2
-43664 2
-3801 2
-41270 2
3707 2
-35936 -1
-95149 1
-88567 -2
-49156 -1
42626 -2
-46792 2
-71164 -2
-71461 -2
-58548 1
-81762 -1
33852 1
-57749 -1
3714 2
17816 -1
-64190 2
-32477 -2
1649 2
-31134 1
42627 -2
-70076 2
32104 2
-94248 -1
34886 2
-23579 1
-97987 -1
-25776 -2
-55651 1
-26624 -2
-79708 -1
-45651 -1
-1112 2
-54749 2
31899 -2
8759 1
-86607 2
-26729 -1
4268 2
15085 1
-12849 1
47046 2
24770 -1
1092 2
42930 1
-21120 -1
-86863 -1
-29332 1
-77497 2
-20026 -2
-19708 2
23305 1
-70998 1
-76633 2
24025 -1
-77510 -2
-16344 1
23077 1
20982 2
18257 1
-84521 -2
-23320 -1
-75213 -1
-12519 -2
-76251 -1
-70736 -2
-97670 2
-36169 2
39778 -1
-36574 2
-51702 -2
-92221 -2
1772 2
-67237 -2
-81822 -2
-63552 2
17274 -2
-61201 -2
-91253 2
-76128 -2
-34176 2
-69494 2
24811 -2
-74823 -2
43013 1
-26889 1
12011 -1
-8747 1
-25029 -1
48890 -2
-89428 2
-27414 1
-58545 -1
-31650 -2
-72867 -2
-26270 -2
-16550 1
26452 -2
-19541 1
-94050 1
-56334 -1
38505 2
-64653 2
-33817 2
-19587 1
-54828 -1
-95673 2
19986 -2
39711 -2
41963 -1
-76824 -2
-19517 -1
42658 -2
42616 -1
-61291 2
-74385 2
-8752 -1
-23126 -2
45535 1
-93981 -2
6877 -1
-91344 -2
-73574 -1
7515 -2
-11696 -1
30856 2
44948 -1
1108 1
-48053 2
9696 1
-53452 1
20986 -1
-83722 2
-96647 -2
-75221 2
-86347 1
14400 -1
4655 -2
-26128 -2
-96857 2
41580 -2
-33735 -2
-64135 1
9972 -1
-42157 2
2241 -2
20470 -1
-42783 -1
-52591 -1
-58045 -2
-12863 2
-53160 -1
-5062 -2
-66887 -1
-92959 1
-14718 -2
-99838 1
-73847 2
2119 2
33049 -1
21776 -1
-94081 -2
-9150 -2
-31958 -2
27783 -2
-86583 -1
-72045 -1
-12378 1
-56181 1
-92707 -2
35367 2
32100 -1
-47328 1
-80866 1
-74956 -2
-74605 -2
42389 -2
-32634 -1
15271 -2
-30818 1
-12270 2
29481 -1
14459 -2
-90752 -1
12175 -2
3617 2
13131 -2
-83011 -2
-96961 -2
-43580 -1
-7954 2
-39827 1
1282 1
-76986 -2
14416 -1
-35365 -2
-34576 2
-32576 1
-48928 -2
42789 2
18578 -1
-59619 -2
-87188 1
4274 -1
-60075 -2
-36625 -2
6093 1
-77708 1
-23052 1
-550 -2
10100 -2
-45313 -2
-53699 -1
-30694 1
-3500 2
38624 -2
17302 -1
-96374 1
-97920 1
27047 2
-9748 -2
-95742 1
-471 2
-50361 -1
40880 -1
13322 -1
-70395 2
-92152 -2
17100 1
7828 -2
-73200 -1
-1457 -2
-34287 -1
43265 1
26141 1
-34372 2
-25441 1
-35411 -1
-17989 2
-8523 -1
-77820 2
-26603 -2
-27808 1
10800 2
-87079 1
-43331 1
-43712 -2
-35947 -2
-37981 1
-17604 -1
-69508 2
-84425 1
39493 2
-46414 1
-77489 2
-68738 1
-34234 2
-20269 1
-29837 -1
46667 -1
-26140 -1
41461 2
13312 -1
-57629 2
-69424 1
-95489 2
-95147 -1
-72521 -1
-84028 -1
7088 1
-49139 -2
43904 1
-1894 1
1737 2
-72635 -1
-70329 -2
-54988 1
8028 -1
20861 -2
11693 -2
-58902 2
-80287 -1
-40859 -2
4891 -1
-94898 -1
-75695 -2
-52291 1
-89852 -1
-57086 -1
-18391 -1
26625 -1
4029 1
12250 -2
26875 -1
-75893 -2
48239 1
-85049 1
-73617 -2
-65403 -2
23499 -1
28823 1
15813 -2
41135 1
-53228 -1
22360 -2
39721 1
40669 1
15161 -1
-41335 -1
-88651 -1
-42160 -1
30958 -1
-85830 2
-32331 1
-71387 2
-80683 2
-97 -1
-44502 -2
24693 2
-2353 2
-36417 -1
22389 2
42457 2
-80943 -1
-89131 -1
-39704 -1
-31762 -2
-75359 2
-63617 -2
-81599 -2
-83419 1
-33386 -1
-92807 -2
-76886 -1
34638 -2
35934 2
-27148 2
-39175 -1
-77188 2
-15102 2
-55008 2
-70235 1
-72163 2
-77372 -2
24511 -1
-67882 2
-62602 -2
-23028 2
34243 -1
-558 1
-76782 1
-11216 2
-95268 -2
41350 2
-3829 1
-27723 -2
-60943 -1
26854 1
-53541 2
-651 -2
-86871 1
17136 -2
48638 -2
14597 2
-15798 -1
-81016 1
-94157 -1
-27905 2
-95977 -1
-58695 1
41938 -2
-43386 2
25121 -2
33430 -1
-41631 2
46339 -1
-38551 -2
31209 -1
-94891 2
-54177 1
31489 1
-53475 -2
15523 2
-89380 -1
18003 -2
-91119 -1
-80888 2
11409 1
-26618 -2
-54543 1
-41879 2
21531 2
-63003 -2
-3755 -2
29643 1
-91751 1
3331 1
-89659 -2
41886 1
-93363 -1
-86741 -1
31240 -1
-94592 2
-9708 -2
-1974 2
-9181 1
-54605 1
-69525 -1
-27991 -2
46924 1
-37721 -1
18058 -1
-12590 2
-91215 -2
-20034 2
-32751 -1
-88448 -2
45783 -2
4609 -2
-34405 -1
-81347 2
-82382 -2
-41977 1
-71245 2
38749 2
47694 1
22831 2
16776 2
48377 -1
32138 2
46274 1
10621 2
8536 -1
42038 2
-67585 1
-58565 -1
-53125 2
-31611 -2
-96345 2
-46390 2
38021 -1
-68226 -1
25380 1
-3553 1
-34272 -1
38890 -1
25839 -1
-78123 1
-89664 1
-49142 -2
-47500 1
-85550 -1
-58742 2
-90453 2
1105 2
37054 1
-76732 -2
-81322 2
28647 -2
-85689 -1
-21200 2
-28888 -1
-85582 2
-49100 -1
-90267 -1
9245 -1
3737 -2
-64585 1
48319 1
44425 -2
-32489 2
-17318 -1
-45609 2
-88073 -2
49468 -2
-63839 -2
-90786 1
-37857 -2
-70580 2
37840 2
-43784 1
6253 -2
-98330 -2
-3180 1
-62500 2
18680 -1
-66653 -2
-53329 1
26290 -2
-23569 -1
22737 1
-98641 1
17860 1
-16594 1
30218 -1
-18600 -2
-21852 -1
32470 1
-23932 2
17852 2
-71815 2
-52457 -1
-26765 -1
3786 -1
-63276 2
-79523 2
-32068 -1
-32295 -2
-29957 -2
7202 1
-16957 -1
10425 -2
-74604 1
-50841 1
-16008 -1
8584 1
-35610 2
1622 1
-16043 -2
-32066 -2
-13970 2
-7362 1
-38620 1
-5576 -2
-92255 2
-54653 -1
-22962 2
42665 2
-91166 1
11315 1
-27359 -1
-57512 1
-31567 2
-27954 -2
-21067 -2
-41693 -1
-34456 2
19079 -1
9517 2
-49185 -1
19544 -1
30229 -1
13835 1
-39870 1
2316 -1
-23840 -1
32136 2
-22387 2
-51699 -1
42501 2
49756 2
635 2
-42908 1
-98077 1
-92012 1
-12087 -2
-16281 1
-96061 -2
-73961 -1
42958 2
-11893 -1
36705 1
41661 -1
-53118 -1
-350 2
35390 1
44908 -2
46260 1
49854 1
13248 -2
6533 2
-56533 -1
-18158 1
29644 -1
28243 -2
-96245 -1
-16126 1
-86270 -1
39646 2
-28202 1
-62522 1
26208 1
-49290 1
29387 1
-94889 -2
31640 2
-93620 -1
31153 -1
-42324 -1
36446 2
-15979 -1
-48584 -1
35164 2
15350 -2
28062 -2
-9 2
16262 -1
-90097 -1
-68994 -2
-33995 -1
-76585 -2
-70926 -2
-63327 -2
-60045 2
-79010 -2
-28494 -1
29674 1
-35770 -1
-47009 -1
38181 -2
-26088 -1
-91920 -1
21284 -2
-28539 2
-62969 -1
-29318 1
-17416 -1
-51938 -1
29231 1
-24350 2
-11777 -2
7337 1
15443 -1
-27090 1
-34161 -2
23838 1
-61156 1
-14782 1
-40438 2
21174 -1
-1329 -1
-3226 -1
24280 -1
-52177 1
28281 -2
-50978 2
-86660 -2
22579 2
39206 -2
19979 -1
-91897 -1
25419 2
-75130 -2
-5940 1
-10876 -2
-31495 2
12140 -2
-74696 2
-84667 -1
2137 1
46541 -2
9421 2
-92987 2
-61890 1
36063 2
-81569 2
-37936 -1
-81604 -2
22242 1
-61404 2
-70272 -2
-58293 -2
25539 -2
49369 1
-62154 -2
-62540 -2
-70893 -2
-16106 2
-15190 1
-27626 1
-42127 -1
37718 2
42015 1
6991 -2
37880 1
17257 -2
-9600 -1
-78232 -2
7609 1
-64600 -1
-16367 2
-55299 2
-54451 -1
-64677 1
-5141 2
17726 2
-47266 2
-22815 2
-87456 1
4487 1
-77166 -1
-41739 -1
-30688 -1
-23486 -2
27759 -2
-11729 -1
34104 2
-97137 -2
-31664 2
-74415 1
-35934 2
36923 -2
8507 -2
27515 2
-266 -1
-59495 -1
7959 1
-19813 1
40478 -1
-5298 1
42546 2
-11993 -1
25540 -1
-49441 -2
-77439 -1
-97226 -1
-88662 2
33779 -2
-64210 2
-65326 1
-25408 2
42904 -2
-99947 -1
-9072 1
-70570 2
-55369 -1
24531 -1
-36016 2
11971 -2
6067 1
-86471 2
-67097 1
-96054 -2
-2876 1
-88930 1
8640 -1
-25107 -2
-38651 -1
-76239 1
-25919 1
-22822 2
-58437 2
3607 1
19634 1
-69976 -1
5163 -1
44081 -1
-57819 -2
-8182 1
-46560 1
-11973 1
19309 -2
-86795 1
-18526 -2
-76664 -2
32722 1
-37165 2
365 2
-882 1
-55502 1
38641 -2
13372 -1
11460 -1
13324 -1
-40960 2
-20699 -2
-4838 1
-33296 2
-39097 -2
-21694 2
-60877 2
-34139 2
29570 -1
-77071 -1
-27761 2
-49918 2
-88561 -2
-597 2
-40256 -1
15225 -1
687 -2
-18575 -2
-95041 -1
-7047 2
-76156 1
-73346 1
-44159 2
7973 2
33159 1
-47599 -1
-57696 -1
801 2
-49936 -1
-88990 1
44432 -2
31946 2
-48794 2
49008 1
-29111 -2
-37532 2
-67368 2
9957 -2
-52891 2
29744 1
-60701 -2
-99517 1
47438 -1
-43827 -2
-24427 -2
-92885 2
-99908 -1
-31141 2
-7485 2
-42050 1
-15560 -1
-76717 2
-33432 1
-40668 -2
4960 -1
-25909 2
-58988 -1
-18905 1
-7066 2
24948 -2
28378 -1
36489 -2
-68012 -1
-15004 -2
-36209 -2
-12171 -2
-96465 -1
-62381 2
-74416 2
-47910 -2
-97425 2
-94214 1
38005 -2
-2575 -2
12579 2
-58762 2
-13530 1
-95176 1
8788 2
-76161 -1
-66925 -2
10440 2
-32539 -1
3472 -2
41225 -1
-5766 2
-93800 -2
-30210 1
-16324 2
36753 2
48323 2
-99566 1
42849 1
-79919 1
-76004 -1
-37389 1
-71853 -2
8219 1
27544 -2
43427 -1
-93292 -2
-29975 -1
-73930 -1
-82093 1
-12613 -1
-28404 2
19393 2
-29796 2
-18974 -2
-6280 1
-23862 2
28252 2
-66271 1
-43384 2
-95793 2
-28947 -2
-40991 1
-48528 -1
-5051 -1
-67327 -2
-84297 2
-95774 1
-19100 -2
5642 1
-97559 -1
-59603 -2
-35762 -2
-20848 -1
-62279 1
-70941 -1
-1141 -2
-17465 2
-37634 -2
17324 -2
85 -2
44446 -1
24118 2
-11557 -1
-5266 -2
-24514 1
21332 2
-85276 -1
-53960 1
42114 1
-95516 1
-72615 2
37592 2
-20884 -2
45044 1
-82843 -1
-72 -1
48969 2
-12546 -2
-82785 -2
12625 -2
-31264 -2
-39979 1
-4156 2
34932 2
-84258 -1
-50397 -1
-38106 -2
-96417 -1
-1062 2
42766 -2
-28380 -1
-23142 -2
-50295 -1
16380 -1
-31501 -2
-13525 -1
-22950 -2
-27874 1
7599 -2
-62094 -2
-93156 -2
14925 -1
-77046 -1
-5502 -1
-6659 -2
41006 -2
34124 1
-81867 1
4167 2
-67894 -1
-91666 1
-60468 -2
-29519 -1
-67673 2
-56314 -2
-11111 -1
-86635 -1
-49709 2
236 -2
21015 2
-73688 -2
17425 1
46500 2
-13257 2
15494 1
-90324 2
20022 1
-89694 1
-77537 2
-53896 -1
-10798 -1
-22890 1
47296 1
3198 1
-78909 2
11134 -1
-37630 2
-59529 1
-36907 -2
-78184 -2
-30176 2
-30937 2
3838 -2
-96136 -1
-87565 1
-75308 -2
10683 -2
-55534 -1
47991 -2
-77349 2
21580 1
-96443 1
-9108 2
-60055 -1
-30446 1
22219 -1
6503 1
-71415 -1
-59668 1
14136 -2
-89231 1
8269 -2
-18678 -2
-44378 1
-94741 -2
-11946 2
19422 -2
-91476 -2
-89861 -1
-85224 -2
-83171 2
30411 1
23496 -1
-69841 2
-60552 1
-67078 1
36120 2
-4919 -2
27912 -2
27451 -2
-13273 1
-68670 1
-71891 -2
-97343 2
-76225 -2
-51696 -2
20992 -2
16546 -2
-87387 1
-91634 -2
-85512 -2
49512 -2
29057 2
33339 2
40377 2
-14444 2
-67536 -1
-97206 -1
43670 -2
-32055 1
-90829 -1
17879 2
8475 2
-61061 -2
-50752 2
-24996 -1
-51675 -2
-13319 -1
-51982 -2
-61861 1
-22382 -2
-27784 -1
-13162 -1
-74334 -1
-97666 -1
29788 -1
-82533 -2
12852 1
-47076 -1
-81147 -1
-73723 -1
-35020 -2
28585 -2
-85226 -2
-39197 -1
-51980 1
-81397 2
-91051 2
-78258 1
1870 -2
-94972 -2
-27008 1
2341 -1
19091 -1
-47324 -2
-48645 -2
-18094 1
-84990 -1
21072 -1
-60278 1
-49901 -2
38692 1
-52195 -1
-29648 1
-45372 -2
-87458 -1
-58271 -2
-75811 2
-63171 2
7822 2
-2162 1
-25966 -1
-7535 -1
-78240 -2
49370 -1
-8603 -2
-29558 1
-22137 2
32858 -1
47505 -2
39675 1
-35466 1
-50283 2
44062 -2
22494 -1
-96623 2
-36085 1
43983 -1
-76093 -1
-92913 1
-63877 1
-34355 -2
-9896 1
-35271 -2
-74965 2
31747 -1
-9664 1
-8255 1
-57481 1
-55561 1
-92606 -1
-44597 -2
13615 -1
-92750 2
-23489 2
47827 2
-2425 2
-92051 -2
28003 2
-11426 -2
-2424 -1
15134 -1
45870 2
-24296 2
-75134 1
24278 2
-9343 -1
-62442 -1
-38614 2
-64724 -2
-58237 2
-77937 2
-64336 1
-49545 2
8853 1
-59309 -2
-85101 2
47775 -1
-19303 -2
42748 -2
-31314 1
15396 1
-10399 1
42634 -2
32927 -1
-10959 2
28607 -2
-73247 1
-79639 -2
-15472 -2
-27329 2
-33280 -1
-45638 1
-99060 -2
-2032 -2
30181 1
29456 -2
-52937 1
25553 1
22919 -1
-9001 -2
-65833 -1
-39949 -2
-19872 2
37128 -1
-18706 -2
-57720 -2
-54941 -1
-93732 -1
26147 -1
-51790 -1
-30800 -1
-58504 -1
1721 2
43075 -2
-61052 -1
-64519 1
-76451 2
18270 1
-66636 -2
-3308 1
-12353 1
-19637 -2
-48729 2
-49451 -2
-34022 1
6646 2
-98323 1
-60662 -1
43376 1
-2869 1
-19512 2
-27063 -1
276 1
28173 1
18585 -1
-84349 -2
30180 2
-91652 -1
-2180 -1
-80325 2
-37881 1
-56828 1
-13883 -2
-22713 -2
1531 1
-43470 -1
43258 2
-99718 1
44482 2
15305 2
39911 2
-39268 1
-29566 1
-22048 -1
-83622 2
-23774 -2
-88959 2
-41901 2
-72017 2
-44458 1
-62771 -1
33762 1
-2873 -2
-3232 -2
-45091 1
48126 1
-59914 -1
-46109 -1
19473 -2
12199 -2
-42900 1
-54252 1
19869 1
48503 2
6264 2
-51522 1
1979 2
-45077 -1
-10925 -1
29006 -1
36387 1
-99388 -1
30152 2
-19119 -1
2559 -2
-19639 -1
-78264 -2
-52096 -1
-17320 -2
-43754 -2
-41443 -1
-68251 1
-77779 1
-37883 1
-71036 1
-57170 -1
-63607 1
-9136 -1
-10778 2
46436 -1
32939 2
-68113 2
-44491 2
4356 1
-18863 -2
-27669 -1
-81432 1
-36706 2
-80335 2
-89510 -1
-75552 -2
11680 -2
-20651 -1
-30832 -2
1097 1
4608 -1
-43723 -1
6578 1
14087 2
-59441 -2
-45350 1
9400 1
22698 2
-46052 1
-58679 -1
356 2
-3700 2
-59686 -2
-49543 1
-26625 1
49985 -1
16611 1
-44144 2
-93141 2
24167 -2
-11165 -1
38605 1
-42121 2
-23359 -1
8225 -2
-58774 -1
-88571 2
-61557 -1
19320 -2
-23658 -1
-64843 -1
-11382 2
-75775 -2
-94495 -1
20134 -1
-89233 -2
-42901 -2
33654 1
21156 -2
-17554 -2
-82175 1
-30285 -1
-93064 -2
48115 -2
-78466 -2
-569 -1
35421 1
-39396 2
-92199 1
32274 -2
-75290 -2
-17613 2
-84051 1
-10794 -2
37856 -2
9539 2
-6205 2
15084 2
15132 1
39327 2
32306 -1
27683 1
37026 -2
2059 -2
4337 -1
-2778 2
-99958 -1
-93536 -1
-19396 2
-45836 2
-96454 2
-32549 -2
-48740 1
-50282 1
-37310 -1
9124 2
-73880 -1
5846 -2
-69187 -1
-40386 2
-39000 -2
-80759 1
-69263 -1
15651 2
48272 1
-4997 -2
-23305 1
-61438 -2
42219 1
22499 1
-80554 -1
47692 2
-95297 1
-16097 2
-49675 2
-1001 -2
23531 -1
-68323 -2
10494 1
-24696 -1
-44919 1
-73036 1
42130 -2
-93635 1
-24838 -1
39063 -2
-82338 -2
-19050 -2
4296 1
-42950 2
28652 1
-68047 1
-23358 2
9746 -1
-49237 2
38796 -1
-74361 2
-87361 1
-18855 -1
-6471 2
34859 1
-13611 2
45146 -2
17747 2
15401 -2
8596 1
-1617 -1
-76178 -2
43428 -1
-46058 2
-8475 -2
-90418 1
1643 -1
-37709 -1
-2451 2
15650 -1
-93095 -2
-47127 -1
48623 1
-28396 -2
44170 -2
-99373 -1
48351 -1
-23575 1
-93965 -1
-85906 2
37815 -1
-94532 -2
17029 2
-40081 -2
-4096 1
20006 -1
19229 2
-98736 -1
-19437 -1
-57050 -2
10223 -2
-44774 -1
-57041 1
-22598 -2
98 1
49910 1
-9950 2
-70073 -2
-82792 1
523 -1
43518 2
-54757 1
9904 -2
-11984 -1
-76676 -1
-57317 1
46894 -2
38397 -2
35864 -2
-84690 -2
46313 -2
44721 -2
-35677 1
-92749 -2
-71441 1
25241 2
-96068 -2
-1865 -1
-66462 -1
16483 -2
-97610 -2
17986 2
22531 2
-43961 -1
25502 1
-50555 -1
26822 -2
-70976 -2
-32436 -2
47487 -1
42149 2
36807 -1
-26305 1
43398 2
-54671 -2
-53729 1
45897 -2
-75635 1
7372 2
41618 -2
6265 -1
-92733 -2
27322 2
33272 -2
-55576 -2
49194 -1
-9372 1
-98076 -2
-40429 -2
-79978 -2
41554 -2
4785 1
-2043 -1
-60727 1
-45925 2
-25106 2
18865 -1
-47138 -2
-66797 -2
-35730 2
-18996 -2
-71876 -2
-52205 -2
-62449 2
1994 1
4716 -2
-7517 2
-25538 2
-71259 2
10688 2
-19520 -1
11800 -1
-33915 -1
-91708 2
1204 -1
-7436 2
-69644 1
-87252 1
-67314 -1
473 -2
-83724 -2
-49598 -1
-58590 2
-17729 -1
-45936 -1
-29502 1
21090 1
-81131 1
-45073 -1
-44068 -1
-61947 -2
23472 2
-91247 2
38279 -1
-42413 2
-49007 -1
-56742 -2
7665 -2
-31118 -1
-5514 -1
-79420 -1
-99823 1
-9566 -1
-70058 -2
-22963 -1
-32420 -1
-14766 -1
4334 -2
-22866 1
-2906 -2
-2335 2
4269 -1
-81488 -1
-42835 -1
542 -1
-40923 -1
-14170 2
-52303 -1
13798 -1
-4910 2
-99141 2
13014 1
-17855 -2
-57383 -1
-19253 -1
-68412 -2
-71995 -1
-54402 -1
13606 2
-89641 1
46127 1
2597 -1
-21012 -1
-95086 -1
-29268 1
43401 1
-17811 2
-72860 -2
-88694 2
-90687 -2
-37232 2
-94225 -1
-62290 2
-46872 2
19355 1
29230 -1
-98929 1
45267 -1
-39936 2
-98246 1
-66857 1
-41216 -1
3763 2
34876 2
16614 -1
-51131 -1
-83930 2
-40425 -1
-87922 1
-39525 2
39339 2
17941 -1
10623 -1
-2123 -1
202 -2
25 -2
7301 1
-25846 -2
30158 -1
-55488 -1
7861 2
21729 -2
-8851 -2
23827 -2
44689 2
25576 1
-17219 1
24854 -2
42460 -2
-69296 2
-56430 -2
-24439 1
-3886 1
-72531 -1
-53510 -2
-74852 1
-72225 1
-58273 -2
-57263 1
-17622 2
22780 2
-87951 -1
-73095 2
-66858 -1
-58958 -1
-24542 2
-60979 1
42055 -1
11685 -2
-72409 1
-27203 -1
22672 1
-20094 2
-76160 -1
-81995 -2
419 -1
-72787 -2
-65993 -1
-7174 1
-308 -2
-37591 -1
-51038 -1
4243 -2
-68222 1
4478 -2
24851 2
-16901 2
39389 2
16890 -2
-10107 2
-1463 -1
-57861 1
-72454 -2
10208 1
-98943 -1
-99007 1
22316 -2
-97569 -1
-85510 -2
43379 -1
-36932 2
-70204 1
9296 -2
-3110 1
-25594 2
-93475 -2
-66134 2
-76089 1
-87446 2
-84117 -2
14679 -1
-24521 -2
-90761 -1
-8341 2
-46604 2
-75891 -2
1136 -2
48386 2
-59556 -1
31470 -1
23579 -1
-80694 1
-75625 -1
-85447 -1
17035 -1
-25124 2
-51063 1
-68426 1
14965 2
-56491 2
3355 1
-10622 -2
-14042 2
-3933 -2
-53985 -2
-26806 -2
-87465 1
-90883 -2
-5981 -2
2852 2
2115 2
29888 -2
-5658 -1
40529 -2
41095 -1
32140 -1
-54637 -1
31625 1
-75791 -2
-64016 1
13532 1
-35272 2
-65734 -2
-49399 -1
-40452 -2
30619 1
-8072 -2
1296 -1
17573 -2
24006 -1
-6345 -1
-83954 -2
30949 1
36136 2
5777 2
9850 -2
-39665 -2
-29492 1
-98026 -1
22560 -1
-54010 -1
-39410 -2
-96014 -1
-47437 1
-61314 2
4481 1
-15328 2
-11415 1
-78013 -1
6151 -1
-23220 -2
-5398 -1
44488 -2
-27070 -1
-49772 -1
46108 -1
1157 -2
-64040 1
24929 1
11671 2
-87573 -1
48392 2
19370 1
-32449 -2
29936 -1
-84482 2
6148 -1
-54946 -2
-82724 1
-94187 2
-51154 -2
-48725 1
-4504 1
-78126 2
43209 2
28954 2
-98352 1
-6684 1
-37065 -1
33747 1
-62339 1
21002 -1
-97053 2
-58649 -2
-37311 -2
-3969 1
-27896 1
-14143 1
-16389 1
-4952 1
-57195 1
-7739 -2
-26257 -2
6353 -2
29965 2
25424 2
-53494 2
-31098 2
-50549 2
-87594 1
-80392 2
48186 -1
48787 -2
-57573 2
5036 -2
45092 -1
17021 -2
-23287 1
-42294 2
26278 1
-49683 -1
-82274 -1
-5247 -1
-43231 -1
-73461 -1
25346 2
-45337 1
47726 2
-80688 2
-84124 2
-84649 -1
-76692 1
-99816 2
-67746 -2
29153 -2
-32189 -1
-5713 -2
8550 -2
23487 1
-46233 -1
-45890 1
-68217 1
-64786 -1
-94756 2
12184 -1
-23383 -2
-31707 2
-20429 2
-63506 -2
-4067 2
-52089 1
-87655 2
-36106 -2
20152 1
-45679 -2
8484 -1
-42924 2
16274 -1
-54997 -2
4976 -1
1405 1
-577 1
31778 2
28449 -1
-80686 1
-79059 -1
-63704 -1
-77330 1
14436 -2
43168 2
47260 1
47820 2
-4501 -1
-95660 1
7561 1
-1111 -2
-80084 1
-29184 2
-9847 -1
14672 -1
45637 2
-87883 1
-95879 -2
32826 -1
14806 1
-34859 -2
-80300 2
-85384 -2
-30346 2
-37348 -2
-51879 -2
-8083 -2
-83456 2
-2191 2
-78019 -1
-86543 -2
-87772 2
44427 -2
-29101 2
-20240 2
5352 1
-94634 1
-9929 1
-95233 1
-91121 -1
-2782 2
-50324 1
-85220 2
48586 1
-22513 -1
-82732 -1
24925 2
5568 -2
-91592 2
-64842 -1
46573 -2
37124 2
-23397 -1
-41633 1
18226 2
26555 -2
-82050 -2
48423 -1
-41183 1
-12940 2
-33067 1
-87744 2
-83939 -1
-44095 1
-51005 -1
-75411 1
-62942 -1
6238 -2
-32727 1
-45572 -1
1587 -1
29757 -1
-41947 -2
-81651 2
-76121 -2
-38995 -2
39766 1
-23025 -2
32635 -1
-49137 -2
-32995 -1
-97227 1
-68444 1
11248 2
-53169 -2
-9156 -1
-71132 -2
-23740 -1
1289 2
-91812 2
-87781 -1
49768 -2
-18712 1
-27851 -2
-7385 -2
36373 -1
-33488 2
-6911 1
16025 -1
44839 1
-6367 2
-92038 2
4365 2
-37144 -1
15386 1
-71651 -2
-71017 2
-58226 2
-63989 -2
-7487 1
38256 -2
-79706 1
20699 -1
41365 -2
-44456 2
27649 -2
-30794 -2
30166 -2
-59923 1
49553 -2
-52885 1
-25805 -1
-24254 -2
-96807 -2
-39784 -2
21269 -2
12343 -2
26609 -1
-63897 -1
-24471 -2
-53183 -2
-89302 1
-45433 -1
-45135 1
-60864 1
-50278 -1
-65766 -2
-19332 -2
21070 1
34335 1
-87621 -2
-64866 -2
-42899 -1
-99608 2
-42326 1
29212 2
-91273 -1
-42566 -1
-45931 1
-25211 -1
-8277 1
-63162 -2
14345 2
-92876 -1
-66287 -1
19731 -1
-65877 -2
-18906 -1
-30345 -2
-36400 1
-20710 2
-68201 -1
-54516 -2
-84754 2
22550 -1
32160 -1
27880 1
41785 -1
42417 2
31916 -2
1598 1
-88014 -2
-42681 1
-69461 -2
47705 2
-41829 -1
-22891 -2
46643 -2
-83695 2
798 1
-1306 1
-39005 -2
-90718 1
-38206 -1
-78762 1
-73739 -2
10502 -1
-10254 -2
-72166 2
-29168 -2
-28496 -2
-69666 1
-40506 -1
-18493 2
-28856 1
20813 2
16701 -1
25962 2
-65939 -2
-26593 1
-84916 -2
-8381 1
-34801 -2
-9768 -1
-34305 1
-23989 -1
-95321 2
-54529 1
38116 -2
-18902 1
-43098 -2
20132 2
20722 2
-20344 1
-34869 -1
-2008 -1
-59973 2
-67740 -2
8308 1
-12311 2
19826 -2
-65490 -1
-35183 1
-65303 2
-56862 2
-32146 -1
-60822 1
-78646 1
-91795 2
-56375 -2
38817 -1
11012 1
-85522 1
-24681 2
-74169 1
12739 -1
-4227 -1
-24171 2
-99461 -1
43299 2
-469 -1
6504 1
15540 2
20668 -2
17845 2
-36340 -1
-50335 -2
-4859 2
46593 -2
-61120 1
22128 -2
-10621 1
-96096 1
49318 -2
25841 -1
-33497 1
-27193 -1
26021 2
-73289 -2
-1478 -2
-13308 -2
-57118 -1
28799 -1
-64406 -2
-16533 -1
-18898 -1
-47805 1
48549 1
41066 -1
10826 2
-7184 -1
-79171 -1
49863 1
-68087 1
-89592 1
-2665 2
46286 -2
-96293 1
-30041 -2
-37513 1
-49594 -1
38627 -1
-33434 -1
-10439 -2
25385 -2
-36200 1
25109 -2
-84382 1
-64272 -2
-34065 -2
-70194 1
-28808 -1
23491 -2
-45477 -1
-80918 2
4750 -2
34372 -1
45162 -2
31571 1
-79251 -1
13371 1
-90012 -1
-24896 2
-61231 1
17894 -2
31138 -1
-7559 1
-88195 -1
-32839 2
-17041 -1
-97801 -2
32029 2
2516 -1
-49760 1
-9043 2
-54720 1
-79365 1
31151 1
4429 -1
19547 2
5787 -1
-63398 1
17540 2
10981 2
-68402 -1
-32498 -1
-12898 -2
-78967 2
-26372 2
6403 -1
-3475 -2
-71994 2
-8780 1
-20956 -1
18083 -1
18655 2
27512 2
-12844 -2
-99088 1
49883 -2
48349 -2
-36599 -1
-49697 -2
-12217 -1
36115 -1
-13697 2
-10341 2
24254 -1
-4502 1
-87233 -1
20764 -1
-90104 -2
16028 2
-31105 -1
-35612 1
-58804 1
10537 1
20775 -2
-46197 -1
4285 2
-53878 2
-27559 1
-47215 -2
-28562 -2
7813 -2
-7909 -1
23438 2
-30683 -2
-43463 -2
38585 -1
-52995 -1
-38536 1
-56487 2
-12075 1
-7899 -2
-8137 2
-30174 -1
12552 -1
49096 -2
-15541 2
-98585 2
-60240 2
39555 1
19707 -2
46292 2
42346 -1
47733 1
41152 2
18386 -2
1401 -2
-77986 -1
6149 2
-97426 -1
-52075 -2
-46354 -1
-5483 2
-4377 -1
8982 1
38688 -1
19833 -1
-21031 2
11095 1
10107 1
-45184 -2
-8292 -2
-52796 -1
-78366 -1
-40135 2
35894 2
32371 -1
-81423 -1
-30467 1
-44088 1
-8580 2
-65078 -1
-52788 -1
-72755 1
-61917 -2
-91461 -1
-88544 -2
21295 -2
-4816 -1
-52513 -2
23348 2
41157 -2
-75748 -2
-25066 -1
36800 -2
-81603 -2
-90526 -1
-41393 -2
-33940 -2
41779 1
36571 2
-35509 2
-59678 1
-30980 2
-99407 2
-12480 1
-7142 -1
5369 2
44691 -2
-37287 -2
-96491 1
4103 2
-73751 1
-10648 1
-61492 2
-19245 2
-48850 1
-47964 -1
47787 2
11327 1
-86506 -2
5476 -2
-96423 2
13006 -1
36932 -2
-28009 2
-40476 -2
-4654 -1
35222 -2
-16902 1
-62070 -2
-65477 -1
-46043 2
-65097 -2
34256 1
-92791 1
-9100 1
-43147 -2
-53044 -2
-58053 -1
-79094 -1
12079 2
-24405 -2
8313 -2
-73266 2
-82201 -2
17521 2
-12381 -1
30666 -1
-8677 -1
-37452 2
-50608 -1
-72997 -2
-79169 -1
-49068 2
-61271 1
-15038 -1
-28771 1
-70160 -2
-13297 2
-41092 2
27627 -2
-51877 2
17162 2
-7060 -2
-46726 1
-31681 -1
23092 2
15956 -1
21711 -1
-4672 2
-98199 -2
-36998 -1
-83088 -2
-92669 2
7551 1
-73712 -2
-80487 -1
35359 2
-86752 2
-76198 1
32663 1
-30942 2
-85139 2
-95708 1
22420 -1
-76723 1
11046 1
47431 2
27162 -2
30179 -1
41359 1
-92092 -1
-48083 -1
-24530 -2
-76983 1
-59702 1
-55394 -2
-77554 2
-81077 1
-63620 -2
-8507 2
45008 1
3260 -2
-84533 -1
-44493 -2
44130 2
-13196 -1
-12352 1
-35100 -1
32842 1
35604 1
41477 1
-25056 1
-70466 1
-63614 2
-97993 -2
20954 -1
24989 -1
22257 -2
-94020 1
-84442 2
-73703 2
-63767 -1
-53325 -2
-48747 2
23691 -1
48444 2
-21023 2
-9415 -1
-80153 -2
37927 -2
-45782 -1
-85136 -2
14897 1
-46844 -2
-7486 2
-74689 -1
-30530 2
-38324 -1
8686 -2
-26912 1
-74297 2
-89050 -1
-32435 -1
-20507 2
-99100 -2
-76461 2
48866 -2
26830 1
20805 -2
-852 1
-47567 -1
-79956 -1
-77224 -2
-70363 1
3942 1
-45973 2
-76231 1
-68629 -2
-7150 -2
-314 -2
-67890 -2
-76880 1
-31453 -2
-70431 2
-6789 1
40494 2
-35712 1
-97228 -2
-46090 -2
3987 1
-12567 -1
-69760 -1
-18788 -2
27894 -2
-2453 -2
17377 -2
-37009 -1
-15669 -1
-56666 -1
-33692 -1
-43865 -2
-74566 -2
26247 2
-42502 2
-8357 -1
-82985 -1
-19336 2
45908 2
-28276 -1
-43787 -1
-83905 -2
-3441 1
-46867 2
-46804 2
-66079 1
41517 -1
1292 -1
18318 -1
-81422 2
-60868 -2
48365 1
-69809 -1
2513 -2
-57601 1
-58492 -2
37418 1
-97523 -1
-6327 2
-97728 -1
9382 1
-58305 1
42684 -2
-51231 -2
-35133 -1
37517 -1
-95767 1
18753 2
-17668 -1
-17501 -2
-42463 -1
865 -1
-33589 2
-47184 1
-98816 2
-34047 1
-53959 -2
43034 2
21988 2
7261 2
-24218 -2
16339 -1
-67842 1
10496 -2
-30959 2
-96785 -2
2113 -1
-35332 -2
185 -2
-10857 2
26281 2
-59759 -1
-42212 -1
49389 2
-59648 2
26835 -2
-96531 -1
-30603 -1
-21581 -2
-7779 -1
-10375 1
-38368 -2
27945 2
-62316 -1
41746 -1
-46716 2
-89280 -2
110 -2
-67042 2
-34236 -1
35689 -2
-15529 2
-47490 -2
-62079 -1
-93662 -1
-80431 2
37729 -2
-16120 -2
49264 -2
-72961 -2
16728 -1
-41805 2
-9094 -1
-48284 2
-90576 1
-33198 -1
38102 1
43782 -2
-52739 -2
-50980 2
44484 1
38078 2
-88984 2
-66190 2
-46728 2
-86783 1
47697 2
18020 1
4 2
1206 -2
30816 2
-41504 -1
-86460 -1
-34440 -2
-4355 1
-37455 -2
-93230 2
-85887 -2
-31033 1
-43136 -1
-52100 -2
-44462 1
-30541 -2
-91125 -1
-11856 2
-79550 2
-20607 -2
-91428 2
18046 -2
40884 2
38690 -1
23107 -1
-59185 1
-57187 -1
-27448 -2
25276 2
-30148 1
-24375 1
10120 2
21455 -1
-83476 2
8041 1
-94542 -2
-14021 -2
-35379 1
-75571 2
-12412 -1
-7104 2
-83600 -2
-5063 2
1674 1
12049 2
-92788 -2
-14618 -2
-29874 -1
-78713 1
-81703 2
-86392 -2
10557 -1
-11766 -1
-70389 2
-79542 -1
24612 2
-15506 1
29333 -1
-31900 -1
30887 -1
-12837 1
4814 -2
-38495 2
24582 -2
-652 1
-54164 1
-99730 -1
37397 2
-21585 2
-24981 1
-99043 1
2326 1
-92446 2
34424 -1
48968 -1
-9675 2
-29189 2
-98509 1
-1853 1
-37770 -2
-49506 2
-31005 -1
2504 -1
-69506 -2
-49892 -2
35243 -1
-93641 -1
-22545 -2
47898 1
17797 -2
11486 -2
-52044 -1
-39687 1
-23940 1
-52350 1
38026 1
39078 -1
-70248 1
-6314 -2
-16654 2
-87640 1
18591 2
6960 -1
-30700 1
-93761 -2
-83955 1
38534 1
41839 -1
32990 2
-95175 2
206 2
-58047 -1
-93143 -1
25846 1
48046 -2
8714 -1
-91228 1
-75472 1
-56809 -2
-52813 2
-68037 2
-22521 1
-60119 2
-87071 2
-32600 -2
-32257 -2
-80037 1
7761 -1
-36674 2
-74728 2
-93658 -2
29175 -1
-2482 -2
-20648 1
-73308 1
-42816 2
18094 -1
-68266 -1
-63294 -1
-41282 1
-64092 2
-18792 -2
-97780 2
-40226 2
-18309 1
41240 1
31133 -2
-64801 2
-1331 2
-46843 2
36043 2
-29418 1
-81192 -1
-66328 1
-28935 2
14476 -2
-12374 2
-56596 -2
-94762 2
-65554 -2
35373 1
16075 1
-16694 1
45434 2
-12448 2
-18672 2
-30953 1
40582 -1
47731 1
-49359 2
-26563 -1
-9498 2
-12602 -1
-56722 -2
-18594 -2
-49807 -2
3494 -1
26507 1
30629 -2
16610 -1
-9466 1
25711 -1
-10657 1
-75539 -2
42884 -2
-15636 -2
-76103 -2
-26858 2
-42071 2
-49401 2
-56900 2
-22740 -2
33710 1
-5792 1
-29262 -2
-92567 1
-76044 1
-47883 -1
-80741 -1
-32808 -1
-48031 2
-70913 2
43542 1
-11306 2
-21521 2
31789 -2
3643 -2
-117 -2
-71836 -1
23015 1
-75425 2
-27356 1
-73239 -2
-73313 1
-38532 -1
-12859 1
-93926 2
-72171 1
-49150 1
-49634 -2
21141 1
-47379 -2
3044 -1
7055 -1
-46928 2
26962 -2
-45588 -1
-32397 1
-32795 2
-96342 -1
-19670 -1
-88493 -1
-99686 2
-70288 -1
-56289 1
-64626 1
-45841 1
-65093 2
-61960 -1
-10760 1
-26860 -1
-38996 1
-19779 2
37405 -2
-63072 -2
-49599 -1
-11814 -2
-67070 -2
-35215 1
-5546 -1
-2487 1
-97221 -1
17664 2
-15345 2
-76778 2
-38629 -1
-77731 -1
-92597 -2
-37700 -2
48546 -2
-30696 1
-14512 -1
43745 1
-85859 -2
34308 -1
-28200 -2
44577 -1
-59977 2
-33445 -1
4871 -2
-84664 -1
-3922 -2
-18281 2
-83782 -1
-22568 -2
-14508 -2
5066 1
22285 1
33210 -2
-66258 1
42537 -1
-88307 -1
-80198 1
25148 -2
18444 -1
11673 -2
-24894 1
-63678 -2
-63592 -2
-54884 1
34644 1
31036 1
9575 2
45973 2
-7339 2
14741 2
-88157 1
-82449 -2
35398 -1
-67605 1
-22196 -2
-82150 -1
-39317 2
-24314 -2
-37912 1
-30217 -1
-65416 -2
-6612 -1
-70055 1
32448 1
41776 -2
-81622 -2
21990 -1
-32369 -2
-81983 -2
21514 2
37226 1
46615 1
-373 -2
39305 2
-77665 1
-74838 2
-94587 2
-27305 1
22539 2
31368 2
-47423 1
4536 -2
-1150 1
-41300 -1
-7557 2
35500 -2
3201 -1
-64541 2
27052 2
-81027 -1
-1024 2
22689 -1
40088 -2
10988 1
-81262 -2
-60046 -2
-22413 1
-55190 2
-99676 2
-82210 -2
-40604 2
-25167 2
-20118 2
32421 2
26564 1
-26106 1
-8554 2
-12302 2
48930 -2
-51509 -2
-18904 -2
-52531 2
-89027 -2
-93787 -1
36052 -2
39000 -2
9255 1
-90700 -1
31478 -2
10603 -2
39117 1
-17098 -1
20755 1
-71731 1
-78475 -1
16618 2
37807 1
-68794 -2
24136 1
7886 1
43453 1
-99552 1
34828 2
-59736 2
-30488 -2
-78338 -2
-54496 -1
-70683 -1
-1196 -1
-57271 -1
-55390 1
-23469 -1
-30086 -2
-68344 -2
-73893 1
-84597 1
-51908 1
-5675 -2
-40885 2
-95947 -2
-80644 -1
-55328 2
-34950 -1
41079 2
-98039 -1
-52144 1
-36202 1
-42224 2
-75333 2
46139 -2
39310 -1
-8694 2
41688 2
19921 -1
-73222 2
-27438 -2
-77628 1
-32732 -2
-53787 -1
6243 -1
3774 1
-76551 2
-50609 2
19972 -1
43892 -2
-73509 -2
-32407 2
-13396 -1
-10887 1
29104 1
-52382 2
1971 1
-12154 -1
-76573 -1
32071 -1
46141 -2
30843 -1
-85984 1
42283 -2
-13031 -1
-6110 -1
25319 2
12098 2
35538 1
35954 -1
-57898 -1
-11879 2
21995 2
13474 -2
5946 -1
-51572 1
6440 1
-85440 -1
-13416 -2
-3605 2
-57147 2
-55389 1
49416 1
2601 2
-76821 2
-25437 -2
-70186 -1
30137 -2
-30861 -1
18769 1
-18321 -2
-80722 2
-71956 2
29137 -2
-34755 -2
-6111 1
-70134 -2
-97423 -1
-34409 -1
23737 -1
-14054 -2
20047 -2
-39859 1
-91175 -1
-93093 -2
39503 1
-92936 1
17108 -2
12851 1
-56495 -1
25673 -2
-87715 1
-6156 2
40824 2
-65496 -2
-35405 1
-98825 -1
-86667 1
-15824 1
-99989 -2
-16040 1
-58074 -1
49442 -2
8818 -2
-75661 -1
-31954 2
-61922 1
23404 2
-45487 2
10884 -2
-27055 2
-4601 1
-45708 2
-3879 -2
-74612 -2
-6638 1
-99965 2
23620 -1
18723 -2
-96556 -1
-57571 2
17309 -2
-83502 -2
-5643 -2
-38183 -1
-49483 2
-95028 -1
-70068 -1
-22969 1
2729 -2
-14910 2
11675 1
-75204 -1
-30280 2
-3890 2
23701 -2
37019 2
-70874 1
3822 1
-63301 2
38144 2
-89327 -2
-45802 1
46761 1
-88931 -2
-80286 1
-23132 -2
-86499 1
-63754 -1
-39764 -2
44233 1
-50426 -1
18597 1
-65190 -2
10595 -1
40320 1
-76331 1
-44948 2
-39981 -1
1377 2
-52807 1
-53371 -2
-4172 2
14164 1
-4414 2
-63502 -1
-92912 2
-21951 2
-14132 1
33349 2
-52970 2
-75488 2
20213 1
-39171 -1
-19805 -1
28761 1
-92946 -2
-90640 1
-38637 -2
9615 1
-48979 -1
-21960 -2
-91193 1
-72934 2
30903 -1
-22054 -2
45861 1
-68693 -2
13752 1
48847 2
-43329 2
-90567 -2
-43728 2
-94385 1
-81918 -1
38914 2
21993 -2
-5592 -1
40868 2
5643 2
-55098 -2
-37288 2
6869 2
-69595 1
-99890 2
46701 -1
-16419 -1
-40669 2
-17075 1
-52911 1
4369 2
9405 -2
15602 2
-54443 2
-24187 -1
-95758 -2
9554 -2
36877 -1
-56072 1
-51854 1
-8656 -1
-92349 -2
-84556 -1
-89451 -1
-77870 2
20873 -1
31400 -1
-5542 1
-27391 -2
11112 -2
-72368 1
-55840 2
-40252 2
-8293 -1
43796 2
37191 2
-58399 2
-68864 -1
18798 -2
-45549 -2
-93262 1
31703 -2
-84627 2
-32816 -1
27003 1
-95958 -1
-33122 2
34560 1
-14728 -2
-25691 -2
9606 -1
21561 1
-50699 1
28559 -1
17957 -1
-66036 -2
-86804 -2
-9811 -1
-83491 -1
-33306 1
-75633 -2
-64079 -1
-9721 1
-84620 1
36432 -1
-70205 -1
44423 -2
6635 1
-61989 1
7063 2
-86619 -1
-48800 -1
-42159 2
31714 -2
28497 1
-64414 -2
33337 -2
-36948 1
-10685 -2
-22412 -2
-34132 -1
25534 2
-73172 -1
-79947 1
10933 2
-74340 1
-73845 -2
39402 -1
-35512 -2
19105 -2
-95828 -1
-10295 -1
-76864 -1
1735 -2
-96766 2
-97624 2
-18877 -2
-54073 2
-26942 1
-34561 2
34172 2
26774 -1
-71239 -1
-76181 2
-14813 -1
-86659 -2
5226 -2
-35093 1
-869 -2
-34472 -1
45868 1
-19379 2
46866 -1
-3866 2
-77347 -2
-14379 2
34756 -2
-54398 2
-40713 1
14577 -1
41981 1
-22650 -2
-82883 2
-39907 -2
31210 2
-15459 -2
-3989 -2
2589 2
-3966 2
-16259 1
-80126 -2
-70572 1
21167 -2
-6883 -2
338 -1
20627 -2
-54427 2
-38327 -2
-66974 2
-78641 2
-92402 -2
-73964 -1
-80720 2
-94990 -1
-59572 1
-69589 -2
-25775 2
36912 -1
32881 -2
-78544 1
33106 1
34757 -2
-89912 1
-33378 2
6305 1
38469 1
28752 1
-51941 -2
-29500 2
-44139 -1
10372 2
-89104 -2
-31595 1
-38936 2
47390 -2
-58722 -2
-93998 1
-53633 2
-34550 -2
-38727 2
28445 -1
40349 -2
-68083 -2
762 -1
-95888 2
-68233 2
-21549 2
-43757 -2
8248 2
-64421 -1
-32610 -2
15725 -1
44905 1
-79836 1
-5950 -2
-19589 -2
-94180 2
32457 -2
19825 -2
23765 1
20315 -2
44220 -1
-32628 -2
-16438 -1
23010 1
-27933 1
37629 2
-53365 2
13508 2
-35721 1
-23198 2
-58743 -2
-5608 2
-70397 1
-72984 -1
-22825 -2
-69481 2
32804 -1
-63499 1
-23513 1
37963 1
-35548 -1
16527 2
26800 1
-22238 2
-14969 2
-54549 -1
-66551 -1
-41657 1
25399 2
37739 1
41913 -1
-81563 -2
-79662 2
36458 2
44907 -1
31116 1
22368 2
32478 -2
-69744 2
40426 2
-70075 2
29781 2
-69145 -2
-73743 2
45209 -2
-86757 2
46647 -2
-48333 -2
18548 1
43558 1
17242 -2
30125 -2
-69320 -2
35741 -2
-99237 -1
4330 -2
12324 -2
45600 1
-91145 -2
-45195 1
-56325 -1
2221 -2
-33504 -1
-67196 2
-23662 -1
-18817 -1
-97858 -1
-14620 1
30349 -1
-13163 -2
-40122 -1
30716 -2
-64607 -1
-64330 1
13174 2
-74959 -1
45992 -2
-37002 -2
-25102 -2
-21495 -1
-59657 -2
-74765 -2
18439 2
-17726 -2
-70430 1
-66501 -2
-84504 -2
39120 1
1200 -1
-98737 -2
-65831 2
13952 -1
-44465 -2
-73795 1
-56403 -2
-11748 1
-90667 -2
27763 1
-75249 -2
40569 -1
24262 1
-94293 -1
-50457 -2
-38092 1
-43844 -1
-42964 -2
31298 -2
-85826 -1
-89534 1
-28406 1
-26663 -1
-43060 2
31456 2
-92818 2
7688 -1
31466 1
41092 -1
48339 1
-14155 1
24696 1
14088 -2
-7857 -2
33280 2
-69717 2
-55745 1
27036 -1
40450 -1
-36384 -1
-93329 -1
-19766 2
25880 1
-6847 2
-40860 -2
32325 -1
-47207 -1
-57758 2
-54817 -2
25460 -2
-86458 -2
-22669 -1
21328 2
9834 -1
-20323 -2
-40042 1
-72988 1
8750 1
-28490 -2
-78428 1
-95096 -2
-59888 -1
-34209 -2
-77710 1
-45032 1
-7945 1
11157 1
-6836 -2
-59638 2
-3977 -2
-69225 -2
39439 1
-4347 2
34855 -1
30220 -2
-49385 -2
-28674 -2
18550 2
44693 -2
-42670 1
-92997 1
-68962 -2
10240 2
33109 -2
-3333 -2
39251 2
-12582 2
33936 2
-29069 1
-55377 2
26146 1
-60233 1
23997 1
-42563 2
-47141 -1
-74977 -1
-52848 -2
-7345 2
13022 -1
-44033 2
-64426 2
30829 -1
-78028 -1
-75541 -2
-74704 -2
-20663 -1
47965 -2
260 -2
-26632 2
-133 -2
-98760 2
-47876 -1
2027 1
-27913 -2
-67731 -1
-2519 -2
-30044 -1
-21395 1
15671 2
-98602 2
-58481 -2
17180 2
34377 2
32976 2
-30716 2
-58255 -1
-51874 -1
-9508 2
-47205 -2
-96588 2
-97775 1
-24690 -1
36212 2
39532 -2
-6312 1
-33969 2
-79434 1
-50571 -2
-40683 -2
-57346 -1
37170 -1
-66116 2
43569 2
-5964 -2
-56004 2
-82006 2
3235 -1
-47357 -2
-105 2
-8605 1
-21988 1
-19721 -1
-2163 2
-47388 -2
-71469 -1
13767 -1
3457 -1
5243 1
-55065 2
-66987 -2
-81503 2
-20475 -2
-89921 -2
-48773 -1
36416 -1
-91923 1
5878 -1
42623 1
-65995 2
-76339 -1
-84691 2
32904 1
-16347 2
-63625 2
-545 1
-30032 1
-23935 -1
34907 -2
-16873 2
-31894 -2
25290 -1
-31008 1
5498 1
-16435 1
-15225 1
22551 1
-89730 1
-10541 1
-98647 -1
-2257 1
2623 1
-79872 1
16942 2
-63440 -1
40424 1
-68858 -2
-88992 -2
-35542 -2
12809 -2
35079 2
-87840 2
16922 2
-53438 -2
-60516 -2
-63761 -1
-36847 -2
-9618 2
-57284 1
-60859 1
-84830 2
-38907 1
-7770 2
-75731 -2
22792 -1
-38599 -2
37298 1
42329 -1
-84281 -1
-92591 -1
33962 -1
-59180 2
-92624 1
-23718 -2
48575 1
-41213 2
-60788 2
-23493 1
-78463 1
-82506 2
3593 1
-5639 1
-16974 -1
-13827 1
-37991 -1
-6952 2
-45216 -2
-84903 -1
-40505 2
-13787 2
-30489 -2
20321 -1
-95570 1
19364 2
-68891 -1
-56755 -1
-84259 -2
-27859 2
-86409 -2
29130 1
-78818 -2
46343 1
-33177 -1
-84590 -2
-11806 -2
-76946 2
-36353 -1
-85109 1
23719 -2
46914 2
-10564 -1
-36274 -2
-28355 2
-29938 -2
41935 -2
-47699 2
-63470 -2
-25180 2
11441 2
45218 -2
-59903 1
-56086 1
-26000 -1
-90927 -1
-38851 -1
-15915 -1
1448 -2
2236 2
-54710 -1
39412 2
-47513 1
6619 -1
-22102 2
36107 -1
49292 1
46051 -1
48268 -2
-19547 -2
-5720 2
-3621 -2
-46473 1
24915 1
42259 2
-33191 -2
35825 -1
-80057 1
42700 -1
20556 2
21255 1
-32359 2
-80700 -2
38314 -1
-9765 1
-3321 -2
-88558 -1
-46865 1
39707 -2
-85160 2
-49761 2
-28593 -1
-41319 -2
-80337 2
49484 -2
-41956 1
-9031 -1
-34182 1
48453 -2
-90766 1
-10830 1
-78639 2
-50641 -1
19562 -1
-25670 1
-53656 2
-35790 -2
-55878 2
31158 1
-62382 1
-10837 -2
-71915 2
-40326 -2
-61460 2
-71569 2
-12299 -1
-24882 2
38329 -1
35980 1
-5362 -1
41133 -2
-86299 2
-72352 2
10316 -2
-55788 2
20102 1
15190 -1
-62210 2
-3242 1
-8351 2
7062 2
8074 1
-85066 -2
-53725 -2
-51741 1
17666 -1
-61048 -1
-51112 2
-14611 -1
-55969 -2
-42203 2
-86916 -1
12366 -1
-60488 -2
-93298 2
-17143 -1
-21771 -1
31659 1
27067 -2
-17376 -1
22638 -1
18540 1
-42450 2
-29273 2
-63454 -2
-24716 2
-2367 2
-88038 1
23508 1
-67142 -2
-26424 -2
-51878 2
-8782 2
27609 -2
-43400 1
27781 1
-80133 -1
-19918 2
38970 -1
26446 -1
-33688 1
6223 -1
-42172 -1
22695 1
-1881 2
-88220 -1
43337 -1
-66553 -2
49619 -2
2460 2
-21257 1
-45521 -2
-57508 2
-55820 2
-31656 -2
-91213 -2
-37316 2
-77229 2
-24324 -1
36265 -1
-3114 1
26414 2
25770 1
-86146 -1
-66014 -1
18643 -2
-22250 -1
5403 -2
-89067 -1
-2389 -2
-3430 1
-59622 2
-90401 2
17928 2
-47095 2
-5335 -1
-49490 -1
-85407 -2
-989 -2
-82123 -2
-52904 1
35022 1
-64368 1
28366 -2
-48526 -2
-23506 -2
-54201 -1
-11523 1
-18804 2
-18617 -2
-2828 -2
29490 1
5255 2
-41068 2
-57848 2
23378 -2
-88719 1
18637 -2
28620 -2
-68097 -2
-19312 1
43331 -2
38040 -2
47170 -1
39239 1
-96422 -2
-41512 -1
16428 -2
20678 1
25094 1
35274 -2
-46581 1
-40929 -1
-70792 2
-6347 2
-84236 2
-58468 2
-89823 -1
-84756 -1
-20639 -2
-32210 -2
-45500 2
-41166 2
44494 2
-21974 -2
-36976 1
-91505 2
-98278 -1
30318 -1
10696 1
-11817 2
6368 1
-90933 1
-28722 -1
-697 1
-22941 -2
-59120 1
-39563 -2
42397 -1
-72252 2
36331 -2
-90504 -1
-57598 1
6326 -1
-35363 -1
15424 -1
-68720 1
-72172 1
15515 -2
-59465 -1
-3225 2
-5812 2
34524 1
-41641 1
-46122 2
36345 2
-93377 -1
-27430 -1
38828 -2
-52753 2
27524 1
-72554 2
-53144 -2
-57456 1
-5120 1
46511 1
43868 2
6846 -1
-39878 2
-75836 1
48946 1
-55670 1
-85556 -2
2588 2
-66709 1
-57487 2
34611 1
5803 -1
-67436 -1
44315 -2
-50813 -2
-52945 1
-95863 -2
41344 -2
-75211 -2
-23945 -1
30338 2
-40676 -2
-80506 1
8995 1
-50738 2
-69636 -2
-17231 -2
21194 2
-98080 -2
11919 2
-70575 -2
-36496 -1
5397 1
-43393 2
-2302 -2
-55552 -1
-68454 -1
35907 -1
-49025 -2
-10975 -2
-85306 2
9452 1
-24504 1
-32883 2
-58642 -2
-82755 1
-63131 1
-19583 2
665 2
25653 2
-9189 1
6632 2
-55514 2
21528 2
-80343 -2
-65683 1
-13517 1
-72331 -1
-57671 1
-90606 -1
47044 -2
-18144 -2
-26282 2
-32592 -1
-51514 -1
-44753 2
-88603 1
-3570 -2
-48473 1
-71069 2
-74559 -2
-20913 -2
-806 -2
-9367 2
-85573 1
-72769 2
-43121 -2
-87135 1
-67736 1
-834 -2
-35564 -2
-59655 1
10827 -1
-45263 -2
-59849 1
27732 1
-16580 1
-91409 -1
-93894 -1
-5457 2
-6868 1
-68927 2
26860 -2
26468 1
-15837 1
-6259 -2
38653 2
24216 -1
23115 1
20850 1
-94167 -2
-30502 -1
13773 2
-46248 2
-68021 -2
-17324 -2
-23024 2
-93153 2
-74133 2
-42274 -1
-23338 -2
34287 -1
-98272 2
-65779 1
-47186 -1
-88438 1
-29428 1
-29120 1
-12109 1
-57389 2
13214 -2
-89513 -1
-93331 -1
-37437 -1
3983 2
7877 1
35680 -2
-22506 2
-45767 -1
-35424 -1
-71401 1
-77745 2
-47202 2
7987 2
-83605 2
-93194 1
-16345 -2
-12992 2
-24698 1
-90584 -1
-20330 -2
-29162 1
8276 2
22449 -2
13923 1
-51282 -1
-78332 -1
17758 2
-28179 2
5082 2
-24086 -1
19782 -2
-50811 1
10565 1
-69298 -1
3228 1
-52407 2
17892 2
-76897 -1
-84223 2
30902 -2
-54762 1
-1839 -1
-6159 2
-1921 -2
-78983 2
4581 1
-48253 2
16488 -1
4057 -1
47244 1
29398 -1
9122 1
13875 1
-89812 -2
12334 1
-57130 -1
-95846 -2
-60130 1
-47370 -2
-81936 -1
-97074 -2
-44939 1
-17848 -1
-30329 -1
-52308 -1
-76083 1
-8963 -1
-45451 1
11141 -1
19659 -2
-56169 -1
-78971 2
8660 2
-92644 1
-21898 -1
-83040 2
-7219 2
-32126 2
-73325 2
-33730 -1
22491 -2
-71424 1
-6424 -1
-59885 -2
-97741 -2
42291 -1
12171 -1
22805 -2
6992 -1
-87948 1
47288 -2
-367 -1
-28256 1
41924 2
-47402 1
14793 -2
-69125 -2
47716 -1
-90984 1
3845 -2
-29789 2
43792 -2
-50178 -2
-73184 2
-37282 -1
-55181 -1
-3639 -1
14168 -2
41966 1
-11807 2
29569 2
-95220 1
-38656 2
-96633 1
-56391 -1
-8410 -1
-82354 -2
-22002 -1
-39528 2
-68158 1
26205 -1
-99465 -2
-22073 -1
-24145 1
14107 2
-17299 2
-90965 -1
-52060 -1
15784 2
15690 -1
-90852 -1
43497 2
-72928 -1
46408 2
-14562 -2
41879 -1
29869 -1
-46032 -1
-53694 -2
-72497 -1
-81528 -2
-68976 -1
49501 -2
-90328 2
-51984 2
-3452 2
-22492 -1
-7331 -1
3272 -2
-96894 2
-48540 1
-74450 2
-10569 2
-72513 1
-48822 1
48696 -1
-40291 -2
-69815 1
-19288 -2
11820 2
-69439 1
3364 1
-21483 1
-72910 1
-4324 1
-63764 2
-15973 -1
-77141 -1
-70398 -1
-10521 -1
-6210 -1
48777 -1
-76947 -1
-99657 -2
-80109 2
-48268 -2
-13767 1
29952 1
-48096 2
-87039 -2
38651 -1
2578 -1
-84190 1
11092 -2
-70512 2
-68203 -2
-11067 1
-77303 -1
26408 2
-18105 1
-83675 2
-98458 -2
-60208 -2
-71035 -1
-18373 -2
37023 1
36531 -2
-40837 1
-22661 -1
-12488 -1
49302 2
-1899 2
-149 2
-16784 2
-22688 -1
-53448 2
-92460 -2
-80484 2
31689 -1
-45156 -2
3312 2
-75432 -2
-72631 -2
-9450 2
-3201 -1
19941 2
-54768 -2
-29065 1
30061 1
39939 -1
-66457 -1
31734 -2
-84812 -2
33186 1
-93295 1
-63844 -2
41210 2
13208 2
-67113 -2
2992 -1
-86918 -2
29814 2
22735 -2
-48553 -1
-43938 1
-528 1
15604 1
-12291 2
-3147 -1
-14382 1
-71918 1
21004 1
23478 -1
42371 -1
-6123 1
-13454 1
8890 -1
-24372 -1
-76825 -1
40201 2
-68422 -1
-97171 1
7057 2
450 1
-232 -1
-24759 -2
-38023 2
-4303 2
8480 2
-45613 2
33537 -2
30382 2
-34522 -2
976 1
8535 2
-99722 1
1595 -1
7011 -2
-65520 -2
-13560 -1
17622 1
4231 -1
29014 -1
-92677 -1
-94322 1
-29373 1
-52738 -1
-15282 -2
6624 -2
-60623 -2
15810 1
-75136 -1
42370 -1
-58435 1
39135 -1
33623 -2
38057 -1
-15497 -1
41217 -2
8736 -2
-89532 1
45051 -2
-87352 -1
-62345 -2
34512 1
-63655 -1
-3761 2
-35281 -1
-20615 2
-89538 2
-2947 -1
-2523 -2
-72197 -2
28803 -2
-81 2
-98438 2
-86442 -1
41429 -2
-81593 1
3806 2
-92742 1
-80346 2
-49899 1
-99967 -2
-29620 -1
-96596 -2
-94124 2
15479 -1
42409 -2
18071 -1
-46210 1
-92461 -1
-69687 2
26072 1
-26698 -1
-53014 -2
14784 -1
-10961 1
-47385 -1
-70139 1
-34099 -2
-83568 2
-82012 -1
8380 2
4766 1
42280 -1
-75735 2
-1647 1
4551 -2
-4627 -1
42628 1
-30941 2
-27776 2
-56565 1
-8262 -2
-17089 2
-50212 1
-98098 1
-47016 -2
-9745 1
-9844 -2
-57828 -2
-61658 -2
49079 -1
-87861 1
25632 -2
-54298 -2
-46214 -1
-7273 -1
2887 -1
-55279 -1
42407 1
-12658 1
-70496 1
38790 -1
4940 1
-99144 -1
-60370 -1
-93930 1
24189 2
-89450 1
-77180 1
-60253 2
-32605 1
-44672 2
-19984 -1
34090 2
37356 -1
9932 2
16337 2
-4801 -1
-13518 1
25330 -1
-32023 1
-98296 2
-79847 -2
-40268 -1
-40300 2
33949 -1
-16828 -2
-800 -2
-62009 -2
-1271 2
-93200 -1
-87945 -1
16388 -1
-18812 -1
-6174 -1
-77113 2
7615 1
-70720 1
-94981 -2
31201 -1
15370 1
-33793 2
9112 2
-87116 -2
-83608 1
42929 -2
-1000 -1
-13050 2
23643 2
-36104 2
-75052 -1
-82015 -1
-68757 -1
-32385 1
-76702 -2
-87694 -1
-75478 2
-93191 2
20012 1
-12737 -1
34615 2
-29310 2
-89326 2
45475 1
-71586 -1
-55933 1
-41254 2
-20971 -1
-43724 2
-92375 -2
16423 1
19863 1
-75699 -2
-7632 -1
49772 2
-66357 -1
-59858 2
-17242 2
14514 2
-76698 2
19058 2
-13521 -1
-73157 -2
-4510 1
-79122 2
-67164 1
-31535 2
-38277 -2
-70469 2
19278 1
-51459 1
44911 -1
-61041 -2
11236 1
43105 1
-73725 -2
-6052 1
-65428 -2
-74274 1
-87105 2
-8743 -2
-81305 1
-56987 1
1278 -1
27330 -1
-60950 1
16586 1
-48027 2
43844 -1
-78167 -1
-79549 2
-54596 -1
-50985 -2
-67701 -1
37890 1
-188 -1
17934 2
13849 -2
-58587 -2
19668 1
-52262 -2
-183 2
14684 2
32361 1
-64628 2
3381 2
30979 -2
-60513 -1
4657 -1
-31679 -1
-90435 -1
-71258 -1
-94370 -1
47831 -1
-11318 -1
27142 -1
-90608 2
-35962 -1
-35516 -2
-67847 -1
-36289 2
-82119 -2
32045 -2
34575 1
-19931 1
-52627 2
10997 1
-76502 1
26 -1
577 1
-59329 2
-65363 -1
32094 -1
-42113 -1
-33800 1
-37121 -2
-33108 1
-17691 2
12369 2
-59587 1
-10745 1
-23123 2
-87815 1
-12430 -1
4363 2
48290 -1
48772 -1
-53974 -2
49131 -2
-54912 1
-99439 2
104 2
48984 -2
-23938 1
-60795 -2
-50412 1
-11683 1
-61727 1
-92289 -2
16462 2
-92996 1
-21100 1
19786 -1
-70695 -2
-32134 -2
44050 -1
-4679 1
6799 1
-5425 -2
48195 -1
-40748 -2
-50633 1
-74364 2
-33813 2
-9114 -1
4090 2
-18815 2
-46692 1
29159 1
-44007 -2
40592 2
-65665 1
-56203 -2
42843 1
-17505 1
-29591 1
36325 2
-13212 2
-83472 -1
-84146 -2
-33031 -2
-26919 2
-13555 -2
2188 2
9502 1
-34294 2
10674 1
25076 -1
21991 2
-62691 -2
17241 -1
46839 1
-3425 1
-62959 -1
-78563 -2
-2073 1
-27176 -2
-7109 2
30401 2
6309 1
-12054 -1
-6223 -2
-46718 1
-82845 -1
-67643 -2
-14756 2
-85812 -2
-24626 -1
-23426 1
-62075 -2
-80885 1
-64770 -1
582 1
-22615 2
-11986 1
-20947 -1
-91518 -2
18227 -1
-59995 2
24074 1
10541 2
30197 2
27797 -1
33682 2
-309 -1
-83861 -1
11521 1
10708 2
43104 -1
21980 -1
-73265 1
-97304 -2
-57934 1
30316 2
-22926 -2
-26811 -1
-86253 -1
-71091 1
-3324 2
-5366 -1
13749 1
23064 -2
10658 2
33347 -2
-45353 -2
-48922 -2
36538 -1
-67581 -1
-68813 1
-21994 1
-21860 -2
-13613 1
-38247 2
8246 2
-87550 1
5425 2
-5432 -2
-79800 -2
-85817 2
-63445 2
-5556 2
10857 -1
-61116 -2
-69141 2
-88865 1
-29746 -1
-21217 1
30705 1
-96801 2
-96986 1
-3211 2
-25262 -1
41495 -1
-27915 1
-76966 -2
-37665 -1
-95437 -1
-86663 -2
5286 -2
-40457 2
21698 1
22297 1
-38903 1
-66683 -2
28714 2
-60388 -2
-74800 -1
-39587 -2
-88134 2
-18785 1
10474 2
-85967 1
35362 -2
-65172 -2
41219 -2
22504 -1
-19711 -1
-59192 -2
7942 2
21713 1
861 2
20327 2
-60009 -1
-94344 2
-12365 -2
7305 1
-82312 1
-65376 -1
-67256 -1
-44114 2
-6302 -2
-22802 2
-39185 1
-42013 -1
20142 -2
-99041 -1
-49758 1
36508 -2
-86302 2
16540 2
-28026 2
-63077 2
36820 2
-72586 1
17868 -2
36822 -1
-64875 2
30739 -2
21696 -2
-98779 -1
33095 2
4951 1
37046 -1
-5086 2
20337 1
18423 -2
-85179 2
-89934 -1
-95422 1
-53707 -1
-11677 1
30912 -2
49410 -1
-59518 -1
-605 1
5573 -1
-40480 -1
-91397 -1
32887 1
-59 1
-65296 -1
-29328 1
-29320 -1
-73269 1
-67576 -1
2390 -2
2517 2
16652 1
-51560 -1
8904 -1
20874 -2
45760 2
-85595 1
-16168 -2
41949 -2
-97966 -2
-61815 -1
-47550 2
-30220 2
-35694 2
28004 1
-615 2
-25868 -2
-30137 2
-54914 2
-11227 1
41830 1
-63259 2
-42810 -2
-63722 2
-6951 -1
48292 -2
30026 -2
3667 -2
-30431 -1
-21343 2
-9598 -2
22697 2
40180 -1
36006 2
-2856 2
34241 -2
-16992 1
-41205 2
-65534 2
-5153 -2
-16332 -2
4700 -1
20166 1
19146 -2
47181 2
37810 2
-71882 -1
-96272 2
-39701 2
-47159 -1
-64645 -2
-58622 -1
-69287 -1
-78198 -2
-9893 2
46056 1
47467 -2
-96024 2
30072 1
-51792 -2
-29402 -2
18292 2
7370 -1
-36682 -2
-15532 2
-29953 2
-58538 -2
-6281 -1
-37191 -1
-8706 -2
-8332 2
-96720 2
47032 -1
-72316 2
-7886 2
-85727 -1
-92991 2
15054 2
-73087 -2
-33227 2
-59207 -2
-92569 2
-20735 -1
26052 -2
-24123 2
-85387 -1
46112 -1
-96470 2
-92395 -2
-49438 1
13926 -1
-21717 1
-87931 2
-76244 -1
-45121 1
-93492 2
-20211 1
-16050 1
-46667 1
2921 -2
-86559 -1
28508 -1
-45454 -2
-18700 -2
-26837 1
-76067 1
-49339 1
48084 -1
-72123 -2
-39579 -1
16677 1
17161 2
35257 2
-63143 -1
15008 -2
-82825 2
-24739 1
-7871 -1
28088 2
-72485 1
25852 -2
-47912 1
36919 1
-51873 1
-30895 1
47459 -1
-38513 -1
-86861 -1
20809 -1
-95227 -2
14425 1
-59006 -1
-67336 2
-71581 2
-65524 -1
-37868 -1
40530 -1
-88413 -1
-1835 -2
12297 -2
10373 2
-45935 -1
-95666 -1
19463 1
-25760 2
8984 2
-98466 -1
-84098 1
-6850 2
5788 -1
-37219 1
-35435 2
-25352 2
-32785 2
-4333 -2
-62797 -1
-83892 -1
-32181 2
-99404 -2
-39057 -2
-49524 2
-80151 1
11557 2
1989 2
-48956 1
33821 -1
-23166 1
-32535 2
-81242 1
-50308 -1
-23994 1
-39297 -2
31234 -2
24662 -2
-38175 -2
-63562 2
-50887 2
-12675 -1
24712 -1
37138 1
4459 -1
22098 2
-86959 2
-30218 -2
-67177 -1
-73714 1
-642 1
-9244 1
-77530 1
440 2
45035 1
-59952 1
44534 -2
-95670 -1
-56132 -2
49746 2
-23639 -1
7579 2
-4362 2
28012 2
-36900 1
-63539 2
-21708 1
44909 -1
-50446 1
27769 2
-20403 -2
-98723 2
-50645 -2
-45673 1
15618 -1
-94166 1
22334 -2
26915 2
1280 -2
-2331 1
-73936 -1
-22181 -1
-39402 2
-68710 1
-29265 -2
-81963 -1
-54897 -2
28837 1
-33076 2
-95262 1
-73022 1
-46432 1
19996 -2
-48371 -1
18394 -1
-34426 1
-40811 2
-19408 -1
9674 2
42089 -1
-82663 -2
-61972 1
-40095 1
-5455 2
-63984 -1
40463 1
771 2
-56118 1
-87747 -2
-69905 1
-38931 1
-12994 2
5753 -1
20433 1
-77170 1
-88619 1
-92148 -1
-72005 -2
34478 -2
-81153 -2
5409 1
-65656 -2
-14709 -1
-22850 2
-72297 1
15440 -2
46900 -2
-73776 -1
-13791 -1
-6472 2
-54567 1
19973 2
17226 2
-40842 -2
-13393 2
-5589 -2
27874 1
-47986 2
-9524 1
-34479 1
-73520 2
-72315 1
-8526 -2
35888 1
40936 -1
-27347 -2
-47373 1
-64404 1
-71330 1
-18334 1
-38916 1
-58813 -2
-44267 -1
-57689 2
-10338 -1
1990 1
-14355 2
31613 -2
16944 -2
19629 1
43839 1
12222 1
31455 2
-85397 -2
-8089 2
938 -1
-81327 1
49934 -2
-87712 2
13770 -1
-24786 -1
-48596 2
-2358 1
-7314 2
-9214 2
-96522 -1
1436 1
10970 -1
-8652 1
49751 -1
2407 -2
-72982 2
11354 2
41628 1
-62043 2
-67452 2
48753 1
5804 -2
-51347 2
-84901 -2
-96051 2
-85634 -2
14802 2
-21434 2
-49204 -2
-57543 2
27565 2
-39423 -1
-10441 1
-14230 2
17079 -2
-80466 2
-30837 2
-49492 -2
-59204 1
19097 -2
-9309 2
-68822 2
-54894 1
-49371 -2
-75331 1
-356 1
-93056 -1
-35507 2
-6830 -2
8807 2
12144 -1
-52211 1
47544 2
-83597 -1
-87548 -2
34583 1
-32672 1
-36167 2
28465 -2
7379 2
3735 -1
-96232 -2
-39260 -2
-32929 -2
26122 -2
-25433 2
-76862 2
13021 -1
39421 2
-77729 -2
-61598 -1
-78659 1
3185 1
-94332 1
14394 1
-89319 -2
18681 -1
38255 -2
-9299 1
-67610 1
-91644 1
-35011 1
35584 -2
21361 -1
27066 1
-14327 -2
-36554 2
24979 1
-94573 -2
-29887 1
32835 -2
-77746 1
-13960 1
-44094 1
18250 2
20525 -2
5517 -1
-75911 -1
7633 -1
-86687 2
-210 2
-76809 -1
-93188 -2
-55303 -2
2606 -1
-30748 -2
25780 -1
3814 -1
-83141 -2
-21575 -1
-60432 -1
1151 -1
-67541 -1
-42253 -2
32772 -2
5704 2
-54972 -2
31296 -1
-91909 -1
-808 -1
33919 -2
-69334 -2
-88910 -2
46267 -2
31698 2
-4211 2
-83076 -1
-11534 2
-83047 -1
26286 1
-25222 -1
-37150 2
15175 1
-66047 2
-17402 -2
26587 -1
30592 1
19680 -1
2335 1
29347 -2
-39223 2
-91871 -2
-41197 2
-55282 -2
-14691 -1
40238 2
-65481 -1
1358 -2
21127 1
-74488 1
-1351 -2
25071 -1
-60990 -1
-3294 1
39987 1
33595 -1
-26866 -2
-72650 2
24815 2
-99955 1
-2204 -1
40785 -1
-83138 -2
40147 1
38885 1
626 -1
-42865 2
24826 2
30237 1
38807 1
-74412 -1
-36327 -1
6510 2
-37565 -2
-51336 2
17036 2
31753 -1
-92921 -2
-80258 -1
-6839 2
9920 -1
9084 -2
43582 1
-37774 -2
12512 2
-71018 -2
-44933 2
-76088 -1
-15678 2
-24933 2
-95424 -2
39271 -2
-75406 2
-53390 -2
-51261 -1
-86279 1
-70319 1
4523 1
-62870 1
32637 2
44730 -2
-18398 -1
6747 1
18937 2
-54490 2
44548 2
-35640 2
-4647 2
-56538 -1
9675 1
159 2
-74446 2
-26160 -2
10876 -2
15937 2
11443 2
33134 -2
-86406 1
47116 1
-70128 2
-70527 2
22476 -1
-56217 -2
-26752 -2
-29296 -2
24912 2
-89435 1
25937 1
-363 -1
-57625 2
-59779 -1
49 2
6068 -1
-40939 -1
-63642 2
-78093 -2
-4891 -1
-1913 2
-49757 -1
18788 1
-32896 -1
-29075 -2
-31530 1
32991 -1
3670 2
-39332 1
-68271 -1
-29945 -2
-46456 -2
-44635 1
-70126 -1
-29425 2
23081 1
-72496 -2
-57680 -2
15408 -2
-90677 1
24126 -1
-90693 -2
-36886 -2
-7523 -1
-50579 -1
28644 -1
44765 2
-36039 2
-57674 1
-34273 -2
48122 2
-88969 -1
-63248 -2
-54377 -2
-55603 -1
36447 2
44133 2
-55004 -1
-35510 2
-62403 -1
-76081 2
12840 -2
-56470 -1
33734 -2
943 -1
4392 2
-28348 1
-56078 -1
40513 1
-42065 1
-39773 -2
-58405 2
-81187 2
43906 -2
20276 1
-64364 -1
-19084 2
-88956 -2
-99981 2
-93961 -1
45910 -2
-93919 1
-41325 1
-57377 -2
-33449 -2
-62021 2
46621 1
-22857 -2
-52305 -2
-39405 -2
5109 -2
41917 2
-80317 -1
-49346 1
-81625 2
17828 2
38924 -2
-42616 -1
-19108 -2
-36077 2
-65337 1
-67657 -2
-30797 1
-53847 1
-68102 -2
-28957 -2
-58623 -2
-64931 1
-65880 1
11829 -1
33229 1
45474 2
34967 2
-40619 -2
14207 1
-14394 2
43803 2
-93343 -1
-16623 -2
-69370 -2
-32293 2
-22066 2
-47374 -2
-55859 1
-20782 -2
-41880 2
-28897 -1
18598 2
23230 -2
-38925 2
-15908 -1
-74552 2
-55684 2
44678 1
-54803 2
-54904 -1
-7369 2
42858 2
19728 2
8914 -1
-77660 1
-16515 1
-87395 -2
-42339 -1
1228 -1
49905 1
-59632 -2
-71902 -1
-45939 -2
-93318 1
-41912 1
44998 -2
-38471 -2
8587 1
-50830 -1
2294 1
8213 -1
-30441 -2
23512 2
10760 -2
-25170 -2
-78994 1
31594 1
-99405 -2
44779 -1
41770 -2
41356 -2
13018 -2
2458 2
28818 -1
-17994 1
-94093 -1
9362 2
-56980 1
32110 -1
-70526 1
-51108 -2
35508 -1
-57396 2
-52391 2
-37787 -2
-90649 -1
-60368 2
-6864 -2
-64937 2
-4122 -2
-69943 -1
-29883 2
6637 1
-26841 1
12906 -1
-94672 2
-74039 1
32732 2
-93129 2
2560 2
33736 1
-2260 2
8267 -1
11832 -1
-13214 -2
-64085 -1
-78914 1
35596 2
10035 -1
25464 2
-49589 -1
2807 1
21137 -1
47378 2
-79943 -2
-56984 2
-50537 -1
-36584 1
-74343 -1
23906 -1
-14988 -1
5766 1
-78020 -2
10442 1
-80017 -2
-33455 -1
-72323 2
-96456 1
-94927 -1
-51452 -2
38375 -1
-31475 -2
-45569 -2
-99860 -1
-66789 2
-36398 2
-46403 2
-79761 2
-98595 -1
33351 -1
40556 -2
-42881 1
-11912 1
29017 2
-43881 2
-91392 2
30667 1
5510 -1
-67240 -2
20429 1
17101 -1
23879 -2
-77904 1
-145 -2
-25306 -1
-3526 2
-56600 -2
21541 -2
34775 1
-56510 1
17468 -1
-72570 -2
-631 2
4820 -1
-85120 1
-93823 -2
24029 -2
16144 2
24825 2
-55194 -2
-93414 -1
7260 2
13904 -2
39851 2
27762 -1
40822 1
49478 1
-54738 2
8734 -1
-96027 -2
16409 -2
-31303 1
48513 -2
42570 -1
-94650 -2
-13673 2
-43373 -1
-98874 -2
-73675 1
-36335 1
35808 1
10731 -2
11126 -2
-85098 1
-42380 2
-11750 -1
-51126 -1
-74000 1
32229 2
-10849 2
-26532 -1
12292 2
-19642 -1
31369 -2
-90582 -2
27219 -2
6862 1
-40163 -1
13746 -2
-53273 1
7294 1
17643 1
39257 2
-61933 -1
-79376 -1
16333 -1
-20355 -2
-43683 1
2123 -1
32084 -2
-24024 -1
-44591 -1
16496 -1
-94623 2
-55311 -2
-99127 1
38401 1
7596 2
-94618 -1
-38209 -1
-44941 2
-83938 -2
8422 -1
-71310 2
-83773 1
-87403 -1
-37006 -2
-78278 -1
27709 -2
39879 -2
-70665 -1
-51023 -2
-6519 -1
34476 -1
-6039 2
-23144 -1
5041 -2
-22563 -2
-15018 1
-86582 2
-903 2
-52343 2
13282 1
-90695 -1
32606 2
41290 -2
-2178 -1
-65859 1
1753 1
-20518 2
45531 1
-69143 -2
-38582 1
-78379 2
-77310 -2
41737 1
-83610 -2
43003 -1
-20801 1
-46856 -2
-53905 1
16715 1
-95883 1
17013 2
-42058 -1
-65274 -2
28228 2
7000 2
23595 -2
-70045 -2
29904 1
1805 -1
-30641 2
-18272 1
-82800 2
10573 1
-15361 -2
-91168 -1
-43925 1
-18396 2
48148 1
-44083 1
-17326 -2
-74858 -1
-12916 1
3197 1
-56760 -2
-62923 2
8476 1
27244 1
-56126 -1
42456 2
11093 1
47765 -1
-13431 -1
-62465 2
-69680 1
11278 -2
-95358 1
-76429 -1
39576 -2
31024 2
46416 1
-55683 -1
-82666 2
-99451 1
-58323 -1
-73589 2
-62092 1
-61810 -2
-29929 -1
-38580 1
-40257 2
-34672 2
-1387 -2
-97745 1
16733 -2
-58607 -2
-48500 1
-69544 2
-19324 1
-14118 -2
12765 -2
9486 2
-38853 -2
-74677 2
-33629 2
14544 -2
-99595 -1
5232 1
-19427 1
-75429 -2
24112 1
-17106 1
-80315 2
-90638 2
29064 -2
-39441 -1
-69183 1
41822 -2
-91450 1
30343 -1
49248 -2
30981 -2
-65001 1
-48425 -1
-8735 -2
-64675 2
-70672 -1
-3407 1
-56167 -2
29044 -2
-46794 -1
-91780 -1
49148 1
12285 2
28182 -1
-3604 -1
4729 1
-53650 2
-92922 -2
-18472 1
-15724 2
-42192 -2
2327 -1
-85928 1
5959 2
-68209 -2
-64130 1
-28901 2
27532 -2
-52385 -2
-24269 1
-556 2
41880 -2
-66563 -2
15317 1
-95213 2
38574 1
-9280 1
-83740 1
-51530 -1
-22168 -2
7292 2
5880 -2
-6665 1
-9902 -1
34725 -2
-19033 -1
-85535 2
-90949 2
-68261 -2
-69177 1
-31866 -2
10060 1
25761 2
-59354 -2
-13348 -2
-10409 2
16000 -1
-53140 -1
-93933 2
9725 -2
-79681 -2
-48184 -1
30008 2
-53191 1
-55015 2
-13563 -1
-51412 1
-23401 -1
-82505 -2
43292 2
-98394 1
-6243 -1
40839 1
28617 -2
-16602 2
-44915 -2
-68511 1
26661 -1
-11976 1
-45310 1
-29453 -1
-93038 2
-91277 -2
-23634 2
-56976 1
-55694 -1
-67120 1
39409 -1
-73020 1
-30914 1
-84523 2
-24233 -1
-12508 2
6356 -2
43521 -2
-2536 -2
31109 -1
9095 -1
11861 1
-45058 -1
43699 1
48058 1
-91338 -1
-93563 1
-19426 -1
-10239 1
-68541 2
-646 -1
-77207 2
47327 2
-59366 2
38912 2
28447 2
-71341 2
-49415 -2
-53504 1
-44329 -1
17876 -1
-10281 2
-6675 1
1301 -2
-97363 -2
-93557 1
-18069 -1
-73214 1
-47687 -1
-19839 2
37189 -1
-91589 -1
-35180 -1
-51153 2
-77120 1
-37962 1
-22164 2
-51418 1
-73108 1
-76312 2
-64908 -1
18197 2
23096 -2
-75796 -2
18301 -2
-57685 -2
30309 2
-67156 1
-17686 -1
-1361 2
-98830 -1
1977 2
4239 -1
-47242 2
-34285 1
-15125 -1
19155 1
4206 -1
6012 -2
-6592 1
-18513 -2
-48056 1
-75028 2
-74601 -2
49433 1
-88491 -2
-92420 1
-33528 -1
-40468 2
-52489 -1
-72600 2
-24509 2
-68555 -1
4668 2
9980 -1
-58027 2
-21384 2
-64353 2
-87570 -1
-56514 2
-44778 -2
12446 1
-29533 2
-20792 -1
-73654 -1
14829 1
41651 2
-47473 -1
-87420 -2
-34206 1
-66225 -1
-90119 1
33565 1
-99004 -2
-65465 1
-92612 -2
19692 1
-81145 1
-95098 2
-25527 1
-69094 1
-3911 -1
-66062 -1
15476 1
-42673 2
-35076 1
18925 -1
29988 2
-27201 -1
-48567 -2
-13311 1
40331 -1
-61360 2
-79809 2
-19351 -2
-46781 2
-33442 1
-75599 2
21554 -2
10769 2
-48001 -1
-95051 1
-97955 1
27542 -2
-75965 2
-79327 -1
7086 -1
35655 2
-63277 2
30076 1
-27714 1
34499 -2
31154 1
29435 1
-99594 -1
-39368 2
37107 1
46223 -1
47009 -2
32862 -2
-45888 2
29039 -1
-65897 -1
6464 -2
30696 -2
-56866 1
42962 -2
33910 1
-2628 1
-32488 1
29119 -2
43952 1
-91218 -2
-53532 2
22137 -2
-37091 -1
-26909 -2
33030 2
16507 -2
20196 -1
-22418 -2
-47125 -1
-77419 2
-6143 -1
-46758 2
-96763 -2
-65124 1
-264 1
-13334 -2
-56395 1
-14970 -1
-67064 1
-28001 -1
32827 1
-95890 -2
-50592 2
-41729 2
-79811 -2
-96279 2
-48232 -1
12970 -1
9456 -1
25189 -2
24585 1
45786 2
42347 -2
-17208 -2
-79007 1
48221 -2
-50766 1
-98654 -2
17040 -1
-40571 2
-19381 -1
3995 -1
-31047 2
15188 2
-46580 -1
43182 1
-71689 2
-7402 1
-42315 -2
-29063 1
-43502 -1
-79588 1
-17247 1
-5487 -1
44872 1
-79880 1
-16729 -2
-42619 1
-23694 -1
20707 2
-21993 1
-7422 2
-48321 -1
-99446 -2
-20326 1
36433 2
-51327 2
-66396 1
-15331 -2
-24815 2
-24507 1
-78842 -2
-97875 -1
40340 1
6364 -1
-8385 -2
-88810 -1
-8630 -2
-74564 2
-23671 1
29460 -2
15904 -1
35181 2
3214 1
7732 1
-57955 -1
-22458 -2
41999 2
-6474 2
40298 -1
-18041 2
-32814 2
-36342 -1
-81248 -1
-68202 1
-45994 -2
-56306 -2
10709 -2
-98265 1
31711 -2
-41145 -2
-12038 2
-53795 1
-30672 -2
-93827 2
12614 1
-97892 -2
-42674 -1
-85504 1
-26691 1
22067 -1
-38519 2
-74548 1
-4391 1
-26968 2
-22451 -2
-17095 -1
-60182 1
20804 -1
-56891 1
28557 -1
15916 -1
22582 -1
-16879 2
-68868 2
-30340 1
14578 -1
-26681 2
-40501 1
13792 2
4485 -2
-17785 -1
-37705 -1
-72831 1
-32730 2
44004 1
-74639 2
49221 -2
-29663 -1
26450 2
15524 1
45137 -2
-58521 2
-98795 -2
-86092 1
5085 2
-13295 1
-18412 1
-33766 1
-65764 1
20203 1
-94782 -2
-84452 -1
-81634 2
-21955 1
-93067 2
-82509 2
35914 -1
-40189 -2
-40076 -2
-74621 -2
20682 1
-79097 1
-40760 -2
-47381 -2
-98481 -1
39622 2
-9221 -2
39395 -2
-60021 2
-81482 -2
14249 2
-67114 1
7312 2
13178 2
-88281 -2
-27939 1
-5407 2
-73941 1
-49397 2
-24304 -1
-39577 1
-85783 1
38868 -1
-36726 2
-45332 -1
-90860 -2
48130 2
-80185 2
24568 -1
-7370 1
-76743 -1
-57160 -1
-54995 1
-63755 -2
1755 -1
13611 -2
-7065 -2
-42168 1
-12813 -2
-25532 -2
-50777 1
-83014 -2
-48182 -1
-57570 1
26535 2
10516 -2
24058 1
-62510 -1
-17867 -1
-91804 1
34313 1
-45881 -2
-45129 -1
-80604 -2
-40217 2
36757 1
-82502 -1
35315 -2
-32597 1
-2949 2
39856 1
-26375 1
-7241 2
41398 2
5692 2
4934 -2
-61103 1
-6801 1
-51827 2
-15879 -2
-67477 -1
-67872 2
-19633 -1
-24044 -1
-31255 -1
-80610 -2
13479 2
-73602 -1
-24017 -2
2374 -1
24054 -2
-15107 2
-70610 2
14586 1
29650 -1
30329 -1
-71445 1
-10389 1
26842 1
-31383 1
-55883 -1
12062 -1
-7721 -1
-15891 -2
-53424 2
34567 -1
-88847 -1
45052 1
42719 1
-74407 -2
-47292 1
-28212 -1
-22363 2
48267 2
30763 -2
18537 -2
-44428 2
-76583 -2
-89938 -1
-76668 -1
-73896 -2
-15430 -1
-51049 2
-85492 -2
-79723 2
4545 1
-86857 -2
-74804 -1
-73194 1
-13867 -2
-72766 1
-30887 2
-86246 2
-61836 -2
-1772 -1
43317 2
-37674 -1
-67093 -2
-66738 -2
-95954 1
-90204 -1
-66436 -1
-798 2
-81194 -2
-8770 1
-57120 -2
-57210 1
-37997 -2
-33614 1
20577 1
-54598 -2
-47703 1
7542 -2
-41963 -1
-29822 -1
27720 1
-91040 -1
27056 -2
-9246 1
-46887 -2
36984 1
43234 -2
-4120 1
-9409 2
-26391 2
-61516 -2
-37852 -1
31184 -1
-84668 2
-25390 -1
-97935 2
-90685 -2
-28696 -1
49429 2
-12730 -2
-31683 -2
-18065 2
-25447 -1
13760 2
-70094 1
35140 2
-67961 1
-59821 1
-82760 -1
10457 2
-71549 1
-62536 2
-87555 -2
-68298 -2
14886 2
-62261 2
-95606 -1
5588 2
6307 1
-13012 -2
-21501 -2
-20836 2
-21842 -2
-12947 2
-98375 -2
-87246 -2
-63647 2
-40868 -1
41053 -1
-47754 -1
-6374 1
-28289 -1
-16526 -2
45331 -2
3747 1
-11864 2
4453 1
-91443 -2
40600 1
39920 -2
-69669 -2
-2037 -2
30577 2
-16563 -1
-51716 1
47037 2
43986 1
-62000 2
-80749 -2
-53717 -1
-68745 1
-82823 -1
-92894 1
-46617 2
-96566 -1
46858 2
-37283 2
-35748 1
-86585 1
-14091 -2
-11589 1
-47025 -1
33870 -1
-27830 -2
-88796 1
-83599 -2
44087 1
-4134 -1
18107 2
-73236 -1
-46559 -2
-74290 1
48440 1
-82256 -2
-81157 2
-63666 1
-92058 -2
-37003 -2
-20772 1
4846 2
-11009 2
-60049 -2
-83342 1
11472 -1
-12521 2
11463 -2
-37504 -1
-7417 2
23239 2
-63660 2
-1559 -1
-80646 2
48309 -1
2697 -2
-35871 1
-20013 1
-23500 -1
-76436 1
29265 2
38660 1
-30720 2
5728 1
-71192 1
108 2
-7952 2
-52053 1
10968 2
29269 1
-41130 2
-48278 -1
-57737 2
6512 2
15391 -2
39102 1
-45059 -2
-5024 -1
-79689 -2
15400 -2
8450 -1
48699 1
-62127 -1
18919 -2
38451 1
8620 -1
-75873 -2
-54744 2
-33472 1
-74963 1
32243 -2
-58129 1
-74904 -1
6072 1
1403 -2
24623 1
-57815 1
-55398 -2
10837 2
-55357 2
-42539 -1
-99470 2
-84679 2
-17666 -2
-52269 -2
-70444 2
-7450 1
-66010 -1
15533 2
-1177 -2
-54149 2
-26516 2
-14682 1
-2054 2
15670 2
34488 -1
24275 -2
-11044 -2
-5613 2
5965 -1
-90094 -2
-17897 -2
-14897 -1
-53081 -1
-76301 -1
-36638 1
-93811 -1
-31879 -1
-75857 1
49921 -2
14563 -1
-78767 -1
-6881 -1
5856 -1
-2946 -1
-27166 -2
-7637 2
-32495 -1
-4343 -1
-16202 2
-70687 -1
40578 1
-78798 2
-5346 1
-97861 -1
41296 2
-98066 -1
-24002 1
5015 -2
-22738 -2
9009 -2
-74007 -2
-84535 1
-72606 -1
-77421 -1
-5725 1
-98667 -1
23541 -1
-59987 2
40606 -1
-29380 -2
31538 2
-26294 -2
-22232 -1
-281 1
-15451 -1
1319 -2
44014 1
-4777 2
21922 -1
10919 1
-43165 -2
-48995 -1
-93530 -2
16994 1
47377 2
-54728 2
42979 2
23471 2
-97556 -2
30778 -1
-20864 -2
-81552 -2
15344 -2
4388 -2
31584 2
33862 -2
-84633 -2
-90800 -2
35456 -1
-60450 1
2128 -1
33530 -1
-82069 -2
-70173 -1
932 2
-6783 -2
-68434 -2
48413 -1
-48968 2
-99477 -2
38952 2
20435 1
-74630 1
20068 1
-39371 1
-65483 -2
39608 1
36972 -2
35118 1
-5343 2
-393 -1
26545 -2
-39209 -1
49632 -1
-21823 2
-55739 -2
1909 2
-52399 2
-23928 -1
-77881 1
-39553 2
-61080 -2
-44674 -2
-92112 -2
48860 -1
19034 -1
-40897 -2
-16110 2
21763 1
-21599 1
-6972 1
-57478 -1
-10707 -2
14358 1
1260 -1
-95054 -2
-88868 2
-5935 2
31381 2
-70972 2
-20819 -1
-57987 -2
-18880 -2
-26956 -2
-85685 -2
1704 -1
-89392 -1
-82026 2
-66395 2
-10884 1
25381 2
21438 1
16619 -1
32489 1
39697 2
21507 1
-71049 2
3696 -2
38745 -1
-74475 -1
43247 2
24514 -1
-50782 2
47137 -2
-93316 1
-71780 -1
16135 -1
13271 -1
44276 -1
-57608 -2
-2973 -1
-35799 1
-38685 -1
-24611 -2
30636 2
-73657 2
6827 1
-22946 -2
-40742 2
-15937 2
49278 2
-53652 2
-23764 2
36081 -1
-94922 1
-75587 -2
-21652 -1
19051 1
44842 1
-77740 -2
-10456 2
6059 -1
-26592 -1
23133 -1
-62587 1
-43765 1
42107 -1
-49062 -2
-89330 -2
-63876 2
-5021 -2
-96284 2
-18374 -2
-44600 1
6107 -2
-63758 1
3479 -1
-15070 1
-15485 2
1750 1
-60164 1
-224 -2
-4803 -1
-56253 2
11490 2
-60134 2
-86433 -1
-1450 1
-66853 1
-91087 -2
-18049 2
28100 1
-74111 1
-1164 -1
-62064 2
-64225 -1
33107 -2
-64580 1
35153 -1
-13807 2
20178 2
-6457 -2
-27278 2
-87813 -2
-93730 -1
-41715 2
-88759 1
1179 -1
-64858 -1
-3136 1
-45902 2
8922 1
-82020 2
14635 2
2057 2
-77262 1
-6401 -1
40537 2
40419 2
-77642 1
-5433 -1
-4499 2
-59802 1
36567 -1
41633 -2
-40478 -2
-28025 1
-13022 -2
-24298 -1
-16490 1
-2891 -1
-78035 -2
-6680 2
-68215 -1
19325 2
-15447 -2
-98587 -1
5732 -2
-48422 -2
-39163 1
-49743 1
5667 -2
-91529 -2
16971 2
-92771 1
16369 -2
40510 -1
-11392 -1
4816 -2
-52306 -2
-34707 2
45690 -2
-30256 -2
-43620 -1
-34943 1
2468 -2
-16675 -1
10742 -2
-13252 -1
-76762 1
9580 -1
-72412 -1
45449 2
-34263 2
-25925 -2
-4065 -1
-16727 -2
29767 -2
-75057 -1
-97707 1
37878 -1
2592 2
40070 -2
-88177 1
13945 1
-12125 -2
4735 -2
-48903 -2
-47467 2
36514 -1
36061 -2
-22278 -2
46932 -2
-17264 1
41417 1
-33679 2
12215 1
27821 -1
-4748 -1
-28904 1
28663 2
-78809 1
-40855 -2
-90491 2
31200 -2
27495 -1
-62677 1
-71603 2
-49842 -1
-35408 -2
-35958 -1
24081 -2
11344 -2
-8727 -1
-87981 -1
16376 -2
-5091 -1
-84353 1
-83435 -2
-87894 -2
-39843 -1
-18941 -1
8678 -1
-42019 2
-85316 -1
40514 -2
-31850 2
-90278 1
42510 -2
18080 -1
23562 -1
-62722 2
-13809 2
-23789 -2
-60842 1
45462 2
3358 1
-26994 -2
-80019 -2
3038 2
-70826 -1
-53851 -2
49523 -1
-66735 1
-16280 2
-89419 2
37039 -2
-58668 -1
8895 -2
-27252 2
-39063 -1
18100 -1
-49619 1
45532 -1
-6781 -2
11975 -2
-47224 -2
23893 -1
-59967 -1
-41762 -1
-18783 -2
-51887 -2
38097 2
49085 2
-24115 1
-72321 -1
-93180 2
-48689 1
5814 -2
-44660 2
-13176 1
-58384 -1
47502 -1
-91762 1
-62754 1
-68817 2
-95727 2
-81394 -1
-82161 2
-85834 1
-53691 -2
-46437 1
-45257 1
9480 2
-15845 -1
-82804 2
40790 -2
-9597 -1
-81126 1
-41459 -2
-50753 1
2634 1
-96932 -1
-54106 1
-5762 -2
-86867 -1
-78882 -1
-50846 -2
44973 2
-2372 -1
-35081 -1
-93733 1
-55903 -2
34958 -1
-25171 -1
28795 -1
-77773 -2
6876 -1
26624 1
-89877 1
16809 1
-45125 -2
4166 2
-37403 1
-34247 -2
30505 -2
25124 -2
-80075 -2
-82461 2
-71950 -2
48055 2
-64945 -2
3648 2
10187 -2
22503 1
36754 1
-50257 -2
-22421 -1
-59770 -1
40998 -1
-34078 -2
12035 2
-65447 1
-27509 2
5627 2
39470 2
-68769 2
-51713 -2
-69878 2
-54481 2
-44637 1
20061 1
-18796 -2
8320 -2
-51470 2
19156 -2
45293 1
-2116 -1
-97124 1
39161 1
-91709 -1
26457 2
-35922 -1
-97653 -2
32288 -1
8747 1
-43704 -2
20212 -1
32743 -2
-97839 2
31407 2
-67460 -2
-51497 -1
-12832 1
30099 2
-89312 2
-73559 1
-92811 -1
-58640 1
-86963 1
-64188 -2
-49622 -2
46488 2
-75944 -1
-14257 -1
-15903 1
-47281 2
-3312 1
11898 -1
-13463 -2
-26535 -2
-81710 2
39603 1
-95549 -2
41833 -1
45461 -1
15654 -2
-37801 -2
-8848 1
18330 2
22932 2
12787 -2
-71430 -1
16287 -1
-25282 -1
-26555 -2
-31668 -2
41871 2
-88666 2
-55113 -2
-62902 -2
-85013 2
-22985 -2
-35987 -2
-62517 2
-46626 2
31825 -1
-63546 2
40598 -2
16972 -1
-55225 1
-77336 1
22790 1
-74249 1
-82908 2
-95055 1
-6271 -1
-42826 2
-16068 1
-73904 1
-19508 2
-18574 -2
-66997 1
20975 -2
-50736 -2
36922 1
-46719 -2
-13732 2
-70066 -1
-23693 1
-51548 1
-74615 1
-60977 -1
-98613 -1
9138 -1
36292 1
5104 2
25391 -2
-20423 -1
-51710 2
-17269 2
33825 2
-22558 -1
32536 -1
22624 -1
-50768 -1
-2950 1
-19663 1
-90654 2
46766 1
-50876 -2
-12111 -2
-46181 -1
5304 -1
13884 -2
-84423 -1
31623 2
-59793 2
15539 -2
32786 -1
-98512 2
23537 -1
-39863 -2
-66185 2
31331 2
-39914 1
-67161 1
4586 2
-71202 1
-62093 2
-44198 -1
-70789 2
-22792 1
-24492 1
7165 2
-43381 2
26341 -2
-50772 2
-39671 1
-82738 -2
-14860 -1
-38003 -1
-15523 -2
31993 -2
-14067 -1
-55085 -1
-78970 2
-25822 1
-6606 -1
-21029 -2
-35663 2
6225 -2
-85184 -1
48364 -1
-29551 2
45403 -2
-92536 -2
-62613 1
1957 -1
-45581 1
-31776 2
27724 -1
-75123 1
26364 -1
-22471 1
-66787 1
-52525 -2
19898 1
-58891 2
4419 1
13674 1
-18977 -2
6744 -1
-81940 1
-16967 -2
-78998 -1
4159 -1
-29569 -1
31773 -1
-71419 -1
11176 1
-13877 -1
49263 -1
-34648 1
-87635 2
-20566 2
33726 2
-67777 -2
20609 -1
25758 1
-85445 -1
-27822 -2
-37586 2
-69835 2
36522 1
-92756 1
7473 1
23649 -1
25752 1
13354 1
10574 -1
-62768 1
3001 1
-73295 -1
1047 -2
-26630 1
31177 -1
-94874 -2
-78703 -1
-91539 -2
-86781 1
-89920 -1
17437 -2
-95735 2
-45136 2
-84654 -2
-60467 1
40453 -1
-35957 -1
27212 2
-91641 2
-86439 -1
-37245 -1
-15392 1
-63408 1
-40335 2
22708 -2
25062 -1
-72697 1
34161 2
41208 2
-9572 1
-30879 1
-17018 -2
-47319 1
-9607 -2
-61621 -1
17979 2
17670 -2
-19445 1
-53764 -2
-82139 1
-24911 1
11543 2
17051 2
-33998 1
-40377 -2
9791 -1
-49373 -2
-97231 -1
5465 -2
-52294 2
-78763 -2
-83924 -2
-20444 -2
-45222 1
-91295 -1
4491 -2
8527 -1
-18487 1
43290 -1
43485 2
-3799 1
-11074 2
-94335 1
10613 -1
-79247 -2
-39273 -2
-23571 1
34514 -1
-94995 2
-92130 1
-5238 1
19072 -2
-38683 2
-548 -1
16417 -2
17770 1
-51789 2
-28636 -2
-72452 1
48100 1
-52014 -1
-3824 -1
-87827 1
31841 2
-83684 -1
-39216 1
15779 -1
-78048 2
-5701 1
33011 -1
-66299 1
-41903 1
30734 2
-24226 2
-41010 2
-91929 -2
24352 2
-4877 -2
4803 -1
-8216 -2
-90758 -2
38065 -2
2530 2
-1914 -2
-37973 -1
-17815 -2
-66679 2
-59452 1
-74247 -1
-7887 -1
4780 2
9047 1
-60170 2
-41391 -1
11161 1
-23884 2
-34806 1
-35587 -2
-54152 -1
-11828 -1
-5823 -1
-77210 -2
27077 1
-54822 -2
39907 -1
-9784 -1
-3550 -2
-9828 1
15279 -2
44104 -2
-29258 1
34029 2
-66520 -1
40248 2
40084 -2
11532 1
12348 2
-87 1
-44072 -2
26782 -2
27073 -2
19372 1
-18907 1
-48871 1
-33663 -1
-8424 1
-22918 -2
35094 -2
-54144 -1
16683 1
-78084 -1
43036 -2
-71519 2
-48076 1
37295 -1
-22395 1
-73950 1
-50801 -2
-68169 -2
30284 -2
-23944 -1
-31490 -2
23147 -1
974 -1
-90116 2
-54597 -1
-52581 -1
-31231 -1
-97337 -1
47172 1
49952 -2
2427 -2
-98492 1
12652 -1
-25452 2
24380 1
-51377 1
-44430 1
18611 -2
-64288 1
-57893 -1
18388 -2
33495 -2
21600 -2
-13049 2
-35051 2
-59376 -1
-28020 -1
-16448 2
34092 -2
-2620 -1
22725 -1
4950 -2
20878 2
-42861 -1
-68746 1
-71883 -1
-31393 -1
-45412 -2
-46550 1
25919 -2
-43040 -1
-93117 2
-71224 -2
46489 2
30159 -1
-90217 2
-49827 -2
-36914 1
-40996 2
-1819 2
-39303 -2
-4234 -1
-99164 -1
-88763 -2
-73291 -1
7642 -1
-78728 -2
-2621 -2
-87054 -2
-80862 1
-32303 1
-76785 1
-6785 -1
-10289 1
-53093 -2
-96679 1
30057 -1
-93791 1
-38152 -2
-39601 2
-46026 -1
-80443 -2
-82730 -2
-27458 -1
-45142 1
-77684 -2
-81303 2
27102 1
-23304 2
-464 -2
-54619 2
-75257 -1
26528 1
-82109 -1
-40137 1
-41745 -1
-68415 1
-48662 -1
-79232 -1
-38326 1
-2497 1
673 2
42019 -2
38825 -2
-98506 1
-44878 -2
-5360 2
23247 1
15616 -2
-66224 -2
-74987 -2
21996 -1
-47607 1
-37831 -1
25504 2
-57436 1
4465 2
-86099 1
-10923 -1
-41617 -2
372 2
24592 2
35786 -2
29205 2
11606 2
24169 -1
-38966 -2
-10149 -1
43840 1
-39168 2
-74907 -1
-20740 -1
-31785 2
-87376 -1
416 -1
35474 2
31894 -2
44072 -1
-18726 2
-40003 -2
-10671 2
-91985 -1
44580 -2
6489 1
39848 1
-86268 -1
11416 -1
-18036 2
-3279 2
-7500 2
-39926 -1
-83884 1
14528 -2
3052 2
-83061 -2
-73452 2
-15898 2
-93862 2
-26867 -1
-42803 2
-96866 -1
-2776 1
-9115 -2
-18586 2
48291 -2
-22864 2
-73637 2
-74195 1
25626 -2
-60849 2
-40040 -1
-92784 -2
-11333 -1
-58170 -2
37862 2
47290 2
4041 -1
43120 -2
49062 -1
-53973 -1
-91976 1
38791 -2
11616 -2
26516 -2
-53376 2
-93905 -1
-18882 1
-85952 -2
28403 2
23315 -1
5298 1
-44278 2
-54540 1
-63031 -2
47214 -2
3908 -2
-79497 2
40915 -2
-44373 2
-24813 -2
-6736 -2
19796 -2
48814 1
-32687 -2
-1262 -1
-91324 -2
-50990 -1
-73905 2
-85948 2
-83012 -1
-7223 1
-30605 1
-19619 1
4712 -1
11331 1
-95633 -2
-98915 -2
-28524 1
27814 2
-33845 -1
4236 -2
-47232 2
-85838 2
-57717 -1
-32533 1
-32534 -1
-77802 1
12399 1
-7785 -1
-46498 2
-85462 2
4822 -2
-97971 2
-7875 1
-58289 1
15553 -1
21179 1
34321 2
-19905 2
8464 -1
-95476 -1
-66282 -2
-64058 -2
12122 2
-90439 1
-21809 -2
36245 -1
-37909 1
-71508 -2
46622 1
18492 -1
-10816 -2
-19713 -2
-42107 2
-41189 -2
-61533 1
-78509 -1
28959 -2
44110 1
6358 1
-27454 1
48757 1
-77193 1
-60809 2
-48380 -2
-41426 1
24327 -1
-95779 1
36847 2
3395 -1
48001 2
-57209 1
-95344 -2
34925 -2
-34090 -2
-23137 -2
-2723 -1
33373 1
-35304 -1
-69767 1
12501 2
-94518 1
-1898 1
25433 -2
-94660 2
24347 2
-54113 2
-76537 1
-20707 1
-45041 2
13137 1
43981 -2
-12502 -1
-73344 -1
-81183 1
-25351 1
-92052 -2
-95855 1
-24054 -1
-46762 1
49434 2
16785 -1
-29253 -1
21054 2
-6063 2
-61426 -1
18065 1
-63854 2
29735 2
34217 2
-69735 -2
-86606 1
-40038 2
-10263 1
-66870 2
25374 -2
2761 2
-11407 -1
-6028 -1
-1037 -2
-19645 2
-99622 2
42300 1
36169 2
-4339 -1
36390 2
13552 2
-97022 1
-94925 2
-4690 2
-83801 -2
-92898 1
-23346 2
31246 1
-12063 2
-93425 -1
-66049 1
-17390 -2
3046 2
-62827 -2
27401 -1
40226 -2
-31301 1
3371 2
-97404 -2
-54175 -2
-19998 -1
-17534 2
-49534 1
4945 -2
-76935 2
-67940 -2
48738 -1
-59509 1
-13667 2
26238 1
33375 1
25924 -2
-9045 -2
-25881 -2
-3642 -1
-25339 -2
11669 1
-94743 1
12023 -1
-94149 -1
40245 -2
-27052 2
-55241 2
-1491 1
-38134 -1
37105 -1
-25772 -2
13072 1
-17711 2
31580 -2
-6163 2
31579 1
-51294 -2
-45364 -2
-15465 1
44754 2
-98935 -2
33133 2
-44052 2
-10566 1
-73708 -2
-27266 2
-58854 2
-78696 1
43328 -1
9013 -1
-48461 2
-33436 1
29131 -2
-27006 -2
-3423 -2
-21326 1
17433 -2
-52779 -1
33449 -1
-46652 -1
-88041 -1
-98270 -1
-91794 -2
-10016 2
-55415 1
-31204 2
-62905 1
-42553 -2
16998 -1
30767 1
-60631 -1
11420 -2
-62561 2
23607 2
-14484 -2
-52855 -1
43549 -2
-41134 2
8794 -2
25053 -2
-4607 -2
-99545 -2
36475 2
-15044 -2
-46208 -1
-46801 2
-13020 -1
-42270 2
-8030 2
14063 -2
-81389 2
-83024 2
-28882 2
-22575 1
-63487 2
-2738 -2
-54491 2
-30564 -2
41142 2
-500 -2
1743 -1
-41586 1
-48472 1
-87482 -2
-99274 2
15673 2
-560 -1
-36437 2
-41850 2
10504 -2
40571 2
-71803 -2
13725 -1
16156 2
-24831 -2
-16359 -2
12542 -1
39881 -1
-45856 1
-54775 -2
-27466 1
-93291 2
-9666 2
-78004 1
15803 2
-25174 -1
-15120 2
-30891 2
-39144 -2
-35847 1
-32774 -1
-14504 -1
-70198 -1
-26782 2
-21349 -2
8012 1
18209 -1
-46144 -1
32680 -2
-68731 -1
-39496 -2
-88702 -1
39104 1
29502 -2
-45768 -1
-2495 1
36511 -2
-41524 -2
40231 -2
27867 -1
-78627 -1
-96107 2
-75608 2
-10668 -1
-31074 2
18176 -2
-1381 1
-7063 1
-54212 1
46228 -2
13177 -2
-18958 1
-59395 -1
17744 1
-44050 -2
-88767 -1
-61022 -2
-85099 2
3900 2
41648 2
16146 1
-2317 1
-5727 1
-74682 -1
-64709 -1
-3624 2
27263 2
-43739 2
38092 2
33289 -2
-17412 -2
-6200 -2
49378 1
14208 2
16730 -1
-99133 2
-31156 2
-8885 2
46311 -1
34203 -1
-93139 1
-79767 -2
-25316 -1
42340 -2
-88430 -1
-51616 -1
-22410 2
-57138 2
19232 1
-95287 1
12643 -2
4679 1
-71420 -2
-83738 1
8414 1
3991 -2
-96956 -1
-44387 1
-34168 -1
-19473 -2
-70344 -2
-44029 2
43360 1
-22314 1
-14449 1
40174 2
-60051 -2
-22942 -2
2759 2
-82901 1
47514 2
-72392 2
-19201 -1
17701 -1
-51045 -1
-683 1
18514 -2
-1513 1
-69419 -1
-749 -1
13185 2
-69074 -2
31719 -1
44557 -1
11594 -2
-24793 -2
16395 1
9563 1
47822 2
-79139 1
616 2
45039 -2
126 -2
-95472 -1
29418 -2
12154 -1
-31446 -2
-52894 1
-19614 -1
-61154 -2
20626 -1
45939 -2
-11693 2
-26657 -2
-14417 -2
-23205 2
-69545 2
-50938 2
27602 -2
-51590 -2
-62029 1
-27112 2
29641 2
-64844 -2
12075 2
-9988 -2
-47658 -1
-20749 -1
-64454 1
34762 1
-99580 -1
-83516 1
-20704 -2
-65380 1
-2966 2
-42108 2
-46942 -2
38746 -1
25765 2
2587 -2
-58595 1
-39813 -2
-51550 -2
-65675 -1
11005 2
20960 -2
-51972 1
-97958 2
-75850 -2
-25141 1
-22082 1
-11167 2
19246 -2
14103 -2
-51779 1
2569 -1
-83153 1
11359 -1
49959 -2
-46138 2
-81904 1
11222 -1
25142 2
-97646 -1
-44614 -1
-69573 -2
-13318 2
-19662 -2
10028 1
-55297 2
-24771 -2
-13090 -2
39874 2
7878 2
-61364 -1
5102 -2
-8046 1
25771 -2
7357 -2
-87571 -1
36536 -2
-73000 -2
-52768 -2
-32720 2
-27261 1
-81281 1
-79493 2
-52655 2
-24222 1
22160 -1
41238 1
-2394 2
678 -1
-40011 1
-16632 -1
33892 1
37797 -2
-33131 -1
-22808 1
32369 1
-30103 1
14293 -1
-35463 -1
-16734 2
-31115 1
-83508 -2
-41852 1
-226 -1
-45341 2
-62482 -1
-25985 1
-67931 -2
6701 2
-75324 -1
-94895 1
-27533 1
-90563 -2
-32441 1
-41018 -2
-67277 -1
48751 2
-46204 2
19878 2
-90812 1
-50713 -2
-64293 1
38101 -2
-25821 1
-45246 1
22722 -1
-65356 2
-29589 -1
39885 1
42874 1
-64147 1
45099 2
-97709 -1
-9865 2
40087 2
-84996 -1
-44365 1
-6840 -2
23915 2
12094 -2
37727 -2
-19498 -1
-81196 2
-60193 -2
-57397 1
7344 -2
-52686 -2
10978 1
32932 2
-1851 2
5449 1
-55991 2
-3434 2
-10732 1
-21659 -1
-45792 -1
-99716 2
-49220 1
41009 2
-4565 -2
-59442 -2
47126 -1
-473 -1
-58025 -1
3033 1
2162 1
-6334 1
16335 -1
11814 -2
1184 -1
-45085 1
18974 1
-45284 -2
-3027 2
-11071 1
744 2
-97851 1
-10538 -1
-90238 -1
43100 1
-55547 -1
-45024 1
22144 -1
-30359 -2
6780 2
-22947 2
-37530 -1
-9635 1
-85654 -1
11604 1
-63156 1
25655 -1
-77429 1
10470 -2
-48004 -2
-43064 -1
281 -1
-71818 -2
37357 1
-34948 1
-44311 -2
-76719 2
28746 2
27525 1
48484 2
3631 1
5829 -1
-6357 1
-17064 -1
5311 -2
-44792 -1
-97961 2
-98964 2
-37463 -2
-77866 1
-27894 -2
30280 -2
-73989 -2
11361 -2
-8697 1
17923 -2
32022 2
-2887 -2
-79713 1
40700 -2
-34968 -1
1848 -2
-88101 1
47961 1
-65891 -2
-18462 1
-75705 2
224 -2
5299 -1
13477 1
-2182 1
33307 1
1381 1
48500 2
-33643 -2
26812 2
5980 2
-79856 2
-42171 2
-42824 -1
23184 2
46493 -2
-82837 -2
34472 -1
-536 -2
-6325 2
29868 -2
-3880 -2
532 -1
-79100 -2
2491 1
-11964 -2
26996 1
49321 -2
36778 -1
43387 -1
-49193 -2
-11377 2
-36773 1
-71791 1
-67399 1
-63776 1
-27550 2
-3393 2
-29106 -2
-67858 -1
-36306 -1
-49834 -1
-86662 -1
-73590 -1
-91446 -2
-18005 1
36774 -1
40163 -1
-65178 -2
-89096 1
6439 1
11541 -2
-50897 -2
9506 1
-8316 1
-50513 -1
6078 -1
-10353 -2
-97096 -1
21564 1
16609 -2
-74840 2
-8619 1
19853 -2
-27073 -1
19787 -1
43834 1
24009 -2
-89905 -1
-77055 -1
-42548 1
-91796 2
-30355 -2
-32454 2
-72610 -1
4852 -2
-82230 1
-37110 -2
10907 2
-10101 -2
-44352 -2
-76837 -2
-87007 -1
-41533 -2
2545 2
31437 -2
-32261 -2
11662 2
-37263 -1
-14398 1
-93073 -1
9274 -1
-34718 2
35386 -1
-71168 1
29073 2
-37543 -1
-13961 -1
-97765 2
-76155 -1
-88227 -1
41533 -1
-30560 1
24111 1
44416 -1
-45798 2
-1067 2
-33329 -2
-97367 1
-48005 1
-32354 -1
-43662 -2
21305 -2
-14928 1
-69138 -2
-60414 -1
-8394 -2
-62806 -1
38345 -2
-60518 2
-36144 -1
36957 -2
-58166 1
-46938 -1
-91994 -2
-81180 1
-50911 1
41794 -1
21833 2
-47701 1
12915 -1
-58396 -2
-30147 -1
-67163 1
26617 -2
28748 -1
-84982 -1
-90028 -2
-94159 2
-84758 1
-11903 -2
-87708 -1
27305 1
-67955 2
-91882 -1
-92868 -2
-74781 1
19567 1
-50647 1
7377 -1
-45797 -1
-18329 1
-66125 -2
-3569 -2
-640 -2
-87949 1
-18150 -1
33993 -2
-91086 1
15605 2
13785 -1
-2696 2
-54654 2
-23727 2
25851 -2
27677 1
-10781 1
-82002 1
-45045 1
40321 -2
32414 2
-58014 2
-6117 -2
22162 1
19001 1
13779 2
41211 -1
12257 2
-3182 2
-96493 -1
-44086 1
-96276 1
21603 -2
7849 1
14983 -1
-96584 2
-4747 -2
-495 2
-48094 1
-59601 -1
-1934 -1
-20568 1
4799 1
-21431 1
-56393 1
-31714 -1
40970 -2
-83359 -1
-13573 1
-82733 2
36668 2
11577 2
-69268 1
45595 -1
-38757 -1
-42779 1
-5508 2
7862 -2
-40383 1
46042 -1
12471 -2
-55292 2
39052 2
-30449 2
-25497 -2
-43629 2
-66005 -2
-32117 -1
31130 -1
-56747 2
-2059 2
-3703 2
-70189 1
-41851 2
-5443 2
-35550 2
-49408 -2
5936 -1
-25988 -2
-39 -1
-24252 2
-38649 2
-2515 1
-99118 1
-17844 -2
-58886 -2
4401 -1
48924 2
-55040 2
-78822 2
-10160 -2
-24948 1
39976 -2
-46791 -2
18263 2
7752 1
-94091 -2
-54538 -2
-35457 2
-39602 2
-9576 1
-57612 -2
-98831 -2
-14198 1
-72310 -1
-40651 -2
39568 1
15302 1
-68890 -1
-7127 -1
-66081 -1
-48588 2
-12273 -1
-2955 -2
48287 2
8815 2
12058 -1
-53203 -1
-59216 -2
-86134 -2
-26362 2
-17046 -2
30207 -2
45 1
-7419 2
32519 2
-30692 1
-46797 -1
-75264 -2
-81726 -2
-68662 -1
34582 -2
-7627 2
-41778 1
8263 -1
-16708 2
-1211 -1
-90850 1
44227 -1
-23536 -1
-35112 -1
-11970 -1
-80957 -2
-25163 2
-22916 2
-64796 1
-87664 2
46002 2
33147 2
-88175 1
48507 2
32752 -1
48202 -2
35286 2
21819 1
-70861 -2
-60919 2
-92903 2
46393 2
-75743 2
46543 -1
-60579 -1
37685 1
17297 1
-34371 -1
-70258 -2
-43557 2
32934 -2
-61009 1
-92319 1
4324 1
-58306 1
-69824 2
-88546 -2
-75022 -2
-81588 2
-31262 -1
-54504 -1
28853 1
-43326 1
-10554 -2
-79439 -2
28419 -1
-94838 2
-46709 -1
-67245 2
-91632 -1
-46235 2
-71024 2
6576 1
-55978 -1
33167 2
49962 2
-57070 -2
-19464 1
13146 1
-17967 2
-24657 -2
10419 2
43608 -1
-45641 1
7960 2
29765 1
-27054 2
20643 1
-4530 -1
42876 1
-70964 2
-68530 -1
44132 -1
27299 1
31308 -2
-50122 1
-47180 -2
8488 2
10672 2
-74225 -2
49691 -1
30380 -2
-80640 2
-40401 -1
8410 2
43573 1
-6150 -1
13534 -1
-40325 2
-72656 -1
19354 -1
-58996 -2
-91728 -2
-83563 2
-42554 2
22189 -1
-89495 -2
5029 2
-14796 -1
-89936 1
-10359 -1
-33446 1
25051 2
5994 2
-97985 2
-34632 -1
11277 -1
-59368 1
-14795 -1
-11715 -2
6363 -2
-12881 2
-41531 -1
-92712 -1
-20798 1
-10086 -2
-9660 -2
-5906 2
15004 2
-70788 2
-63052 -2
6615 -1
-97724 -1
-99801 -2
14126 1
-2623 2
-60544 2
-41052 -2
-29736 2
-53805 1
17800 -1
-14285 -2
39869 2
-56563 -2
-95997 2
-87977 2
-88947 1
-25284 -1
-16308 2
-92731 1
-28962 -1
-85117 2
3881 1
-18111 2
-77005 2
-40395 -1
-46264 -2
18221 1
-96126 1
29251 -1
-17941 -1
-63779 -2
-82146 1
-48259 2
-47674 -1
27985 -2
13412 1
-32849 -2
-32738 -2
30192 -1
1727 1
-44291 -1
-63442 2
-54294 1
-70514 2
-49199 1
5827 -2
-11831 2
-11783 -1
4179 -2
44144 1
44711 2
28080 1
-95532 1
-70043 2
-33936 -1
-9563 2
-23157 2
47272 1
48958 2
29174 2
-12747 -1
25395 2
5708 1
-77332 -2
-53188 -2
-39135 1
-81684 -1
-53088 1
36493 -1
-30387 2
-24750 -2
-14363 -2
3864 -1
7815 2
-74468 -2
-59077 -1
-95745 1
40681 -1
24479 -1
-60599 -2
-80205 -2
-31802 2
34053 -1
-84608 -1
1604 2
-98142 1
37822 1
40030 1
-86633 1
3039 2
-4564 -2
-61701 -1
45202 2
-6020 -2
30897 -2
-6643 -2
-34159 1
-97690 1
36383 1
-15728 1
-66711 -1
-83097 1
17482 -1
-48315 2
-57272 2
32885 1
-32616 -1
28040 -2
-70051 1
-98310 -1
-44910 1
19905 1
-91031 1
-89956 -2
46792 1
-96600 -1
-55069 -1
27992 2
-90338 -2
-62251 1
19690 1
-27036 -2
34327 -2
44823 -2
-37056 -2
-72742 1
-60175 1
34341 -1
19621 -1
-8768 2
-13042 -2
51 -2
-18736 -1
-93719 1
-28150 1
-9931 1
37406 1
16965 1
-44157 1
-37130 -2
-2194 2
-68032 -1
-94480 2
-71061 2
38587 -1
38070 -1
-4149 -2
-28578 2
-34477 2
-84295 1
-19809 1
2399 2
15380 1
7122 1
-14455 2
28065 2
37137 -2
-27507 -1
-90729 -2
-55715 -2
-64062 -2
-97939 -2
-86395 2
-26261 1
41366 -2
-69682 2
48312 2
-16021 -2
-84797 -1
-67134 2
-57443 -2
-580 -1
34016 -1
274 -2
-94774 -2
-10194 -2
37082 -1
-70499 2
-88773 -1
18025 -1
30866 1
-1784 1
-23689 2
-88047 1
28319 -2
-98606 1
-93653 -2
27300 -2
14560 2
5935 1
-19954 -2
-36687 2
-57812 -2
-40527 -2
-31445 2
29959 2
15246 -2
19989 -1
-28755 2
17097 1
-90343 2
-10102 -2
-62135 -1
-52540 -2
43667 -1
26145 -2
-58874 -1
-19769 -1
-46783 2
-60150 2
-20468 -1
-92154 -2
-59834 1
34332 -2
-91901 -1
10280 1
9399 -1
-3932 1
-17804 1
-20460 2
-36426 -2
-49596 2
9390 1
16444 1
-18511 1
-75294 -1
-91239 2
5432 -1
-67411 1
512 1
-7162 -1
-61571 2
22241 -2
-4410 -1
45257 2
34753 1
-52612 2
10267 1
-35144 2
-9612 -2
-90184 -2
-50965 1
-4765 -1
9545 1
-6570 2
-97945 -1
-6887 -1
-71643 1
-2030 -1
-45174 2
-10088 1
-28027 1
-9729 1
19653 -1
27864 1
30290 -2
-9580 -1
-19454 1
-36215 2
6499 1
39165 -1
21727 -1
-75024 -2
-33624 2
20090 1
20784 -1
-26549 2
-83233 2
-40576 -1
-44118 -1
-94382 1
27087 2
-7827 2
-70573 -1
-39391 1
7826 2
-83066 2
-65776 2
34713 2
-44843 -1
-88669 2
-70699 2
-54927 2
-61313 -1
33584 -2
-18457 -1
-25436 -1
-44497 2
37537 1
-62274 -1
31352 2
14320 -2
-57164 2
14388 -2
-5340 2
-85957 -1
-14109 -2
27681 -2
23275 -2
-27139 1
-68406 1
49986 -1
-52151 2
-99585 1
-58063 1
-1945 1
-83254 -1
45259 1
-94609 -1
-75702 2
5179 -2
-40678 -2
-72995 -2
26742 1
-54708 -2
26190 -1
-85111 -1
41977 -1
-67145 1
-26489 1
4666 -1
-28369 2
-91406 2
-70969 -1
-10980 2
-4831 -1
-14870 -2
-80525 1
-81234 -1
-91205 -1
-77015 -1
-75046 -2
-69052 -1
-14228 -2
19827 -1
-45437 1
-29626 2
29609 -2
-35067 -2
-79563 2
4832 1
-87742 2
-75165 2
-63594 -1
-99484 -1
-31282 -2
-39836 -1
-59814 2
-19305 -2
33372 -1
-31280 -1
-4153 -1
-99094 1
-81973 2
-11789 2
10388 -2
-20129 -1
48072 1
-19570 -2
-30040 -1
42741 -2
-89756 2
-51055 2
-42069 -1
-65674 -1
-74379 2
14785 -2
-13992 2
34624 1
-990 -2
17865 -2
-83543 2
31901 -2
-57831 -2
-54143 1
901 1
-40152 2
24759 -2
-24975 -2
-47412 -1
-37636 1
-38266 2
-61454 -1
5434 2
-99837 -2
-51303 1
-52989 1
-62964 -1
-16446 2
-13359 1
18437 2
32796 -1
-36258 -2
-71421 -2
-67021 -1
-20815 -1
-59561 -2
5470 -1
-96468 -2
-61642 -1
-30666 2
49366 -2
17505 1
23603 -2
-4589 2
32798 1
-77433 2
-46168 1
-55035 1
-89294 -1
42276 1
28643 1
-67483 -1
39512 1
-84699 1
-46583 1
-86717 2
-54295 -2
-96816 1
-76882 -2
-93682 2
-21926 2
39677 -2
-16853 2
-42577 -2
-24132 2
-27153 -1
35068 2
12301 -1
34468 -2
-50142 2
-78231 2
34291 2
625 2
-24976 1
21074 1
28857 2
-30398 -2
-67527 2
-54698 2
-81532 -1
-37589 1
26654 -2
-14213 -1
-45374 2
-1548 -1
-47298 -1
-22706 -2
-11854 -2
-75090 1
44891 1
20708 -2
42476 -2
-75328 2
-82284 -2
-64317 -2
-16017 -1
1066 1
16181 -1
11385 -1
-64485 1
-61896 1
-33636 1
13961 2
-11922 -2
760 1
-63437 -2
-2668 2
-72026 -1
28333 -1
20078 -2
18316 -2
-5783 -1
-38264 -2
45072 2
-74857 -1
-38348 2
-35221 -2
25306 -1
-92425 -2
44417 -1
-90065 -2
-80031 2
-76817 2
-18578 1
-67656 -2
3796 -2
-68156 2
-53482 -1
-56506 1
-98463 1
-65913 2
-99213 -2
10839 -2
35595 -1
-64564 -1
-57511 1
-73614 2
5078 -1
-2284 1
36585 -2
40206 1
-30146 1
489 1
28712 -2
-81854 -2
23242 2
-41478 -2
-78989 1
4222 2
-14543 2
-57993 1
34085 -2
-14317 1
17672 2
-90473 -1
17614 2
-97696 2
-13428 -2
-37522 -2
-52532 2
-9382 -2
-76300 -1
-78363 -1
15682 -2
49830 -2
-15467 -1
-32392 2
-53920 2
-1984 2
-45275 2
45427 2
32427 -1
-62492 -1
37549 2
-21318 -1
49067 -2
-69029 -2
23038 2
18683 -2
-95837 -2
46760 2
-20079 -1
-85312 -2
40077 2
17737 -1
-41385 -1
-36659 2
-10848 2
33436 -2
-20505 1
-68078 -1
-21889 2
29201 -1
-57907 -2
2572 1
42050 -1
-27349 1
-82806 -2
32407 2
-39387 -1
-60865 -1
-43248 -1
-59946 1
-32824 -1
1732 2
-37730 -1
-63573 -1
-43021 1
-42100 1
-73366 2
-91698 2
765 -2
-83032 2
-67170 2
30315 2
-83031 -1
-81517 -1
-99112 -1
-39875 -2
-55793 1
-85891 -1
-74094 2
-33806 -1
7513 1
27184 -2
-50210 -1
-77608 1
-37394 -1
31086 2
-54387 1
41029 -1
28422 -2
-95545 -1
5367 -1
-23810 2
-89919 -1
-85455 1
-92282 1
-43003 1
47836 2
28814 -2
-96861 2
42785 1
-26920 -2
17627 2
-31998 -2
28177 -1
36829 -1
-86943 -2
-90691 -2
36666 2
16663 -2
-33213 -1
18341 2
-48972 -2
-48189 -1
-35948 2
-72924 1
47162 -2
-41568 1
-77094 -2
-32007 -1
-64764 1
-51895 -2
-43138 2
-45746 2
-84989 -1
47747 1
43469 1
-71860 2
-88983 -2
-89516 -2
43152 2
-39089 -1
37695 -1
28733 -1
-15566 -2
-18801 -1
-52067 -2
-12223 1
-5848 -2
-53548 -2
-45230 -2
44727 1
-17194 1
-9532 1
28274 1
21884 -1
25792 1
35535 1
-83561 -2
10846 2
-48016 2
-26382 2
-86599 -1
-35234 -1
-99960 -2
-51406 2
37530 -2
-67224 2
-52375 -1
44015 2
-40552 -2
43 1
43535 2
22774 -2
7872 -2
11101 1
-36733 2
-65814 -2
-52940 2
22283 1
7939 1
-35648 2
5223 -2
-57045 2
37460 -2
43801 1
20720 -2
14701 1
-64121 2
-80042 2
-28830 1
-98545 -1
41825 1
4155 -2
44584 -1
-63843 -2
-13232 -2
-82657 -1
20223 -2
35299 -2
-41680 -1
42760 1
15127 -2
-25518 -2
46252 -1
31599 -2
-3385 2
-74242 2
-14476 -2
4205 2
11519 -1
-88712 -1
-51945 -2
-2422 2
-50505 -2
-67513 2
-12540 1
-9620 1
-35437 -1
10000 -2
6609 -1
-38710 1
-89739 2
21673 -2
-51772 -1
-38881 1
-67137 -1
40732 2
43370 2
-32643 -1
-87460 -1
-98459 1
-68079 -2
-40177 2
39014 2
34573 1
41735 2
-53678 -2
-52165 2
5215 -1
-85442 2
-39838 -2
35365 1
-80798 -1
-30770 -2
-43291 1
46474 2
-13559 -1
-47831 -2
8197 2
-1508 1
-17387 2
7897 -2
11709 1
35081 -1
43546 -2
-82112 -1
-98973 -2
-57213 -1
-77895 -2
-19216 1
-88535 2
-81577 1
-11359 -1
10444 2
9883 -1
-89088 1
31353 2
-80494 1
-87816 2
6297 -2
1999 2
-57616 2
-32658 2
32933 -2
-27494 -1
36278 2
-2517 1
-34249 -1
1059 -2
-28249 1
41100 -2
-4337 2
-35143 2
47340 2
-33805 -1
-48829 2
-63182 2
-99087 1
11122 1
49572 -1
4913 1
47592 2
3958 2
6156 -2
9838 -1
-28628 -2
-81708 -1
15549 2
35220 1
15065 2
-83799 -2
10221 -1
-31271 -2
-55039 2
25885 -1
-71400 -2
-40364 -2
1338 1
-62110 1
-33023 2
-99181 -2
-48158 1
9065 -2
-72329 -1
-82703 -2
9827 -2
-25984 2
-82863 2
35391 -2
1127 2
-88635 1
-65228 2
32795 2
-22350 1
-7152 2
-47539 -2
-44566 -2
-83081 -2
-87593 1
-24699 -1
-3850 -1
-72963 -2
-73037 1
-5179 1
41926 2
-84852 1
16203 -2
-23902 1
-34929 2
-41696 2
-50879 -2
-12158 1
42952 -1
-87379 2
-71669 1
-4463 -1
-82386 -1
-91385 2
-53614 -2
-21461 2
-65544 1
19397 -1
2854 -1
21348 2
-86453 1
38014 2
36231 1
-22655 2
-72051 1
25383 -1
-71139 2
-21453 -1
-56140 1
11516 -1
-65845 -1
-75500 2
-25829 1
20135 1
-91902 1
45974 2
4112 -1
-57466 -1
-57036 1
-12557 1
-30609 1
22251 1
17436 -2
18480 2
-3662 1
-46232 1
-24534 -1
-32281 -2
-68221 -1
-69832 -1
-80322 -1
12026 -2
46920 1
-97995 -1
-13550 -1
40105 2
25068 -1
23647 2
-88217 -1
-70394 -2
36470 1
38009 2
-94659 -1
-13898 -1
-69672 1
26129 2
17239 2
-58414 1
11090 1
-84665 -2
26845 -2
-59340 1
-65753 -1
-27555 1
-74390 2
15185 1
-4938 -1
-90355 2
44814 2
11121 2
-96235 1
-59474 -1
-16596 2
-44552 1
-13711 -2
40922 -2
-78568 2
-66671 2
-30621 -2
3836 2
22564 -1
-87417 1
35189 -1
2619 -2
-66741 2
17580 -2
-87554 -1
35601 -1
40679 1
20291 -2
-55759 2
-53298 2
-34710 1
-75629 -1
-64943 -1
-79079 2
-50347 -2
-88798 1
-66949 1
-39447 1
2825 -1
-54620 2
-1679 2
4518 2
-24037 -2
-30406 -2
-74536 -1
38908 1
10431 -1
-45774 2
30069 2
-84323 1
-25017 -2
4302 -1
-17283 1
-15154 -1
-36990 2
-45214 -1
-30640 2
-36868 -1
-13512 2
25547 1
-14265 2
-27925 -1
47741 1
-53323 2
-51525 -1
-95314 -2
-8913 2
43157 -2
-79193 1
9227 -1
742 -1
23367 1
-90412 2
-15870 -2
-79081 1
-66816 2
-21401 -1
20042 2
-28284 1
-87169 -1
-24468 -1
-93094 2
28934 -1
-66821 -2
-30970 -1
39321 2
-22051 1
10577 -2
-91469 -2
44180 -1
27608 -1
48160 2
-30660 2
-3222 -1
-42571 -1
9121 -2
8799 -1
38645 1
-19744 2
-45733 -1
4636 -2
11440 2
1560 2
-12151 -1
31677 -1
-88128 2
-80696 -2
19909 -1
-64586 2
-55941 1
-87699 2
-71933 -2
-30571 -2
-35190 1
38941 -2
-17830 1
8095 -2
-82189 -2
7684 2
-66449 -1
-26184 1
-3017 -2
-66640 -2
-76252 -1
2303 -2
3281 1
11896 2
-482 -1
-19026 -1
19608 -2
21511 -1
-2990 1
-8666 2
-91221 -1
-39765 -2
39700 2
-40258 1
-32048 -1
-94529 1
-94534 -1
181 2
-84273 1
-76324 1
-63091 -1
-29484 -1
28960 -2
-37387 1
-85329 2
27670 -2
-12857 1
-66659 2
-85050 1
39905 -2
-66452 -1
-22861 2
27340 1
-21273 -1
-89221 -1
23484 -2
30395 -2
540 -2
-2719 2
-92438 1
-27444 -1
-96299 -2
-98999 2
31917 2
21076 -1
-31723 1
18957 1
-94068 2
-57295 2
-2056 -2
1775 1
26987 -2
-53727 -2
-17027 -1
-60556 2
25779 1
41265 2
-45740 2
-47276 1
-33187 -1
-8534 2
-42695 2
-79110 -1
-95468 2
18160 1
-93716 2
-98295 -2
40627 -2
7753 1
-30686 -1
11707 -2
10007 2
-48934 2
-69191 1
-31250 -2
1006 -2
-73010 1
-38544 2
-26168 -2
31865 -2
-34180 -2
-22134 2
-87033 2
47889 -1
-2868 -1
-38483 2
-40705 -2
-529 1
30478 -2
-13828 2
10284 -2
-29671 -2
-77498 -1
-79286 -2
-84060 1
36473 1
-12434 -1
39776 -2
-5290 -1
-17162 -1
36462 2
-52436 -1
-6054 2
31205 2
45896 -1
-42794 2
-66012 -1
-44057 -2
-18982 1
9490 -1
19929 1
-53814 2
-30380 -2
-65412 2
-10082 1
-52557 -1
35799 2
25181 2
-24797 1
-59611 1
-7294 1
-55929 -1
-95514 -2
22603 2
-63494 1
-47267 -1
-7907 2
30461 2
-2709 2
40492 1
-5895 -2
-56121 -2
-39598 2
-39583 -2
-79042 -2
-93519 -1
-2051 -2
-57243 -1
48219 1
-14341 2
-47799 2
-75360 -1
-59500 -1
-84301 -1
25845 1
-66003 -2
-17160 -2
5344 2
12113 -1
-20791 1
-11652 1
-39726 1
-24434 -1
39293 -2
-80363 -2
-75225 1
-31153 1
15902 -2
42425 -1
-27581 -1
42309 -1
-94003 1
-4436 2
-42423 2
662 -2
21329 -1
-86528 1
-18833 -2
32352 2
6318 2
-64612 2
40798 -2
13935 -1
-81316 2
43926 1
-90438 -1
-87567 -2
30452 2
8183 1
-20719 1
-1142 2
12630 2
43747 -1
10648 -2
9835 -1
-55957 -1
-94878 -2
-6902 -1
-90169 1
-93122 -1
-99846 1
44450 1
-24114 2
44471 -1
28117 1
-4528 -2
-41344 1
-45691 2
-38433 -1
-97988 -2
-27971 -2
-8186 -2
-78143 -2
-39964 -2
27827 -1
-77297 1
-72489 -1
43109 -1
5932 -1
-76489 2
-7049 1
-95340 2
-38540 1
-69490 -1
-14826 -2
-92648 -2
516 1
-45190 -1
-75969 2
-83428 2
-88915 -1
-78111 -1
29123 1
-88677 2
43805 -2
24395 2
-36007 -1
29956 -1
-53885 1
-53196 -2
-24217 1
-86817 -1
-2236 -1
25454 1
21769 1
-89751 -1
-32213 1
-10395 2
-18186 1
-9552 1
49856 -1
-76940 -1
-48721 1
-83631 -1
-67479 1
-29791 -1
-70748 1
-15687 2
-69922 2
-37229 1
-98035 1
-48606 2
39455 -1
8089 2
-20048 1
-32956 -2
20871 -1
-56541 2
-48248 -1
-30315 -2
-11459 1
40019 -1
23665 -2
-52805 -2
-55657 2
22309 2
-94366 2
-67791 -2
-54110 -2
-86915 -1
-1078 -2
-18615 -2
-86080 1
24497 -2
1609 1
-58257 -2
29475 -1
-98809 2
13001 2
-28418 2
21931 -1
-99378 -2
-26085 -1
28259 -2
-4990 -1
-40962 -2
39356 1
-20733 2
355 1
42662 2
-79359 2
25376 -1
-51520 -1
-27686 1
17376 2
12288 2
7778 2
-83852 -2
-43696 -2
-49657 2
-75687 -2
-40458 -1
-30335 -1
37289 -1
-16471 1
-3654 -2
1350 2
-96288 -2
47549 -1
-23829 -2
-46206 1
27622 2
-92575 2
-32866 1
40449 2
-80077 -1
-32262 -1
-74352 1
46788 -1
33856 -2
-68374 1
23735 1
-4050 1
-14602 2
22305 -2
-83514 1
29750 1
-6080 2
-55873 -2
-93610 -2
17806 1
39342 -1
25551 2
25008 -1
-53145 2
-26856 2
-35490 -1
-93112 1
10955 2
-24743 1
-32571 -2
30281 2
-41915 -1
31014 -2
-76919 -2
25445 1
-81491 -2
33898 1
30600 -1
9339 1
-89483 -1
5296 2
-99796 -1
-41405 -1
-81090 2
11538 -2
-57297 -2
-96552 -1
20073 -1
41474 -2
-68714 1
27372 -2
-28547 1
-30300 1
6962 2
43945 -1
-69360 1
-23354 1
-39826 1
-13820 -2
4056 2
-17923 2
-90707 2
-51456 -1
-47390 -1
3507 1
-12743 2
47371 -1
-90631 -2
25269 -1
-39188 1
-48314 -1
31113 1
-13269 -1
2671 1
-66487 1
-83555 2
-93228 -2
-34739 -1
-38453 -1
17249 -2
-8364 -2
-6384 2
-50198 2
-72308 -2
45073 -1
-81966 2
47462 2
6488 -2
19311 -1
-54851 -1
-94758 -1
31119 1
6110 -1
-87799 -2
-18570 -1
-43122 1
-27885 -2
-9551 -1
-28796 -2
-34211 1
-57191 1
-77181 1
-11301 -1
-52543 1
892 2
4282 -1
39564 -1
-79354 1
-81696 -2
12431 -1
21851 2
22856 -2
-69849 -1
17062 1
24451 -2
41235 2
43031 -2
-4710 1
-22928 1
-29960 -2
31612 1
-42757 -1
25706 1
-73300 1
26261 -2
25965 -2
-51111 1
-1389 -2
38824 -1
-66058 1
-70415 -2
-39372 -1
1902 2
3101 1
-30553 -2
-71502 -1
-84527 -2
19724 1
29304 -1
-91456 2
4476 -2
9906 2
14922 2
-36853 2
-13914 -1
-14296 1
-271 -2
-98867 1
40638 2
5955 -1
-9287 1
-11316 -1
-63067 -2
-89685 -2
-76359 1
33804 1
1079 -1
34619 -1
35163 2
-84688 1
-56991 -1
-13420 -1
-15585 -2
46757 -2
-380 2
28718 2
-89375 2
25128 2
-17032 -1
25704 -2
-68223 1
-57279 -1
-25179 2
-25736 -2
-79424 1
15947 1
-87561 -2
46066 -2
45421 -1
-54693 1
9970 2
-48391 -1
-40814 -2
40898 -2
37070 1
-8696 -1
-76246 2
-13084 1
-84334 2
-47531 -2
-49718 2
23350 2
-86242 -2
-15093 -1
45640 -2
6106 2
4043 -1
2944 1
-7494 2
-66637 -1
46327 -2
-38481 -1
-31960 2
-46642 1
-60346 1
19713 1
-37021 2
-14077 -2
-22823 1
-35971 -1
21221 -1
-28596 -1
-76045 2
-50216 2
-45501 -1
49297 1
21576 -1
27535 -1
38433 1
14737 -2
-34028 -1
-77045 -1
-76221 1
-81396 -2
-55379 -1
-68064 1
-87514 1
-49448 1
28605 -2
-24575 -1
-13314 -2
-95925 -1
-5498 -2
-81715 1
27376 -1
11034 2
27679 -1
-38566 -1
5837 2
-38557 -2
-66130 -2
-48269 -2
29495 -1
34215 2
-28427 1
-55567 -2
-64681 -1
-73711 -2
21688 -2
19 2
48436 1
-40065 2
12796 2
-31835 -2
22721 -1
-98258 1
44516 1
-91777 2
-29604 -2
-93951 -1
-49942 -1
18303 -2
38068 2
-66561 2
-13671 2
-68393 -1
-27719 -2
-74113 -1
14461 -2
-54695 -1
-49233 1
-82361 -1
17203 2
11273 -1
-86265 -1
-18967 1
-91133 2
-89686 2
22211 -2
-38438 -1
-79584 -2
23575 2
-75823 -1
-11657 -1
-56473 -1
-90454 -2
-70963 2
15983 -2
-74648 -1
-49602 -1
-24356 -1
-45339 -1
49211 1
-95993 2
-45435 2
-24801 -2
14196 1
4981 -2
-19160 2
-80657 1
9804 1
3356 1
35121 -2
36177 2
41301 -2
30392 1
-66385 -1
-88025 2
40435 -1
-85988 -2
18013 -1
-93048 -2
-6558 -2
23291 -1
-79534 2
-54328 2
-61864 -2
-51819 1
22999 -1
-25543 2
-35883 -2
-85190 1
-81104 1
-85674 -1
9437 2
-39313 2
-77977 2
-45340 -1
-60115 2
32632 -1
-65151 -2
-46808 2
-20231 1
-11849 -1
-75916 -1
34175 -1
-5689 -2
13646 1
-3167 2
-49284 1
-48647 -2
-80826 1
-14575 -2
37252 -2
-70603 1
-19423 2
14112 -2
-95366 -2
-89856 2
20972 1
16706 1
8285 -1
-48590 -2
33644 2
-13583 -1
3946 -1
-1183 1
24843 1
-4822 1
18924 -1
-43178 2
-46824 -1
-78255 1
-51993 -2
31673 -1
-68036 -1
44877 2
-56380 1
23400 2
-2478 -2
-30169 2
-18328 -2
-32058 1
-3056 1
-78323 -2
-93922 -2
40068 -1
-17835 -1
5090 1
10150 2
24817 -2
-11274 1
43343 -1
8743 -1
-84089 1
49724 2
13848 -2
40566 2
-72202 1
-36186 2
-141 2
-92427 1
44006 -1
11396 -1
-96615 -1
33521 1
-70717 2
-9830 -2
-72533 2
14493 1
-68481 -2
-79185 1
-91195 1
43412 1
22136 2
12316 -2
-95935 1
-5029 2
-65158 1
-60927 -2
43325 -1
25261 -1
-49633 1
-48229 1
40523 2
-47695 2
-64171 1
-69563 -2
10550 1
-17301 -2
15842 2
13460 -2
-75244 2
-51473 -2
24733 -2
-85732 1
30009 -1
7648 1
-58195 1
-5334 -2
-8828 -1
-97336 2
20830 1
-6023 1
43191 -1
-70731 -1
18555 -1
-30703 1
-99977 -1
-61847 -1
-68341 -2
26091 1
-70768 2
-77133 2
-50250 -2
-66599 -1
25899 2
8378 -2
21195 -2
39456 -1
2434 2
-20322 1
-82748 2
-67173 1
-78813 2
-30274 2
16054 -2
-68996 -1
-71588 -1
-4708 2
-24631 -2
-9763 1
-79049 2
-75387 2
26929 -2
-18614 2
49087 1
-94932 2
-36563 -1
-588 -2
-55724 1
-18900 1
-40700 -1
13220 -2
-51032 2
-93170 1
-68432 -2
-57366 -2
-85765 -2
-46435 -1
34746 2
-19869 1
-45838 -2
-16306 -2
-8279 2
9457 2
-38450 -2
-23242 -1
-84001 2
34273 -1
21734 -2
8161 -2
17435 2
-55610 1
-66607 1
37455 2
-46295 -1
-43206 2
-3046 -2
37413 1
-79949 2
-25990 1
37659 2
-30361 -1
34355 -2
-28356 2
-20911 -1
4010 -1
-30066 1
23213 -2
-21667 -1
16907 2
-45689 1
-13744 -2
-26263 -2
20683 1
-1310 -1
-35718 -2
-20866 2
-64699 1
1813 1
-95922 -1
17016 1
-55823 -2
-1110 1
44229 1
-6947 1
-14487 -1
-52284 -1
-29716 -2
-85075 2
47843 -2
-85249 -1
-92587 -1
-9672 2
-62803 1
-23530 2
37227 -2
-10080 2
-8281 -1
-85231 1
-69129 -1
-19120 1
9332 -1
-54326 -2
3610 1
15385 2
26475 -1
40886 2
-19142 -1
41605 -1
-99933 -2
268 1
-13197 -1
45914 -2
-55073 -2
-23056 1
-34198 -2
-75017 -1
-33475 -2
43462 1
37428 1
-51917 2
-9523 1
-33325 -2
-72289 -1
-33038 -2
-4843 -1
-61216 -1
39731 2
3840 1
-46874 -1
-41847 -1
41212 -2
35773 2
4651 -2
-63899 -1
-20823 -2
10649 1
40651 2
29430 2
-85216 2
-82148 -1
42058 -1
-35337 -2
-11171 -2
44771 -2
-29037 -1
-52471 2
-36594 -2
-85602 -1
-2961 1
-14706 2
-14977 1
19453 -1
-12896 -1
-82798 -1
-29026 2
-43283 2
-27213 -1
-71921 -2
-98909 2
-14486 -2
-43604 -1
-22539 2
-63473 1
-13158 2
-33279 -2
11785 -2
8037 2
-85479 1
-62593 2
12933 -2
-63246 2
3551 1
-19359 -1
-6922 -2
12593 2
-96208 1
49185 -1
-52643 1
-32127 2
34169 -1
-69008 -2
10291 2
-12027 2
-95024 -1
-38321 -1
-80164 -2
31404 -1
11192 -2
-80642 2
-25897 -1
-33939 1
28355 1
41380 2
-76100 -1
38036 1
-86765 -2
-76242 2
-34059 -2
-60459 -2
40380 -1
40418 -1
41980 -1
-21864 1
-31673 1
-45351 1
-28994 -2
-5593 -1
21401 1
-6376 -1
-44235 -1
39404 2
-34912 -1
-98714 -2
-14366 1
-29682 2
21083 1
-31519 -2
32266 -1
18302 -1
44036 2
32341 1
49306 1
71 -2
-75033 -1
43332 1
-63265 -2
-53413 2
42553 1
15481 -2
41816 -2
-58917 1
-28984 -2
-79181 2
-28320 -2
-29606 -1
-9702 2
-3439 -1
-16673 -2
-12767 2
45402 1
46035 -2
-42409 -1
-24309 1
-76534 -1
-43637 1
-45007 1
41983 -2
13373 -2
-62493 2
-3576 1
-48610 -1
-96322 2
-41157 -1
13913 2
-40100 2
-66610 -1
26888 -2
37098 2
22071 1
-42175 -1
-96513 -2
-74507 1
-75999 1
-31187 -1
-20925 2
-75291 2
-26980 -2
-1646 2
-3707 2
-64297 -2
-6434 2
-44953 2
-19235 -2
40063 2
-11398 2
-45251 -2
-74485 -2
-99822 2
-1842 -2
-73462 -1
42902 1
-73568 -2
-49548 1
26012 1
-6438 1
-35089 2
-19631 1
32510 1
17024 2
-53926 2
-58441 2
-59659 -1
3443 2
-5113 -2
-4694 1
-8669 2
-64065 -2
1586 2
29986 2
49443 -2
-6955 -2
43777 2
-68987 2
47273 2
-53198 -2
-83786 1
-55988 -2
-20594 -2
-70891 -1
-99334 2
-31108 2
26884 -2
-95070 -2
41818 -1
-52657 2
13949 -1
-60480 2
-92874 -2
-21108 1
-63674 1
1605 -2
43236 -2
-52258 -2
-21338 -2
33860 -2
-40215 -2
-5781 1
-13972 1
36174 2
5345 -2
-10246 -1
-15386 1
-65218 -1
-83270 2
-28157 1
24526 1
-91841 2
33067 1
24728 2
-71664 -1
-984 -2
-13694 1
18173 2
12702 -2
-68139 1
-65160 -1
-52327 -1
-85821 1
38841 2
-53951 -1
5771 1
16320 -1
33477 -2
-96472 -1
-56201 1
12127 2
-81342 -1
17609 2
-40087 1
-99068 -1
-43018 -2
44051 -2
-48698 -2
20253 1
-76418 1
-83179 1
-25086 -2
-88615 -2
-38885 1
-68027 -1
-53991 -1
-85662 -2
29648 -2
-58601 2
4943 -1
-52469 2
8589 2
13003 1
-21445 -1
-13060 -1
9852 -2
33439 1
-78770 2
46520 -2
-83820 -1
-36591 -2
-45199 -2
-4218 -1
-15175 -1
-95413 -1
-99097 1
-75153 2
-61772 1
7685 1
21003 -2
-24687 -2
-70924 2
-11346 1
-29199 -2
-28075 1
-84772 -2
-34452 1
-22252 -1
28641 1
-71578 -2
18719 2
9472 2
8430 2
9967 -2
15174 2
15717 2
12173 1
-45729 -2
6498 2
20127 2
-21237 -1
-69085 1
18818 1
-38797 1
-97907 -1
-22215 2
-20770 1
3295 2
-93584 -1
-49481 1
-24779 -2
-13280 -2
20355 -2
-37943 -1
8298 -2
45370 1
43017 -2
-27673 -1
-6308 -1
42447 1
21656 -1
-20255 1
-47183 -2
-59331 -2
-82815 -1
44385 1
-55383 2
39365 -2
-78041 -1
-26584 -1
-98761 -2
-95451 -2
38306 -1
-32509 1
-78236 1
-71787 1
-86803 2
-85980 2
-30809 1
-75316 -2
34323 -2
-66336 1
-10518 1
39886 -1
-69679 -2
-53029 -2
47291 2
-31502 1
37722 1
-75808 -1
-61788 -2
18181 -1
21214 1
-44907 2
-97607 -2
-12662 1
-28265 -1
40256 1
-97895 2
13320 -1
-41153 2
-12965 -2
-68001 1
-93850 -2
-53090 1
-79273 1
-58611 -1
-1258 2
2960 2
-96644 2
-90617 -1
-80045 -1
49493 -1
-75513 2
9709 -2
-9056 2
-48490 2
-13935 2
14517 2
-74214 -2
-92133 -1
22481 2
-53911 2
-71910 1
31802 1
-42258 2
-52358 -1
20151 -1
49547 -2
9061 1
15739 -1
-56215 1
34698 1
-45832 1
-49655 2
-96881 -2
-41647 -2
10823 -2
-15322 -1
-72080 1
-3171 -2
30728 -2
-78780 2
-63183 1
-8401 1
-40303 2
-17963 1
-46279 -2
-11596 -1
-37821 -2
-50720 1
-71215 1
-52314 2
-6795 2
-22930 2
-95712 -2
-81172 -2
17847 -1
-56927 2
-18742 -2
-82524 2
49145 2
-79403 -1
35743 1
27567 2
-9704 -1
24563 2
-56321 1
-10878 1
-55455 2
9885 2
-13562 -1
-27650 2
-56635 2
19682 -2
-7427 -2
-58463 2
20091 -2
3184 -2
30494 -1
-54051 -2
-28160 -2
-95522 2
44889 2
-90441 -2
-73067 2
36962 1
37714 -1
-53113 -1
-98495 1
29471 1
-82250 -2
-37886 -1
-81951 -2
-80025 1
-52542 -2
-14039 2
-1461 2
-57810 2
-92664 -2
-61196 -1
-91822 -1
-67544 1
9391 2
-69747 -1
-79559 1
-82339 -1
8575 -1
43392 -1
-24526 -2
22675 2
-28979 2
-91420 2
7797 1
16123 1
-12706 1
-8129 1
-22348 2
-88132 -1
1675 1
25362 -1
-52751 1
-16496 2
-466 -2
26234 2
-60655 1
-93797 -1
45248 -1
30384 -2
46028 -1
-56814 -1
25004 2
46598 -1
-9479 1
33276 -1
-92689 -2
-72173 1
-203 -2
-78373 -2
27358 -2
24143 1
-60037 1
-9351 -2
13436 -1
25564 2
15818 -2
-80123 2
-71427 -2
-91805 -1
8257 1
25944 1
-73787 1
31592 2
-9952 1
-87198 2
-19947 1
12429 2
-31928 2
48162 -1
-84053 1
48705 -2
9898 -2
28450 2
-26712 -1
-78266 -2
49773 -2
-92008 -2
-89808 1
-48736 -1
-75408 1
-60568 2
-46576 2
-39663 2
-17340 -1
-78704 1
-91203 2
29164 -1
-48881 -2
21120 -1
-24235 -1
-12761 1
-52662 1
-31297 1
-14737 1
-55659 -2
-78632 -1
-22127 -1
-21456 -2
-32475 -1
-65843 2
25135 1
-35277 2
-19900 2
-61043 -2
29762 1
-5819 -2
-60188 -1
-4505 2
-32383 -2
5836 -1
-92956 2
46037 -1
-77527 -1
-38153 2
3835 2
5920 1
-58654 -2
41766 -1
26901 2
-4724 -1
-47392 -1
-21697 -1
-47774 2
-73220 -1
25439 -1
-9359 2
-1650 -1
-20548 1
33012 -2
-89843 -2
-46352 2
-3953 -1
-43289 -1
5338 -1
-3134 -1
-69174 -1
36599 1
1081 2
-99910 1
-21638 -2
-77480 -1
-73468 -2
-98906 1
-3696 -2
-70417 2
36978 1
-66240 -2
45504 -2
-1443 2
-60228 -2
-67764 1
-24997 1
-47744 -1
-90496 -1
26083 1
24599 -2
28398 -1
-88732 -1
11851 -1
-8800 -2
-92954 -2
5182 2
-21406 1
9097 2
41662 2
-40350 1
27449 2
-29368 -2
-29641 -1
-54041 1
-44630 2
-15895 1
-39448 -2
-69329 -1
-30089 1
-73721 -1
-39299 1
-5665 2
45646 1
-33484 -1
-28311 -1
14551 -2
-18541 -2
12508 -2
-99917 -1
-17514 1
-15808 -1
-31292 -1
-50566 2
6796 -2
-32871 2
8324 -1
-35750 2
-50059 -1
-68317 2
-29096 -2
12817 -1
-10465 -1
-43468 -2
34937 -2
-97052 2
17568 -1
-76409 -2
22075 1
-66697 2
-75834 1
-52360 2
-76700 2
-45644 2
4719 1
-44825 -1
-30535 -2
729 2
-17713 -1
39349 -1
-5061 -2
-50600 -2
-10368 2
-55351 2
-58098 -1
-77299 2
28664 1
10455 -2
-70691 2
-9899 -2
-86652 2
-26405 2
-59007 1
33260 1
-47257 -1
36620 1
4881 -2
-27001 -2
16822 -1
-78790 -1
-60707 -2
46075 1
-66825 2
-30417 -1
-78130 -1
-60084 -1
-38337 -2
1199 1
-95916 -2
34684 2
-84560 2
-8901 -2
2764 1
46874 2
-62046 -1
-20453 -2
-76488 1
-35979 -1
12510 1
876 -1
48577 -1
-65136 1
10718 -2
18266 -1
-87329 2
17190 -1
-19256 1
-79023 -1
-16579 1
-79789 -1
-17396 -2
27383 1
2139 1
15009 -2
-81411 -1
-27162 2
197 -1
-92159 1
-15830 -2
30006 1
-53333 2
-34229 -2
-91255 -2
32765 1
4675 1
-99226 1
5982 1
19271 2
-82388 -2
-91401 1
-75026 2
23671 1
-26336 2
-29629 -2
25212 1
35287 2
9086 -2
12664 2
-22277 2
-35714 -1
-45173 -2
-84495 1
46450 2
-35224 2
-64141 -2
37661 2
-64502 -1
41094 -2
3766 -1
39073 1
12264 2
-26348 2
-23610 1
20050 -1
-11223 1
-22536 1
-17050 1
-23558 -2
-41181 1
-5182 -2
17681 -1
-17952 2
-6869 -1
-12133 -2
-61809 1
-5013 -1
33342 -1
24978 -2
-40057 -2
-75518 -1
-6048 -1
-44238 2
-64790 2
452 1
22475 2
35423 -2
3754 2
-41685 -1
38106 2
24383 -2
-40850 -1
31903 -1
-55529 -1
-1566 1
44136 2
-37276 1
38087 1
-95410 1
-92353 2
-9794 2
-79021 1
-27268 -1
48540 2
-1448 -2
-48637 -1
-86251 1
-90866 -2
-46980 2
14288 2
-61457 1
-313 -2
29069 -1
41658 -2
-66196 1
-1738 -1
-19122 2
47091 2
-50372 -1
-95616 2
-10140 -2
-89967 -1
1507 1
-76820 2
-33860 2
-77176 -1
-93906 2
-68547 -1
-14074 2
-22103 -1
-71804 -1
-1482 2
-22007 2
-54754 -1
-20768 -2
-6351 -1
-80675 1
-15478 -1
-60334 2
29553 -2
-46853 1
-54347 -1
-94997 -2
-25539 2
-83134 -2
-64804 -1
39672 2
30606 1
-65445 1
-7828 1
-30349 -1
-38132 -2
47407 1
-67979 -2
-86183 1
-48236 2
-17949 -2
27639 -1
-18067 1
-11953 -1
17174 1
-93679 2
29892 -2
-79810 1
-30854 1
-98707 1
48347 -1
38424 -1
-51721 1
-40045 -2
-5894 2
-16462 1
-18120 -1
-24196 2
28864 2
-43199 -2
44192 2
4100 2
-78371 2
-95719 2
-90373 -2
23957 1
48728 1
-82507 2
-52917 -1
-75828 1
-67312 2
-96486 2
-17471 -1
-9362 -1
7133 -2
34275 -1
21648 2
-71150 1
9623 2
29639 2
-22423 -1
-37752 1
20372 2
-46205 2
-94930 2
3410 2
-35060 -2
-70232 1
34612 2
-56098 -2
40268 1
-61777 -1
-89794 2
-5759 -2
-41055 -1
-53189 -1
-59053 2
27492 2
-32232 -2
-77325 1
23742 1
44297 1
-46894 1
32687 -2
-84050 1
-62579 2
26407 -1
-26204 -2
-49803 -2
10129 1
42021 -2
21379 -1
-52108 2
-81657 2
45236 2
-71644 2
4146 2
-58596 -2
-51086 -1
-71560 2
-45998 1
-21887 -1
45070 2
-83812 2
-86895 1
-36095 -2
-25844 -1
-90387 2
-33090 1
-70062 -2
-21896 -2
8151 -2
-67772 2
-71783 1
16653 -1
-86030 2
-52983 2
11239 -1
-24661 1
-88256 1
8873 1
-50391 2
-12817 2
-52113 -2
-33755 1
11287 1
-1226 -2
45286 1
-91655 -2
-61470 2
-49445 1
-3878 -1
-30987 1
-94967 2
-36605 -2
-97134 1
1410 1
-27676 1
-65518 -2
-71354 -1
11105 -2
30686 1
-44696 -1
-31299 -2
48343 -2
-71268 -2
-61690 2
22578 2
45903 -1
-55229 -2
-135 -1
4863 -1
-89557 -2
28888 -2
-61942 -2
-88109 -2
15606 -2
-20092 -1
-79622 -1
-75669 1
-53432 -1
-80914 1
34450 1
-11883 -2
-68436 -1
10066 -2
48795 1
-74751 -2
-31179 -2
-14359 -2
-68626 2
13338 -2
-69558 -1
-33851 -1
-31766 -2
-46536 -1
-80523 -1
-10737 1
-76686 -2
35770 -2
-23939 -1
-15809 1
49626 -2
-76249 1
-56185 -1
-43479 -2
-77793 -1
-60162 -2
15117 2
6473 1
-88373 -1
27092 2
571 -2
22618 -1
-21468 2
2706 -1
34700 -2
21281 2
42054 1
-38569 -2
-66548 -1
41814 2
-60747 2
27365 -1
-36406 -1
-1020 -1
-35286 2
-53359 -2
-94945 -2
-56805 1
-93173 2
17962 -1
-18844 -1
-29531 -2
-91849 -1
6588 2
-59816 -2
-53272 1
-55218 2
-61306 1
6351 -1
-58062 -1
2356 -2
29182 1
43126 -2
44001 -1
-94355 1
-77688 2
-1747 -1
2101 -1
-5959 -1
-59107 -1
32121 1
-79717 -1
-93992 -1
46834 -1
-51235 -2
-48534 -2
2004 2
-76219 2
-64915 1
-78295 -2
-93640 -1
48993 2
-43526 -1
547 2
-2602 -1
-10812 2
-73992 -2
4801 2
-15349 -1
-88784 -2
-96749 1
-81056 -1
3513 2
19254 -1
-32401 1
-22502 -2
5987 -1
-24773 -1
-51893 2
11545 1
-32772 -1
-23504 -2
32127 -2
-73170 -2
46297 1
-76327 -1
691 2
-65964 2
41276 -2
-89618 2
-46817 1
-97432 1
-9530 1
24071 2
13617 2
-21725 -1
-69070 -2
-82606 1
28128 1
35767 1
28984 -1
-16144 1
-8207 2
-40266 -2
-47017 2
38464 -2
32695 2
-9562 -1
-2896 -1
-50935 -1
-61405 -1
-19228 -1
-63832 -2
-56832 1
33956 -2
-28859 2
-5138 2
18604 2
-69407 2
17260 -1
-43858 1
-65785 1
29140 1
8332 -2
-47765 1
2834 -2
66 -2
45152 1
-29452 -1
-7574 -1
-94266 -2
10704 1
28178 1
-80556 -2
-10388 -2
-86000 -2
-58168 2
26160 1
44800 -1
-33205 1
-8169 -2
-22728 2
-10682 2
-44175 -1
-40588 2
-58228 -2
-813 -2
-29941 -1
-73319 -1
16567 -1
-36231 -1
-17336 1
-22327 2
-97071 -1
-85543 -1
43560 -2
20787 -1
-76590 -1
-60000 2
-50104 -1
-56241 2
-52503 2
1889 2
-66552 2
-2410 -2
4287 -1
-76209 2
13019 1
40663 1
-93554 -1
-54546 -1
-43931 2
38151 -2
-79033 1
-69726 -2
21861 1
-28987 2
-25207 -1
-63683 -1
-21936 1
-83682 1
48144 1
-64867 1
-93577 -2
28572 2
-11179 -2
-60195 1
6388 2
19860 2
10463 1
41130 -2
-37072 1
-25223 -1
-1983 2
-49369 1
32291 -2
1391 1
40371 -1
-87365 -2
8674 2
44161 1
36048 -1
-66499 -2
-61544 -1
-93859 1
-40521 1
-4514 -2
-42576 1
-57880 2
2405 -2
-21226 1
4851 2
-91483 -2
-19752 1
23223 -1
3675 -1
-37242 1
23222 1
-35120 2
22639 2
-44060 -2
26909 2
-51014 1
21775 1
-27873 -2
-96105 1
-63596 2
-36737 -2
-54011 1
37369 -1
-83111 -1
-92436 1
-23596 1
-44804 1
-63551 2
43171 -1
-26504 1
13237 2
-62364 2
46890 -1
-56166 1
-11805 -1
-92458 -2
-94763 -2
19031 1
-38817 -2
-16258 2
-98615 2
49901 -2
-50734 2
47647 -2
42234 2
-13120 2
-79776 2
-7561 2
-89393 -1
-37107 -2
-19462 1
36067 2
-26118 2
-22006 -1
-40031 -1
1479 -1
-88265 -1
-52860 -1
14205 2
-57245 -2
-86827 -2
-20868 2
-84169 -2
8251 1
46181 -2
-93072 1
-44759 -2
-7410 -1
-70553 -1
22612 -1
-77516 2
-56661 1
23051 -1
13458 -2
-12912 2
-58416 1
-65952 2
-59631 -2
-12323 2
14118 -2
39787 -2
36678 -2
26269 1
-9374 -1
-32326 1
-1190 -2
-2745 -2
12675 1
-17114 2
-46086 -1
-93717 2
-33825 -2
-35410 1
-23364 1
-46826 2
20581 -1
-62999 1
-11518 -2
-45668 1
32282 2
-80161 -2
46485 -2
-60896 1
-41059 -2
-28557 1
12032 -1
-77837 -2
10105 1
-87881 -1
-13672 -2
-42880 -2
-46778 -2
-66752 -1
-41032 -2
30449 -2
-56171 -1
-25962 -1
-88880 -1
-1542 -1
933 -2
-75349 -1
14833 1
-77849 -1
-85494 -2
-61837 2
-9799 -2
24475 2
-19104 2
19555 1
-7102 1
-47021 -1
-75977 1
-13411 -2
25939 1
-90764 -2
-18307 -2
2801 1
-96357 2
-29245 -1
-79124 1
46460 2
28583 2
-25612 -1
48085 1
26202 1
-72569 -2
-27088 -2
-24589 -2
-38270 -2
6461 2
-28167 -2
-23759 1
-22764 1
-79981 -2
49568 1
-31816 -1
-5139 -1
13222 1
14550 2
-12455 2
-56564 2
-94133 2
9584 1
15155 -1
-20119 1
-34973 2
-62772 1
-66057 -2
-53563 2
2916 1
-2583 2
-63315 -2
47507 -1
-96175 -2
-7771 2
22964 2
-62501 -2
14021 -1
-77890 -2
718 2
-3840 -2
-67799 2
-57669 -2
-97374 -1
-32107 2
-58544 1
23977 1
-43069 1
11840 -1
23170 1
37631 -2
22187 -2
-1401 -2
47453 2
21206 2
-68713 -1
-31388 2
-72689 1
-94771 -1
-18737 -2
-5310 -1
29990 2
25869 -1
19466 1
-12718 1
16851 -2
-24418 1
7457 1
-51731 -1
-78247 1
-96916 -2
-50197 -2
21340 2
-13382 1
-24453 -2
-93183 1
-54232 1
-97064 2
46184 2
-71113 -1
-50685 -1
36336 -1
10765 -1
-7258 -1
49456 -2
-92994 -2
4092 -2
14878 -1
-33033 -1
7215 -1
-27682 -2
-74276 -2
-71128 1
-37849 -1
13180 -2
-45904 -2
-16605 -2
28066 -2
-66533 1
20310 -1
36363 -1
-33988 1
40156 -1
-57032 -2
-30834 1
-65074 2
-55880 2
-66915 -2
-28301 -1
-87480 1
17875 2
-54131 2
27348 -2
5563 -2
-87006 -1
-3058 -1
-31562 1
-82612 1
48124 1
-80701 2
-77183 1
-86294 1
-61628 2
-14528 2
-71634 -2
-4203 -2
-66647 1
-12041 2
-55768 1
-47118 -2
25211 -2
-39179 -2
15838 -1
-78267 -2
-23120 2
-61188 -1
21198 2
-58941 -2
1523 -1
28563 1
-91703 1
5592 2
-61288 -1
-64185 -1
-81681 1
-91549 2
-20746 1
4896 1
22957 2
-78974 -1
-14084 -2
-86126 -2
-79547 2
-41801 -2
27304 -2
9859 1
-95065 2
-29160 2
19474 -2
-57286 -1
-77976 1
-98256 2
21774 -2
-64714 -1
47758 -1
-55853 -2
14706 -1
-41585 2
-44996 -2
24788 -2
28494 -2
-16788 -1
-65065 -1
-67344 -1
18448 -2
33005 1
2605 1
-39855 1
-73445 2
31921 1
-13976 1
-85236 -1
-48798 1
-48416 2
1192 1
-69090 2
-22872 -2
2621 2
-75101 -2
-14874 -1
22617 2
37701 2
-32832 -1
31174 1
-35287 -1
-84807 -1
5552 2
-77233 -2
-26614 1
-28382 1
11769 -2
-88700 1
-52002 -1
25535 1
-55497 -2
39151 2
-95350 -1
-31193 2
49006 2
-34817 1
-86022 2
-18824 -2
9751 -1
38104 2
2738 -1
-74298 -1
-88498 -1
-49590 -1
37624 -2
-46254 -1
-94070 2
42581 2
15068 -2
5937 2
-92720 1
-51390 1
6584 1
24227 1
-68532 1
-35078 1
18897 2
-72938 -1
-97886 2
-23624 -1
11705 2
13218 1
-43880 -2
-49494 2
23942 -2
-38310 -2
-60157 2
13387 2
-70420 2
-82945 2
-38589 2
-94340 1
-60760 -2
40157 -2
36141 1
33879 -2
46501 1
-75894 1
-72782 2
-66146 1
-29602 1
49332 2
-12426 -1
37166 1
-10196 2
33901 1
4104 1
34299 -2
5518 2
7470 1
-90190 2
-65654 -2
-24015 1
10452 -2
23637 2
-74886 2
-63788 1
-61866 1
-12233 -2
-54787 -1
17652 2
-61423 -2
9108 -2
21876 -2
-38595 2
-39360 2
-39076 -2
2537 2
34071 2
37454 -1
-52988 -2
-78747 -2
-78166 1
27089 1
-8167 -2
-31373 2
3773 -1
-20933 2
2079 2
-20109 -2
-47927 -2
-16683 1
-90080 -2
-37658 2
-88397 1
-41217 -2
14244 1
33607 -2
-78722 -2
-55666 -1
-26526 -1
3191 -1
24448 -2
-30258 1
-97082 2
-2469 2
10721 -1
-52008 -2
-746 -1
17684 2
-50779 -2
-51431 -1
-36902 2
-49614 2
17126 2
-5580 -1
595 -1
-83894 -2
-39408 1
-1124 1
22876 -2
-81805 -1
628 -2
36008 1
-4497 -2
-6169 1
-29567 -2
-67839 2
26926 1
35834 1
15252 -1
-43742 2
49470 1
14035 -2
5131 -2
-25596 2
-64841 2
29818 -2
13932 -2
38739 2
-37446 1
28099 -1
19622 2
-50297 1
5640 2
-82157 -1
-36121 1
-60735 1
-16985 1
33083 -2
-62648 2
29966 -1
49343 1
-52431 -2
5089 -1
-38407 1
25849 -1
-47082 -2
24015 -2
-8437 1
-30679 2
-89235 -1
-13178 1
6094 -1
-69555 -2
-4245 1
-5706 -2
-98027 1
-42994 -1
25934 -2
-10986 1
-72385 2
-51122 -2
526 -1
47196 2
-49984 1
5294 -2
-24802 -1
-18841 -2
-78302 2
37902 2
12008 -2
-61580 2
3788 1
10723 1
24470 2
29692 2
-80846 -2
-58702 2
-87917 1
45864 2
-11261 2
-7415 2
-97262 -2
-22479 -2
-35488 2
23748 2
-55760 2
28800 2
-3429 2
-5530 2
-36018 -2
-60973 -1
-22177 -2
-50558 2
-96378 2
-60277 1
-62198 1
-86754 -2
18112 1
10338 2
-34813 -1
-47134 -1
-94200 -2
8013 -1
-20730 -1
-38370 1
-33763 -1
-71624 1
-240 1
-29053 2
-45992 -2
6769 -2
-74994 -2
-35230 1
45496 1
-57212 -1
-57134 -1
-78545 1
-68458 -2
-513 2
-16070 -2
43173 -1
-56187 -2
-5800 1
-88018 1
14827 -1
-32755 1
-26433 2
42224 2
-70688 -1
-72457 -2
20420 2
30098 2
-89828 1
13300 -2
30924 1
45680 2
-84986 -2
-21528 -2
-97836 1
-60646 -1
26735 -1
-76952 2
4833 -2
-75199 -2
41669 -1
26522 2
23821 -1
46953 -1
21093 1
-7640 -2
-94904 -1
6756 -2
-37608 -2
15121 1
-61789 -2
24114 2
-92437 1
409 2
21536 2
15593 -1
10093 2
-24523 -1
-7138 1
-71702 -1
-73100 2
-3029 -1
-10803 -1
46654 2
-57942 -2
-77883 2
-36882 1
-87804 2
2958 2
-94428 -1
-31037 -1
49060 -2
22989 2
40185 2
6063 -1
18454 1
-80784 1
-87453 -2
-57193 1
-92120 -1
9624 -2
40577 2
-25281 -2
-72633 2
-29211 1
12569 1
-26124 2
-9073 -1
-42819 -1
-74885 -1
30108 -2
28618 1
18453 -1
19549 1
-58551 -1
-93666 -2
-78251 1
-37363 1
-41726 -2
-93249 -1
-67551 -1
-22587 2
11016 -2
42538 -1
-80567 2
-81549 2
36257 -2
45173 -1
-1966 2
-83083 -2
-43411 -1
-9627 1
-84027 2
-9088 -2
-5165 2
-1002 2
49846 2
18639 2
-93181 2
-34108 2
-18242 1
-93671 -2
-99648 -2
-75605 2
-69968 2
-67769 1
27890 1
-96157 -2
6273 1
-29179 1
28790 1
34149 2
49036 2
-40123 1
-65782 1
23587 -2
-8991 -2
-66688 -2
20949 -1
3757 2
-41698 -2
-85667 1
-98623 2
-74756 2
19440 1
47781 -1
46190 2
-61988 1
9191 -1
-51024 -2
-55688 1
-28174 2
-84885 -2
-29281 -2
11607 -2
24048 -2
-78980 1
-9267 1
14368 -2
-12275 1
-75872 1
-70281 1
-33344 1
-57800 -2
-39467 2
-59741 1
27820 2
42819 -2
10378 -2
-8675 1
-94843 -2
-9105 2
31198 1
-7091 -2
-56001 -2
-24455 -1
-35269 -1
27610 2
-90042 -1
-82191 1
-82247 2
29032 -1
-47362 1
-71480 -1
-97977 -2
28283 2
-91248 -2
34107 2
41411 2
29571 -1
-16364 -2
-7029 2
-53223 -1
-57559 1
-86517 -1
-32111 1
-85310 2
2901 1
-5312 -2
-34232 -1
49310 1
-17211 2
-65994 2
34465 1
49716 -2
-97232 -1
14065 2
-50302 1
-67984 2
14449 2
-6669 -1
-17632 2
-32750 -1
-15598 1
29607 -1
-42769 1
-85564 -2
26299 -1
-91386 -2
-37385 2
-57253 -2
-29030 -1
9055 -1
-14505 1
-9035 2
47552 -2
35002 1
-12447 1
-18060 1
10088 -1
-85912 2
-47682 2
-46013 1
39387 1
16254 1
-95987 2
35724 1
36587 -1
46356 2
38174 1
-70577 1
46727 -1
-2748 1
-13630 -2
-19671 -2
-34686 -2
-36259 1
-67112 2
-11989 1
49159 -1
7945 1
-20969 2
-27956 -1
-54348 2
-87730 1
-47929 -1
-52766 -2
-26446 -2
-35397 1
28850 1
-55480 1
-38169 2
-42495 -1
-55062 2
-88843 -2
43064 -2
14048 -1
-80521 -2
-89340 1
-49514 2
-82444 -2
-18529 -1
-94469 1
-91951 -2
-91275 -1
-8099 1
42419 2
-53780 1
-91674 -1
12139 2
2548 -1
-61596 -2
-68256 -2
-72120 2
48703 -1
-20376 1
-12720 1
-31644 -2
-23649 -2
-86169 -1
16646 -2
-19726 1
-61674 1
-98414 1
-94502 -1
-84587 1
-50334 2
-38798 -2
-2669 -2
-72565 2
-89102 1
-21942 1
-75966 -1
94 -1
-59722 1
42968 -2
-14154 2
37908 2
-32746 1
27941 1
22626 1
8093 1
-31517 2
39097 -1
-43013 1
18296 2
-81791 -2
-37429 -1
-5077 1
-44857 -2
-64133 -2
25397 -2
-89116 1
-92728 2
-71435 -2
12042 -2
-5927 1
7331 1
12561 -1
15198 1
-38895 -2
-84575 2
-77400 -2
-28795 2
-71619 2
-25905 1
42222 -1
-8777 -2
-81897 -2
-60734 -1
-65894 -2
-22438 1
28187 -2
24650 2
-494 -2
-54115 -2
30163 2
-39322 2
-94849 1
7524 1
-7990 -1
-83762 1
-20261 1
9901 -2
-42063 -2
-57722 1
-31428 -1
37493 1
-64246 -2
-30740 -2
-6936 1
-52993 -2
11507 1
-8460 1
-68558 -1
23923 -2
-81223 2
-32833 -1
-12325 2
-58900 2
43579 1
-17315 -2
39137 1
39854 -2
-81783 -2
-75021 -2
-27962 1
-22396 -1
-22430 -1
-79975 1
-3583 1
10620 -1
47670 -1
-57921 1
-96868 2
-23899 2
-73046 1
-65462 2
-42930 2
-43948 -2
4311 1
-79363 -2
-27344 -1
-30049 -1
-74330 2
-79566 1
14630 -1
-86342 1
24900 1
-10719 2
-40099 -2
-36799 1
-41098 1
-84787 1
22043 -1
-72967 1
18693 2
-32856 1
-40638 2
19068 1
-59851 -2
-79263 1
-14214 2
-23088 -1
-23573 2
-63479 1
47471 -1
-28868 1
-9682 -2
-23645 -2
-66492 1
-72055 2
41318 1
16080 -1
-97126 1
-9245 -1
44010 -1
29106 2
495 -1
29492 -2
-37179 -1
30858 2
-18378 -1
-6997 1
-25011 -1
24178 2
1688 2
-76617 -1
29953 1
-99903 -1
-64157 -1
-9198 2
-39456 -2
-16671 2
23966 -1
-52207 -2
12641 2
-66964 -1
-99027 -2
-39531 2
-58877 2
35487 1
22412 -2
676 1
-52048 -2
-36221 1
-38073 2
-42855 2
7739 -2
-64970 1
-1732 2
34686 -2
22150 -2
14348 1
-6177 -1
-96113 1
-95168 -2
-69843 2
36058 -2
-14007 1
-20681 -2
36657 -1
23813 -2
-73209 1
-16270 -2
20219 -2
7783 1
23545 1
15203 1
-98016 -1
-41428 -2
-72414 -2
-45292 2
-96462 -1
-92651 1
-11991 1
44698 2
18180 -2
21609 2
16024 -1
15087 1
38191 -1
-5704 -2
48208 -1
21196 1
-49362 -2
-30000 2
-66309 2
-63426 2
40677 1
-49610 -2
-11504 1
-951 1
30134 1
-83090 -2
-35513 2
-93178 -1
-91021 -2
8949 -2
-41171 1
18489 1
-48790 2
-6141 2
13117 2
-50006 2
43577 -2
17519 -2
-12104 -2
5415 1
-88892 -2
-42523 1
-60591 -1
39290 1
-62157 1
-322 2
1084 2
14501 1
6204 2
-89784 1
-35709 -1
-79173 1
-60132 1
-48853 -2
7178 -2
-53777 -2
-7556 1
-96628 -1
14890 -1
-57604 -2
-55716 2
-53489 -1
-50524 1
-93611 -2
-38210 -2
-14742 -2
-50750 1
-59298 -2
38484 -2
-69956 -1
-99514 1
29001 1
-82438 2
21960 1
-2319 2
31181 -1
-6402 1
-33021 -2
34602 -2
-64817 1
-198 2
-62394 2
-74448 2
-13597 1
-85599 -1
-78903 2
28308 -2
-36713 1
16612 -1
-33172 -2
1683 2
-42969 2
29485 -2
35011 1
-24239 2
27951 2
-50719 1
-66202 -1
-6510 1
-42697 2
-67491 -1
9924 2
-19299 1
-34257 1
-70317 -1
-49724 -2
4277 2
-16510 -2
-41487 -2
-64261 1
9895 -2
-21764 -1
-77460 -1
-59808 -2
9427 -2
-21905 1
-66343 1
7045 2
-44810 2
-95239 1
-19698 1
-10799 -1
11540 1
3193 1
40817 2
25127 -1
-12102 2
-52787 1
-76869 -2
-65715 2
43404 -1
-840 -1
44266 -2
-56343 1
-65262 -1
-98063 -1
-29564 1
-27302 -2
-53687 2
-61710 -1
-82957 -2
-68472 1
-45564 2
-52632 -1
-10600 1
-71577 1
-24640 2
14604 -1
-61921 -1
-67257 -1
-41315 2
-6410 1
-86727 1
4136 1
-26246 -2
30244 -2
38288 -1
-50192 2
5325 -2
1593 1
-44452 -1
-10337 1
-46491 -1
-26239 -2
19791 2
34007 -2
-78261 2
-33847 -1
-58461 2
7398 1
-65815 1
10339 2
1420 -2
-1146 1
28993 2
-72562 -1
41228 2
26194 1
-67254 1
-85770 1
-15202 1
-44935 2
-98614 2
1840 2
-31243 1
-97402 1
-16071 1
30896 2
-58362 1
-31209 2
-50070 -1
-12607 1
-99429 -2
-39864 1
-69176 -2
-79965 1
-68874 1
-95722 2
-22581 -1
-80419 -1
3163 1
13567 -2
43454 -1
37123 -1
-85503 1
1878 -1
16543 -1
-5730 1
47562 -2
38815 -1
-8184 -1
-57521 -1
31907 -1
-47351 1
-51194 2
15844 1
33506 2
46123 -2
6164 1
40283 1
-9437 -1
-23396 1
15901 1
9093 1
-35529 1
-49663 1
-68392 1
-74734 -1
-75152 -1
-56119 1
-99729 -1
-8653 2
16986 -1
27812 -1
-87241 2
-21554 2
-54372 -2
-68637 -1
-42897 2
-87529 2
-47155 1
-72183 1
27631 -2
20014 -1
-28345 2
-95601 1
-79308 2
-69972 -2
26849 -1
25596 2
-93897 -2
-74150 2
-8448 -1
-70943 -1
-57676 1
-7459 -2
-35834 2
-10411 -2
-37501 2
14322 1
-13110 2
-78832 2
2499 -1
-3916 -2
48754 -1
-1660 2
-73216 -2
49718 -2
-28806 2
-69743 -1
-44009 -1
-83758 -1
-31565 -2
-65732 2
-24456 2
-26105 2
-99235 -1
-32346 2
21820 -1
-86322 -1
-70358 2
43621 -2
6477 -1
-96641 -1
15083 -1
40079 2
-15848 1
44807 -1
-55099 2
5532 -1
-36389 -1
16052 -1
-29529 1
-59990 -1
27010 -1
-95716 1
18689 2
-20546 2
-64590 1
-30208 1
-23868 2
-44156 -1
-20637 -2
-39019 -1
16190 2
-61597 -1
-59248 -1
-92323 -2
-58003 -2
-23411 -2
-86025 1
-460 -2
-23714 2
7145 -2
-5839 -1
36879 -2
-5115 1
-965 1
7242 2
16621 -2
-55435 -2
-2513 -1
-28334 1
-18121 -1
-66696 -1
-77607 1
-19474 1
-41238 1
29837 -2
-5385 -1
19981 1
8087 2
-69966 2
22826 -1
-14245 -2
-54579 1
-20182 2
46299 -1
27777 1
-51346 1
-29865 2
-86248 2
-10851 -2
-8795 -1
-5528 -1
-80232 2
-48436 -1
-70686 1
-76608 -2
13281 -1
-43916 1
-8600 2
40265 1
37583 -1
-39746 -1
2858 -1
49127 -2
47658 1
22108 1
-78748 2
-59153 -2
-49482 -2
-13457 1
30618 1
17229 2
-57882 1
-3785 1
-73245 1
38121 -2
-24322 -2
-75621 2
-35237 -2
27629 2
-89887 2
-68428 -1
-63891 -1
7096 2
11143 1
-7508 1
-42712 -1
16189 -1
23410 2
1537 1
-59955 1
-58945 2
-72371 -2
-14384 1
-81140 2
-4099 -1
-89271 1
-95787 1
45191 -1
-62128 1
-22138 -2
39550 2
-54493 2
-14434 -1
20745 2
31236 2
36698 2
-44488 -2
-95530 2
1917 -2
-21542 -2
46283 -2
-86945 -2
-76511 2
-98507 1
-65535 1
-96715 -1
-16431 1
-24011 -1
-70502 -2
-71535 -2
535 1
-267 -2
-72369 1
-88314 2
-54285 -1
-89696 -1
9505 1
24 -2
-56214 -2
39762 -1
-43157 1
-53232 2
17630 1
6103 -2
-33072 2
47270 -1
-20495 -2
-21181 -1
-26431 1
38734 1
-40462 -1
24317 1
13506 2
4187 1
-10689 1
-18382 1
-7967 2
-7589 1
44965 1
-82717 -2
11281 1
-17241 -1
-48679 1
3685 1
1104 2
18761 1
-80415 -2
-24112 -2
12843 1
-75559 -1
-10092 -1
-99229 1
-66633 2
-33701 -2
-302 -2
11909 2
-99569 -1
-11895 -1
-15106 -2
11527 -1
-65620 -2
25927 -2
-90294 1
-15357 1
25017 2
-25114 -1
-16383 1
-25753 2
47338 -1
-42378 -2
33627 -2
-48231 -2
-63504 -1
-71906 2
-68493 -2
-43762 -2
-92881 2
-21282 -2
33674 -1
6606 1
2985 1
21831 -2
-55212 -1
-61523 1
-57937 2
-4420 -1
-32722 1
-11936 1
9763 1
-90135 -2
-59830 -2
-45486 -1
29238 -2
-67183 -1
18875 -2
-31588 1
-14638 -2
-43302 -1
-38681 -1
16779 -2
-40914 1
15024 -2
-48191 2
-23655 2
-24638 -1
-45395 -2
7132 1
-10221 -2
137 -2
-84121 1
-16762 1
-66473 1
-23347 2
-46754 2
-16506 -1
-68291 -2
-30476 2
30436 2
-68841 1
-7714 1
-11404 -2
42442 -2
34080 2
-28133 -1
12924 2
-74496 2
-38752 2
12799 -2
10848 1
-70690 1
-82108 -2
-32585 -1
31218 -1
-67035 -2
-27157 2
-193 -2
38332 -1
-10097 -1
-81739 -2
25405 -2
-53220 2
-20117 1
22252 1
-29537 1
17264 1
19247 -2
44641 2
-32467 1
-67833 1
-96315 2
-99307 2
-45872 1
47481 -2
-62982 -1
-37918 -1
-83115 1
-80901 -1
-29007 1
-3805 2
-88065 1
-12998 -1
-7277 -1
3320 -1
-91101 -2
-24003 1
20173 -2
-72955 -2
-4791 2
19778 -2
-94357 -1
43774 1
-32598 2
37781 -2
-6451 -1
-94240 2
2270 2
18131 2
8749 1
17155 -1
-82962 -2
34543 -1
-67595 2
37767 2
-26233 -1
34721 -2
43402 -1
-65924 -2
42459 -1
48288 -2
-2296 2
2511 -1
30719 -1
-34286 -1
-29236 -2
-10010 1
3094 1
-44740 2
-98410 1
-33224 1
-96008 1
-53035 -1
-23049 1
-35208 1
-80748 2
-52393 -2
-55955 -2
-63312 -1
-84937 1
-41754 2
-94231 1
41392 1
7658 2
-31322 1
-70088 -2
-71475 2
-3753 1
-55143 1
19360 1
-21785 -2
10175 1
-33136 1
-40599 1
26781 2
-54225 -2
-25586 1
25435 1
31316 -2
-1520 -2
-75852 -1
25533 1
-59294 -1
-1941 1
-30768 -2
26301 2
31779 1
12987 2
23865 -2
-53206 -1
32659 -1
-46913 2
-69319 1
-34831 2
-69431 1
11026 -1
39708 1
-93754 1
-97281 1
-63584 -1
33793 -1
-19175 -1
-44468 1
44172 -1
38722 -1
35228 -2
36901 2
-77424 -1
-89265 2
-33553 -2
12152 -1
-24150 2
29025 1
-32944 2
-34162 2
2426 -1
41528 -2
-42639 1
-24597 1
-8041 -2
-91427 -1
-18498 -1
22445 -2
-60454 -1
345 -1
-11513 1
21463 -2
2369 2
-30160 -2
-1497 1
-72268 -2
-65061 -2
-45470 -1
-67506 -2
-30428 2
-3151 -1
-27184 1
23178 2
26680 -2
-54137 -2
-55337 2
26436 -1
-10031 2
43837 -1
21331 -1
-24692 2
-27760 2
21882 -2
-53218 -1
-36472 -2
13845 2
25642 -2
26897 1
-99699 1
-29833 1
-48666 1
16243 1
-65647 -2
-10722 -1
-71099 -1
42289 2
46619 2
-49049 1
-83655 1
35410 1
-85703 1
48478 -2
-26682 -2
-56420 -2
-76435 -2
-7943 2
-38940 1
-87447 2
-60936 1
-46007 1
30945 -2
-82616 -2
32194 -1
-78044 -2
48635 2
37587 1
-98254 -2
-91089 -1
-22407 1
-89019 1
-6241 2
-13507 -1
40810 2
-36216 -2
-89021 -2
23194 -2
43239 1
-36536 -1
-32439 2
-20439 -2
-61799 2
46539 -1
-82870 -2
27644 1
-50748 -2
30977 1
-71486 -2
7969 1
2531 -1
14779 2
-14542 1
-46659 1
-1586 -1
-64760 2
-8219 2
-85896 -2
-27565 2
-27107 -2
-35258 2
-23455 -1
-69279 2
-8045 1
30282 -2
42158 -1
-79587 2
-29493 -1
11 -2
16721 -1
38429 2
-54521 2
-46494 2
-99247 -1
41384 2
-28488 2
-54158 1
-68321 -2
2865 2
30554 2
1890 1
-32804 -2
-99583 2
12663 -2
-13780 -2
-37706 -2
-98802 2
-1441 2
-46079 -2
-3736 2
-81746 1
22523 1
-18033 -2
13986 -2
32424 2
-99427 2
-306 1
27220 -1
-29891 2
37519 -1
-23736 1
-61162 -1
19807 -2
31871 1
-54092 1
-9332 -1
-6598 -2
42160 1
-37632 1
44763 -2
-19247 1
46224 1
38085 -1
2941 -2
19675 1
15169 -1
-25094 2
-97101 -1
-30271 -1
13922 2
9501 -2
-7749 1
-27544 2
-19855 -2
14719 -1
8608 -2
21545 -1
-90571 1
-64312 -1
-89634 -2
-92381 -1
-11400 -2
-70013 -1
-28861 2
-4386 1
17380 1
49446 -1
-771 1
40616 1
-58312 2
49322 2
41153 -2
10673 -1
-82425 -1
21622 -2
45572 2
15445 1
-35814 1
-94731 1
-72160 2
-96945 -1
-46479 -2
-55270 1
-49714 -1
-43154 2
1329 1
-41537 2
40642 2
-13175 1
-68560 1
21121 -2
28191 -2
11031 -2
1791 -1
-26226 -1
-24465 -1
-94484 -1
-51694 1
477 2
-26944 2
-58867 -1
19321 -2
-88075 -1
18504 2
6170 -2
-25872 -2
-93683 -1
-90601 1
42122 2
-43267 1
-52455 -2
-50125 -2
-25735 1
-16422 1
-329 2
-51077 1
-55307 -1
-78340 -2
-11023 -2
31186 -1
10423 -1
-88768 -1
2285 -1
-50509 -2
-52838 1
6219 -2
-47537 1
-55248 -1
-58599 -2
-23196 1
-11125 -2
-82604 1
32845 2
7751 -2
-63570 -2
-47053 2
-56088 -2
-39516 1
36355 -2
-21111 -2
-95082 -1
-71951 -2
46940 1
-15933 2
-27442 -1
-41607 -2
27425 2
7073 2
26603 1
30941 -1
-98482 1
-10404 -1
-67094 -1
9756 2
-32039 -2
32037 1
-67322 -1
-68642 -1
-43176 -2
-76116 -2
26155 1
-57914 -1
-55493 1
2199 2
25171 -1
-62417 1
-4863 1
9289 -2
9825 -2
-13468 -2
-65780 2
24466 -1
41616 -2
46831 -1
-22897 -1
16309 1
-1303 1
-69886 2
-71236 -1
25277 1
-92663 1
34469 -2
5901 2
-20853 1
-24735 -2
32689 -1
-21437 -1
-51977 -2
-89213 -1
-25891 1
-47092 -2
27086 2
-56631 1
-36034 -1
-32758 -1
38307 -2
-13536 -2
-92697 -2
-88986 -1
-11650 2
-46505 -2
-15068 2
-45196 1
-22777 -2
-71843 -1
-66650 2
-43753 1
-69336 -1
-78615 -2
-9366 1
-17171 -1
-16735 -1
-18962 -2
42364 1
-78257 2
9493 -2
-68593 -1
195 2
-6800 -1
-62565 2
6691 2
-68438 1
-58111 -2
-28986 1
35753 -1
-52424 1
7921 -1
32099 2
-38541 -2
-38007 2
-33731 1
24665 -2
6374 -1
-35443 -1
46031 -1
19301 -1
-15999 2
29526 2
8578 1
-33208 2
-27295 1
41928 -2
13948 2
46846 1
45768 -1
19162 2
-95110 -2
-58031 1
-42664 1
6257 -2
-26154 1
19685 2
-34446 1
-95072 -1
-57748 -1
-30268 -1
-12604 -1
-67637 -2
-41214 2
-31362 -1
-31347 2
-16971 2
43830 2
-86366 2
-80589 2
-99208 1
-65868 2
-22693 -1
-72335 -2
38980 -2
-3715 1
27914 2
40838 -2
32972 1
25442 -2
-68236 1
-38101 2
-28216 -2
-65048 -2
33806 -2
-73471 1
-29073 -1
-44464 1
-98868 -1
32186 2
-55462 -1
-65033 -2
39130 -1
-33405 2
-88643 -1
-33622 -2
-52242 1
-21655 2
-71653 2
-76145 -1
-78452 2
14186 -2
-77134 2
-59919 1
-25694 1
-1718 1
-26493 -1
-34255 -2
45909 -1
29848 1
-15975 -1
45476 1
-56983 2
-10787 -1
-54296 -1
-83132 2
-44829 2
39726 -1
15895 1
-92433 1
8221 -1
-98746 1
8998 -2
-76266 1
-36022 -1
-37695 -2
10833 -1
-75058 -1
-61109 2
-33168 2
-19045 2
49895 -2
24540 -2
-48848 2
-24295 -1
-83587 2
-30859 2
13722 -2
-84192 -1
-60539 -1
-91972 -2
-83194 1
-72668 -2
21450 1
-84387 2
-88840 1
-84287 1
-5190 -1
-88151 -1
45617 2
-15706 -1
-63386 -1
49750 2
-14470 1
-8942 1
-57991 -2
-37564 -2
42597 1
-98745 1
-76119 2
35477 1
41364 2
1898 2
-28584 -1
20963 2
-95694 2
-70712 2
24574 -1
-97467 1
-86330 -1
-22676 -2
-28235 1
-11691 2
26764 -2
-21116 1
-73243 -1
47227 1
-42842 -1
74 1
-12359 -2
-19412 1
-25861 2
48113 1
-12948 -2
-25755 2
-1126 1
-22600 2
-33653 -2
-20266 -1
-35330 1
28907 1
-256 2
3245 2
-59381 1
16533 -2
-15270 2
7217 -1
-68413 1
38994 -2
5323 1
-99250 1
45098 -1
39360 2
-77579 -2
-37351 1
-3154 2
734 -1
8925 1
-8555 -1
24263 -2
47717 1
-85926 1
-42605 2
-63513 -2
10449 -1
-99760 -2
-70775 -1
-63944 1
34817 -1
42530 -2
-90205 1
-10416 -2
-77756 1
21172 1
-45132 2
-91320 -2
-82370 1
-65676 -2
-17653 2
-64164 1
-86909 -2
-53781 2
-33407 -2
-74406 1
-15651 -2
-50704 2
-88893 -2
14513 -1
-47516 2
-42654 -1
-30331 -2
-80212 2
-24883 -1
-97804 2
-29872 -2
-54208 -1
-63167 -2
-12936 -2
-75014 -2
-44224 -1
-40892 2
-72618 2
7776 -2
-79242 -2
-6976 2
-73567 2
-39152 -2
-13241 1
32225 1
-1579 2
-87864 1
37720 -1
45444 1
-45866 2
-70015 1
-89582 2
44930 2
49774 -1
-85623 -1
-56113 1
-73813 -2
-19334 -2
-32168 -1
-24916 2
-18757 -2
-42016 1
-88374 2
10740 -1
34784 2
-32316 1
-90706 -2
26036 -1
-73593 -1
32026 2
-36237 2
-71525 2
-83107 2
-17648 -1
39076 2
-78080 -2
47101 1
-97257 -1
-97891 -2
-76484 2
15716 -2
-90843 1
-20207 -1
-47666 -2
41567 2
47683 -2
22823 1
-33549 1
47578 -2
-71939 1
-26927 -2
-10515 -1
-32243 2
21943 1
-27236 -2
-62374 -2
6462 1
-51956 -1
26041 -1
-64319 -1
-85807 -2
-51902 2
-84966 -1
29419 1
18122 -2
-75572 1
41192 -1
-25766 -1
-63579 2
-18469 -2
-73513 -2
-73148 2
-8916 1
20578 -2
-25666 1
-16216 -2
-10084 2
36760 -2
47826 -2
-84080 2
-55049 -1
34359 -2
-9694 -2
-21507 1
-77507 -1
-22681 1
14330 2
-72551 1
-29056 2
11523 2
-64495 2
-5785 -2
-64820 -1
-91739 1
-78106 2
-34531 2
6422 1
-10749 -1
36656 -2
16049 2
-35472 2
-19007 -2
-29956 -2
29811 -1
12397 -2
-52944 2
-81278 2
19520 2
38302 -1
-78119 2
-84360 2
5188 -1
-53249 -2
17692 -2
-59720 2
-18722 -2
41809 -1
4777 1
-48899 -2
-64403 1
-71917 2
-29670 1
-42424 1
-19884 -2
-55261 -1
37535 -1
-94160 1
-90858 1
-36804 -2
30048 -2
-68793 2
-36916 2
-16837 2
-10130 -2
-52767 1
-29776 2
1778 1
-98086 -2
46812 -2
-62615 -2
7985 -2
-98639 -1
-55817 -1
4461 -1
-41833 -2
-14598 2
36690 -1
-59882 -2
29369 2
-34816 -2
-8152 -2
-67919 -2
37244 -2
-76658 1
-48141 1
-15646 2
-12909 -2
47197 -2
-65003 -1
-74702 -1
7389 -2
-99755 2
-27334 -1
-73894 -2
-51253 2
-25323 1
-79815 -1
48832 -2
-76320 -2
-14035 1
-77337 2
-90682 2
18813 1
30556 1
647 1
-82414 -2
31820 -1
24399 1
9100 -2
43136 -2
13879 -1
-77283 -2
-75094 2
21086 2
-10476 -1
-67938 2
-53605 2
-56033 2
-51117 -2
2051 2
-14510 2
-24284 -1
-58675 -1
-70185 -2
-37773 -2
-56856 -1
-15722 -2
48075 2
-29409 -1
39860 -1
-91042 2
49899 -1
-66447 -1
12847 1
-74157 2
-26401 -1
-31630 -1
-56061 -1
7395 2
46825 1
-6497 -2
-64549 -1
-66306 1
23382 -1
44203 -1
-30199 -2
47345 2
14570 -1
14715 -2
39375 -2
16194 -2
-27951 1
-11489 1
-32244 1
-40498 2
-37296 -2
-52037 1
-35070 2
21489 -1
-8681 2
-31657 2
-74961 -1
24467 -1
-70772 -2
-4610 -1
4093 -1
-94004 2
7619 -2
-80230 1
16845 -1
-54797 -2
19438 2
-37460 -2
-99101 -1
-23072 2
-34642 -1
-4975 -2
-44014 -1
-97105 -1
-96937 -2
-81345 2
-23581 -1
-59758 2
-25628 1
-4526 -2
16798 -2
-87099 1
-11926 -2
-49693 2
-58294 -2
-89090 2
-75871 2
-42738 1
-5929 2
-916 1
-82859 -2
-1106 1
-60882 2
26771 1
29546 -1
-78398 2
-17096 2
-57544 2
-36361 1
-78135 -2
-78069 -1
-29410 2
-75991 1
-98896 -1
-84310 -2
-69422 -2
-87971 -2
-25650 2
-99256 1
-92823 -2
-46532 1
-20189 2
-22429 -2
45604 -1
38031 -1
-41508 1
10102 1
-85145 2
-88534 -1
-83374 1
-53156 1
33887 2
18294 2
-26514 2
-22493 -1
5930 -1
-4454 1
-51596 -2
2108 -1
-73143 1
-24932 2
45548 -2
-85302 1
35925 -2
48932 1
-46468 -2
2474 -2
-51859 2
-70613 -2
-43987 1
-36637 1
16729 -1
-1043 -2
25340 -1
19983 -1
-37737 2
7649 1
-16321 2
15863 -2
-93272 -2
-84835 1
-58444 1
-23466 -2
-64 -1
9806 -1
-92107 -1
1629 2
-50893 -1
-83389 -2
-7548 1
-36576 2
10604 -2
-74006 -1
-11595 -1
-96167 -2
43913 -2
19743 -2
22968 -1
-86820 2
48015 2
-94633 1
-30654 1
13243 1
-60482 -2
-49986 1
-88771 -2
-63150 1
-96123 1
-11635 -1
-95417 -1
-83982 1
15694 2
-25444 2
43772 -2
8153 2
-63575 2
-15885 2
4677 -2
-41342 -2
-68628 1
20884 -1
29785 2
24291 1
19047 1
34960 1
-79531 -1
-83120 1
-75711 -1
-23229 1
-34694 2
-85618 2
-8180 -2
11364 2
-38778 -2
-51184 1
-89069 2
-92262 -1
6550 -2
-91191 1
-8197 -1
22904 1
-5875 2
18866 -2
36543 2
2158 -1
14909 1
-30483 -2
-41031 1
-20523 1
-31868 2
-77785 -1
-52282 2
-39079 -1
-60096 -2
39112 2
-65014 1
40026 2
-74015 -1
-19796 -1
-10533 2
8462 -1
-10391 1
-68142 -2
44884 1
-16543 -2
-5027 2
-54641 -2
28623 -1
37253 1
-20035 2
-93751 1
-35732 1
-82234 -1
-6352 -2
-64643 1
4956 -1
34096 -2
10680 -2
38953 2
-12401 2
-46673 -2
3133 2
-20803 2
19376 -2
-58969 1
-38259 -2
41942 2
-63602 1
49384 -2
-71875 1
-46698 1
-76912 -1
-74511 2
-44870 2
-93804 -2
-90903 2
-98516 -2
-93402 2
25527 2
13645 2
-62380 1
45497 2
42428 2
-73811 1
-63830 1
41656 1
25926 2
39629 1
-14626 1
-45392 -1
18434 2
46404 -1
11865 2
-43191 1
-7947 2
-25537 -1
15071 -2
22170 -2
-83692 -2
-58212 -2
18842 2
-13875 -2
-51976 2
44729 2
-80894 1
40006 1
-15048 1
11661 2
-58155 2
32512 -1
-60531 -2
-57592 -2
-25241 -2
-39593 2
-45752 2
-65455 2
-53119 -1
-81933 1
-92507 -2
44232 -2
-33210 -2
-71869 -1
-5047 -2
-81307 2
-30166 -1
29433 1
-87045 -1
27068 -1
-7025 -2
443 2
-83580 1
-22653 2
-85221 2
-77251 1
-50670 2
-53557 1
46691 -2
30548 -1
-23631 -2
45321 -2
-19150 1
-94363 1
-50517 -1
-47188 1
-50280 1
-87249 -2
-56526 -1
-10784 -2
-22461 -1
41051 -2
-20909 -2
-3844 -1
-9546 2
34258 2
-51568 -1
-79719 1
-96094 -2
44921 -2
-28180 1
-80241 2
-46455 -2
-13011 -2
-27504 -1
-53167 -2
49257 2
15943 -1
-69063 1
-39052 -1
-66321 -1
47303 -2
-61956 2
38292 1
-75070 1
-31570 -2
-95302 1
-71538 -1
1093 -1
29516 -1
-58963 2
-50920 -1
2258 -2
-30508 1
-51328 -2
36224 2
11128 -1
561 -1
-36175 -2
-28251 -1
-57285 -2
-54563 1
-51876 1
-38105 2
-32457 2
-62683 -1
14624 1
-14478 2
-52233 -1
-59346 -2
-62208 -2
13941 1
-44323 1
-49950 1
-51119 2
-59971 2
-22437 1
6713 1
23808 -2
26941 -1
-15743 1
-72012 -1
-34000 -1
-67641 -2
33145 -2
-87532 1
882 -1
-64498 -1
36226 1
-73690 1
-75787 -2
28785 1
11751 2
-388 1
-9174 2
13068 1
-33548 -2
-32931 -1
-98081 2
-21587 1
-2406 1
32402 -2
6327 -1
3060 1
-82254 1
-27129 -2
9109 2
-64606 1
-8843 2
-78595 -2
24723 2
-12225 -1
-55621 2
-33869 2
-25953 -1
-73065 -2
-93668 -1
12600 -1
-60196 2
-91241 2
48632 -1
-47309 1
-52837 -1
-85001 -2
-43600 2
3249 -1
-15413 2
-50079 1
-77196 2
38837 -1
-8974 -1
35918 -1
-80908 2
13172 1
41422 -1
44979 -2
-61761 1
-19117 2
13405 -1
-63681 2
21928 -1
-81545 2
-2485 -2
-37687 -1
-555 2
-7309 -1
46287 2
-23726 1
-41580 -1
21967 -1
-35840 -2
44531 -1
-70973 -2
-8386 -1
25617 -1
-41714 1
42137 -2
-7259 2
-74660 -1
-81733 -1
21575 1
-9630 -1
28386 1
-73166 -2
29307 1
-75540 -2
-44067 -2
36739 -1
-37001 2
29834 -1
-79120 2
-39933 2
-91470 -1
-86639 2
-84808 1
26626 -2
-92325 1
1015 -1
12322 2
8349 2
-55316 -2
-34600 -2
9871 -1
12172 2
-2508 2
-92098 2
-2019 1
-77073 -1
-53594 -2
3808 -1
-13682 -2
-35961 -2
13676 2
-85242 -2
16324 2
-47575 1
-45870 -1
-42210 -2
-86054 2
-69025 1
-38969 -2
-64701 2
47599 2
34330 2
-23356 -1
13009 -2
-37421 1
11609 2
-90156 -1
-38687 2
-52312 2
-53576 -2
-64865 1
-23998 2
31430 -2
23780 -1
-75886 2
-57125 -1
25600 -1
-91874 -1
-4749 2
-57542 2
42840 -2
35853 1
-58819 -1
25960 -2
-21840 1
36665 1
-85389 1
39889 1
-81049 2
-24032 1
-36252 -1
-61439 2
-40490 -2
-36794 2
-89173 -1
-19882 -2
-89065 -2
-63112 1
6942 1
4030 -2
33248 2
-24551 1
23895 -2
38377 1
-42889 2
-34396 -1
38631 1
7223 -2
15582 -2
-47058 1
-95067 -1
-47022 2
-36053 -2
-47655 -2
-78663 1
12053 1
-1187 1
-91429 -1
17712 -1
1380 2
-30744 -1
-74968 1
33639 2
1454 -1
-16410 1
34704 -1
-55869 -2
-6703 -2
-898 -1
7416 -2
18288 1
27014 1
29329 -1
-98977 2
-78630 -2
-74747 -2
-1722 -1
-96987 2
2689 2
-479 1
-68257 1
-69885 -2
-97894 -1
-73572 -2
-29924 2
-82278 1
-43053 -1
-61102 -2
34238 -1
-54340 -1
22320 -1
17134 -2
-42044 2
28716 -1
-68797 1
5601 1
-89189 1
-34524 -1
39336 -1
-22272 1
-56177 -2
-80751 -1
-16843 2
-21657 2
-11406 -2
-76853 1
-32990 -1
-55821 -2
-27790 -2
-7240 1
26425 -2
-40156 1
36946 -1
-63223 2
32123 -2
-29087 -2
-76768 2
40365 -2
-50377 -1
-84675 1
31409 -2
31423 -1
-22131 -1
-83366 2
6996 2
-59896 -1
-16842 -2
48328 -1
-65320 2
-52622 -1
-99533 -1
-46382 2
29984 1
48878 -2
-12910 2
41854 2
-17564 -1
21233 -1
31519 -2
-91748 1
-21039 1
-28120 -2
-84499 -2
-14051 -2
-44819 -2
-50138 -2
39794 -2
-62535 1
5996 2
11809 2
-76971 1
-57190 -1
17067 -2
-87844 2
-36532 -1
-42262 -1
26927 2
-6485 1
45148 2
-86876 2
-37507 -1
1018 -1
49559 2
1817 1
-5437 2
-48867 -2
-76374 2
28401 -1
19559 1
11059 1
28567 -1
-95470 2
-92867 1
-53122 -2
44178 1
284 2
-58454 -2
-84306 -1
-8928 -1
21276 1
-48518 1
-75329 -2
-24811 -1
-48743 1
31145 1
-77980 -1
-15851 1
-37246 -1
-98691 -1
-78927 1
-23437 -2
-80099 1
-71760 -2
-81362 -2
-53736 -1
20243 2
35892 -2
-71542 -2
43150 2
6930 -1
-69932 2
3904 2
20857 1
24534 -2
29226 2
-4292 -1
-98346 -1
42862 -2
36966 -1
49802 2
-90630 1
-43499 -2
-1200 1
-96088 -1
-75486 2
-60652 2
-95074 -2
5137 2
-609 1
40941 -1
-16824 -2
-34050 1
-43774 2
-4853 -2
20154 -2
-42604 2
-68514 2
-4081 -2
-8891 -1
39032 -2
-12755 2
-77885 1
6042 -2
-33439 -1
49244 1
-81241 1
31312 1
-46650 -1
-23702 2
-58325 1
4721 -1
-91596 1
41848 -1
-36360 1
-20122 -2
-17964 -1
38748 2
-69333 2
48463 -2
-74647 1
23633 -1
19747 1
-53487 -2
-22344 -2
-12619 -2
8643 2
-96333 -2
-52355 1
-47839 -1
-60665 2
10561 -2
10942 1
-91319 -2
45022 1
-36979 -1
32025 1
39275 -1
-64304 1
-81202 -1
-83038 2
-11517 2
-77657 -2
19667 -1
-8982 -2
-6395 2
10572 -2
26073 1
-81233 2
-84558 -1
-67816 -2
-80061 1
-4354 -1
-63061 2
10599 1
-72670 -1
-71185 -2
-55466 1
-96593 2
-59122 -1
46974 1
-10775 -2
2409 2
-72057 1
-51527 1
-80838 1
14504 -1
43915 2
39545 -2
-54045 2
38082 2
-26998 1
-53437 -1
-22863 -1
13983 2
-31251 2
-13360 1
-71990 2
47966 1
-40353 2
-78012 2
-3803 -2
11212 1
43921 1
-27137 -2
40770 2
44831 2
44447 1
35016 1
-93673 1
44867 2
-95053 -1
-28564 1
-85079 2
-92665 1
-60099 -2
21353 -1
-98113 2
12883 1
-73780 1
-61308 -1
-14656 -2
-71923 1
-25883 2
-86617 2
-12375 -2
24876 1
-44868 -2
-30042 -1
-33873 1
-3165 1
1965 -2
-89054 2
-23949 -2
2354 2
-96261 1
-55826 -1
38822 1
-90432 -1
-7577 1
-28015 -2
22739 -2
26716 2
-60634 2
-4943 -1
-65029 1
-75783 2
23210 -2
-51753 -1
-49449 -1
-73646 2
-42356 1
-90966 -1
342 -1
-23156 -2
-26465 2
18545 1
-9439 1
-92703 -2
-8042 1
-56761 1
-39354 1
-96590 -1
20724 -2
-13381 -1
36483 -2
-51095 -1
-6476 -2
-69950 1
-64686 1
44057 -1
13523 -1
-7032 -1
-32479 2
-64453 1
-40976 2
-19979 -2
26180 1
-13545 -1
-37717 2
23724 1
-79467 -1
40471 -1
-28866 2
28093 1
44442 -2
40154 -2
-36390 1
-57090 -2
-47776 1
-10000 1
-76407 2
-5932 2
-85936 -1
-85257 2
-27250 1
-35884 -1
-90592 -1
31863 -2
47777 -1
-20578 -1
-35097 2
29771 -2
44518 -2
33929 2
-17788 1
-84701 2
-73945 -2
18687 -1
-59932 -1
-42562 1
5181 -2
-1558 1
-84104 -1
24971 2
-89202 2
1360 1
34954 1
-34803 1
-97193 1
-6070 -2
-59211 2
-13845 2
-21583 1
-45712 1
-64506 1
-12643 2
12233 -1
13911 2
-64870 1
31450 -2
4084 -2
31615 1
-77877 -1
-33810 2
-13479 -2
-66846 2
38125 -2
23423 -1
-54406 -1
45128 -1
-93166 -1
44680 -1
-27211 -2
-28322 2
-80925 -1
-50019 -2
-91340 1
24595 2
-55024 -2
-21448 1
15158 -1
-98382 1
-65034 -1
-54971 -1
-66744 2
-54721 -2
16686 1
-50126 1
-32912 1
36391 -2
31942 -2
-93955 -1
4858 -2
-77442 1
35779 -1
-97868 -1
28616 2
-86190 -1
-32120 -1
-50423 2
8492 -1
-38862 -1
24816 1
-53818 2
-41831 2
4854 1
-57499 2
-24850 2
-89546 1
-60012 -1
39834 -2
-4214 -2
40401 2
26936 -2
43477 1
-43340 -2
43465 -1
42133 1
-28293 -1
-99869 -1
-77143 2
14299 -1
-46631 -1
29682 1
-73086 1
-57330 -2
-55119 -2
4463 2
27325 2
38778 -2
39566 1
-52490 1
25096 -1
-92849 -2
-73965 -2
-15741 1
-6774 2
-86897 -2
-65974 1
29404 1
11956 -2
28713 1
-16700 2
-96477 2
38562 -2
-75122 2
-89515 -2
13915 -1
17499 1
35592 -2
-51223 2
-49538 -1
16240 -2
-18765 2
-34389 2
40249 -2
24710 1
-66022 -2
-29375 -2
-44147 -1
24753 2
-52815 1
-16184 2
-44183 1
4699 2
170 2
-52440 -1
47398 -2
-60689 -1
18178 2
-92547 2
-91785 1
-88367 2
-42454 -1
39159 -1
1765 -2
32124 1
-78895 -2
23093 1
28544 -1
38898 -1
14646 -2
-88506 -1
25249 -1
-5448 2
-65729 1
-41456 -2
-22579 2
-90782 -2
-52864 -2
-85401 -1
-35868 2
22351 1
-98471 1
-17874 2
-46252 -1
-4662 -1
11599 -2
44176 -2
-14468 1
17642 -2
-11721 1
-73294 -2
-12407 2
-43556 -2
-12263 2
-96100 -2
-35886 1
-56243 -2
15697 -2
35715 -2
8762 1
-4582 2
28463 -1
-80348 2
-76867 2
-59239 -2
25437 -2
30826 -2
-25887 -2
2719 1
34123 1
-15626 -2
-80568 2
28530 2
-86734 1
28257 -2
-54815 -2
-31287 -1
-32876 -2
-23443 2
-19377 -2
-76024 2
-64822 -2
-99717 -2
-18195 1
31996 2
-55803 1
-94811 -1
6173 2
-17966 -1
-87481 -1
13671 1
-29638 1
-49030 2
-56714 -1
41023 -2
-48221 1
-8198 2
-45141 -1
-29815 1
-43408 2
-90873 1
45926 -2
46686 -1
-38095 -2
-63133 2
-99093 1
-85463 -1
-24867 2
2148 2
-94041 2
-46097 1
47017 -2
-59117 -2
32876 2
45553 2
39307 -1
28656 1
4861 -1
24164 1
-2207 2
-39294 -2
-71051 -1
-35260 -2
-60402 -1
-85110 1
-10474 2
-82978 -2
43374 1
-90929 1
-4521 1
10306 -2
-20887 -2
25709 -1
-88160 2
14851 -1
-59212 1
-24715 -1
-52781 1
-89387 -1
-55527 2
41667 -1
-10824 2
-78163 1
32248 1
48888 -1
-63363 1
43877 -1
11886 -2
38892 -1
41377 -2
-72515 -1
24885 2
-14738 -1
-62978 -2
28877 -1
-59778 -2
45066 2
44418 1
33934 1
-73981 2
5456 -2
-84383 -1
22264 -1
-81009 -2
-91352 -1
49935 -2
-32021 2
-68881 1
7702 1
-59661 -2
-82742 -1
-98591 -2
-84 -2
27910 1
-76635 -2
39260 2
-49641 1
-6412 2
24506 1
-47432 -2
29998 -2
7044 -2
-26310 1
-32029 1
-39971 -2
-87859 2
-77239 2
-94376 -1
3571 1
-76200 1
-82862 -2
-96609 -1
-15564 2
18243 -1
-43639 1
48117 1
-30243 -2
-53151 -2
-74212 2
-33458 1
-38909 -2
-30323 -2
-90821 2
42024 -1
-82639 -2
-37888 -1
-96225 2
-65449 -1
-94359 -2
-85918 -2
-52451 -2
-44884 2
48897 -1
-82905 -1
-51249 1
-95452 2
-18873 1
5423 2
-66476 -1
-24167 -2
3964 1
7095 1
-4467 1
-30527 1
45845 1
-76337 -1
-69622 1
45274 2
-70461 -1
-39050 -1
21449 2
-86873 -1
-3246 -1
16179 2
-14948 -2
-83189 2
-34214 2
-64227 2
45346 2
-69105 1
-12205 -2
-22117 -1
-8977 1
48838 2
-30019 -2
-7768 2
-1676 -1
-61583 -1
-5892 -1
4894 -2
28368 2
4145 1
-55145 2
30067 -2
-96687 2
-23563 2
-10110 -2
-55159 -1
-32754 -1
31528 -1
-60507 2
-12244 -2
-42250 2
-2799 1
12192 -1
-4829 1
-51954 2
34128 -1
-14492 -1
-91481 -2
-1938 2
-43007 2
-93236 2
-22371 2
33315 2
-44081 1
-75381 -2
-89267 1
18430 2
-22590 2
-62564 -1
-89985 -1
9212 -2
-1416 2
43383 2
-13126 -1
-49546 -2
-82271 2
17545 -1
5519 2
17951 -1
1031 2
23403 -2
32396 -2
-86315 -2
-49380 -2
30968 -1
-53020 -1
-61324 1
24094 1
-73329 -1
33194 1
-79877 -2
-96539 -1
-73576 1
-58365 2
-35013 -1
-48195 -2
-54607 -2
-71847 -2
28894 -2
-84703 -1
-61568 -1
-9926 1
4737 -2
-83247 -1
-94267 2
46360 -1
-75574 -1
-25598 1
-3520 1
-62405 -1
7437 2
28940 -1
-95420 2
-93581 1
34906 -1
29167 -1
3387 -1
-54430 2
12783 -2
17958 -2
-23148 -1
18028 -1
-13282 1
6872 1
4619 1
44718 -2
-65371 -1
35259 -1
37095 2
-93904 2
48563 -2
-90760 -1
-44690 2
-26284 -1
36230 -1
30208 -1
41481 -1
-21005 -1
-378 1
-91550 2
-54286 2
-97158 2
30960 -2
-84871 -1
47253 -1
-69557 -1
-78599 -1
-60784 2
-89295 2
-83045 2
-65556 1
-74197 1
-54214 -1
-28889 -1
25489 2
-68267 1
38012 -1
-79775 -1
-71768 2
-5670 1
-25699 2
8194 -1
-93052 -1
1186 -1
40024 2
41846 -1
23728 -1
-44245 -1
-98059 -2
-34881 -1
-48084 2
-62343 -2
23759 -2
22800 2
-60434 1
32284 2
-53239 -1
-53265 -1
13665 2
28502 2
-88487 2
-9258 1
-46507 2
-42753 2
35364 1
-31622 -2
-94703 -2
-73832 2
1709 -2
-79447 1
-36628 1
-58320 -1
-74414 1
-39883 2
-93561 -2
-62937 1
18195 1
-41481 2
-5619 -1
-74410 -1
-30586 -2
27465 -1
242 2
-62170 1
-91792 2
-75521 2
-30033 1
-39658 -1
-39782 -2
-88725 -1
-45225 2
40362 2
-37816 2
13886 1
-76800 -2
-61587 1
-80092 1
-75059 2
-87735 -2
16821 2
-72050 2
-14465 2
-20938 1
-81225 -1
-83328 -1
-71824 1
19877 -2
-10880 -2
-70904 2
-36676 -2
13227 -1
-76268 1
15719 -1
-70285 1
-81825 1
21668 1
48666 -2
-5724 -2
31497 -2
-24820 1
-69089 2
41721 -1
-68903 -2
-54084 2
-49586 -1
20323 2
-69746 -2
4684 -2
-43124 -2
-61352 -2
1804 2
-90139 -1
7449 1
-82627 2
-4170 -2
-22378 2
-68821 1
-3858 -1
-76020 -2
-19269 -2
-33351 1
-36833 -1
-2448 -2
-39353 -1
23846 -1
43270 -1
-23509 -2
-59054 2
17421 1
-86316 2
-9432 2
-28486 1
-6755 2
30448 -2
-72460 2
47317 -2
23043 1
44778 2
28328 2
22338 -2
-68577 1
-87909 -2
-87789 2
-46707 -1
45206 1
-28611 -2
-15427 1
-8260 2
34975 -2
-22477 1
-13955 1
20815 1
-10206 2
8785 -1
-96605 1
41191 -2
-26443 2
-77430 1
-76890 2
-43188 2
-33431 -1
-13760 1
-30098 -2
-78745 2
-18285 2
7343 -1
32998 -2
-91200 2
-31697 1
-73794 1
-50330 -2
12957 1
-99803 -1
-97560 -2
5293 2
14961 -1
-92793 -2
-17553 2
-75450 2
-72724 2
-11031 2
47754 -1
37645 2
-92390 2
-63885 1
10909 -1
-89567 -2
-22300 -2
-51914 1
47069 -2
-2591 -2
-84979 1
8102 1
-62105 -2
-84798 2
-26411 -1
24731 -1
-51952 2
-93740 2
-91137 -1
-88048 -1
3897 1
-41119 -2
-45349 -2
158 1
9692 2
-66454 -1
-38387 -1
-39138 1
-58021 2
17331 2
-63193 2
-40460 -1
-30235 1
-95518 -1
-49002 -1
-17442 2
-68591 1
-7000 -2
-29741 1
36628 1
-87095 -1
-19098 2
-82477 -1
17358 1
-21028 -2
10379 1
28696 1
-77248 -1
-81816 -2
-80424 -1
48510 -2
2665 2
10766 -1
-83907 -1
-3672 2
13832 -1
-98374 -2
-59534 -2
-41995 1
41281 2
-71093 -2
-97990 -1
15266 -1
-1986 -2
-29067 -1
8611 1
-68676 -2
-72265 -2
34000 -1
-74771 1
-16905 2
-30596 2
-27101 -2
-33065 1
34286 1
-83716 2
8284 -1
-97701 2
-40464 2
-70667 1
-80114 -2
-96547 2
46764 1
15286 1
21336 1
-80638 -2
17449 2
-35844 1
-50808 2
4001 -2
42525 2
49770 -1
3190 2
37022 1
-57644 2
-67696 1
-28515 1
-98671 2
-27300 1
-24516 -2
-14712 -2
2377 -2
22274 -1
-41889 2
-90257 -2
-64605 2
-9232 -1
-41627 2
-14499 -1
-14099 2
9978 -2
40036 -2
-20431 2
-10350 2
-42481 1
-68146 -2
-10415 2
26005 2
21351 1
-42859 -1
-46545 -1
-64100 -1
-73553 -1
-36183 2
2542 -2
-24790 -2
-74789 2
48127 1
-31828 -2
-22783 2
-83615 1
11614 -1
-60618 -2
-6437 -1
-98364 -2
-64805 -2
33663 -2
-90112 -2
-97111 1
37577 1
10789 2
30714 1
-80790 -2
8336 -1
-17675 1
-17312 -1
-76662 2
-89492 -1
-52197 -1
43580 2
41866 -2
20209 -1
-62287 -1
22229 2
-73988 -2
-91309 -2
-97477 1
-60069 -2
31261 -1
-38574 -2
-9611 -2
-90618 2
-1740 2
-31079 -1
-29392 1
-19211 -2
14223 -2
-29826 -1
18358 -2
-47047 2
3293 -1
2379 -1
-14076 2
24737 -2
45986 2
-75564 2
-51605 -2
17233 -1
-29459 -1
-45878 -1
25730 1
122 1
39966 2
45987 -1
-94709 1
-19356 -1
34535 -2
-86175 -2
-16341 -2
-82794 1
-55971 -1
-4523 -2
-64432 2
-46944 -2
-85991 2
-44583 1
-37476 2
-90429 2
-64630 2
-78628 -2
17848 -1
-60751 -1
-16037 1
-32282 -1
-45811 2
-67415 -2
45923 2
-4186 -1
-8094 -1
-84631 1
-52561 -2
-42742 2
-19458 2
-32565 -1
-62744 -1
-88100 -2
4990 1
-4111 -1
-57589 2
27396 -1
-65366 1
-73252 -2
-432 1
3634 -1
3087 -1
-91279 1
26759 2
11333 -1
8387 1
43697 -2
-14458 -2
-27460 -2
-61161 -1
-11649 -2
-8504 -1
10539 -2
35194 2
36396 1
10099 2
-49327 -2
-27049 2
-49096 -2
-4128 1
38240 1
-81444 1
47140 2
-65024 1
-31582 -1
12871 1
-80780 1
-33524 -1
29037 -1
-36933 2
7887 -1
17102 2
12299 2
11196 2
-57958 -2
-62330 -2
-74395 2
-16242 -1
40126 -2
-29347 -2
20204 1
-70940 -1
-16480 -2
-58660 -2
-41094 1
-1695 1
1852 -1
-53074 -2
-99496 -1
-92321 1
3948 2
-19089 -1
-33841 2
19141 1
-45552 2
-76467 -1
-33084 -2
-4901 1
15832 1
-44986 -1
49307 -2
-16586 1
-20114 -2
-28863 2
48216 1
-84517 2
-31888 -2
-78381 2
13865 -2
-1352 1
15714 2
-90810 2
13184 1
-72264 1
-72404 2
19007 -2
-17727 1
-20613 -2
-30637 -2
-88321 -2
-84529 2
10945 -1
-87085 2
-57533 2
-79989 1
2712 2
-38974 2
-92358 -2
-82413 -1
-20456 -1
-65466 -2
-713 1
-81062 1
23155 -2
13417 -1
27008 -1
-19130 2
7947 1
-72918 2
-59124 1
-93571 -1
-80239 2
17009 -2
-62452 1
-63063 -2
31696 2
-13186 -1
-81525 -1
-70214 1
-92084 2
-60921 2
-56518 -2
36201 -2
18012 -2
-84302 -1
-71044 1
14092 1
-91809 -2
-96229 -2
-23363 1
-73804 -1
-42533 -2
-95005 2
39780 -2
-52804 -2
-41821 -1
-46524 1
-64204 -1
-10046 -2
-4769 -1
-208 -2
-13902 -1
868 -1
-1939 -1
-74220 -2
6628 -1
14233 -1
-64223 2
-89489 1
34422 1
-827 -1
-61269 -2
41777 1
-46274 1
10435 -1
-82550 -1
-52931 2
10268 1
-73338 -1
-26025 -1
-75870 2
3289 -2
-99767 2
-48617 1
-91591 -1
-28493 1
19158 -2
-68453 -1
-58976 -2
43568 -2
2986 2
-81986 1
-69027 1
20179 -1
31555 2
-41448 -2
22592 -1
-24133 1
-41222 2
9249 1
-79038 -2
47949 -2
-44327 2
-34501 -2
25821 2
-22960 2
-99808 -2
48233 1
24028 1
-62513 -1
8936 -1
7672 2
-70981 2
43797 1
-19208 1
-9002 2
-94310 -2
37044 1
-56901 1
-7470 -2
20825 1
-11983 -1
-35760 -2
-18208 2
-51397 -2
18183 1
26403 1
39592 -2
-31606 2
-26318 -2
47351 2
19891 -2
11833 1
-54553 -2
-97168 -2
-34640 -2
41316 1
-27461 1
-95315 2
-26260 -2
45997 -2
-81923 -1
32167 1
18248 -2
-30778 -2
-50316 2
-80768 -1
402 1
-13346 1
-25535 1
-50901 -1
-61060 -1
-4207 1
-39267 -2
-26536 -2
-87590 2
-14799 2
-70432 1
34088 -2
-21441 1
-99051 -2
-19040 1
-23953 2
28215 1
8061 2
-63610 -1
-3760 1
-64314 1
21260 1
5341 1
-11944 -1
-23979 1
-80536 2
40082 2
-34653 -1
-86470 2
-47223 2
-76888 2
-98179 1
-81744 -2
-12835 1
31754 2
-86300 -1
-21648 -1
-32805 1
-6935 -1
25707 2
-55027 2
-770 -1
14302 -1
20941 -2
-59519 -1
6443 -1
-17630 -2
-44326 1
-26789 2
20103 -1
-79465 1
15137 -1
44292 -1
14576 1
-60915 1
41627 2
-84157 -2
-72470 2
38777 2
-68914 -2
-41454 1
-13889 2
46111 1
-48564 2
-51930 1
-11681 1
28792 -1
12496 2
13857 -1
4713 2
-38694 -2
-980 2
467 -2
39997 1
-99072 2
8777 2
-19129 -1
44938 2
31644 -2
14867 -1
25248 1
-84069 1
18436 -2
-32894 -2
1341 -2
-2902 -1
-85269 -2
-86208 1
-87322 1
-71217 1
11450 -2
-74712 -2
-16340 2
-298 -2
-78940 2
-48378 -2
-41007 2
-1404 1
-79511 2
-55618 1
1741 2
30964 1
45819 2
-27256 2
-76213 1
-45445 2
40408 1
23164 -1
-29079 -1
-7656 -1
-53870 1
12820 2
1212 -2
-48352 2
-67540 -2
9600 2
-96821 1
-90309 2
8200 2
10397 2
-33028 -1
36891 2
-82220 2
-51218 -1
-14517 1
29761 -1
20567 2
29479 -1
-63155 2
-32203 -1
-93737 -1
5020 -2
35313 -2
-45321 -2
40981 1
633 2
-94746 -2
14128 -2
24793 1
-94688 2
-29835 1
-65507 -1
-28738 -2
-94210 -2
-75842 -2
-17344 -2
30298 -2
43823 -1
-58604 -1
-25472 -2
-2772 -1
-39815 -1
-32674 -1
-95177 1
-16758 -1
-69875 2
33643 2
-31573 2
-60984 2
42818 2
-90060 1
-62297 -2
-99749 -2
-55263 -1
46567 1
-24047 -1
-81881 -1
-33107 1
-86361 2
28000 2
39876 -1
26663 -2
-80736 -2
-92552 -1
-73116 -1
42225 1
-20936 1
-84539 -2
-41535 1
-50052 1
16528 2
-94475 -1
-63254 1
-57146 1
-9504 1
16463 -1
47746 -1
16064 -1
5058 -2
-12202 1
-60714 -2
-22236 1
-79665 2
33394 -1
-35235 1
-74505 2
-15644 2
1386 1
-44574 -2
26547 2
-77225 -2
-31817 -2
-69086 -2
-89406 2
-36587 2
21856 -1
-53798 -1
-9984 -1
-79808 1
-79891 2
-97279 -2
-30459 -2
-25660 2
-88249 1
25322 1
-36956 1
-70517 -2
-4432 2
-30134 1
-48958 1
-60281 -1
-14401 -2
-3980 -1
-84003 2
-1338 1
-45200 -1
35512 -1
-12252 -1
-30904 -1
-82488 2
15808 2
-80546 -2
9590 2
-84128 2
-57752 2
-26036 -1
9572 -2
-93911 2
47557 -2
-78505 1
-51553 2
27186 -2
-39123 2
-71041 -2
-38618 -2
-53630 2
48983 -2
-60136 2
-80877 -2
-34357 -2
-13025 2
44187 1
-8765 2
-43661 1
-95853 1
-25796 -1
-29481 -2
-2653 2
-67553 -1
-23194 2
42757 -2
-56162 1
-5908 1
-51495 1
-82004 1
23476 1
-10428 -2
25500 -2
-86815 -1
21534 1
-48639 1
-7411 1
-8664 -2
-26821 2
49354 -2
-30635 -1
-17589 -2
18249 2
38140 -1
-87907 1
-27613 2
-42573 2
45568 1
-89824 -1
1340 -2
-41837 -2
9259 2
-93832 1
-55128 2
21792 1
-72862 -2
-29466 1
-8626 -1
-36699 -1
-55999 -2
47970 1
-81934 -1
18645 -2
1293 -1
5313 1
-56284 1
-24728 -2
35027 2
49629 -1
-84761 1
-84810 2
-43538 2
-88390 -1
-38074 -1
-63949 1
-34613 -2
-79637 1
9425 2
-89499 1
-26109 1
-77456 -1
-1641 2
38708 -1
44735 -2
-87774 -2
6804 -1
29886 2
-68819 -2
14532 -1
-82694 -2
-38298 1
35916 -1
-92509 -1
-70734 1
-60906 -2
-37048 2
26719 1
-83079 -1
385 -1
-36416 -2
-14762 1
7441 1
-32986 -2
-48018 -1
-94989 1
-68750 -2
2673 1
-31401 2
16588 2
-50476 -2
-36247 -1
-27144 -1
25100 2
16696 1
-35685 1
-5230 2
-29751 1
-22339 -1
20281 1
-86034 2
-16767 2
31718 2
17590 -2
-25893 -2
-3228 -1
-20405 -2
-4977 2
-49982 1
-21998 1
-85090 -2
45955 -1
22738 -2
-55201 -2
-66194 2
-72484 2
13715 1
-61253 2
-68005 -1
-70370 -2
-44896 -1
-11148 -1
-10861 2
38934 -1
-90286 2
-33719 2
45151 2
-49070 -2
27738 1
-70617 2
-97194 1
-40783 -2
34600 2
22809 1
-18283 -1
-64732 -2
-72156 1
-88015 2
-25250 2
48236 2
5390 -1
-71567 2
-1138 -2
-87167 -2
-87669 2
-1158 1
-38961 -2
13197 -1
-27095 2
-30091 1
-89849 -1
-24470 -1
-53025 1
27810 -1
35558 -2
-52544 1
-83578 -2
-68299 -1
12186 -2
-57639 2
2086 1
-8411 2
21788 2
-14513 -2
27665 2
-38009 -1
-17741 1
47975 -1
-61688 -1
-69270 -2
-72442 -2
-10826 1
-64969 -2
-77 -1
-14736 -1
-8636 1
-22310 2
-9596 -2
36160 -1
-9183 1
-20811 2
-9463 -1
-19240 2
-63946 1
43395 -1
18952 -1
-24275 -1
-74421 -1
-21982 2
43224 2
-51354 1
-11736 1
-74228 1
-2632 -2
-25021 -2
-12894 -2
26756 -1
-55277 -1
31325 1
34420 -1
-30817 -1
1760 -2
-79374 -2
-51362 -2
-37026 2
6100 -2
-89328 -2
-36177 -2
-35855 2
-63486 1
-59155 -1
49663 -2
26852 -2
42357 -2
-73857 2
43731 -1
-26819 -1
-74490 -1
-55928 -1
42545 2
-33312 1
-94436 -1
-24157 -1
20124 1
-85366 1
20000 1
44303 1
-14983 2
-53216 -2
-83041 1
-712 2
-78154 -2
-62576 -1
42508 1
-9993 1
-40663 1
-3296 1
14040 2
17178 -2
13907 2
-34392 2
-33828 2
5751 -1
5842 -2
-35502 -2
-14579 -2
-25128 -2
-94196 -1
-39641 1
-8859 -1
36239 1
-80805 -1
14911 -1
-33572 -1
-35333 2
26671 -2
-9815 -1
-17999 -1
-39041 2
49259 -2
-79970 1
-5555 2
-94054 2
-34788 -1
-78690 -2
-8749 2
-13423 -1
-22623 -2
9153 -1
-27548 -2
28292 2
8216 2
-16706 -2
-74583 -2
-39211 2
-69401 1
20436 -1
-29474 -1
-2507 1
47810 -2
-95303 -1
-91185 2
-9754 1
8666 -2
-5743 1
-94620 1
-52492 1
32713 -2
-34615 -1
35528 -2
-93824 2
-97720 2
-29508 -2
30295 1
44336 -2
-75103 -1
-70101 2
-78678 -2
-5822 2
24604 -2
-93248 -1
-79586 1
36770 2
-87418 2
-23267 2
-26277 -1
-67339 1
-71147 2
10137 2
-70060 -1
-3395 -2
18955 -2
-36642 -2
-21353 2
-7118 2
29362 1
-89668 2
-57854 1
-34528 -2
22813 1
10553 -2
-10328 -2
-83075 -1
49678 -1
-37249 -1
1249 2
-15555 1
-62641 1
-92698 -1
41591 2
-38898 -1
-1543 -2
35717 1
-79608 2
-12307 -2
-61071 2
43889 2
-22787 1
38676 -2
-22336 2
-12693 -1
-41664 2
42405 1
1976 1
5445 2
-87696 -1
-12066 -1
46378 -2
6509 -1
45747 1
3873 -2
-77076 -1
-16688 -1
17286 -1
40225 -2
33691 1
46472 -2
7765 1
-55710 -2
27902 -2
9184 1
-58121 -2
-1216 1
-78449 2
-81704 2
46544 -1
-62074 -1
-84697 2
-7699 -2
-63726 1
-24028 1
-60088 -2
-81753 1
-77340 1
3422 1
-85841 -1
-36344 2
-8000 1
-17933 2
-80560 -2
-47587 2
-13310 -2
46053 -1
-78171 -2
-15342 -2
-43700 1
1879 -2
36299 -2
-18888 -1
-55043 -1
-82208 1
-97668 -1
-97201 -1
724 -1
42415 -2
-44999 1
39134 -2
15159 1
-93033 2
3011 1
-20262 2
-53635 1
49235 2
-32649 -1
-68488 -2
48826 -2
-53209 -2
-99858 2
-8993 1
7956 -1
27062 1
-81628 -1
-62314 -1
-2785 1
20497 -1
-16542 -1
-74033 2
-41184 2
-44535 -1
24471 -2
-18631 -1
39891 2
44543 2
18010 -1
-18185 2
47689 -1
6109 2
11567 -1
-917 -2
-10115 2
-23291 2
33014 -1
-19784 1
-41123 -2
-91513 2
-41424 -2
17888 -1
7742 2
-70986 -2
-7493 -2
-57803 -2
-29636 -2
-14953 1
7583 -2
-57 -2
-84567 2
45820 -1
-99393 2
-27903 -2
-53835 -1
39694 -1
30453 2
-2205 1
-86088 -2
-8146 -1
-56865 2
-18394 -1
-51825 -1
24746 1
-39237 -1
-31034 1
-72003 -1
29821 -1
19870 1
-91375 -2
-84136 1
-14107 2
-94545 1
30378 2
-42112 1
-69313 -2
-34167 -1
39036 2
-63696 -1
-77772 -1
-66784 -2
-21033 -2
-80033 -2
-86307 -2
49207 1
-98054 -2
-88202 -2
15742 1
49270 -2
42638 -1
-89647 2
20426 2
-96458 2
41188 -1
-39676 1
46206 -1
-76111 2
-39131 2
-66261 -2
-62460 2
14056 -2
28510 2
46617 1
3730 2
-91558 1
34953 -1
-17878 -1
-25605 -1
-20331 2
46162 1
-12368 -2
-1174 1
34180 1
15541 2
-82424 2
-93459 2
-60559 2
5852 2
-49377 -1
-98849 -1
-7898 1
-42917 -1
-5764 2
-56222 -2
-77629 2
-42131 2
-44971 1
-86990 2
-51989 -2
-53038 -1
-52299 -2
-27204 -2
19926 -2
-11960 -1
-75038 -1
-97766 2
-57665 2
47153 2
-6969 2
6421 -2
30046 -1
25918 1
-34025 2
-81558 2
-76840 -1
-73197 -2
-89137 2
19756 2
-63037 -2
19265 -2
32760 -1
-27045 1
-13172 -2
-11738 2
-3810 -1
4576 1
-53268 -2
-89922 1
-24018 1
-29952 -2
-77575 1
-36046 1
-63482 1
-25379 1
2951 -1
44163 -1
-47453 -1
-36502 -2
-32254 1
-91487 -1
14555 -1
-2810 -2
-68380 1
-38608 1
-89980 -2
33408 1
-85396 -2
-77265 1
3148 2
34981 2
-56280 1
12087 -1
-28185 -1
-44605 2
43651 -1
-71286 -1
-50042 -2
-44295 -1
-87312 1
-77544 -1
42691 1
12428 2
3650 1
-85974 -1
-92590 1
18508 1
-35187 -1
-17067 1
47650 2
35453 -2
-94973 -2
-89763 2
-44142 2
-87272 2
-55132 1
4414 -2
-6909 2
-61608 -1
40924 -2
3178 2
-17628 1
28909 1
-31436 -1
-77543 -2
46879 1
-56300 1
-62348 -2
-73361 2
31438 -1
-41190 1
-28824 -2
38404 2
6201 2
-45646 2
15314 2
25209 2
-96074 -2
-40254 2
25887 1
6118 -2
39736 -2
-68703 -1
42294 -2
-16739 1
-60505 1
-32922 -2
34414 2
-72038 2
-15887 2
-40187 -1
-18658 -1
-57806 -1
5148 1
-78920 -2
-28684 1
12268 -1
22718 -2
-45066 1
-42087 -2
32821 -1
-20921 2
-22384 -2
-78623 1
-36324 -2
-97879 -1
13827 2
-74081 1
-89254 2
38857 -2
40409 -2
-84171 2
-56355 1
19403 -1
6419 2
-32900 -1
-7933 1
18786 2
-42177 -1
-61261 1
9348 -1
10202 -2
9060 -2
40205 -2
3484 -2
10232 2
-88904 -2
-75371 2
5933 1
-66666 2
40497 -1
-47235 -1
-3076 -2
-71014 2
-51062 -2
-64977 -2
23714 2
23982 -2
-20348 1
-24446 -2
-7434 -2
38535 -1
27320 -2
11198 -2
-96984 -2
-65667 -2
-34082 1
-32287 1
49979 -1
-8557 -2
31034 2
-52791 -2
24780 -2
34917 -1
17321 -1
-34939 -1
-48147 -2
30199 -1
-86880 1
-6231 -1
-8254 -1
-77010 2
-90536 -1
4223 1
33652 -2
42270 1
-64189 1
-54661 2
-60180 2
16669 2
36779 2
-99372 1
-70815 1
22123 -1
-33594 -1
-5844 1
-97719 -1
-35083 1
32412 2
-96560 2
-19382 -2
-52129 -1
4589 -2
24690 -1
32374 2
4574 -1
27539 2
-28768 1
-33631 -1
-91556 2
-83442 1
31652 -1
-9875 -1
-5641 -2
-3528 -2
-35374 2
-70980 -1
-5957 2
-47049 1
34187 -2
-29479 1
13293 2
-75912 -1
-78076 2
-83726 2
-23054 2
-44229 2
42057 -1
-68850 1
48426 -1
46961 -1
-20472 1
8629 -1
-92171 -1
13782 -2
-58871 2
-85144 -1
-96075 2
5471 -2
-67394 -1
-61838 1
-32211 1
28006 1
-67917 1
-17353 1
25687 -1
-69953 2
-43559 -1
11992 1
-1414 -1
-73793 1
-93296 2
5700 2
-64734 1
-75726 -2
4594 -2
-96876 1
45355 2
-34841 1
-8485 1
-59063 -2
-50937 1
-3053 2
-50411 1
5295 -1
46986 2
-98186 -1
34631 1
-86048 1
-33400 -2
39067 1
-91798 -1
-8674 2
24515 2
-87852 1
-22746 -1
-20064 2
39717 -2
-82485 -2
-77624 -2
-27382 1
7701 2
-34795 2
-33302 2
-59232 2
-94171 -1
-54700 -2
27963 -1
49106 -2
-34810 2
-67555 -2
-73631 2
30336 1
27097 2
-80553 -1
-82280 -1
43448 -2
17849 -2
-7358 -1
3898 -2
-49114 1
-99726 2
19965 -1
31859 -2
-99708 -2
12024 1
-19022 2
29126 2
-72016 -2
43833 -1
41771 1
-70296 1
44330 1
30864 1
-75839 -2
-57127 2
-1680 1
-75431 -1
30100 -2
26319 1
18571 1
-71897 -1
-67678 -2
-47000 -2
-65453 -2
-39220 2
27699 -1
36529 -1
-13447 -2
-79288 2
3951 -2
13878 1
33428 -1
-76162 -2
-36852 -2
-88976 1
-31027 2
-41941 -2
18756 -1
-66664 2
-40633 -2
34895 -2
-87113 -1
-77309 -1
41646 2
37633 2
-57947 2
44731 -1
24251 -1
-76901 2
18070 -2
-91367 -2
30313 -2
25332 1
46808 2
-3189 -1
-13206 -2
-65308 2
5822 -2
-19110 -2
-6283 1
-70349 1
12356 1
29448 -2
-71078 -2
11184 -2
9598 -2
-76416 -2
-4681 2
-68770 2
-19618 -2
-58303 -1
-12106 -2
-49110 -2
42860 1
11932 2
49490 1
-45022 1
-49536 2
-99589 1
-83670 -1
-20075 1
-85256 1
45586 -2
-2535 2
-91252 -2
-20686 2
39661 2
-33967 2
-55408 -1
-84669 -2
-28165 2
-88111 1
17366 1
16945 -1
42830 2
-90390 2
-76569 1
20144 2
19043 2
34167 2
37837 2
19215 1
-5082 -2
-8388 2
-17828 2
12839 1
-97611 2
29825 1
2080 2
-77088 -1
-89914 -2
-55335 -1
31742 2
-98003 -1
8842 2
-10090 -1
-25446 1
19600 -2
19529 1
-67863 2
7359 2
-74869 -2
23086 1
21962 1
33802 2
4249 2
24064 2
40136 -2
-37970 1
36642 -2
5810 1
44413 1
-16423 1
-60828 -1
-12745 2
-56337 1
-60974 -1
-99866 1
5010 -1
19963 2
-64214 1
-2444 2
-26157 -2
-52551 -2
-51335 -2
-69022 1
-51379 -2
-18682 -2
31793 2
7904 1
17679 2
-69548 2
47138 2
-88306 1
12746 -1
9800 -1
10544 1
22552 -2
-80150 1
-73591 1
-66102 1
23721 -1
-38083 -2
-50757 1
-72354 -1
-79352 -1
-85471 2
-58490 2
32626 -2
8000 1
-57447 2
-53956 1
-77165 1
6661 2
-20829 -2
15157 -1
-65200 1
-22071 1
-32405 2
-73005 -1
41910 -2
36400 -1
1487 -2
36207 1
5790 2
6312 -1
2676 -2
9374 -2
-40523 -2
-99479 2
-71284 1
31121 -1
9192 1
-57305 -2
-35596 -2
23854 -2
37283 -1
-69248 -1
-78593 1
3778 -1
-29627 1
-69798 2
2691 1
-54780 1
17328 -1
-86059 2
-79507 -1
14858 -1
-86339 -2
-39662 -1
-48386 1
47728 -2
17944 2
-72840 1
49578 -1
25902 2
-32937 -2
28807 2
-96780 2
-29750 -2
38918 2
-38571 1
-88182 1
36161 -2
38607 2
17007 1
27642 -1
47924 1
-80342 -1
-36944 -1
-11007 1
-4576 -1
-94918 2
-60090 1
7905 -2
30476 1
-35500 -1
-17938 2
-17890 2
35450 2
-73075 1
-78729 2
-53692 -1
-38189 2
-18911 -2
-51524 2
-38350 -2
-40201 1
31410 2
-50384 2
21642 2
-38794 2
31264 2
-75203 -2
35996 -1
-33557 -2
24914 2
8775 -1
15381 -1
-8225 1
-92555 1
-33500 -2
-35831 1
-11107 2
13462 -1
-35140 -2
-50188 -2
2329 -2
-29442 -1
-85314 1
-52069 -1
-20506 -2
-70488 -1
-67321 -2
-65834 1
-56649 1
-52651 1
42303 1
-74625 2
-46082 -1
7557 1
-18576 2
21941 -1
-38554 -2
-97667 -1
45911 1
-3473 -1
-32011 -1
16472 1
16916 1
47347 -2
-79757 -1
-26044 2
-71541 -1
-41003 -1
-37792 1
-99868 2
-22503 2
20459 -1
-17293 2
-59350 -1
-95628 1
-87133 -2
-61924 1
-79746 2
-7831 1
27170 -1
-59243 -1
-62769 -1
-77209 1
-3837 -1
-30874 1
-68563 1
27939 1
-55376 -2
23871 1
26689 2
38228 -1
38034 -1
-18884 1
23538 -1
17319 1
9520 2
-4358 -1
-8797 -2
-97609 -1
31860 -2
-82721 -1
45945 2
-28697 1
-72157 -1
-2597 -2
-65756 -2
-54678 1
-56849 -1
-78657 -2
-56549 2
-41452 -2
16501 -2
-27762 -2
-76626 2
643 2
-42547 2
15545 -1
1025 -1
48811 -2
-16224 -1
-31636 -1
47608 -2
-56272 -1
428 2
7176 -2
-67159 2
38301 2
3491 -2
48002 -2
-20708 2
-98007 -2
-21595 -2
-12065 1
-55301 -1
39462 -1
-16139 1
-40320 1
-15096 1
-78708 1
-79421 -1
-61649 -1
-69803 -2
27216 1
-25723 1
9999 -2
-90737 2
-39098 -2
-79426 -1
378 1
17649 2
1908 -2
-43149 -2
-12921 2
-90801 1
36379 -2
-33602 -2
27240 2
4012 -2
-91093 1
-53175 1
39873 1
-82398 1
-9713 1
-5143 -2
-8683 2
-21015 2
-89728 -1
32168 -2
-66722 1
-89884 -2
-95462 2
-33748 -2
43055 -1
24809 2
18759 1
20947 1
7456 -1
36032 1
-35117 -2
-55174 -2
-7379 -2
34416 -1
-21351 -1
-74405 -2
-86769 1
-13143 1
-62699 -2
34666 1
-83766 -1
-44409 -1
-66545 -1
3621 -2
10590 -2
9068 2
-23212 -2
-53871 1
-84168 -1
13092 1
-86625 -2
39386 1
-27743 1
-73019 1
41758 1
34146 1
-33010 -2
15006 -1
8448 1
19456 -1
2726 -1
-72278 1
48261 -2
20892 -2
-51708 2
-72417 -1
27160 1
-86368 -2
-53353 -2
-83810 -1
-23791 1
-29024 2
-18481 -1
35674 -1
-43202 -1
-93583 -2
5915 2
-99879 -1
18052 -2
-25136 -2
-36380 -1
-80939 2
32955 1
46105 -2
26554 -2
-31863 -1
-24221 2
-69324 -1
-27898 -2
12935 -1
9844 2
-45869 1
-26110 2
-42755 2
-84494 2
-33444 2
-97249 1
-4534 1
11190 1
7345 2
20848 2
43790 2
15811 1
-96295 2
-11524 1
-6926 1
43243 -1
-76557 -1
-60666 -1
38274 -2
-29149 -1
-49417 -1
-18625 1
47738 -2
-71926 2
-11969 -2
-83492 -1
30028 2
-95949 -1
-44053 2
14473 -1
-93232 1
47539 2
-15931 -2
944 -1
-14466 2
-48755 1
-26759 -1
24510 -1
-62899 1
-38304 1
39378 -2
-65583 1
-67296 1
-27526 -1
-66994 1
7893 -1
-22194 2
41413 1
-79106 -2
-47038 1
-18407 -1
37580 1
-3067 -1
-35104 2
39335 2
11509 -2
928 -2
-83822 -2
-65929 1
42780 2
32324 1
-35743 1
-63230 -2
-49647 -2
-70728 1
306 1
-34061 2
-87370 -2
-54197 2
-26794 1
-51198 1
-30283 1
-29932 2
-15948 2
46443 -2
-31734 -1
-53648 1
-1428 2
16591 1
-26590 1
-58301 -2
-7837 2
-34901 -2
-71476 1
9080 1
-4808 2
23625 1
-6479 2
-152 -1
-99105 2
-33612 -1
10668 -2
-51307 2
20322 1
-26557 2
-65340 -1
-75556 2
-85987 -2
13608 -2
3625 1
-82204 -1
-35449 -2
36696 -2
20153 1
-94511 -1
-248 -2
41390 -2
37971 1
-64902 2
-40063 2
-45176 1
-17891 -1
-63994 -1
-20556 2
-5364 -2
632 2
-51106 2
-32909 -2
269 2
-32666 -2
-74310 2
39249 2
-33685 -2
27982 1
46371 -1
42653 2
-74883 2
-52191 2
32360 1
17371 -1
20562 2
-44528 2
-57496 -1
-95795 -1
37794 -1
-9499 1
1333 -1
-8422 -2
-2552 -1
-78778 -1
-30022 -1
-25477 -2
-4768 2
-66935 1
-34435 1
-45589 1
-27017 1
-71331 -2
-77369 -1
-71668 -1
-39485 2
40613 -1
-70798 -1
-90448 -2
-7009 -2
15848 -1
-8864 2
15403 -1
35014 1
-78637 2
-82610 -1
-1280 2
39235 -1
43381 -1
-97245 1
35498 2
-48011 2
3679 2
21041 1
-8821 1
-82778 -2
-33267 -2
48439 2
1016 1
-85637 2
-55721 -2
36280 -1
35884 2
-35752 2
-75040 -2
-79430 -2
-86671 1
-25343 -2
-79962 2
-8084 -2
11550 2
18734 -2
-58241 -1
-42196 1
-36244 -1
33312 -1
-46746 2
-50233 1
12002 2
6260 -1
-16127 1
24200 2
34470 -2
-47694 2
-86545 -1
-77669 -2
-90424 1
-11901 2
5291 2
-65475 -2
26209 -2
45485 1
-70341 1
-40707 2
3792 1
16631 2
-47736 -1
-84167 2
39468 -2
-32590 -2
3175 -1
37196 1
-86629 1
-43344 1
-36114 -2
-55764 -2
37300 1
-31703 -2
-40792 2
-63720 1
-42653 -1
-71135 -2
-90662 1
-17356 2
25675 -1
-44581 -2
-77775 1
-7792 -2
-2087 -2
43864 -2
-82670 2
8339 2
-50708 -2
-72405 1
11036 -2
2791 -1
29179 2
-28770 -1
-88205 1
-89632 -1
30575 -1
-50420 2
5134 1
-97444 -1
916 -2
-85606 2
5871 -1
21325 -1
15928 2
10964 1
-22466 -2
-45791 -1
-36941 -1
-53953 -1
-19801 1
-95638 2
-91742 1
16491 -2
31744 -2
-42214 -1
15233 -1
-94998 2
-11051 2
-23246 1
47760 -2
-35477 -2
19283 1
7219 2
2217 -2
26227 -2
-44482 -2
-61065 2
-51098 2
-11170 1
14549 -1
-62979 -1
24335 1
-28517 1
41242 2
-95700 1
-40752 -2
14663 1
-32447 -2
-48908 2
33277 -2
4686 -1
-30623 -1
43574 2
-55801 -2
-67639 -2
-19479 -2
-83137 -1
-53395 -2
-1246 2
-53883 2
38742 1
-3443 2
-80839 -1
-17736 -1
-68935 1
45319 -1
15965 -1
-80920 1
-25687 -2
-96381 -2
-47840 -1
-71129 1
-20790 1
-22132 2
-25425 -2
12827 2
-71101 1
-62145 2
20016 -2
-75128 1
-93609 -2
-53931 -1
-45345 -1
-74746 -2
-98557 -1
-13639 1
-94596 -1
24620 2
-41395 -1
-46051 -1
-97406 -1
47656 1
29621 -2
-38208 1
41979 -1
17072 -2
-46771 -2
28216 2
-98970 -2
-68569 -1
-68333 2
29358 2
-1467 -1
37035 -1
37450 -1
-98175 1
32085 -2
-4456 -1
48511 -2
-96184 1
-71133 1
-14262 -1
-19085 -1
-58477 -2
-94289 1
19785 1
-55354 -2
-56784 2
-42693 -1
-34606 1
-36639 2
-75169 -1
4224 1
-75785 -2
-68219 -1
-22342 -2
-69308 1
20226 1
-36609 2
-91744 1
-86172 -1
-33462 -1
-29043 2
-164 1
49620 -1
-9097 -1
-57761 1
-74902 -2
-85095 2
-96268 1
-58216 1
-38104 -1
641 1
10453 1
49171 2
-8304 1
-31223 1
31203 -1
-62196 -2
-15633 -1
19530 -2
-40093 -1
-22121 -1
-88653 1
-49769 2
-75917 2
-62917 -2
-25157 1
-41705 1
16379 2
32486 -2
-95753 2
-24448 1
-46953 1
-16256 -2
-88479 1
-74786 1
4507 -1
32705 -1
-45518 -2
2694 2
-86338 -2
-56038 -1
34245 2
14110 2
-79207 2
-68259 -1
-76964 -2
-96109 -1
-54970 -2
14183 -2
-47063 -1
8456 -2
-36888 -1
12493 -2
-36606 -2
36477 2
-46325 2
8363 -1
24207 -2
-63564 2
15511 1
-61869 -2
-13884 -1
-31647 -1
5600 -2
47926 2
37498 1
-205 -1
35648 1
29162 1
-11267 2
-80159 -1
41310 -2
-121 1
-48220 2
-77397 -1
-41116 -1
-65470 -1
-57341 -2
45314 -2
6394 -1
29612 -2
-66291 1
6075 2
-51904 -1
-66626 -1
-70935 -1
-97543 2
-10494 2
2843 -2
40361 1
-85836 -2
-73611 -2
-44586 -2
-74646 2
-33112 1
28937 1
-99219 -1
-65052 1
-82554 2
41952 1
-43622 1
-2492 2
21155 2
-87512 -2
33105 1
47349 2
-39902 1
-36156 1
-72292 2
39122 -1
-31185 2
-74218 -1
20928 -2
46047 2
3418 -2
-1179 2
-4384 -1
-91842 2
-18451 2
-23160 2
14369 -1
21459 1
-19307 -2
8610 2
3759 -2
48997 1
-80262 -2
-34708 -2
9414 2
41637 2
-75862 -1
-26360 2
-12811 -2
-82333 -2
-32278 2
25117 -1
-84414 -1
-31245 -2
-97764 1
28329 -2
-76299 -1
40538 2
-91832 -2
21567 1
43260 -1
36580 -1
25118 -2
-33704 1
-23374 1
1007 2
-35873 -2
-23674 -1
-56868 -2
16440 1
-86138 -1
33784 2
49648 1
-52578 -1
-10180 -1
-49835 -2
-8085 1
24626 -1
10289 -2
-25763 -1
-47585 1
-62234 1
-55405 1
39459 2
-6016 -1
-71792 -1
-17013 -2
32967 -1
-95280 -1
18461 -2
-32389 2
11162 -1
48183 2
14238 -1
-22816 -1
-39351 -2
35944 -2
-49261 -2
-52296 -1
-52479 1
-42558 2
-99340 2
-64029 -2
41484 2
-22524 1
-46628 -2
-92304 -2
-22391 -1
-93346 -2
17409 -1
28668 -2
-95924 2
-55471 -2
-34243 -2
2924 1
-68060 -1
-54949 1
39330 1
-92832 -2
30798 -1
-3970 -2
-61379 1
-76745 -2
-83937 1
4753 -2
-8725 -1
-20781 -1
41986 1
-82463 -2
11602 -2
2030 -2
28944 1
-864 -1
42912 2
-28993 2
12308 2
-13287 1
-28299 -1
8058 1
-11231 2
-42078 1
-79315 -2
-17453 2
-24959 -2
49110 1
-39068 1
30194 1
-53478 1
-49620 2
-34252 -2
-51886 -1
27386 -2
1400 -1
-35350 -1
43255 2
-54919 2
-15689 2
-95809 1
-52260 -2
-62051 -1
-50689 1
-92855 1
12283 -1
-20290 1
-30094 -1
5429 2
-21204 -2
49599 -2
14371 2
-83021 -2
34357 1
-82891 2
-82177 -2
-82517 1
-27615 -1
-88693 -1
-6248 1
-99086 1
-79491 -1
-88679 -2
-18428 1
-42735 2
-58439 1
-34994 1
-7078 -1
-5270 -1
-65817 -1
-5584 2
-12847 2
24345 -2
-45814 2
20544 2
-98803 1
-63925 -2
31043 -1
-96568 -2
32301 2
6006 2
-51754 1
-15841 2
-61843 2
36110 2
32781 1
-14589 1
-61742 1
10106 2
31798 1
-13706 2
-82734 2
2011 2
-77062 2
41201 2
3121 -2
37314 2
-85128 -1
-52027 -2
-15118 -1
-62365 -1
-4630 -2
29961 2
7545 -2
8486 1
26578 -1
6282 -1
4757 1
-75391 2
-2399 1
-18798 2
-96389 2
20448 -2
23183 2
-14472 1
-10831 1
-1720 -1
-53507 -1
24603 -2
12764 -2
-35174 2
-62755 1
-14016 1
-71978 2
-10192 2
584 1
24520 -2
-75555 -1
-82727 -1
-20725 2
48245 -2
7233 -2
-41813 -2
7931 1
-26774 2
40016 2
34048 -1
-19094 -1
-62189 2
-48912 -1
-53640 -1
-99286 -2
-49837 2
-92257 -2
35889 1
-44252 -2
-33398 -1
-85973 -1
746 -1
-5930 1
-96736 2
48905 1
-78676 -2
-58218 1
-37517 2
8630 2
4968 -2
24233 -2
-5674 2
-96703 2
-21379 -2
-41028 1
-43293 -1
-27463 -1
14284 -1
5546 2
5486 -1
18573 2
-43435 -2
11846 1
-91705 -2
38237 1
42400 -2
-90171 1
32215 -2
-62582 2
34794 -2
22070 -2
-66814 1
-44979 -2
-64744 -2
-51650 1
-16663 1
29309 -1
20742 1
30273 1
-77939 2
-41139 -1
-29765 -2
-80470 -2
41352 -2
-49298 1
8163 2
25352 -2
27583 1
-77960 -2
-59314 1
-43252 1
31618 -1
-71673 1
-62918 -1
19172 -1
-55559 1
-59799 2
24755 -1
21530 1
-67060 -1
-40887 -2
-82065 1
-85414 1
-99180 -2
-11243 2
-29350 -1
10948 2
-11745 1
-37046 -2
-35756 -2
-15329 -1
-32080 2
-50301 -2
23368 2
-53066 1
-84446 2
-44199 2
-78930 -1
2861 1
-69993 -1
48677 1
30092 1
14541 2
-98378 2
-75279 -1
27623 2
-44984 1
26312 -1
-99305 1
40117 -2
-54746 -2
-15337 -2
-93665 1
-94243 -1
-74547 -1
17760 1
9057 -1
44201 2
22818 2
7335 2
-9364 -1
-27902 -1
-2511 -1
-29438 2
-10435 2
-19152 -2
-44305 -2
-47907 2
13556 -1
-77573 2
-79890 1
12995 2
-79343 -1
37733 2
24785 2
-34595 1
47076 1
11714 -2
-88836 -1
146 1
-45885 -1
-8970 -1
-1644 1
-26351 -1
-4250 -2
41820 -2
-86622 1
-10744 1
-92338 1
30647 -2
12219 1
-17692 -2
-49735 -2
12564 -2
-61937 -1
42262 1
-6973 1
6867 2
-92097 1
-57766 2
-1999 2
11117 1
-32075 2
-75863 2
-22059 1
-71630 -1
-86153 -2
-3158 -2
-48762 -1
-81504 -1
-33541 2
-487 1
7446 -2
8761 -2
-93759 1
-8476 2
-50469 1
-22424 -2
-79685 -1
-93382 -2
-72716 -1
-38197 -2
-48954 -1
26061 -2
42913 -1
19892 -2
-12266 -2
-90408 1
-51681 2
-36152 -2
-72630 -1
28661 -1
-47097 -2
42237 -2
37754 -2
-26762 2
-21106 -1
22761 -1
-95365 -2
-56412 2
-64445 -1
-11823 2
-51266 2
14669 1
-60357 2
-17690 2
35880 1
-84958 1
-48044 1
-58127 -1
11652 1
3151 2
-67025 -1
-52254 -1
-16226 2
46807 -1
-92422 -1
10225 -1
1026 -1
-60667 -1
-85275 1
-22541 2
-82758 2
-63367 -1
-68870 1
-77873 2
-63918 -1
-41845 2
-82107 1
39281 2
44717 1
27108 -1
-37177 -2
8338 -1
-49887 2
10626 1
21244 -1
-61750 -1
-88770 2
-68658 -2
-70380 -2
-82451 -2
24482 1
-18889 -2
34034 2
-74558 2
-8248 -2
-8967 -1
-48734 -1
28232 2
44157 -1
30231 -1
-29260 1
-21686 -1
42522 1
-43359 2
37139 1
-16432 -2
37197 -1
-95966 -2
-81314 -1
-31688 2
14319 1
-55575 -2
19817 2
-77350 1
26381 2
41319 1
48708 1
29321 -2
-34862 -1
-56932 -1
-15612 1
-11257 2
-77614 -1
-7382 -1
14281 -2
32569 1
1582 -1
-67970 2
3656 2
-50097 -1
-18515 -2
-54206 2
-32159 1
-65066 -2
915 2
-16391 -2
-43583 2
-54655 2
1711 1
32809 1
-79266 2
42713 -1
-84735 -1
-83639 -1
28472 2
32467 1
27919 1
-258 1
-35774 -1
-38947 1
-80508 1
-11422 1
-63549 1
8040 1
9586 2
-48576 -1
-34325 1
26923 2
41654 1
8850 2
-54221 1
-51884 2
-1884 2
-26126 2
33582 1
-64387 2
-29856 -2
-69523 -2
-91769 1
-72486 -2
-51677 -2
47700 2
17038 -1
-44369 1
-42475 2
39060 -2
15629 -1
32702 -2
-97736 1
23311 -2
-20996 -1
-89908 1
30638 2
31348 1
-67929 1
8560 -2
-63069 -1
-61436 -2
-30108 2
20146 -2
48697 2
-59208 2
-20738 1
-70536 -2
-79779 -2
11209 2
-16059 2
-28187 -2
-13838 -2
-82620 1
-72706 2
-42915 -2
37288 2
32219 1
-1011 -2
-53008 1
43433 -1
23245 -2
36806 1
-37668 2
19932 2
-83060 -2
24391 -1
-92211 1
-43155 -1
37353 1
-47440 -1
-35245 -2
-84750 -1
-74200 1
-19965 1
-9067 1
-332 -1
-82114 2
6526 2
31585 -1
-49617 -1
-43606 2
-38342 -1
-86393 1
28952 2
27653 -2
-23603 -2
-96038 1
-25915 2
-39430 -2
41195 2
-6167 -1
-33088 -2
34723 -1
-16712 2
-39923 -1
-83611 1
5961 -1
-17322 2
-17743 1
-2039 1
-50357 2
24339 1
-50814 -2
-75968 2
-31473 -1
-84058 -2
-37983 -1
-96746 -2
-3048 -1
-39702 1
-92370 -2
43846 2
-85645 1
26265 -1
7936 2
-15223 2
-40241 2
29267 -2
-46028 -1
38028 2
-37326 2
46065 -2
37151 -1
-89603 1
-36621 2
-45317 -2
-67136 -2
-50115 -2
-22911 -1
8245 -2
-95058 -2
-22562 -1
-61632 1
-55633 2
-24528 -1
40099 1
-70813 -2
19914 -2
-52589 1
-84312 1
36983 1
-75288 2
2146 1
38981 -2
-43791 2
26807 -2
-46912 -2
-80275 1
-84203 -2
-59569 -2
22312 2
-79154 1
-50805 -2
-775 -2
-29677 1
45580 -2
-47218 2
16226 -2
458 -2
-12799 1
-1877 -2
-41177 -2
-6899 -2
-81798 -2
-49628 -1
10986 1
-37033 2
-65580 1
-6071 2
1762 2
-56753 -1
1576 2
-32411 2
-65851 2
88 2
-70951 2
-84732 2
21670 -2
-98995 2
-2419 -1
-85995 2
-72274 -1
1637 2
-85881 1
-75984 -2
-96160 1
-76777 -2
-61639 -1
-97810 2
-30935 -2
-61813 -1
-40346 -2
-58823 -2
-3418 -1
10218 1
-94377 -2
-64423 2
-86697 2
-44516 2
-76924 1
38318 1
-66886 1
-67983 -2
-17455 1
-40179 -2
-21078 2
-86983 -2
-88463 -2
-33229 1
-74788 -1
128 2
-2530 -1
25549 2
37788 -2
6003 1
-92056 -1
13454 2
21234 -1
-97412 -1
-18822 -1
21403 2
-86105 -1
4161 1
22734 -1
-62336 -2
-33835 -2
-16809 -1
20140 2
-92673 -1
-32491 -2
-22885 -2
-19271 2
44821 -2
-87656 1
-27155 -2
30990 2
-61696 2
-3486 -1
-22432 -2
-12846 2
6346 1
48643 2
48355 2
-83850 2
-10334 -1
-42246 -1
-63390 -1
17710 -2
13742 -2
22759 -2
7770 1
6895 -1
-51073 2
-86869 -1
20424 -2
6561 -2
27996 1
-21450 -1
-23017 -1
35312 2
-64009 -1
-93798 2
-99852 -1
35606 -1
8809 1
-99098 2
-25786 1
-32123 -1
48240 1
-31066 2
-97465 1
24980 -1
37752 1
-39262 1
-49794 -2
25594 1
25893 -2
-56890 -2
-52081 -1
-97334 -1
-28864 -2
-6762 1
-46554 -1
-35992 -2
-54080 2
-32285 2
-96585 1
-73846 1
40131 2
775 -2
-76437 1
-40875 -2
-47071 -1
-97056 1
26881 1
-19922 2
16348 -1
30869 2
41630 1
-38993 -2
-73091 1
-50530 2
-60506 -2
-61775 1
-54366 1
-62007 -1
37040 2
-48453 2
8429 -2
-10189 -1
-74062 -2
-97442 -1
48119 -1
-48437 2
-33897 1
-71526 1
19234 2
1528 1
49151 -2
6630 2
4266 -2
-78341 -1
29157 1
1461 -2
-73480 -1
46821 -1
19313 -1
-29240 1
-24422 -2
46755 -1
-38122 -1
47660 -1
4787 1
-39761 2
39958 -2
-5025 -1
35484 2
-18193 -1
16460 -2
-92040 -1
-4516 1
21525 1
49018 -2
-31152 2
-71011 2
-27084 -2
26618 1
-53907 2
-58883 -1
47234 -2
-77186 -2
20753 -2
31293 -1
4501 -1
-97204 1
-90547 1
24667 -2
-1384 -2
-52672 -2
-1282 -1
-11456 2
-91911 2
-20923 -2
38365 -1
-70905 -1
-19951 -1
-85627 -1
11923 1
-54506 -1
-46305 -1
-62207 2
-65918 1
21393 -2
25252 -1
35840 1
-21762 2
-76532 2
-51529 2
-45343 -1
-66209 -1
-50096 -1
-18803 1
35594 -1
40629 -1
-46359 2
-70550 -2
-91268 -1
16865 -2
-53397 1
-54518 -2
-78279 -2
835 2
13229 2
36469 2
-18146 1
-93066 -2
-19015 -1
-62209 -2
8043 1
-65546 1
29194 2
-55444 -1
40585 1
-93429 -1
-72244 -1
-26441 -2
-37410 -1
-37480 1
-20529 -2
-58894 2
-42610 -2
2778 -1
-37364 1
-97554 1
-21911 -1
-20401 2
-52521 -2
-73394 1
-86644 -1
-10567 2
13314 2
-17509 2
36816 -2
-29733 -1
36419 2
35710 1
-27584 -1
-88936 -1
-95038 -2
-96451 -1
38879 1
-99486 2
-30321 -1
25930 1
-9954 -1
-48119 -2
29559 -1
-35928 -1
-63632 1
10905 1
42035 2
45836 -2
-37433 1
-34676 -2
-97222 1
-83549 -1
43410 -2
-51575 -1
-36954 1
48190 -2
-22948 1
-62067 2
-39009 1
7527 -1
-12017 1
-22050 1
46045 2
-23064 1
41036 -1
-53016 -1
-93546 -2
-85730 -1
-2459 -1
-69836 1
-74990 1
-40716 2
-52030 1
-42285 -2
-85464 -1
-43153 1
-9470 -2
-69275 2
-57554 -1
-12278 2
-78740 -1
-59043 -2
-57860 -1
-53708 -2
-66728 1
35525 1
7961 -1
48156 -2
-29527 2
-47878 -1
48044 -1
2557 1
-97092 1
-99303 -1
40199 1
-20276 2
-5888 -2
35682 2
39614 1
-17985 2
-51488 2
-13589 -2
-84247 -2
-34735 -1
-66913 1
8381 2
-57300 1
-1423 -2
6294 1
-66243 1
-5408 -2
-8663 -1
19840 -2
-37024 2
-18342 1
-32582 1
4965 -2
-51091 -2
44538 1
-61712 2
-7161 1
-80757 -2
231 1
-82707 1
36988 -2
-58243 1
1657 -1
5253 -1
-10701 -2
21298 -1
9131 -1
-39491 -2
5026 -1
-13989 1
-3538 2
-7044 -1
-55250 -1
-81348 -2
-78801 -1
30097 2
2781 -1
21558 -2
-56587 2
9592 -2
-3462 1
-61345 -1
4974 1
-99074 2
-71266 -1
30394 1
11178 2
3022 2
-31574 -2
18739 -2
40303 -2
45439 2
17182 1
-93437 -1
-95799 2
-24111 1
32925 1
-25361 1
44611 1
5021 1
-46425 2
-70622 1
-69817 2
-34975 1
-60604 2
-79691 2
-28042 -2
-79271 -1
-87409 -1
-22906 1
-69451 -1
1095 2
-67475 2
-40034 2
-71212 -1
-55036 -2
45745 -2
44139 2
40336 1
-36842 2
-3868 -2
-36778 -1
-2089 -1
27208 2
-49907 2
-48498 1
-87788 -2
25894 1
-68867 2
29972 -2
-77768 -1
39540 -1
-9692 1
-53201 -1
-40919 -1
23080 1
-59521 -2
-55641 2
-7125 2
-12265 1
-93163 -2
36992 2
-94809 -2
24736 -1
28775 2
3558 2
45026 1
-98214 -2
-56418 2
19096 -2
-52975 -2
-96162 -2
-89526 1
-9130 -2
48675 -1
-44587 -2
-695 1
-55626 2
-40013 2
-57913 -2
-74684 1
-15246 -1
10798 -1
25472 2
-43168 -1
14231 1
-58705 -1
-11092 2
-98570 -2
-23501 -1
-31746 2
-65911 -1
-31095 -2
-47173 2
-29233 -2
-76544 -1
-38988 -1
-96360 1
12761 1
-66193 2
-50692 1
-69212 2
-68238 2
-34072 2
13351 -1
-79931 2
-36469 -1
-32199 -1
11994 -2
21421 -1
-40158 2
-14357 2
-9055 -2
-42603 2
43480 2
-62765 2
-99570 2
-12077 1
-90053 -1
40660 -1
-95255 1
-8671 -2
36701 -2
36149 -2
17946 1
-72951 1
-81232 2
-99793 2
-44486 -1
-56205 1
-37624 -2
14758 2
38818 2
-37118 -2
-65338 -2
36629 -1
-72557 -2
19113 -2
-61791 -2
-79076 1
-73146 -2
-51483 -2
-36861 -2
23019 -1
-66764 1
-3086 -1
5392 1
10984 1
-60110 -1
-47074 1
30454 -2
-33954 -1
30145 -2
-67927 -2
20087 -1
-57448 2
-50425 -1
-700 -1
-96685 2
-69061 1
-11041 -2
-90743 -1
33369 -1
666 2
49783 2
-78315 -1
11560 1
-90998 -2
-27909 -1
-16793 1
45556 1
27876 1
2290 -1
-17717 2
-24443 -2
-93689 1
-69614 -1
2331 2
39121 1
-692 -2
48486 1
15918 2
-72348 -1
-92518 -2
-88406 2
5749 -1
-17549 1
-16972 -2
7498 -2
-51183 1
-92157 2
15677 -1
-89753 -2
10297 2
36783 1
-50715 -2
-90489 1
-87212 2
-5698 -2
-45901 -2
-26038 -1
49426 2
-36322 -2
-51026 1
-49470 2
-43745 -1
-91973 2
-5030 2
-39873 1
-12364 2
-99025 -1
49215 1
14047 -1
36418 2
13401 2
-25194 1
-30413 -2
-95626 -2
-17623 1
34466 1
-7215 -1
-93062 -1
1876 1
32456 1
-50508 -1
5204 2
-12056 1
16066 2
-53967 1
-99417 -1
30012 2
-16944 2
3510 -2
48797 1
-1377 2
-71291 1
47307 1
-64435 2
8132 -1
14260 -1
-46171 2
-27119 -1
-50949 2
-31396 2
-54168 2
-78478 2
43266 1
-81860 -1
-10113 2
33945 1
-24107 2
36549 1
-97200 -2
31431 -1
-8395 -2
-70871 1
-20320 -1
-33440 -2
-79649 2
-90173 2
-58349 1
-71655 1
-75438 2
14317 -1
21903 -1
-26397 2
26320 1
4297 -2
-52520 -1
-68368 -1
29199 2
-90203 -1
-14127 1
-82575 2
-78548 2
-2750 1
-53087 -1
-40841 -2
-16937 2
-88807 2
-31208 -1
3120 -2
-825 -1
-22780 1
-60318 1
-93196 -1
49565 -1
-54758 2
-62811 1
-56529 -2
-21536 -1
16627 2
-3823 -1
-30064 -1
38925 1
-88196 2
-42070 1
-62038 -2
-50092 -1
15388 -2
-19298 2
-76977 2
-26196 2
24117 -1
-95521 1
-80650 -2
-74433 1
16188 -1
-74662 1
-93711 -1
3475 -1
11297 -2
-45009 -2
2133 2
17955 -2
640 -1
-23955 -1
16553 -2
-12704 -1
-3609 -2
-87425 1
-56831 -2
-28319 1
8432 -2
-90796 2
43205 -2
29645 2
5904 1
-45249 1
11386 1
-6853 -2
-7154 2
-19136 1
76 -2
27232 1
-81478 -2
-84593 2
-37917 2
9974 -2
-20871 -2
-19103 2
-19099 -2
-62265 -2
-90374 1
-8434 1
23518 2
-67365 2
-3348 2
-47289 -2
-62915 -1
-5667 1
33824 1
-84343 2
34182 -2
-36003 2
-73218 -1
-48578 -2
-33657 -2
-85698 -1
-95784 2
-19146 -2
-74680 2
-40671 2
-43039 1
-39804 -2
-31148 2
-21298 -1
42512 1
-99702 2
28742 -1
-71100 2
44443 2
-10997 2
-74525 1
-43913 1
-47474 -1
27095 -2
-33983 -1
-74561 -2
-3862 -1
-65558 2
-59845 -2
-80358 1
-2125 2
-89112 -1
34716 -2
-50684 -2
-37448 -2
4395 1
-33478 2
45107 -2
-43008 1
-81908 1
-81639 -1
-90882 2
-4871 2
47050 -2
-66238 2
-7788 2
-36423 1
-10868 -1
-674 -2
-93322 2
25039 -1
-27557 -2
34506 -2
-53731 1
-62839 -2
27012 2
-1367 -1
-12196 -1
-29050 1
33085 2
-7852 1
-85528 -2
-21388 2
-83330 1
-22091 -2
14052 -2
33445 -1
-11091 -1
-38892 1
16256 -1
-94075 1
-77816 -2
-53523 2
-68556 -1
-42896 2
-64332 -1
5487 1
-21862 -2
25580 -1
-90846 -2
-67933 -1
30615 1
-2528 -2
-89988 1
43719 2
-53615 1
23136 2
34127 -1
-88862 2
-94586 -1
-406 2
-76693 1
-61648 1
-12021 -1
-49169 2
-28549 -2
-26952 2
19850 -2
6814 1
12567 1
-28086 -2
-35006 1
-23972 -1
16603 1
-79437 -2
-13067 2
-3037 -1
-70588 -2
29695 -1
-91913 -2
-7023 -2
-46884 1
32776 2
12354 1
-77259 2
-8778 -1
-70967 -2
-98520 1
-91128 -1
-90345 -1
44685 -1
6442 -2
-53524 -2
48227 -2
-72992 -2
49163 -1
26185 -1
-81175 -1
-75773 1
-86878 1
-38041 -2
31814 1
-87191 -1
-64641 -2
22437 -1
-14674 -2
-82691 2
-86772 1
42293 -2
40398 1
-45837 -2
12874 2
-52415 1
4417 -2
-91062 -1
-90218 1
-39022 2
-55513 -2
22416 -1
-68583 -1
48314 -1
25913 -1
22443 1
-12687 -1
-74744 -2
48720 1
-86779 -2
30784 1
9206 1
42170 2
-84623 -2
17600 1
44082 2
-45737 2
-19682 -2
-57971 -2
-80367 -1
-59884 -1
-64122 1
-54878 1
-95852 1
42430 -1
8716 2
-27779 1
35104 2
17639 -1
-71039 2
-96319 1
-72723 2
22126 2
-41102 2
-99454 1
-52707 1
-88971 2
-39339 -2
-19270 -2
-71319 2
-76730 2
-63967 2
-93819 -1
20762 -1
-27661 2
14301 2
-76752 1
-2701 -2
-99734 2
7965 2
-29785 1
-91058 -2
5717 1
-58229 -2
-69552 -2
-62108 -1
7853 -2
-83979 2
-64826 -1
-22832 2
-52155 -1
-66762 -2
48687 1
-72459 1
22226 1
-88211 -1
-88136 1
-36213 -1
-99311 1
-30204 -2
-67855 -1
-61655 -2
-74287 -2
-93814 -2
-59301 1
-73916 2
-30312 2
22754 2
9461 -2
-79579 -2
-50625 -1
40604 1
-11711 -2
42614 2
-93488 -1
-42493 -2
-20987 1
40160 -2
-86665 -2
-50981 -1
-43553 1
-40802 -2
-50243 -2
-29698 2
10365 1
-34359 -1
-34101 -1
-43910 -1
-70809 -1
-4222 1
-41492 -1
2829 2
-28204 2
-14443 -2
45683 -2
-37092 -1
15667 -1
-80175 -1
-74102 -1
-73287 1
-4009 -2
34151 -1
-34954 -1
-78139 1
-77506 1
-95180 -2
-97777 -2
-11829 1
-56054 -2
19038 -1
24421 1
12386 -2
33783 -2
1930 1
-60964 -2
14251 2
-25402 -1
-14145 2
33599 1
32853 -2
-7202 2
45464 2
-52905 -1
-90811 -2
-94291 -1
-53927 2
-13648 2
-40727 2
-71359 1
49871 -2
-44975 -1
-97447 1
-64882 -2
-803 -2
-88540 1
-70621 2
-26645 2
-67210 1
-71263 2
23547 -1
20241 -1
-79051 1
-28029 2
-58499 -2
-59048 -2
1550 2
9647 -2
-26702 2
49336 1
-8237 2
-71825 -1
41458 -2
-52139 -2
10123 -1
-43867 1
46462 2
29617 2
-96090 1
-26870 -1
-15982 -2
29914 -1
-78701 1
-3651 1
-42115 1
1802 -1
16205 1
-9157 1
-57885 2
-82744 1
45619 2
-51813 1
-78557 -1
-81794 2
-64478 -2
-98799 -2
-38723 1
-5921 2
-8246 -1
-63629 1
-80964 -1
-4297 1
-99592 -2
22279 1
-61021 1
30601 1
48953 2
5916 -1
30489 -1
-37468 2
-2086 2
2644 -1
30193 2
47553 -1
-2878 -1
24692 1
-24922 1
-40264 2
-87539 2
34023 1
34727 1
-78152 -1
13856 1
45493 2
-90013 2
-96542 2
24590 1
-27165 -1
11636 -1
-39924 1
-58755 -2
-60185 -1
-29094 -1
-47260 2
49890 2
-41361 -1
-37306 -2
-80008 -2
-13675 -2
22231 -1
-73182 -2
-6763 2
-1232 2
21620 2
-34960 1
-13601 -2
-4489 -1
25163 -1
-10766 -1
-35966 -1
-61221 1
-48093 -2
-28735 -1
-80922 -1
-3888 -2
-44377 1
-14425 2
23257 1
36185 1
-54421 -1
-43678 1
22597 -1
-72941 1
43941 2
-11164 -1
-60761 -1
-96862 -2
-45430 2
-90879 1
27734 1
12420 -1
-63046 -1
21984 -2
-92830 2
-49631 2
-27138 -2
-65332 -2
-90136 -2
-75602 -1
45329 1
811 -2
-43510 1
-13602 -2
-28272 2
-48075 2
30814 -2
-86083 -1
145 1
36715 1
-5532 1
-64480 -1
-16803 1
9812 -1
14391 2
-87128 1
-24438 -2
18273 2
-59756 -2
26099 2
-64883 2
-65004 -2
30058 1
15067 -2
-41200 -1
-51545 1
33610 -2
-94800 -1
-61319 -1
-55740 2
-46695 2
-12899 1
28779 1
-93913 -1
-46661 2
42381 1
-64097 -2
-42230 2
-49092 2
40107 1
-73202 -2
-39362 -1
-14893 2
11185 1
-2900 -1
49188 -1
-9593 1
-4774 -1
-86594 1
-72613 2
-97864 2
-51404 2
32724 -2
-24901 -2
-6034 1
-69078 1
-32563 2
-95371 1
-98154 1
-89579 -2
-81606 2
-15134 1
38559 1
-34671 2
-56105 -1
-9428 1
-65590 -1
-86864 -1
-60975 1
-55924 -1
-43224 2
-26770 -1
8635 1
-25827 2
-96352 -1
48088 -2
34867 1
49055 -2
-83207 2
16819 -2
-89440 2
31500 -1
32584 2
-23861 -2
-77472 -1
44819 1
-41998 2
40044 -2
-88244 1
-4089 2
21426 -1
-1471 -2
-39215 -1
4336 -2
-89457 2
20264 -1
13074 2
-83575 -1
40383 2
16378 -2
32715 -1
41931 -2
45012 1
-24625 2
-99455 1
-88833 -1
-99441 -2
31279 -2
-87914 -1
-37270 -1
-59653 -1
-7759 1
-46722 2
-89733 -2
-36484 -2
1916 -1
-98289 1
-46752 2
-5370 2
-41480 -2
-47869 1
-67199 1
22221 2
-18750 2
-29854 2
25578 1
44146 2
32863 1
-65623 1
14537 1
12779 1
25520 -2
40207 -1
-75874 1
-29628 1
-84448 -2
-19038 -2
40808 -2
-28787 2
-81544 -2
-42287 -1
-44070 -2
10947 -2
-18648 2
-59635 1
40914 -2
-11510 1
31063 1
30422 2
-66379 1
-15575 -1
-59150 1
-74856 2
-40192 1
-55558 2
14954 2
-75877 -2
-15828 2
-26621 1
43131 -2
-20998 2
-50745 -1
781 2
4812 2
-49784 -1
27863 -1
3619 -2
-85769 2
-61967 -2
7090 2
-13103 2
-91711 2
-36952 1
-36567 1
-98152 2
36240 -2
-6547 2
-12565 1
-74159 -1
-84942 -1
39369 -2
4516 1
-8003 2
24774 1
-60323 2
-44303 -1
-99923 1
-85857 1
-49699 -2
-15267 -1
26550 1
-40147 -1
-96376 2
-8791 1
-1355 -1
-72731 2
-63710 1
-27417 1
10646 2
38927 1
-22078 1
-33391 1
-27370 -1
-22522 2
-79237 -2
-82893 -2
9008 1
-82873 2
-63036 1
31561 2
-55157 2
20920 -2
-53550 -1
-36690 -1
-14200 -2
-427 2
-84799 -2
-33848 -1
-52117 -1
-7266 2
27432 1
-36296 2
47602 1
-46773 -1
41410 -1
-55600 -1
-21682 1
40536 2
-90647 -1
16910 -2
41741 -2
-36851 2
-19013 -2
-2548 2
-10 2
-97057 -2
-52018 -2
-14254 -2
-28656 2
45364 2
-35407 -2
-76842 -2
-92480 -2
-63803 2
2449 -1
-62635 2
44111 -1
14494 1
7553 -2
-63514 -2
-47165 -2
-51248 1
-75042 1
-3360 2
19084 -1
-50266 2
-43233 2
46235 -1
-59485 -1
-30945 -2
16648 2
10716 -1
32660 2
-27659 1
-50452 -2
-96117 -1
-63264 1
-81993 1
-24232 -1
-59942 -1
1964 1
23190 2
-71440 -2
-81861 -2
21382 1
-82155 -1
-88386 1
-67184 2
-33875 -1
-24135 2
3874 -2
-95650 -1
-46763 1
-37040 1
-85404 -2
-99046 -1
33 -1
15480 2
-10306 -1
-75355 2
-23751 -2
-70479 -1
-67565 1
25577 -2
-76157 -2
-97136 2
30113 2
-25838 -2
-85466 -2
15953 2
26106 -1
9900 -2
-17780 2
9484 2
-41811 -2
16598 1
40356 2
-69032 2
-88548 -2
-1116 2
-80396 2
33174 1
-43113 1
6454 -2
-20745 1
-56364 -2
-69282 1
-10327 1
-36050 1
44167 1
-45688 -2
19964 -1
-289 2
48493 -2
-98842 1
-17434 -2
-22618 2
-92842 -2
18416 -2
-30601 2
48755 1
-51583 -2
-88053 -1
-71724 2
-75069 -2
31683 -1
-79645 1
26104 2
31573 -1
654 2
46847 1
-69537 2
-68598 2
-61785 1
-15567 -1
26944 1
-23296 -2
6710 2
21203 1
-41112 2
36744 -2
-58335 -2
-2634 2
-15316 -1
-56669 1
-55094 -2
20945 1
-77538 1
-58268 2
-48670 -2
-17051 2
-8029 -1
-81673 -1
-47676 2
-31966 1
-34949 2
-88055 -2
9165 -2
-73539 1
38003 1
-25637 2
-2929 1
-85708 -1
-66526 -1
-46919 1
-1623 -2
-71765 -2
-4323 -1
12138 2
17385 1
2344 -2
22425 -2
22562 2
-1906 1
-85376 1
-38844 2
4226 -1
-31035 1
-48937 1
3179 1
-36613 1
-49128 2
-40806 -1
34132 2
-53009 2
-97474 -1
20996 1
-78216 2
49233 -2
-8073 1
-72380 1
48418 -1
-54981 1
-61026 2
38033 -2
42602 1
-61153 2
19958 -1
34711 -2
-60097 1
-56795 2
-24987 2
3002 -1
12864 2
27080 -2
-61935 2
-93420 2
-38316 1
-75007 2
-21520 1
-33155 -2
-6445 -1
3241 -1
9723 -1
-22475 1
45577 2
-61833 -2
-45279 -1
35034 -2
35130 -2
-59221 2
-43011 -2
35344 2
-38443 2
16756 1
-17812 2
45888 -2
24923 1
27457 -1
4064 -2
-55799 2
42217 -1
18148 -1
-4793 -1
-49520 1
-63737 -2
-14820 -2
-17651 -1
-16668 1
-52882 -2
27857 -2
27182 2
3079 2
27441 2
-41295 -1
-64168 1
-83116 -2
-68100 2
29049 -1
-49104 1
-33385 1
-4278 1
6480 -1
-99432 2
-29038 2
19452 -2
-88288 -1
47687 2
-80216 1
-95499 -2
7309 2
-77014 -1
-17152 -1
46636 -2
6414 -2
-82590 -1
-99945 1
37643 -2
11030 -1
37432 1
-91858 -1
-8136 -1
-42151 1
16592 2
-15184 -2
-44474 -2
-89086 -1
37061 -1
-25279 2
-60934 -1
-72019 2
5257 -2
-52486 1
-9877 -2
-187 1
-99403 1
-50289 1
22350 1
-46011 2
35059 1
-69328 -2
-93238 -2
-51105 1
9422 2
-2114 -1
-79604 1
-89547 -2
2359 2
-45743 -2
-33165 -2
-2846 1
26979 -2
-95260 -1
16934 -2
-19896 -2
-97603 2
-19592 1
-58391 -2
-12094 1
-71646 2
-17770 1
-58449 -1
39451 1
-93882 -2
-30845 2
46254 -2
6030 -1
-63576 1
30515 1
-70428 2
30780 1
-31441 -1
-86157 2
-57221 -2
-93208 -2
-60174 -2
33715 -1
30136 -2
-56397 -2
-17251 -2
20172 2
-70929 -1
34036 -1
45552 -1
-81010 -1
-65748 -2
-86902 -2
41992 2
30089 -2
10476 2
-53539 -1
-30709 -2
-99872 -2
-72896 2
-38934 -1
-64096 -1
24913 -1
-81809 -2
-5187 1
-35205 2
-2963 2
-47504 1
-18820 2
13996 -2
-82593 -1
43940 2
-35852 -2
-34014 -2
39228 1
-62988 2
-46099 1
-2137 -2
-28177 2
-77243 2
-51196 -1
-9327 2
40685 -1
-73121 -2
-66450 1
-30707 1
-61806 -2
-18561 -2
20964 -2
28057 2
15254 -1
-16166 2
9535 -1
-39749 -2
26054 -2
3203 -1
15585 2
-99761 2
-21473 -1
-9591 -1
39299 1
-65044 1
-67683 1
32959 -1
41524 -2
37115 2
46193 -2
-94061 -2
-8369 -2
-3678 1
-87142 1
-587 -2
-39191 -2
-76794 -1
11643 2
-87878 2
4049 -1
-25330 -2
-45255 1
-70187 1
67 -2
-13494 1
-46562 -1
-18701 -2
5098 -2
30214 -2
-25553 1
15991 -2
-21496 2
25284 -2
-94235 -1
-25269 -2
-41699 1
17830 -2
-22729 2
42027 1
-77844 -2
-77918 1
20876 2
-59934 1
33403 -2
-78403 -2
-70407 2
-60624 -1
6976 1
-52978 -2
-56399 -1
-16573 2
-92308 -1
24856 -2
-13100 -2
-53147 2
-84909 1
-42047 -1
6452 -1
16936 -1
-67811 1
42192 2
-57229 -2
-8607 1
-62433 -2
20488 -2
-41079 -2
-77894 2
4828 1
-47454 -2
-98968 2
-81734 -1
390 1
-31327 2
34527 1
3637 2
37254 2
-1771 1
25678 1
-19993 1
-10894 1
-96551 1
7958 2
-33294 -2
-17266 -1
-91961 1
22027 1
-25587 1
-95676 1
-8531 1
-78718 -2
-67601 -1
47841 -2
-35386 -1
-27694 2
6849 2
-11155 -2
4180 2
-12681 -1
-72158 2
-41397 -2
-93233 -2
-20477 -2
-98068 -1
-49464 -2
-80339 2
2063 1
-28598 2
39053 1
1138 2
-46061 2
-1328 1
-86230 -2
-61008 -2
49909 1
-35291 2
-9582 -2
6239 2
1169 2
-18191 -1
-84020 2
-52797 -2
-96649 1
-72804 2
-87912 -2
46335 1
-18029 1
-95598 2
-46668 -1
-89438 -1
-76115 1
-30317 1
-90994 1
-57950 -1
-93019 -1
-85786 -1
-80179 -2
-22032 2
11805 1
-71124 -1
23215 2
-91740 1
6998 1
-78787 -1
48369 -1
48137 -2
43702 -1
-7146 -2
-899 -2
-54238 -1
-64039 -1
-50916 1
-63976 1
29478 2
-37525 -1
41116 1
-16109 -1
-7122 2
-98873 -2
33858 1
-87474 1
-83723 -1
-47035 -1
-12292 -2
-26815 2
46303 -1
22202 2
45224 -1
6456 2
41186 2
-65196 -2
-55614 1
-60104 -2
-7061 -2
30805 2
-28606 -2
-15311 -2
-55222 -2
-47313 -2
4531 -2
-36754 -2
-65329 2
30911 -1
-74142 -1
-57531 -2
-38477 2
-27003 -2
-23441 2
-21704 -2
-68335 1
-40447 -2
15181 -1
19204 2
-83824 2
-59406 -1
-80115 1
29718 -1
-27010 2
-54727 2
-77288 1
28842 2
48547 -2
-44131 2
-69810 1
-75946 -1
31685 1
-27264 -1
42863 2
-54860 -2
-90383 1
-5871 2
25734 -1
27391 -2
-61077 -2
8130 -1
7465 1
46390 1
16678 -2
-2218 -2
-83504 2
20607 -2
-24165 2
-72192 2
-46860 -1
42394 -2
-5330 1
-18508 2
-73068 -2
-19218 2
-15226 -2
-56883 -1
-23978 2
26544 2
22883 2
-31667 -2
-35378 1
49810 -1
2075 2
-10352 1
42382 2
-73754 -2
-57294 -1
11970 -2
-14807 1
-42292 1
-1749 -2
-61682 -1
-34814 -2
-19695 2
-85847 2
-84029 -1
-42682 -2
-26903 1
2838 2
-56702 1
5005 -2
-63082 1
-4556 -2
-4856 2
-4401 1
-24473 2
-90427 2
-57555 -1
-46360 -1
-66335 -1
-19338 -2
-76747 -2
-69648 1
-50090 2
-65493 1
2337 1
-76311 -2
-70202 2
-50800 -1
-29877 1
23286 1
-55140 1
41862 -1
-57585 1
-57020 1
44196 -1
-79250 1
-36814 1
-8060 2
6286 2
25353 1
-78814 -2
-62912 -1
25344 1
-8951 1
42567 2
8618 1
-40744 -2
-32015 2
-43342 1
-42216 -2
-75318 2
-57926 2
39530 -2
39985 2
34703 -1
-4321 1
-5779 1
26251 2
46495 -1
-67586 -1
-25267 -1
-87393 2
-55135 1
-21435 -1
-80900 1
-5253 -2
-59776 -2
13553 -1
39226 -2
41984 -1
-6076 -2
45857 1
-98994 -1
-56693 -1
-7767 -1
-97616 -2
-44779 -2
-9681 -2
-37572 2
-26678 1
-98900 2
-64838 -1
-87929 -2
-79533 2
-68463 -1
-61550 2
10778 1
-68699 2
9002 -2
-14392 -1
-66511 2
-81587 2
9531 -2
16344 2
45607 1
-38712 -1
-41571 2
-1707 -2
31772 1
-87317 1
-39570 2
-73226 2
49893 -2
23969 1
-69862 -1
-84636 -1
40347 2
-94424 2
-3476 -1
-73830 2
-81578 -2
43566 -1
-79067 -2
-96642 -2
-13404 -2
-38052 -2
28885 2
-35173 -2
25905 -2
-74439 -2
-954 2
-82880 -2
-92182 -1
4671 -1
-9333 1
-86751 1
2214 -2
-72407 -1
-79052 1
-15229 1
-27488 2
30114 -2
-43447 -1
-60841 -2
-86566 -2
35134 -2
12819 2
-22966 -1
-48560 1
-39823 2
42248 -1
-27487 1
-86334 -2
21649 -2
-94007 -1
40222 -1
-66019 -2
-68010 1
-58116 -1
-37766 1
-13739 -1
-22698 -2
-53536 -2
26347 -1
-81988 2
-49124 -2
-47558 2
31041 -2
-33287 2
-50015 -1
-32248 -1
-50237 -2
-99549 1
22847 2
-60486 2
12885 2
35255 -2
12983 2
13307 -1
17245 -2
-65159 -2
41089 1
-55908 -1
-91403 2
-83343 -1
-66691 2
14929 -1
-63522 -2
-18271 -1
-75657 -2
-44930 -2
38563 2
1514 -1
1618 1
-36320 -1
-16916 2
-46983 2
-43406 -2
7099 -2
-2930 1
-87080 -2
-96640 2
-42007 2
-28982 2
38299 -1
-28594 -2
-28110 1
9404 -1
-50161 -2
7194 -1
-85478 2
-33361 -1
-70325 2
-24228 1
-47174 -2
-53234 -1
-51695 -2
-46674 1
15423 -2
-31158 1
-31013 1
-50186 2
-7905 -1
-50687 -2
-28622 1
-34515 2
-99049 1
-47434 1
-73922 2
22873 1
-3915 -1
4534 -2
22995 -1
17960 1
-8464 -1
-49353 2
-61718 1
-71141 -1
-82773 1
3326 -1
-66687 1
6008 -2
-19700 -1
6863 -2
-89766 -1
-59581 -2
24546 1
-1108 2
21867 1
-91526 -2
-20307 1
-35559 1
17222 -2
-59499 2
-1135 -2
-83953 -1
-97328 1
24350 1
-64310 -2
-5748 -2
-62477 -1
-65727 1
-41741 2
19888 1
48780 -2
14580 -2
-36052 -2
-50076 2
-26342 -2
43002 1
-95087 1
-27580 1
-94642 1
-4046 -2
-85019 2
2019 -2
-85189 1
-54666 -1
-43671 -1
-77653 -2
34551 1
30438 -2
-34554 1
-78389 2
-60564 2
5650 -1
-72364 1
34411 -1
-48806 1
-72642 -1
-36223 1
34419 2
-14025 2
-96391 2
-63732 1
46154 1
-98514 -2
-92500 2
-43487 1
-90262 2
22380 2
49374 -2
18310 -2
-299 2
38268 1
-28501 2
-46970 2
-44397 2
-43476 -2
-54275 2
10433 -1
-19425 -1
-10490 1
44302 1
30876 -2
-88569 1
29701 1
-28146 2
44766 2
-49830 -1
-6404 -1
25147 -2
-22089 -2
20409 -2
-99171 -1
-27131 1
-91725 -2
486 -2
-75231 -2
-38906 1
-28221 1
-34979 -2
26260 2
3170 2
-53001 2
-11610 -2
-79275 1
-63823 1
-8615 1
38285 -1
-75860 2
-53498 -2
40353 1
-36876 2
-89051 -1
-37597 2
-64678 1
-56545 1
30820 1
29795 1
-22921 -1
-1359 -2
-86130 2
18702 2
-87677 2
45441 -2
-82063 -1
38861 -1
3246 -2
-66308 1
36465 -1
-12884 -2
-99975 -1
30534 2
35065 2
-47817 2
-9734 2
7179 1
17490 -1
-59264 -2
39759 -2
17761 -2
-29991 2
43668 -2
-24946 2
49897 -2
-88462 -2
-51201 -1
-14964 1
46132 -2
-87245 1
-83920 1
-1300 2
27357 -2
30996 1
-40118 -1
12070 -2
-24851 1
-38503 2
22157 -1
-72349 -1
-62420 -2
-66348 -2
30450 -1
-26874 2
42596 -2
17464 1
-3660 -1
47223 -1
-45823 2
28889 -1
16077 -2
-64250 1
16530 -2
-99468 -1
-74888 -2
-80870 1
35492 2
-35251 -2
-29684 1
-62468 1
18880 -2
42087 1
-5315 1
-60763 1
14830 -1
-39507 1
8018 -2
-44319 2
-9687 -2
33992 2
25029 2
25394 -1
-38777 -2
-29001 -1
24867 -1
-34187 1
20466 -1
-78516 1
2154 1
-4311 1
1692 -1
36104 2
3726 1
-65132 2
-48274 -1
3186 1
-82062 1
-58350 -1
23555 2
3673 2
13939 -1
-30524 -2
-80772 -2
5549 -1
23506 1
-37482 -1
-343 1
-85308 2
-56898 -2
-65265 -2
-84176 -1
-34885 -1
-77352 1
-12615 -2
-79865 2
39589 -1
-21268 1
28801 1
-90460 2
-63728 2
-40550 1
-19149 -2
24800 2
47433 2
4599 -1
29540 2
-45678 2
-71528 -1
1845 -2
-24646 1
-3508 -2
-96344 -1
-90089 1
-68276 -2
-75373 -2
46563 -1
36116 1
26331 2
-12192 -2
-2107 -1
-92345 2
-46160 -2
-62671 -2
43873 1
8079 -1
5267 -1
-76443 2
31517 -1
-81533 -1
26232 -1
-50723 -1
25941 1
-77499 2
-67934 -2
19865 1
49283 2
39809 -2
-40271 -2
-3179 -2
-10836 -2
-58591 1
-87891 -1
-5752 2
-89448 -2
-39995 -2
-95141 -1
-46920 1
-72148 -2
2913 2
-83973 -2
28225 -1
3529 1
-95411 2
-32006 1
-16122 2
-81611 -2
-2119 2
-74362 -2
-2368 -1
-83898 -2
-9842 -2
-44047 -1
4915 -2
-36297 -2
-38553 1
-1033 -1
-99129 2
-78614 1
-3784 -1
-9886 -2
-61541 1
15820 2
8049 2
19135 -2
-45805 1
-88502 1
18713 -1
-11674 1
-64198 2
-32624 -1
49739 -1
32241 1
-70011 -1
-71904 -1
-31003 1
10065 -2
-3435 1
-31291 -1
10607 2
-43401 -1
-71523 2
-4905 1
22304 2
-15006 -1
-35699 1
-23762 1
-7477 2
-3842 1
-92975 1
-27019 1
-47956 1
-5321 -1
168 1
-76168 -1
-2630 -2
-18797 1
1602 -1
-15500 1
34346 1
-78021 -2
-12725 -1
-59588 -2
22606 1
15273 -2
-49433 1
-48389 -1
35204 -1
25313 -1
-4537 1
35425 -1
-48116 1
-1393 2
-16266 -2
-63833 2
-45857 -2
-49768 2
-55071 2
-44560 -2
14588 2
26880 1
-91948 2
-29947 2
-48580 1
-58848 -2
-53430 -2
-53187 1
-54352 2
-87487 1
-48793 -2
-20095 2
-36108 -2
-4132 2
-67239 -2
-29596 -2
-64107 -2
-49952 2
-98359 -1
-22714 -2
-73084 -2
16787 1
24741 1
-72113 1
-8027 -1
-48517 -2
-98105 1
-10012 1
-7665 -2
-23048 -2
-2901 -1
4870 2
-37126 -2
-55162 2
-88804 2
18901 -1
-25770 -2
21665 -2
-20511 -1
15347 1
33850 2
-66808 -1
45345 2
-36864 -1
-98747 -2
-84882 -1
-88011 -1
45795 1
-72883 1
-47871 -2
35074 2
15974 -1
-96159 1
2060 1
-25317 1
-23851 1
-45721 2
18883 -1
44134 1
48550 -1
-80791 1
-4174 2
-55199 2
-49776 1
30642 -1
4949 2
-83043 -1
-23621 1
-19064 -2
-39142 2
-75474 -2
-3708 1
-87638 -1
-46702 -2
-81458 -1
-54825 -2
-36153 -1
-56709 -1
8691 -2
39048 1
-79472 1
-55234 2
-47782 -1
26284 2
-56816 2
33273 2
-29580 -1
-80452 1
-38593 2
46350 -1
-96483 -2
-69533 -2
29941 -2
-72258 1
-77464 1
-32486 -1
49402 2
-5700 2
-97352 2
11256 1
-7270 -2
-75727 -2
19505 2
-71067 2
-78493 2
-85883 1
-1716 -2
-1157 1
11871 -1
-59563 2
-3993 -2
-10231 -2
-44920 1
-58618 -2
-863 -2
-38489 1
-9042 -1
-19327 -1
-91637 2
-26359 -2
-6827 -1
-31767 2
-76431 -2
-25972 2
-71957 2
-72101 -1
38321 2
37072 -1
-37034 2
-5476 -2
11745 -1
-87682 -1
-35613 -2
-97392 2
8708 1
-43282 2
13837 1
-94598 -2
-18166 -1
-57700 2
44564 2
-17167 -2
-19272 -2
-56713 1
-7708 -2
-73186 -1
2371 1
-3366 -1
30039 2
-37799 1
-42392 -1
-3177 -1
33035 -1
-10950 -1
23989 1
33427 -2
-12262 1
-6439 -2
-82228 -1
24905 -2
-72881 -2
-21743 2
-23000 1
-33568 -1
-35741 -1
-79234 1
-80268 -1
-8454 2
43056 -2
-93764 -2
-173 -1
-54385 2
-71851 -2
4630 2
-85428 -2
27070 2
-54668 -1
-21020 2
11556 2
-29325 2
16753 1
20915 -1
2160 2
14788 1
6573 -1
-81824 -1
-84585 2
-28838 -2
33622 -1
41850 -1
-31395 2
49285 -2
-12753 -2
-74261 1
-28124 1
-90751 -1
-63815 -2
-14676 -2
-93801 1
10083 1
-51578 1
33818 -1
36211 1
-35524 -1
-27515 -2
37194 -2
2629 -2
38138 2
39021 -2
4770 -2
-18247 1
42229 -2
39197 -1
-14920 -2
-85500 -1
-83302 -1
14994 -2
-57837 -1
32942 -1
-81740 -2
-44680 -2
-72303 1
49699 -2
-93685 -2
-70026 -1
-82346 1
-14574 1
-42441 -1
8646 -2
-72100 -1
-41682 2
-65031 1
-74540 1
13422 1
-42854 -2
-22583 2
-15545 2
-61607 2
-74442 1
-36820 -1
42173 2
-18048 -1
-50474 2
-30504 1
-72110 -2
5407 -1
-87014 -1
-82019 -2
-54185 -2
-27827 2
21209 2
41515 1
5479 2
-82283 -1
-88033 -2
-31560 1
-2371 -2
-93649 -1
26338 1
47861 -1
-64395 2
-39834 -2
-27884 -2
11041 -1
-7135 2
-97855 1
-26763 -2
-68089 2
-21429 -1
27636 1
-39774 1
22036 2
-91523 2
13027 -2
-63708 -2
-29634 -2
2663 -1
1125 2
-86272 -2
37490 -2
-966 2
-67153 -1
-97908 -1
-3675 -2
-98665 -2
-83426 -1
45077 1
-17601 2
27819 -1
-46724 -2
-99336 -1
22477 -1
-6870 -2
-25289 1
-62328 -1
-61873 1
-78573 -1
-92932 -1
-51653 -1
45003 -2
5735 -1
10880 1
16625 2
13140 1
-41383 1
20523 -1
9824 2
-7096 2
8829 1
-44730 1
-84862 -1
-69772 -1
-95157 -2
49388 2
43706 1
38767 -2
-41588 -1
3576 -2
-62507 -1
49146 1
-62462 1
-30121 -2
26704 -2
48199 -2
19957 -2
-97498 1
45614 1
-81834 1
-40336 -1
-92782 2
-14108 2
44008 -2
-45543 -1
-69514 -1
-72747 -1
-22986 -2
-89133 1
29409 1
-50069 -2
47663 1
-90440 2
-43744 -1
-40183 2
-15293 -1
-30150 -2
25800 2
31507 -2
-17255 -1
36425 -2
-67918 -2
-11784 1
-30840 2
-86787 1
-33313 1
16329 1
-76183 -2
-77536 -2
29395 2
-39072 -2
-22976 -2
-43140 -1
-42771 1
-7088 -1
23520 -2
-47176 -2
-44973 -2
-53396 -2
10011 2
-94533 1
-97006 -1
-43718 -1
-82381 -2
-74130 -2
-69080 2
-83326 2
-25718 1
4985 -1
-70434 -2
2817 2
-97483 1
-38238 -2
13414 2
19651 -1
42769 2
-61699 1
-8572 1
-9835 1
33188 -2
-3968 1
-20209 2
-62697 -2
-37000 -2
-61377 -1
34740 1
-85748 -1
27313 -1
-9376 1
-61504 -2
-2364 2
12309 1
-57666 -1
-68430 2
-7079 -1
-31479 1
-88503 -2
-15642 -2
-22393 -2
49606 2
26198 1
-28351 2
-72286 2
-79582 2
-72933 1
-3925 1
-74938 1
-12980 2
-44177 2
-46261 -2
-91936 -2
9053 2
-37874 -1
-88932 -2
-98550 1
14595 2
22453 -1
5744 -2
-81663 1
-31240 -2
42908 -1
-15704 -2
41947 1
-76985 -2
3158 -2
-37451 2
-65247 -2
41342 -2
-50077 -1
-40050 1
6191 2
-25460 2
-64258 1
-69658 2
-61964 -2
-26046 -1
9959 1
28669 1
-77028 2
-5965 -1
43441 1
24232 -1
768 2
-35776 2
34393 -1
4063 2
15757 -1
-644 -2
-28526 2
21617 1
44021 -1
-59783 -2
-10993 -2
-91223 -1
48868 -2
16357 -2
33340 -2
-55399 1
-48015 2
26815 -1
-27609 -1
1220 -1
-99892 -1
4271 2
25871 1
-894 -2
-97982 2
11672 -1
21011 -1
-77495 2
-12960 -1
-56995 1
-97792 -1
-95668 2
-81652 2
-45960 2
-94192 -2
-59670 -2
-6605 -1
28631 1
-20844 -2
-96787 -1
12955 -2
5230 -2
-20553 -1
-28666 -2
2324 -2
39184 1
38844 -1
-79383 -1
-98348 1
47678 -2
31576 2
18087 2
-71553 1
-99612 1
6115 -1
7310 -1
17870 -1
31204 -2
-74435 -1
34577 1
-24564 2
-90978 1
39399 1
-28694 -2
-44721 1
48551 1
41842 -1
-49393 2
9529 -2
-17673 1
-15003 -2
-73686 2
-9714 1
-54965 1
-18445 -2
-71594 1
-27568 -2
-36430 -2
23314 -2
-89170 2
-4306 2
16560 1
-21943 -2
-88813 2
423 2
-76797 -2
-90568 1
-30436 -1
-93729 -1
14340 -1
-62378 -1
-82147 2
49420 -1
-63955 -2
39978 1
-88760 2
24295 1
-10706 -1
8868 2
-90499 1
-87995 -2
-57999 2
-1751 2
35383 -1
-70100 -1
-20335 2
14845 -1
-57386 2
-77408 1
5690 2
5985 -2
-49008 -2
19203 2
40854 -1
-18015 -1
-87209 1
-84897 -2
-61528 -2
48576 1
-77523 -2
25695 1
-7423 -1
31486 2
10670 -2
1883 1
-23316 2
-38366 -1
-14438 -1
-27811 -2
11856 -2
23345 -2
-40789 2
18085 2
-83970 1
-90261 -2
-36566 -2
-90318 2
-41309 1
-72468 -2
-85710 2
-44852 -1
-1743 2
1218 -1
-29488 2
-66389 1
15177 1
22509 2
5561 1
33618 1
-31670 1
-34375 -2
35962 2
-50854 2
45562 -2
-18950 2
26667 -1
20401 -1
22330 -1
-355 -2
47960 -1
11082 -1
34501 1
-58725 2
25776 1
-72543 2
-77619 -2
-40080 -2
-80095 -2
-28615 2
-1589 1
-76510 2
-17074 -2
-19819 2
-42318 2
-18893 -1
-17944 -2
12107 -2
-435 1
-79667 -1
-30106 2
-24071 -2
-7744 1
-93303 2
19193 1
40242 -2
-93434 2
-84391 -2
-43601 1
-63555 -1
-47158 -1
36499 -1
31807 -1
-53317 -2
-22915 -1
-88190 -1
20143 -1
-35895 2
-4051 2
2674 2
-46705 -1
-35154 -1
32469 2
-9383 1
-69375 -1
47149 -2
-57743 -1
18595 -2
-5307 -2
-77612 1
44242 1
-8051 1
13972 1
-1723 -1
-21423 -2
-14732 -2
-59285 -1
-76366 1
29135 -1
-95170 1
-82264 -1
-40605 -1
-45541 -2
-65050 -1
-19558 1
41059 1
-8344 1
-80333 1
35295 -1
-69475 -2
-76184 -2
5006 -1
42796 2
825 2
1884 -1
-67922 2
-54511 2
-96455 -1
-50595 -2
-89249 -2
46241 1
-68294 -2
-45394 -2
-7169 -1
-47717 -1
-10992 -1
-14191 -1
-64696 1
-82577 -2
-21545 2
39719 2
15392 2
-86922 -2
-10460 -2
2043 -1
-89820 -2
49002 2
29237 -1
-96958 2
43491 2
-64003 2
-99765 -1
-78008 -1
33111 1
23018 1
46674 2
44946 -1
9163 -1
-30849 -1
-2450 -2
-81638 2
24321 -2
48856 2
28516 2
-85822 1
-51178 -2
-9739 1
-65882 1
41285 2
-68561 -2
-88436 -1
-52958 2
10681 2
3516 2
-70839 -2
-45664 1
-81178 -1
-27022 1
-95120 1
-86376 -1
32763 -1
-21231 2
-17734 1
1655 1
-25804 -1
-81764 -1
-93659 -2
-97338 -2
8695 1
-63387 -2
-93854 2
-38386 -2
-89048 -2
-40579 -2
-38482 -1
39464 1
-69812 -1
10834 1
34731 1
-44644 -1
48844 -1
41039 2
-57182 -1
-57628 1
45438 2
-42689 -1
-3998 2
-23273 1
43531 1
-28074 1
-33295 -1
-1133 1
-32128 -2
-60256 1
-22722 -2
-70632 -2
-69579 -1
-10921 2
-50201 1
-33051 2
-6652 -1
13130 2
-7732 -2
-54879 2
-49334 -1
32674 2
-84805 2
2866 1
-47767 1
1067 1
-67036 1
29152 1
-26769 1
-33327 1
16257 1
32652 -2
-38640 1
34774 -1
-22556 -2
-78304 -2
20935 2
-72152 2
-82125 -2
-41898 1
-42614 1
-51082 -2
-20006 1
19708 2
-35137 -2
28148 1
-80788 1
-41418 1
-92635 2
5938 -1
-74112 -1
46334 -2
-55211 -2
35591 -1
40047 2
41032 -1
41375 2
-26256 2
8946 2
-88442 1
-41063 1
-50522 -1
-99198 1
-23562 -2
-9307 2
-99318 -1
-81814 -1
-90822 2
29932 2
-25970 -1
-29155 -1
11388 -1
-56734 -2
-43928 -1
-88738 -1
-73843 2
2848 2
-7248 1
6967 -2
21482 1
-30052 2
-15483 2
11115 1
27420 -2
-68441 2
-34353 1
33851 1
38126 2
-79011 1
-12271 2
-20882 1
-96850 -2
-13141 2
-16897 -2
10074 2
-18406 2
-72433 -2
36098 -2
16886 1
35971 1
-40997 2
-66221 2
-18142 -2
-85607 1
45831 1
-74327 1
23163 -1
-32466 -2
-46827 2
-10906 1
-19159 -1
-83382 2
-77212 -1
-16420 1
-8191 -2
47865 -2
-12575 1
-50337 1
-35315 -2
-11532 -1
-61113 2
-35046 1
-34004 -1
-99298 -1
-72384 -2
10130 2
-17991 -2
37235 1
42392 1
-35161 2
-20946 -2
-44246 -1
-75184 2
-35907 1
-29316 1
29171 2
-16100 1
1477 -2
31005 -1
16448 1
15201 -1
-77666 2
-19277 -2
36084 -2
12487 1
-10270 1
-32825 -2
-95483 2
28141 -1
35214 2
-58812 -1
-50528 2
33513 2
18704 2
13225 -2
9524 -1
-67829 -2
-17185 -1
-77691 -1
-71808 1
41884 1
40176 -2
-9251 -1
-25853 -1
34802 1
-24075 2
49858 2
-88050 -1
-6006 -1
-91793 -2
-91014 1
-68780 1
-22259 -2
12743 1
-62966 -2
-99943 -1
-88365 2
8180 -2
-86650 1
-31471 2
14509 2
-41541 -2
-65573 -1
31159 -1
-3344 2
43788 2
-29578 -1
-89780 1
-86350 -1
-13644 -1
3968 -1
12483 -1
-95428 1
-95911 1
40544 -1
-5745 2
-10883 2
-73911 -1
-51676 2
28942 2
-1828 1
-73109 -1
28496 2
-86874 -2
34742 -1
31817 -1
199 2
-99782 1
20522 -1
-47568 1
-73840 -1
5382 -1
10530 -2
-47976 -1
31631 -1
37893 -1
-27943 2
35503 -1
-3174 -2
-50184 1
-92801 -1
-69448 2
-1790 2
-75396 -2
-3014 -1
43898 -2
-92414 -2
-63612 1
-3559 1
2721 -2
30276 -1
45171 2
-6460 -1
3930 1
-32348 -2
-8166 2
-85589 2
2656 -2
1788 -1
13154 1
43975 2
-58336 2
-72525 -2
-32726 2
-54856 2
-49826 2
-11371 2
-22833 -2
28524 -2
24041 -2
-48486 -2
14062 -2
18716 2
-5203 -2
-2160 1
-26187 -1
5023 1
-88538 1
-23343 -1
-21172 1
-46247 -2
-43183 2
13358 2
-57108 -1
-92581 -1
24311 -1
-23742 2
-36318 -1
-95100 -1
-682 1
-50368 -2
29705 -1
24289 2
47620 -1
-7315 -2
27230 -1
41700 2
-66648 1
14341 -1
21685 1
15019 -1
-57600 1
29389 1
-92207 -1
-73033 1
-50831 -2
17602 -1
40302 1
-63374 -2
-56106 2
-53429 2
-55115 2
22397 -1
396 -2
-99954 1
-93326 2
-16867 -1
-15335 2
-75005 -1
-35982 1
-84913 2
42171 1
-20318 1
18035 -2
-21233 1
-39917 -2
-37920 -2
-24668 -1
-41692 2
8677 1
9736 -2
-13826 -2
-98226 2
-52087 -2
33889 -1
-29298 2
-52380 1
-1735 -2
-87369 1
4717 1
39312 2
5819 2
-60607 -1
-88407 -1
37700 2
26087 2
-17446 -1
28866 -2
-96365 -2
-16859 -1
-82145 1
-75309 -1
41950 -1
-42678 -1
-85200 -1
-56509 -2
-61753 1
14001 -2
-46522 1
-74816 1
-38983 -1
5138 1
-35864 1
26010 2
26575 1
18833 2
30755 2
23757 1
-74778 -1
-64254 -1
24314 1
-96045 -2
8534 -1
47423 -1
-65754 -1
-6338 2
-64257 -2
30662 2
-36302 1
-96151 -1
42379 1
-13301 -1
38349 2
-85153 1
-36023 -2
-11824 -1
-98766 -2
-13658 1
-74972 -1
43306 2
-72006 -1
-52765 -1
-84651 2
-50380 -2
-24352 -1
-262 -1
-91365 -2
-65564 2
-30224 -1
-67049 2
2234 -2
-83808 2
-35943 -1
-50390 -2
-55485 -1
-31542 -1
-79168 -1
-13709 1
-96081 1
-41839 -1
-78913 -2
14591 1
-48309 -1
17298 2
-38150 1
-59408 -1
-32572 -2
-67082 1
27915 2
-80592 1
-67690 1
-14898 1
32577 2
17570 -2
32208 2
39562 1
-77686 2
-58698 -1
7687 -2
-89200 -1
-89962 -1
17011 1
12971 -1
-9654 2
40153 -2
-49020 1
39062 2
23342 -2
26526 -2
49000 -1
-4848 -1
12756 1
49752 1
-95802 -2
-30649 -1
-72688 2
-37876 -2
18371 -1
28276 -1
-76143 2
15471 1
25890 -1
-53024 -2
-79474 2
-82997 -2
-1207 -2
36183 2
-76904 -2
-84817 1
12725 -2
-75798 -2
33857 2
-41359 -1
189 -2
-66614 1
49853 1
-1473 2
-25626 1
29441 2
4466 -1
40430 -2
-46946 2
-16525 -1
-65810 -2
-98159 -2
-45388 1
-7879 2
-47031 1
18079 -2
-16296 -2
-39095 -1
32671 -2
-80762 -1
4535 1
-10562 -2
-29814 -2
-1294 1
-99640 -2
-33129 2
-18112 1
45711 -2
-82070 2
2959 1
12019 -1
-95142 -2
37692 -1
-1244 -1
48224 2
-76771 2
-25232 -2
7669 -1
-12677 1
-52587 1
-62216 -2
-238 2
-75352 2
12530 -1
14947 -1
-39399 -2
-22222 -1
-81275 2
-28633 -1
34587 -2
-99032 -1
-23628 -1
-78029 1
18843 2
-35340 -1
25782 1
-20039 2
-60835 2
-84707 1
-63414 2
-66150 -2
31084 1
-91975 -1
-43311 2
-70136 1
37674 2
-44517 2
-93177 -1
-48724 -2
25522 -1
11718 -2
-81669 1
-38872 1
-86351 -1
22006 -1
22820 2
-34689 -2
3854 -2
-77741 1
23956 -1
11303 -2
7914 -2
-32059 1
-92933 2
-15795 1
-79340 1
26681 1
35789 -2
-52182 -2
29512 1
-40781 2
45753 -2
-10406 -1
34340 -1
-18058 1
-20332 -2
-23339 -2
37091 2
-64344 1
29349 -2
-16299 -2
17885 -2
-75189 2
-76377 -1
-67001 -1
30117 -1
-80801 -2
-24581 -2
-58347 1
-23448 2
-19179 -1
45952 -2
-71938 1
-57746 2
-70555 -2
-87207 -1
9574 2
-58688 2
5249 2
-30469 -2
-60803 1
35942 -2
-8032 2
-58537 -1
-99331 -2
-2934 -2
-48062 -2
-36912 -1
36596 1
-30405 -2
-10040 -1
10512 -1
-5396 -2
-46188 -2
-34029 -1
2257 -1
-15312 -2
-37775 -1
-94194 -1
-55421 -2
-74652 -2
-94301 -2
29542 2
-38117 -1
-53971 2
-17490 2
-17745 2
-43946 -2
46881 1
-89013 1
-84544 2
-71692 -2
-42330 1
-5224 -2
21547 -2
42607 -2
-17776 -1
-73285 1
-97674 -2
-19223 1
24063 1
-59554 2
20536 1
28490 -2
-1127 2
14825 -1
36796 1
-71487 1
38993 -1
24676 2
-67458 1
-8760 -2
-98683 1
-61661 -1
27359 1
-4954 1
-5135 2
-44626 1
-30206 -1
-28624 -2
14431 -1
24158 -2
-86739 1
-74763 1
-52703 -2
-23057 -1
-60843 -2
-82764 1
20863 1
-17760 1
-39996 -2
-65402 1
41150 2
12146 1
14291 2
-35419 -1
47333 1
-62944 -2
-13114 1
-52476 -1
45700 2
17 2
16196 -1
-37382 -1
23611 2
40388 1
-34438 1
-50866 2
-64120 -2
-18546 2
-71408 -2
-21985 -2
-41259 1
-34636 -2
-97121 1
-2786 1
-41789 1
-57250 -1
-93391 -2
-66237 -1
-2490 1
29034 1
-21134 1
-50109 -1
-46810 -1
-61740 -2
-53247 -1
-52046 -1
-7283 -1
-844 -2
-51296 1
8547 1
-70497 2
38236 1
-70316 -2
8861 1
-18770 1
-21711 1
-11101 -1
-90308 -2
-4251 -2
27703 2
31341 1
29127 1
-38213 2
-52276 -2
34221 2
-90071 -1
-54082 1
5130 -1
-40124 2
-30905 -1
-52677 2
-23675 -2
-40800 -1
-23380 -2
36735 -1
-32632 2
-83203 2
-36728 1
-33486 1
7603 -2
-74875 -2
38891 -1
28331 2
-8692 1
47695 1
-52304 -1
-35891 -1
-81084 2
-48674 2
-33299 -2
-43244 -1
5594 -2
48159 2
22169 2
48809 -2
-53859 1
11457 -1
-46258 1
-71472 -2
-73530 -1
-4562 1
-91325 -2
14184 -2
25334 -1
-37199 1
-74026 -2
7393 -2
-54790 -2
11959 -2
31890 -1
-64268 -1
-59113 -1
-27379 -2
-6171 1
-1059 -2
28356 -2
-42976 1
35462 2
42563 -2
-98206 1
-63244 -2
-19574 1
-28279 -2
18846 -1
-13130 -1
-64834 2
-96007 1
-57417 1
-25646 -2
-9759 -2
1860 2
-60336 1
48465 1
-31540 -1
-90709 -2
37979 -1
-42132 -2
-65278 2
-93883 2
-76679 -2
8067 -1
-3451 2
-22765 2
-36135 -1
-17596 1
-56981 -1
-9545 2
-56336 -2
-43494 2
-93597 -1
-69302 1
-37194 -2
-7229 1
47418 -1
47236 -1
-5597 -1
-40982 2
-76000 -2
-18376 -2
-23752 2
-72126 2
-96524 -1
-70824 -2
8155 2
20062 1
-24833 1
-49192 -1
-11437 2
-13459 -1
-96826 -2
-1857 1
-83661 -2
10395 -1
-63034 -1
-69698 -2
-75080 1
19618 2
-29078 -1
-17078 2
48649 2
-78072 1
-91421 1
-27871 1
-6678 -1
-76595 1
-58525 -2
-54635 -1
-63185 -1
39913 -1
-57650 -2
-74372 1
-61669 1
-65652 1
37668 2
18074 1
-37098 -1
-66216 -1
-19609 1
-98473 1
-84252 -2
-61863 -1
-26796 2
-4696 1
289 2
-30463 -1
35026 1
-37713 -1
28726 1
14815 2
13688 2
-48464 -1
-6014 -1
-20954 2
-62854 -2
-98777 -2
-98315 -1
-18760 2
-66826 2
-19213 2
-8321 -2
-63600 2
-4552 2
5750 -2
-63203 -2
-30792 -2
-2722 1
-78407 -1
-82563 -1
2933 1
-98669 -1
-93591 -2
30620 1
5714 1
-33178 -1
-12432 -1
-44120 1
-87184 -2
-49111 2
-9064 1
18072 -1
35218 -2
27786 1
-29032 -2
-98419 -2
-27695 -2
47944 -1
46329 1
-69039 2
-10580 2
-2596 2
-21579 1
29427 1
-44512 1
-52450 2
22384 1
-79618 -2
-96260 1
-16951 -2
-85791 1
-62927 -1
37977 -2
-85641 2
46197 1
-53335 2
-24288 1
-1755 2
28438 -2
39175 -1
-78576 -2
-5952 -1
23985 -1
-63821 2
-20569 1
31724 2
-7929 2
12921 2
-28395 -2
-99809 -1
-45101 1
47089 -2
43251 -2
-97617 2
-42512 1
-92156 1
5870 -1
11654 -2
-53101 -1
-63985 -1
-44448 1
-97584 -1
8325 2
-339 -1
-63956 -2
-6958 1
16996 -2
-2395 1
-11475 1
41660 -1
14670 1
20036 1
-91715 2
-44807 -1
-57218 2
-99168 -1
2631 -2
21872 -2
3450 2
19063 2
-71710 2
-67437 -2
-39908 1
-2699 2
-74927 2
-5355 -2
-11751 1
-42400 1
21201 2
-10550 2
-21198 1
-90152 -1
24027 1
-55217 1
-25401 1
6395 -2
-9420 -1
-39042 -1
-12542 -2
-36157 -2
36684 2
30675 2
-48840 -2
-2687 2
-31199 1
-81868 -1
-50930 -1
-93110 -1
45125 -2
24449 2
-86762 2
44096 2
-58107 2
-73685 2
-32519 -1
-32710 1
-8511 2
-71865 1
-63377 2
-12345 2
3973 -2
48212 1
946 -2
30813 -2
-13963 2
-27242 -2
44448 1
-74896 1
3937 -2
-98629 1
-45291 2
-496 -1
-9418 2
-90893 2
-86760 1
-39404 -2
8999 -2
-66608 1
-93515 -2
16877 1
-88422 -1
-85652 2
-17273 -2
-99131 1
-91383 -2
14914 -1
8528 -1
45005 1
6316 -2
24353 1
46513 1
-25116 -1
-93549 -2
-88828 -2
49850 2
-84874 2
-68157 -1
-493 2
6754 -2
-57572 -2
6853 2
47825 2
1421 2
23901 -2
7664 -1
49053 2
-20832 -1
-86327 2
37411 -2
22249 1
-28799 -2
3251 1
-40644 1
-71109 2
-8250 -1
16888 -2
-5415 -1
-44440 1
-78196 -1
-20239 -1
-63954 1
31094 -1
-58080 2
-67005 1
-10819 2
1707 -2
-34451 2
-84182 -2
-49687 2
42915 1
33032 -1
34872 2
32755 -2
2393 -1
-24955 2
-8384 -1
20147 -1
-99347 1
-14335 1
501 -2
-43126 -2
-84291 1
-8014 2
-49345 1
-48839 2
36832 -1
42946 1
-54908 -2
-18081 -2
16215 -1
10580 1
-50861 -2
-42025 -2
-44348 2
-4983 -2
-40276 -2
28250 -2
6797 -1
-18156 -2
-85126 -2
23860 2
16206 2
-371 -2
20283 2
-37818 2
-10025 -2
-14975 -2
44903 -1
27099 2
24072 -1
19943 1
-62990 1
-2756 -1
-73505 -2
-68880 2
26750 -2
-4461 1
-40393 1
27858 -2
41603 2
-36935 1
-76903 1
34658 1
-4419 -1
8654 -2
-28207 -1
-88067 -1
-31846 -1
-17087 2
-52072 -2
-24163 2
-95210 1
29189 1
-92243 -2
-56757 1
-94707 -1
-7103 2
-60940 -2
14011 -2
-66434 -2
-29304 -1
27367 1
-45286 -1
-74658 2
-26750 -1
41418 -2
-10859 1
36672 1
8176 -1
-12789 -2
11301 -2
25218 -1
-71813 -2
15658 -2
38293 2
-35473 -1
32524 1
-10753 2
22371 -1
42473 -1
19518 1
-28569 -2
8645 -1
-6918 -1
-17871 1
-47895 -2
9732 2
39345 -1
-46799 2
-42277 1
48894 2
1263 2
21033 2
-82680 1
49213 -1
-67625 -2
38597 1
-792 -1
-24688 1
-47167 1
-82184 -2
-2349 -2
-73918 -2
-14854 2
-72579 1
-72511 -2
-25313 2
-21629 -2
20980 -1
-28034 -1
-82973 -2
1234 -1
43408 -2
358 2
-68420 -2
25406 1
-921 1
-92882 1
-61224 1
2069 2
-86464 1
-64944 1
-54623 2
-6417 -2
38281 1
-50000 -1
-35426 -2
-3358 2
-85960 2
-32374 -1
33930 2
-74638 -1
-77880 -1
44719 -2
20619 -2
33344 -2
-23011 -2
-1684 -1
4439 -2
48830 1
40764 2
-54486 1
-61040 -2
-68189 2
-88805 2
18947 -1
-94083 -1
-29851 1
-86510 2
43185 2
4394 2
-82426 1
28645 -2
48539 2
11952 2
29927 -2
-53923 -2
-97042 2
18777 -2
9092 1
-27917 -1
-3087 1
33459 2
-16645 -1
27589 -2
-45386 -1
-21924 1
-42544 -2
-38854 1
3234 1
-77389 -1
-69774 -2
-66860 1
31304 -1
-3653 1
22507 2
-6381 2
-2939 1
-27813 -1
-48252 -2
-79198 -2
-85890 1
12665 -1
-77807 1
-97224 2
-1228 2
-3948 1
-92347 -1
31324 1
-90483 -1
-82779 -2
33640 2
3691 -1
-59868 1
-77474 2
-19447 1
17027 -2
-72439 1
36867 1
-18802 2
27907 -1
-11142 -1
-5890 -1
-28744 -2
-11003 -2
-69322 2
47072 2
-81841 -2
-45019 -1
-3203 -1
33541 -2
-31045 -2
17893 -2
-41289 1
-5154 2
-57939 1
2071 -1
8418 -2
-57951 2
-73014 1
-27602 1
-54262 -1
-23110 -2
-5495 2
15114 -2
-52732 1
-70653 -2
43029 -1
-88917 -2
13729 2
-11396 2
-9927 1
45452 1
-44484 -2
-95587 1
-11251 2
-95270 1
-46012 -2
-52417 -1
-15865 -2
-1765 2
-23019 -2
27573 2
46033 -1
27285 -1
46571 1
-74282 -2
45781 -2
-17061 -2
-40602 2
-58540 -1
-7727 1
-51540 -1
-25160 2
31875 -1
-96083 1
-44302 2
-63871 -2
43450 2
-82481 2
-67261 2
-36924 -1
-85349 -2
-18300 2
-3433 -2
-16460 1
-68092 2
49543 -1
42350 -2
27804 -1
-77469 -2
49047 2
-29040 -2
34004 2
-3873 -2
-95990 -1
-17253 2
43709 -2
-66939 -2
-52216 -1
-32425 2
-89790 1
18717 -1
-84825 2
21250 -2
-23228 -2
-93234 2
-93182 2
-2518 -2
2311 -2
20885 -2
25467 2
-95611 -1
23402 2
-89309 -2
-71108 1
-91958 -2
-22206 -2
36553 1
28551 -2
-94978 -1
-30598 1
-4698 -2
40308 1
8384 -2
-45391 -1
41325 -2
-25322 2
28047 1
-1192 2
-20022 2
27750 -1
-59714 -2
47913 -1
29851 2
21392 -1
44480 -1
-84813 -1
37974 2
17330 2
-10998 1
48246 2
-62192 2
-89964 -2
-97389 2
-71455 1
-59030 2
22197 2
-24060 -1
33475 2
35712 -1
-87466 -1
-38200 1
-45046 1
-46878 -2
-49082 -1
41259 -1
-1114 2
-28629 -2
-5774 -2
42353 -1
-43709 -2
-99084 -2
-60797 2
-47491 1
26076 1
-52128 -1
-53064 1
17217 -2
-22230 -1
-41690 -2
-17896 1
-49915 1
-84417 2
-80528 2
36329 -1
30774 2
35030 1
19819 1
-86703 -2
-31466 2
-87140 2
11859 2
-89045 -1
24157 2
-23039 -1
-6586 -2
-62397 1
-96340 1
-52778 1
34870 2
-33697 -1
-79651 -2
-96926 -1
35159 2
11155 -2
-89455 1
1310 -2
-59705 -2
-41411 1
35969 -2
-78346 -2
-48282 -1
-79985 2
-91865 -2
-4734 1
24903 2
-11543 1
-42365 1
-55183 2
-10019 2
-96721 -2
5944 1
23755 -2
16712 -1
46783 -2
-5231 -1
-70698 -1
-70880 1
-3627 -2
-41047 -2
-77006 -1
-56575 -2
-59610 -1
-86119 -2
-94893 -1
-36776 1
-39328 1
-92943 -2
-31249 1
-21628 -2
-55271 1
-42919 -1
-27369 1
-66366 2
-86039 -1
-24338 2
-81828 -2
-10378 1
25569 2
320 -2
-30931 1
-91521 -1
13762 -2
-34998 2
-94312 -2
-26470 -2
4111 2
-61219 -1
-5467 1
-13755 2
25200 -1
43189 2
-26720 1
-58178 -2
-43433 -1
18742 2
3859 -2
-62868 1
-38633 -1
-13748 1
7155 -1
-55912 -1
-9985 -2
-37211 2
-47731 -2
-40531 -1
-10893 1
-80053 1
-97346 -2
31332 2
3211 2
-60529 -1
-92213 2
-24899 1
2875 -1
-23882 1
-1550 2
-48300 -1
-79617 2
-52620 1
-15717 -2
-99741 1
38284 1
48588 -1
12241 -1
24518 2
-64182 -2
-33934 -2
-21280 -2
-74481 2
-15680 1
-69379 1
-24117 -1
44263 1
-75654 2
-9908 2
24852 1
-96390 1
-22192 -1
27034 -2
-29723 1
36622 2
-77023 2
33443 -1
41249 -1
33069 -2
-94295 2
5622 -2
-88328 2
-50575 1
-80080 -2
-77747 -1
-23492 2
-16819 1
-7790 -2
35657 -1
18532 -2
-70377 1
15399 1
-36211 2
-89345 -2
-58984 -2
-16481 2
-87943 -1
-69349 -1
-79917 -1
-45509 -1
32726 2
49011 -2
-35226 2
-11747 -1
12975 -1
-59101 1
-34218 2
2301 -1
-16945 -1
-19373 1
-69019 2
42744 1
-63226 -1
-90422 -2
-95093 -1
34999 -2
48801 -2
-36445 -2
-84071 1
1748 2
-47427 2
-49894 1
-34019 -1
-96723 1
-56516 2
44600 -2
-19516 1
-69294 1
-87218 -2
-90770 2
-91917 1
-73700 2
-86893 1
12850 1
-49426 1
-33903 2
-31819 2
-94205 2
32769 1
-71457 1
-44277 -2
18632 -2
-85828 -2
14503 -2
39481 1
46925 -1
34701 1
-39947 1
33707 -1
-2216 1
5100 1
-41543 1
5503 2
-92626 -1
-25140 2
-22351 -2
-40301 2
4475 1
48297 -2
-85956 2
-22155 -2
21254 -1
-1547 2
-67150 -2
-75167 2
48404 -2
19239 1
44647 -2
-28062 -2
-89721 2
-3199 2
48690 -2
-24703 1
-54639 -2
-34650 1
-88201 -1
20160 2
-42036 2
-50143 -1
-60462 -2
-42999 1
-25045 1
-19107 -1
-52634 2
-99526 2
-36549 1
-42255 -1
-92901 2
4595 -1
-36617 -2
-13258 -1
-58190 -1
-3826 1
-54629 -2
-11535 2
-98862 1
-6884 -1
-60677 2
-22145 1
-96675 1
38678 1
-25081 -2
-33607 -2
-72214 -2
44322 1
-68810 -2
-52004 -1
-20259 1
-87750 -2
-73352 2
26651 2
-70474 2
10278 -2
-17809 1
-36634 -1
-97436 -1
18169 1
26683 1
41151 -2
-84634 -2
31314 1
29896 -2
-53940 1
-63317 1
49638 2
-70335 1
-68980 2
-69632 1
-61192 2
-67230 -1
-56471 -2
-15924 -1
27134 2
-92640 2
-50885 -2
-91371 2
-73286 1
-48238 1
-79455 1
-38830 -1
13757 -1
-95459 1
6761 -2
44394 2
-84963 1
-46154 1
-78631 -2
9811 -1
-42590 1
-61419 -1
-5213 -1
-21472 1
-9077 2
49598 -2
17399 -2
-16698 -1
-23783 -1
-16610 -2
-71880 -1
-86501 1
-23925 -1
1725 -2
-41036 -1
-93886 2
-38510 -2
41465 -2
-64203 -2
-75898 2
4873 1
-21751 -1
-21216 -1
-17971 2
39956 -2
-54499 2
-27781 -2
-43863 -1
21852 -2
-77676 1
6271 1
48066 1
-57887 -1
-31364 -2
18705 2
-87363 -1
-36010 1
48360 2
-69386 -1
-40999 2
-83273 2
27120 -1
36496 2
17811 1
48344 1
24871 -1
-8672 -2
-99627 -2
-35818 -2
-273 2
-78893 2
-87867 2
32557 -1
12683 2
-46638 2
-84433 -1
-1260 1
-34011 -1
-10373 -1
-74291 2
-90856 2
27373 -1
-66802 -1
-31516 -2
-94662 1
-10267 -1
32461 -2
21946 -2
-61773 2
-85233 -1
-93985 1
-31855 -2
-66618 2
38665 -2
-57071 1
-47664 -2
-12379 1
-57853 1
13346 2
-97469 1
-42928 -2
38782 2
32285 2
-92761 -1
-66089 -1
-80910 -2
-22185 1
-23293 1
-85204 1
-51672 -2
11055 2
-40615 2
40752 1
-29099 -1
-42809 2
-24255 -1
-7201 1
28353 2
-89502 2
-861 -1
28474 2
-79516 -1
-5862 2
-82523 -1
-25321 2
42833 -1
-37427 2
-84066 -1
-36055 2
37302 2
-711 1
8522 -1
-27947 2
-78789 1
25788 1
38407 1
22632 1
-74109 2
17859 -1
-60372 -2
48749 2
-60463 -2
-5380 -1
-87927 -1
-71998 -2
37616 2
-13261 2
20587 -1
-78430 1
-33300 -2
14254 -2
597 1
-7036 1
18872 1
-81336 1
-33036 -1
-97493 -2
589 2
-72919 1
-13190 -2
-80196 -1
-34171 -1
-82849 -2
19381 -2
21517 1
-27080 -2
-43989 -1
-3743 2
12044 -1
-51217 1
37972 -1
-72216 -2
-87400 2
16577 -1
-68391 -2
-30104 -2
21842 1
46837 -2
9534 2
-63509 -2
-42049 1
15653 -2
-3082 -2
-48287 -1
-91302 1
-16529 -2
33461 -1
-75096 1
39229 -1
-21076 2
-35506 2
-86369 -1
-34304 1
17237 2
-65829 2
-85461 2
-52179 -1
-11314 1
-35084 1
-81096 -2
-2865 -1
-65142 1
-47685 -1
-68009 1
34804 1
2904 1
-34741 -1
-59840 -1
-87414 -2
-27265 1
-64750 2
30641 -1
-65572 2
-3146 2
34576 2
-85757 -1
22004 2
-1615 1
25829 -1
-49352 2
-63981 1
-31685 -1
19210 -2
-58460 2
2364 1
-97247 -2
-4465 -1
-34763 -2
-41109 2
-68004 1
35481 2
-58693 2
27024 -2
36613 1
-70486 1
-65910 -1
47872 1
3459 -2
-7521 -2
-18654 2
-49262 -1
19137 -1
5813 1
-76931 2
-32414 2
47061 -2
-93467 1
-65505 -1
-42355 -1
-70020 1
-65506 -2
-18704 1
-86429 2
-15368 1
-13165 1
-84698 -2
10272 2
36990 -2
-55937 -2
-76906 1
-76427 2
25889 -1
-14058 1
-12630 -1
5060 2
-92716 1
29218 -1
33374 2
7875 -2
21258 -1
-53111 2
24193 -2
16105 -2
-40565 2
-69940 1
-88164 -2
-57348 2
-9782 -2
-61871 1
-53943 -1
-76019 2
-78682 -2
9230 -1
-38415 1
-61090 2
26101 -1
-55548 2
-18371 1
-32236 -1
14180 1
7593 2
-96335 2
-11972 -1
-76457 1
27225 -1
-46738 -1
-32757 -1
-94207 -1
-90725 -1
-78979 1
-68647 -1
-77902 -2
27055 -2
-65941 1
-43752 1
-1113 2
-12187 -2
-14224 2
-57281 -1
-57832 2
31662 -2
21339 -2
-55712 1
-16354 2
-45507 2
-1504 -2
-30971 2
-67831 -1
-70581 -1
-30056 1
-90370 -2
-20045 -2
32146 2
-60038 2
25641 1
-43593 -2
-58321 2
-16182 -2
-98785 -2
-53655 -2
-60705 2
-43226 -1
-11566 -1
-45115 -2
-15258 -1
48420 -2
35479 2
-68597 -2
18566 2
-33101 1
-94055 -1
-63491 -1
-89725 -2
-69162 2
-40482 -2
-50153 -2
-96427 -2
-57568 1
-85319 1
-87613 -2
9450 1
-88688 1
-42912 -1
-79219 1
-37336 -2
-60264 1
-28858 2
-60394 -1
-12585 -1
-38782 -1
-60757 1
-5423 -1
-61610 2
27904 2
-59246 -1
-8361 1
16236 2
-20816 2
9532 -1
2445 1
18638 -1
-21855 1
-97838 1
-85411 2
28014 2
-78149 -1
-51213 2
-95686 -1
-61552 2
-66702 -2
-3839 -1
-28451 -2
-59215 -1
-86394 -2
182 -2
-27423 -1
-19507 -1
24937 2
-29711 -1
-15549 2
20882 -2
8281 1
-86534 2
22583 -1
-21218 -2
-30368 -1
-28540 2
32573 1
-43746 2
5331 -1
-38059 1
-26436 2
27132 1
-73332 2
-12897 2
-23785 1
-10234 -2
-95982 -1
-50563 1
-77683 1
-54363 -2
-16291 2
-26388 -2
-8078 1
-77237 -1
-68907 1
-79056 -1
30939 -2
47632 -1
-50009 1
6925 1
-29357 -2
-59451 -1
-43197 1
-74618 -2
10308 2
28055 2
-58341 1
43949 2
48715 2
44184 1
46805 -1
-16714 -1
3660 2
34189 -1
9306 2
-97675 1
-97562 -2
-74223 -2
-43028 -2
-85279 1
-32680 2
18824 2
46346 1
-94992 1
48415 2
21091 -2
-89965 -1
-48359 2
-69033 1
-80631 1
-44105 -1
3976 2
-9036 -2
-47014 1
-44593 -2
-34494 -1
30101 1
2280 1
10777 1
-32637 1
-75833 1
-41530 1
-8990 -1
-44108 2
7272 1
-32044 2
42384 -1
-97534 -1
-79330 -2
-49217 -1
7605 1
-36255 -1
-20162 1
-35155 1
-59716 -1
-93587 -1
3118 2
36377 2
-68445 -1
-55193 1
-90348 -1
-679 1
-47254 2
-55296 -2
-38922 -1
-84624 2
-39090 2
-51420 2
-23234 1
28031 2
-42825 -2
12448 -2
29804 2
-85605 -1
-69856 2
-70143 2
-91438 -1
39079 1
10053 2
-79677 -1
-66324 1
-41936 2
-23906 -1
22015 1
19987 -1
-70669 1
-17723 -2
25270 -2
-81524 2
47778 2
-18975 -2
-16732 -2
-93008 1
22163 1
28534 -2
27923 2
43859 2
-2595 -2
27479 -2
-70145 2
-91593 2
-91524 1
-25580 1
37737 -1
-38096 -2
13560 -1
-23214 -1
28110 2
-41893 -1
-62971 -1
-60293 2
13456 -1
-73691 -1
-13684 1
-27510 2
-86891 -2
35878 2
-62711 -2
44825 -2
43319 -2
-56468 -1
-6277 2
11974 -2
-56416 -1
-5043 -2
-44226 -2
36126 1
40431 1
-78454 2
-15417 1
-81407 -2
-84144 -1
22243 1
-20490 -1
-36716 2
10581 2
-49109 -2
49408 2
-95505 -1
-45663 -1
-63809 -1
43310 -2
-16450 -1
-77734 2
-60436 -2
-57960 1
49744 -1
-41884 2
33872 2
-67786 -1
-96637 2
37926 1
-59551 2
20700 -1
-74161 1
11102 -1
17826 2
-26191 -1
-33148 -2
-28617 2
47012 1
-88673 1
16704 -2
-24884 2
14892 2
39126 1
1543 -2
-65181 2
-25212 2
-44364 1
8439 2
-94821 -1
-76238 -1
19407 1
33233 1
33267 2
-96676 -1
-7801 -1
-42608 -2
-9442 2
6558 1
46721 2
20967 -2
-77992 -2
-90295 -2
-44796 -1
48615 -2
24982 -2
7699 2
-16273 -1
-37506 2
17397 1
-81470 2
-99222 2
-25601 2
-14371 2
988 -1
-99275 1
-38609 -1
-81665 -2
-47301 1
-33852 -2
-56501 2
-93731 -1
-60582 1
-84000 -2
-4827 -1
-66877 2
8104 -1
-60408 -1
-17664 -2
-3902 -2
-1728 1
-40427 1
-39955 1
-36905 1
-3194 -1
-26594 2
45962 1
-34757 1
-92401 1
-661 -1
-29664 2
-85351 -1
-87282 -1
39208 -1
-83914 -2
-11761 1
3309 -2
-92303 -2
-29745 1
22116 1
-29290 2
-54433 1
-89234 2
-13450 -2
27658 2
23094 2
-73798 2
-90449 -2
37757 -2
-76979 2
7192 -1
46877 1
-41934 -1
-50148 2
34622 1
-21693 2
-85799 1
5942 2
-14013 -2
37329 -2
-91053 -2
32148 1
37514 -1
-85326 -2
-18315 -2
-97370 -1
-70445 -1
-72646 -1
-77931 -1
-82045 -2
-31123 -2
-80803 2
19134 -1
-3557 1
-79239 -1
-70780 1
46412 1
-15060 -1
-24844 -2
44063 -1
43795 -1
37268 2
19793 1
-37694 2
-6767 -2
-38669 -2
-88801 -1
-85169 -1
-57767 -2
7008 1
-93436 2
44554 -2
44637 -2
-1704 2
-97627 1
-72912 -1
-12388 -1
-28399 -2
-12684 -2
24258 2
-96280 -2
6009 1
-74454 -2
23251 2
-55926 1
-55588 -1
134 -1
-35199 1
-94261 -1
41793 -2
-79202 2
-2154 -2
-32562 2
-56310 1
6659 -1
-14 1
-60633 1
-32096 -1
-80377 -2
-6611 -1
-29820 -2
11553 1
-74043 -1
47915 2
15437 2
4967 1
15327 1
39637 2
-51991 1
-94439 2
23688 -1
-57154 -1
-57185 2
867 -1
-42102 2
49219 -1
-54689 1
-31386 1
16484 -2
-48931 -1
38370 -1
-67969 1
-39264 -2
38599 -2
-4740 -2
-48377 2
-73026 2
-42174 2
-2659 -1
-53732 -2
-37461 1
-75610 -1
-53735 -2
18935 -2
45616 1
42656 2
-83450 -1
38182 2
-14294 -1
24306 1
-18588 -2
-56931 -1
-24354 -2
-68877 1
-29385 -1
-41818 -1
7590 -1
-28457 -2
-73034 -1
-9507 -1
-69500 1
-54396 2
-39825 1
-11694 -2
8900 1
2411 -1
-49486 -1
-84984 -2
37474 -2
34610 -1
16314 -1
46099 2
15369 -2
22557 1
-283 -1
-61217 -1
11144 -2
-20437 2
-11900 1
-70289 -2
-74335 -1
-36995 -2
-3387 -2
-94392 1
-97034 -1
-31040 -2
-88598 1
-51202 -2
26181 -1
11819 -2
34679 1
-30940 -2
-50845 -2
-12738 -1
-50953 1
41025 1
-1859 1
8001 2
-2315 2
-9402 1
-46742 -1
-23650 2
-27970 1
-48512 1
31603 -2
-63125 -1
11983 -2
20723 2
-97700 -1
13028 1
21900 1
22740 -2
-26200 2
46089 1
-71009 1
-88098 -2
-34140 -1
40355 1
-43540 2
33250 -2
-89765 2
-78731 -2
-59870 -2
-55410 1
37939 1
-31764 2
-73818 -1
-859 1
27458 -1
37371 2
-38317 2
-87175 -2
-17806 1
-17170 1
-11005 2
12861 -2
-37415 -1
-2767 2
35494 -1
-50731 2
26530 1
-27480 2
-790 -1
-62140 -1
45435 -2
-46057 -2
-68186 -1
-68315 1
-65113 -1
14115 -1
-54076 2
-28122 -1
-49435 1
-61212 -1
-48570 1
46917 1
-53363 -1
-16695 -2
-14274 -2
8729 -1
26201 -2
-60846 1
-86572 2
41759 -2
9417 1
47275 1
-4484 -2
13385 -2
42772 -2
-23712 -2
-60910 2
-53350 1
21778 1
-55247 -1
-75940 -2
-20467 -2
10962 -2
-24923 2
-68501 1
-47270 -1
-47915 -2
-62866 -1
-52826 -1
-27446 2
-10628 -2
9143 2
48472 1
-84840 -1
32669 1
-49958 1
-35042 -2
-99233 -2
-96983 2
-74834 -2
-58223 -2
-20892 2
-93493 -1
20951 -2
10408 2
39864 -2
-55245 2
27248 1
16011 2
-44658 -2
1846 1
-9202 2
-76381 -1
36480 -1
28612 2
-567 1
-44722 1
-70419 2
-731 2
23929 1
-29622 -1
-83464 2
49757 -1
-46996 1
-23059 -1
-61874 2
-14305 1
34374 -1
-37901 1
-9118 -2
-1820 -2
-61884 2
26537 2
17488 -1
-75490 1
-76872 -1
-93789 2
-73 -2
13540 2
-93221 1
-18249 -1
23515 -2
48998 -2
-28019 1
26306 2
-78634 -1
26767 2
-33417 2
-25582 -1
-3667 -1
26647 -2
-91084 2
2763 2
-95592 -2
5053 2
-29847 2
-43241 -2
24403 1
26576 -1
-65461 2
29992 1
-97315 -1
-34060 -2
-30525 -2
31364 2
3614 -1
-39652 2
-94848 -1
2727 -1
-80676 1
-56794 -2
44362 -2
11276 1
-12569 1
-83577 2
-69576 2
24103 -1
-36131 -1
-1778 -2
47986 1
-9395 -1
-60790 -1
31136 -1
-55070 1
-32040 -2
-48342 -1
-59093 -2
-76062 2
45889 1
18499 -1
-40141 -1
31079 2
-44694 2
-87230 -1
24432 2
-26960 -1
45713 -1
-16081 -2
-23698 -1
-15563 1
28205 -2
-13047 -2
-81383 -1
-97253 2
-31481 -1
22148 -2
-95500 -1
-94233 1
19045 -2
46494 1
-8903 -1
-94567 2
-16994 2
-56457 2
-97269 -1
-8234 -1
13292 -2
-68343 2
-23777 1
31070 1
-26095 1
-69992 -1
-44107 1
1904 -1
-35274 -1
-98619 -2
30147 1
-62879 2
49790 -2
-55519 2
-56191 -1
-65390 -1
-59367 -1
16999 1
38992 -1
-47955 -2
-11196 2
-28925 -1
-62069 1
3367 -1
-94152 -2
-90194 1
951 2
-9944 2
-782 -1
-98633 -2
44236 -2
-3646 2
-74942 1
-71437 -2
-60639 2
35642 -1
-16095 2
26378 1
-91688 -2
5473 2
-74698 2
-31422 -2
-72198 1
13694 1
9119 -1
-57232 -2
-10822 -2
-4434 1
46843 -1
-21328 -2
-46963 -1
-11328 -1
-59626 -2
4691 -2
-99554 -1
-57762 -1
4936 -1
-92851 2
-98156 2
-21913 -1
-92602 -1
46943 2
-29467 -2
-70219 -1
-17545 2
593 2
-34907 -1
-31675 2
27379 2
-65154 -1
28017 2
-7728 2
-11320 1
-90824 -2
16275 2
-3751 2
-77289 1
22928 2
-17288 -2
-79462 2
-59689 2
-96897 -2
44740 2
-94565 -1
-61214 1
9388 -1
-4760 2
-40643 -1
-96946 1
5849 -1
-76185 -2
-88748 -2
32882 2
-88414 -2
10946 -2
41864 -1
-59583 -1
-53500 2
-14636 -2
8017 1
22992 -1
-16539 -1
-78587 -1
-88522 -2
-35851 2
-35445 -1
-94621 2
-38113 1
-90140 -2
-42951 1
-9900 -1
-53245 -2
-21602 -1
-50652 -2
-49268 2
46344 2
-83064 -2
12450 -1
23609 2
48609 2
29247 -2
-85935 1
-84513 1
-17243 1
47092 1
-7713 2
-41905 -2
-79941 1
-93615 -1
44777 2
-72036 -1
-44808 2
-16217 1
-33246 -1
11213 1
-20098 -2
-54862 2
-66985 -1
19490 -1
-51324 -1
-101 -2
45824 2
26744 2
18495 2
7226 -2
-32673 2
1713 1
-86121 -2
7691 -1
1812 -1
43639 -2
-40445 1
-95030 1
32409 -2
47095 -1
20335 2
-11493 1
8016 -1
-91360 1
19495 2
-60931 1
-11564 -2
-80552 -1
32759 2
47796 -1
36554 1
17362 -2
16556 2
2775 2
-95402 1
44883 1
-11797 -2
-63040 -2
48871 1
14422 -1
-47252 1
-9517 -1
-5610 2
-86620 1
-60668 2
15700 -2
8249 -1
-9146 -1
-78847 1
-86057 -2
10831 -1
-42532 2
-13985 2
48771 -2
38698 1
-3404 2
-18433 1
-40373 2
29666 1
-8909 -2
-12341 2
-32175 2
17632 1
-93938 -1
-59721 -1
18 1
21001 1
-6229 -1
-30812 -2
-26455 -2
18117 -2
48049 2
39030 1
-30142 -2
-16954 1
6183 -2
42645 -2
-19370 -1
38515 2
-66226 1
-72073 1
36091 -2
5850 -2
28207 -1
-54484 -1
-29255 -2
-51163 1
39422 1
-37813 2
-22775 -2
47994 1
-67700 -2
-14846 -1
-31634 2
-49420 1
-37132 -1
5649 -1
9965 2
41895 -2
-89958 -1
-70107 1
49147 -1
-42857 -2
-4480 2
-89882 -2
48184 -2
-70537 -2
17619 1
-58542 -2
-87053 -2
13813 2
11811 -2
-74992 1
-92125 2
-91667 -2
-8895 1
-74846 -1
-32520 -1
-32557 -1
-59420 -1
-55554 2
23384 1
-11452 -1
-99618 -2
20468 -2
-82569 -2
-71642 1
-61969 1
37531 -1
-60954 2
-92653 2
-50429 -1
-61959 -1
-96744 2
-31618 -1
-31812 -2
-71616 2
-81109 1
-54354 -1
-3524 2
-82498 -1
-68240 -2
-61801 2
-84132 -2
-28976 2
-50193 -2
41599 2
25105 -1
-15437 2
-79760 1
-75419 -1
-33204 1
34581 -2
-92362 -2
-47994 2
-3022 1
-50100 -2
12439 -2
-44044 -1
-61406 -1
-12855 -2
-90475 -2
-84178 -2
30995 1
-46597 -1
-5715 1
-13894 2
-81492 2
-39452 -2
43957 2
39599 -2
41639 -2
34388 -1
22132 2
-82608 -2
-6309 -2
-17102 -1
-70276 2
-61310 -1
-43427 -1
17557 1
-15976 -2
-70467 2
-73979 2
-30523 -2
7630 -1
-18241 -2
-48484 2
-64579 -2
-84893 1
29789 -1
-8988 -2
-41064 1
-17990 -1
24557 1
-15404 2
-1500 -1
-4357 2
-46548 2
20130 2
-18252 1
-1321 -2
-74234 -1
7390 -1
-91824 -2
-99426 -1
-2454 -2
-98300 2
-96314 2
-726 -2
-63659 -2
-42226 -1
-12870 1
-59134 2
8963 1
-17422 -2
45032 2
6154 2
-65233 -1
-69408 -2
25452 1
-94785 -1
13838 1
-36487 2
37145 -2
7406 -2
-33437 2
1153 1
-82496 -2
-50274 -2
12573 1
-52342 1
-83528 -1
20162 1
-94443 -1
971 -1
-50962 -1
-10481 2
-74054 1
-67131 2
24132 1
-17688 2
-97452 -1
-40735 1
-3518 -2
10335 2
-65967 2
-42432 -2
-50999 -1
-43354 -2
-25413 -2
-38873 1
-24660 -1
-1308 -1
-73140 2
-32328 -2
966 -1
-64116 1
-79160 1
20676 -2
-511 2
4068 -1
-31807 2
-63394 -1
-63942 1
-57906 2
-38123 -2
28157 1
27114 -2
40359 -1
26203 -1
-32178 -2
42564 2
-96394 2
-98301 -2
-20799 -1
2094 1
-12219 -1
-49955 -2
-89030 2
-26495 -1
-69119 -1
14419 -2
-77949 -1
-74607 -1
-88147 1
21140 -2
35280 2
29467 -1
-68663 2
34572 2
-7139 -2
31302 -1
-56309 1
49992 1
-52858 1
-12016 -1
17952 -1
-52172 -2
5063 1
-35532 -2
-5737 -2
-48823 -2
22958 1
-29097 2
47725 -2
-13425 -1
2799 -2
-81584 -1
-94733 2
-24872 2
-33555 -1
-94136 1
-47780 -2
-68178 -2
6722 -1
-72495 1
-45956 -1
-9606 2
8103 2
-13772 1
-20288 -2
-33832 -2
-83612 1
30679 -2
43979 2
19582 -1
-95857 -2
-73504 2
-26922 -1
3252 -2
8701 -2
-75583 2
32985 -2
9238 -2
-16926 -2
-47425 -2
-86340 -1
20593 1
16366 2
-8524 1
18984 -2
-43132 -1
-24620 2
-10820 -2
35345 -1
32900 -1
5251 2
-85803 -1
13800 -1
-13291 2
40805 1
-15416 1
43467 2
42941 2
-96844 -2
-37417 -1
39698 2
451 -2
-331 -1
-23117 2
10676 1
-81256 -2
-46989 2
15274 1
-10952 2
-80806 2
-59558 1
-96193 1
7716 2
19732 1
-69594 -1
29406 2
-44598 1
-56472 1
-63039 1
48686 -2
-40625 2
-50268 2
16927 1
-98269 1
43288 -1
-5446 2
-75032 -1
-74211 2
11366 1
-57421 2
-60326 -2
-97814 -1
-84304 -1
-56961 1
-50878 2
-97440 -2
43649 2
54 1
7929 -1
36252 -2
-61851 1
-46854 1
-98116 -1
33911 1
-88508 -2
-93743 2
33822 2
-38176 -2
-69000 -1
-91480 -2
-28371 1
-56285 -2
22057 -1
12437 2
14808 2
-56367 2
-36495 2
-33974 1
28293 -1
-6635 2
37443 2
34902 2
-79788 -1
-77957 2
28999 -2
-23523 -1
-27532 -1
-90992 1
27363 2
17844 2
7303 -2
6135 -1
49583 1
19059 2
-38357 -1
-59982 -1
28520 -2
-16066 2
-97165 2
-28934 -2
37363 -2
-85970 -2
-39679 -2
29246 -1
43214 -2
-78866 -2
3903 1
1076 -2
-45531 -2
-82491 -1
-15152 -1
-41859 1
22701 2
40932 -2
17509 -1
-51899 -1
-88856 -1
-28672 -1
-84428 -2
25981 -1
860 1
-80793 -2
-71292 2
5729 1
-36811 1
-36439 -1
-87649 -1
-46226 2
-31326 -1
-77646 -2
3142 2
-73923 -2
32432 1
-7664 2
-30897 2
49542 1
43594 2
-21786 1
-60445 1
43011 2
-87311 -1
-94710 -2
-99089 2
-41440 -1
41623 -1
-2658 -1
-67844 1
-46829 1
17605 -1
-4571 -1
-99797 -1
-80371 1
30369 -1
-63706 -1
43175 2
-94145 1
42025 -2
-10431 -2
-15754 -1
-93397 -1
-21170 -2
35639 2
-26275 2
48600 -1
-69872 1
30760 -2
9710 1
-26064 -2
20168 -2
-3854 2
6568 -2
-36498 -2
-57534 -2
22008 -2
32477 2
12893 -2
38531 -2
36434 -1
-6728 -2
663 2
-89118 -1
6704 1
18188 -2
-34174 1
26562 -1
-96449 2
48707 1
26894 -2
-81650 -2
-65861 2
-16025 2
-56930 2
-71885 -1
30412 1
-72270 1
-55304 1
-30917 -2
-23163 -1
11687 2
-34749 1
34531 -2
-76172 -2
-22917 -1
-40740 1
45647 1
-36680 -1
22262 -1
-76587 2
38557 -2
-75646 1
20117 -1
-76739 -2
12481 -1
35399 -1
30723 1
-34071 1
-68888 -1
13784 -2
39943 -1
-72039 2
-44233 2
-43084 2
27173 -1
-77272 -2
-46340 -2
29829 1
35997 -1
-65026 -1
31548 -2
-23666 2
7799 -2
-82712 -1
-7504 1
-90341 2
-46368 2
40783 2
-93969 -1
7334 2
44958 2
-86953 2
-83003 -2
-19475 -1
-35369 2
-18453 1
-64458 -1
-49988 -1
-79683 2
27958 -2
-1814 -1
35553 1
-92754 2
45652 1
-67728 -2
-70315 1
28987 2
34442 1
49216 1
-39251 -2
-6983 -2
47883 -1
30259 -1
-42542 -2
37457 2
-56969 2
41125 1
-17175 -1
-36528 1
-82566 2
-16029 1
-15155 -2
-65245 -2
-51788 1
16263 2
9940 2
20423 2
-66293 2
42236 2
-81679 -1
4354 2
29982 -2
-72455 -2
-28545 2
-79244 2
26188 2
-47396 -2
-31324 -2
-86970 -2
31476 -2
37059 -2
-38664 2
-37285 1
-11002 2
-48121 2
40917 2
-51840 -1
47218 -1
41899 -2
-41234 1
-91722 1
39648 -2
-99572 -2
-86420 -2
33125 -1
-60442 2
24276 -2
34363 2
15298 1
-24050 -1
-38774 1
-34546 -1
-33207 1
-83781 -2
-97788 -1
-1055 1
12059 2
-74177 -2
2643 2
-2861 -2
-85074 -2
30277 1
-59935 -1
-86107 -2
-66896 -1
-5150 1
-31142 -1
-5969 2
-48010 1
46466 1
46939 -2
-69722 -1
-2853 2
-46314 -1
-93086 -2
-56387 1
5195 -1
-764 2
-57491 -2
-47700 1
17213 2
-85914 -1
29277 2
-32361 1
-74317 1
-14495 -1
-48886 1
19111 2
42935 -1
-12442 -2
-89945 2
32269 -2
-91753 2
-34591 -1
18711 -2
34376 2
11899 2
-45048 -2
-58112 -2
24246 -1
21679 2
-5348 -1
-66266 2
-34224 -1
-89481 1
-71980 1
-82592 -1
1996 -1
-45414 2
-36967 -1
28751 -2
-10124 2
-16965 1
47878 -1
26769 2
-31878 -1
-69914 -1
37860 -1
-53386 -1
-86373 -2
6553 -2
6486 -1
-48900 -2
14225 -2
-26899 2
-20828 -1
-53049 2
1922 1
-27730 1
38148 2
-14862 -1
-90074 -1
-69210 2
-43991 1
-86200 2
43139 2
-4921 -2
-91065 -2
13076 1
-88110 2
14772 2
-76313 2
-26845 1
-65991 2
-7307 -1
-68904 2
46856 2
31790 1
33893 -1
-99780 2
-24951 2
-40024 -2
20833 -2
-89384 1
-8298 -1
-19747 -1
9548 2
-10417 -2
-76281 -1
7364 1
8398 -2
-6411 -1
-99503 2
-68056 -2
-66422 2
38422 2
-8141 -1
38943 -1
-83092 1
-58018 -1
2543 1
-18319 -2
-65302 1
35064 -2
-84408 1
-47056 2
-18980 -1
-68376 -2
-81888 -1
-44642 -2
-30509 1
-15653 -2
-64229 1
-26374 1
-36866 -1
43971 2
24494 1
-68733 -1
-20693 2
-79303 -2
-61075 -2
-33074 -1
995 2
14414 -2
-67102 2
41988 -2
20673 1
-1678 2
-75071 1
-23457 1
-9617 2
31560 1
28415 1
14861 2
-40689 1
40954 1
13340 -2
-81120 2
17668 -2
7591 1
14696 1
-95838 1
-13637 -2
14023 -1
-19974 1
-15208 -2
26431 -1
-42594 2
-56002 1
-72406 -2
8077 2
-7192 1
-31942 -2
-14569 2
-87865 1
12968 2
19900 2
26795 -2
-73317 -1
-80515 2
39436 -1
-124 -2
-94527 -1
33758 -2
-87047 -2
-73492 2
3423 -1
29263 2
-96331 2
-99964 -2
-60032 1
-68008 -1
-81537 1
41252 2
15245 2
-36028 -1
-24051 2
-42641 2
-38223 -2
-53435 1
-38265 1
-46620 2
-86027 1
26313 -2
12590 1
-83380 -2
46706 1
22498 -2
-50840 2
-98679 -1
-4837 -2
38621 1
-44800 2
-22184 -2
5516 1
-76344 1
-46785 2
-78540 1
-14047 -1
-91876 1
-85958 2
-62463 2
-72002 -1
-89669 -1
-72819 2
-11733 -2
-65588 -2
-17716 1
-54544 -2
-66509 1
-96286 -2
-9347 2
-26813 2
11405 -2
-30319 -1
-49566 1
-70475 2
-7354 2
-93308 2
-18698 -1
-44627 -2
-12667 1
-61246 1
-25608 2
21664 1
-97347 2
8892 -1
38854 2
43721 2
23525 1
-14908 2
-87748 -2
-66790 1
-62112 1
-99397 1
34253 -1
-43071 -2
-47353 -1
-70240 2
-71886 2
-51368 -1
-28896 -1
15229 -2
9395 2
-23315 1
-78647 -1
-90034 -1
-5275 1
-13240 -2
-75694 1
-115 -1
-34598 2
32491 -1
22359 1
-62283 -1
9707 1
15513 2
-73070 2
3689 -1
-38666 -1
-7212 -2
-61804 2
-29126 1
-74769 2
-29934 1
17513 -2
-40941 -1
-55268 -2
35932 1
19784 1
26007 -2
-53813 1
-78775 1
-39951 -1
-73283 1
-47367 -1
-69604 2
-77674 -2
41168 1
2955 -1
-62292 1
-15363 -2
-23403 -1
-85772 1
20058 2
-18744 -1
29730 2
48152 -2
-2997 -1
34505 2
-40595 2
43684 -2
33925 -2
-96781 1
-81608 1
48959 -2
-56746 1
7167 2
11048 -1
5376 2
-27352 2
43814 -1
-27384 -2
47864 1
-10319 -2
-47175 -1
-92719 1
37114 -1
-24380 -2
-31295 2
-43474 2
35316 -1
-78709 2
-1841 -2
-43336 2
32812 2
32323 -2
-53857 -1
36818 -2
36884 -1
-21374 2
23849 1
-22806 -1
-71004 -1
-89062 2
32908 -1
37297 1
-44827 -2
-74517 1
21944 1
-1852 -1
23360 1
31727 1
10982 2
-3074 -1
-78962 -1
-92026 -1
-27383 -2
-45686 -2
23707 -1
-34819 -2
-20764 1
-83704 1
25649 1
30355 2
-60215 2
-24672 2
-43528 -1
-17587 1
-2808 2
-49732 2
3137 2
-24399 2
-80889 1
-38745 -2
20077 -1
30718 -2
13342 2
-96170 2
31783 -2
23561 1
-13643 -1
41596 1
-10072 -2
-60309 2
-62708 2
11530 2
-42646 2
-21795 2
-71250 1
16748 -2
-52093 2
-81443 -1
-26843 -2
-18305 -2
-7406 1
-51017 -2
19351 1
-87801 -2
-73823 -1
41544 2
-28153 2
-94346 1
-43306 -2
13162 -2
-15362 -2
-79416 2
-62627 2
-63297 -2
15348 -2
-68865 -2
40532 -2
11325 -2
44112 -1
-30309 1
-11065 2
-92471 2
-22747 -2
1962 1
11307 -1
-73915 -1
20052 2
-97316 1
36453 1
-73027 2
-71167 2
28039 1
-56769 2
7413 -1
14303 2
-49206 2
12895 2
46161 2
-37703 1
-82457 1
-84848 2
-99121 1
-41727 2
-21684 -1
30664 -1
18393 1
-79068 2
-89092 1
-67046 1
7496 2
-20519 -2
46070 -2
-41797 2
-44538 2
9728 2
-88887 -1
-41413 -1
-3694 2
-85307 -2
14522 1
-85584 -1
-42895 2
42124 1
35644 2
-56581 -2
10493 1
-70216 -1
-60152 -2
-40933 -1
44288 1
-5149 -2
-29247 2
30361 -2
-87438 -1
10418 -1
24405 2
-21900 -1
-76211 1
-51839 -2
-70974 -2
-206 -2
-44078 -2
42163 -2
23987 2
-47570 -2
12984 -1
-90679 -1
16450 1
-45763 -1
-12822 1
-15693 -1
40368 -2
-60929 2
18356 -1
-14193 2
24949 -2
-44905 -1
-9123 2
-39247 -2
-39114 2
15501 2
23679 -1
-78826 1
13701 -1
-96976 -2
8452 -2
-29411 -2
-88395 2
-13873 1
-33297 -2
-93375 -1
4440 -1
-86086 -2
-35622 -1
-74188 -1
44537 -2
-82137 1
1892 -1
-73709 -2
-39693 -2
-74699 -1
-13128 2
-57663 -2
-36691 -2
37049 -2
7082 2
-46324 -2
2246 -2
-78999 -1
-3178 -2
-94577 2
-3313 2
-16844 1
20894 -1
-32418 1
-81393 1
2342 2
-40769 1
-4944 -1
-65198 1
-90305 2
-26467 2
-55079 -1
16101 1
-22043 1
16794 -2
-5618 1
35329 1
-19187 -2
-1947 1
-39470 1
-20461 2
-88715 -1
34439 -1
-5833 2
9314 -1
-37384 2
-62795 -2
-91478 -1
45642 -2
-93949 1
27071 -1
-55589 -2
-46639 -2
13399 -1
27046 1
49113 -1
-32553 2
-21362 2
13916 1
-37618 1
-44951 -2
-72223 -1
-57350 2
29853 -1
27505 1
36506 1
-18091 -1
3518 1
29939 -2
-19525 -1
28675 1
-35474 -2
4448 -2
24512 1
-4008 2
40413 1
-66158 2
27349 2
39091 1
18372 -1
27927 1
-4078 -2
-73595 -2
-41185 2
29589 -1
-53269 -1
-97190 2
-54389 1
-1357 -2
-50891 -2
-13784 -1
18267 1
-69030 1
-66625 2
8280 -1
-12683 -2
-29077 1
-25704 -1
-82206 -2
7587 -1
-56251 1
42242 1
2250 2
13429 1
-8840 -2
-14161 2
-94188 -1
-42822 -2
25797 -2
29011 -1
-51204 -2
-16815 -2
42667 2
-21745 2
-79480 1
-72419 -1
-2462 1
17930 2
-77002 -1
11492 2
-54235 2
-89425 -1
-44186 -2
-1604 -1
-98236 -2
-15967 -1
-21614 -1
12060 2
-30602 -2
18466 -2
-94352 -1
-40628 2
-6044 1
-69974 2
-71205 1
-2773 1
-94025 2
-70793 2
37697 1
-71294 -2
7967 -1
-72446 2
9027 -1
-4973 2
25587 2
-94158 -1
6139 -1
32704 -1
-34039 2
-8243 -2
-62425 1
-77323 -2
14745 1
-45380 1
9134 -1
-67144 -1
-75597 1
-66417 2
4927 -2
-2015 2
42423 1
-13769 -1
6594 -2
41911 2
31882 2
-98625 -1
-8873 1
8214 1
-94105 2
-15114 -2
3460 2
17749 1
24878 -2
-25153 1
-34947 1
44084 2
15468 -1
48802 2
-66604 -2
12599 1
46705 -2
-99505 -1
-10526 1
-1223 -2
-50095 2
44956 -2
22547 -1
-49180 2
-26051 1
-92044 1
-98146 -2
-6388 1
-11655 2
-3498 -2
-38126 -2
37541 1
-29881 -2
26102 1
-27589 -1
5775 2
29533 -1
-80311 2
-41618 -1
17982 -1
-68553 -2
-3848 2
19700 -2
3064 -2
-17953 2
-53587 2
-82416 1
-65277 1
12998 -1
-6413 -2
-35031 -1
-74593 -1
18586 1
-1255 -1
-35285 2
-44769 -1
1918 -2
-79469 -2
-52418 1
-85977 -1
-18799 2
10447 1
31827 2
-22267 2
-7227 1
8838 2
47460 1
-40926 1
-14822 -1
34459 -1
-43984 2
41231 -2
6705 2
6022 -2
1906 1
-47420 -1
14441 2
-83295 2
-76486 2
45411 2
-6332 -2
42278 1
-85516 -1
45947 -1
-16250 1
-62081 -1
-73999 -1
36840 1
-15520 -2
-15639 -2
-74393 2
-61349 1
-77662 -1
23375 2
-32474 -2
-14162 1
-98523 2
-72356 -2
49164 2
-50784 1
-92586 -1
-12329 1
-54465 1
9023 1
-73251 -1
38595 -2
-62243 2
18622 -2
-88259 2
-26215 1
-95481 -2
22676 -1
33986 1
-42474 1
23836 -1
-31934 1
24615 2
-17022 1
-17552 -2
-4151 1
-50924 2
-32556 -2
30293 1
-83609 2
-75242 1
15107 1
-60611 2
-96724 2
-12928 2
9645 1
-77396 -2
-61542 -2
-42165 1
-94101 1
-93449 -2
-71839 1
-10772 -2
41230 1
34520 -2
-73077 1
28912 -2
-49304 1
-67051 2
-32699 -2
1925 2
-21977 2
-72519 1
-11173 -1
-43503 2
-10534 1
-15255 -1
-66119 1
-31258 1
614 2
23408 -2
-19654 -2
-16118 2
-84374 2
-60866 1
-54933 -1
3036 -2
7938 1
-42499 1
-15946 -2
-67325 -2
-36784 2
-46484 -1
-4560 2
-89643 -2
-13911 -2
-22064 2
31103 1
-55287 -2
-99994 -2
3996 1
-99195 -1
9841 1
-88945 -1
-45375 1
-58933 -1
-40116 1
29161 2
40995 2
-23023 1
-95507 1
7504 2
-40623 2
-63498 -1
-4108 1
-59143 -2
709 1
-31465 -2
-2411 -2
-2002 -2
16130 2
-40586 -1
-12815 1
28829 2
46627 2
48466 -1
-57621 1
21419 1
-96883 -2
31157 1
-31484 1
-10528 -2
-33871 1
-28809 -2
27060 2
-77808 1
-96510 -2
12480 -1
-70868 1
14946 -2
-55478 -2
-5237 1
2278 -1
-86275 -1
-8495 2
11914 1
-24466 -2
-59219 -1
-2987 -1
-83315 -2
33002 -1
-21828 -2
42755 2
-20448 -1
-54547 -2
-61559 -1
31128 1
-36500 -2
17404 -1
29541 -2
41739 -1
-55598 2
24437 -1
-52478 -1
-82039 -1
2288 -1
-18298 -2
-27774 2
-45463 2
24635 -2
-53767 2
-24798 -2
-51925 1
-50869 2
24866 -1
14019 1
-79814 2
-14771 -1
-6512 2
-83847 -1
37368 -2
-13577 2
23201 -2
18758 -1
43489 1
-81460 -1
25537 1
38080 1
-93030 -2
-22213 -1
-98650 2
27131 1
-69491 -2
-48304 -2
-13387 -1
-52609 -1
-79137 -2
-54121 1
-10210 -1
-97312 -2
-24600 -1
-33268 -1
-29546 1
7074 -2
-32083 -2
14178 2
-72923 -1
-74862 -2
-29951 -2
20493 1
34307 -1
-6907 -1
16692 1
-70528 2
-42904 2
-20015 1
-32721 -1
20621 -2
-91905 -2
-44035 1
-65364 -1
-83150 -2
-24361 2
37975 -2
-86403 1
43316 1
-98519 -1
-37570 2
-94087 1
-73994 2
-31477 1
45407 -1
40410 1
1705 -2
2122 1
-58605 2
-16287 2
38510 2
11841 -2
26838 1
24957 1
-31587 -2
-13478 -2
-47211 1
-12795 1
-89898 -2
-21986 -1
5164 1
-62031 2
-25519 -1
-27044 -1
-33958 -1
-49686 -1
-50436 -2
-25967 2
8468 -2
18348 -2
-71971 -1
-24972 -1
-71706 1
-45928 2
-87845 -1
-34891 -2
-17748 1
-82701 2
35781 1
-18583 2
-96148 -1
-16121 -2
14109 -1
20477 -2
7347 -1
49376 2
-11454 -2
7533 1
-39830 -2
35869 2
20235 -1
-1840 -1
-69990 -1
-12923 -2
-7793 2
17466 -2
-32347 2
-90019 1
-31899 -1
29565 -1
35964 -2
-56988 -1
10047 2
-56945 1
-76113 2
3223 -1
26174 1
-48330 2
1729 2
2827 -1
-72734 1
-78214 2
-5817 1
-90881 -2
-25469 -1
-45179 -2
39781 -1
-25492 -1
-53238 2
-21753 1
-87731 2
-16233 1
-99239 -1
13245 -1
-98693 -1
-2151 -1
11627 2
39964 2
-65139 2
-30004 1
-15992 -2
-36134 -2
-20054 1
37680 -2
-47368 2
-99177 1
-74553 2
30106 -2
5166 -1
-38717 -2
26692 2
-58139 1
26317 -2
-80302 -1
-58645 2
-13814 -1
-38558 -1
19706 1
-43586 -2
21755 -1
38008 1
-66053 1
37829 1
12504 -2
44701 1
40496 -1
-51566 -2
-7359 2
-63811 2
-29930 2
-4405 2
-30074 1
-23322 -2
-93070 -1
-99359 -2
-68443 -2
35545 -1
15260 1
-84096 -2
-33899 1
-51606 2
-42870 -1
-90117 2
11733 -1
-30095 1
10006 2
-179 -2
-38529 1
-82350 2
46949 2
19303 -1
41635 -1
22040 -1
34986 -1
35251 1
-90877 2
-14005 -1
4984 1
34605 -1
6768 -1
47358 -1
-78961 -2
-16892 -2
-92700 1
-75160 -2
21468 -1
-68166 -1
-70298 -2
-91757 -1
-14990 2
-629 -2
-24332 1
-39910 -1
-42142 2
-32344 -1
20263 1
-63999 -1
-96501 -2
-4979 2
-221 -2
-11813 -1
34140 -1
-60443 -2
19295 -1
37325 -2
-71868 -1
-38704 1
-88008 1
-29780 1
18554 1
-63756 1
1159 1
-81921 -2
33283 1
431 2
-42743 1
-64233 2
47331 -1
-90333 2
46301 2
-9211 2
11271 1
48605 1
34557 2
-5678 -1
-55382 -2
-2083 -1
-52442 1
-96665 -1
28512 1
-2999 2
-50219 1
-40977 -2
-47120 1
-48290 1
-23286 -2
-32828 -1
-98543 -2
42889 1
-81777 1
6295 -1
-55606 2
-24652 -2
-99333 2
15375 -2
-33392 1
34798 -2
-95794 1
-16633 -1
-97740 2
3998 -1
46216 1
-8008 2
-29779 -2
-42342 2
-66595 2
-42367 2
-65038 -1
-57874 -2
-2351 -1
-50061 -1
-34462 2
-93910 -2
-86399 -1
-3489 -2
25205 2
-54936 2
-89047 -2
-33782 -1
-82602 1
15973 2
-69901 -1
-83795 1
-50674 1
-60691 -1
-56704 1
-67579 2
-86181 -2
41327 -1
-67328 -2
-61132 2
-73405 -1
-84148 -2
3739 1
-98303 -2
-47229 1
-61170 -1
27050 -1
1533 1
-56552 -1
-70670 -2
15537 1
-4282 -1
-39071 1
21805 -1
-35346 2
-47798 1
-91583 1
6285 -1
-6961 1
2181 1
-47 1
-3632 -1
-76066 -2
35688 2
-64741 1
-26014 -1
-47938 -2
-74148 -1
-6297 1
-66993 2
30800 -2
-64610 2
-94546 -2
25126 2
-10924 -2
-45772 -2
35326 2
-89889 1
-9008 1
-1837 -1
-81208 -1
-94860 2
-49130 -1
20891 1
15193 -1
-74090 -1
-91962 2
-48695 2
8201 -1
-56738 -1
37705 2
-47040 2
-80001 1
4759 1
-79552 1
-459 2
-45848 1
-54344 -1
-67389 -2
-10971 -2
-30899 -2
-60962 -1
-8456 -2
12892 -1
34815 1
-93769 -2
23363 -1
-53758 2
-33942 1
-94826 -2
40775 -2
-16991 2
47385 -2
-76727 -2
-21729 1
-78769 1
31472 -2
-57915 -2
-49585 -1
-82442 -2
-56366 1
-11907 2
-34621 1
45684 2
5951 -2
47963 -2
-58132 -1
-2299 -1
-98697 1
-55645 2
-65335 -1
-86624 -2
29332 -1
-63191 2
-96420 1
-97537 1
-18188 2
-41160 1
31606 2
-33140 2
-52565 -1
25176 2
37809 -1
-34630 -1
-63429 2
-54568 1
43682 2
-57940 -2
-50964 -2
-78928 -1
-98814 1
-96469 -1
-44993 -2
30567 1
13874 -2
-38431 -1
-30364 -1
-48091 2
-72501 1
14707 1
-7848 2
-62156 -1
-72617 -1
16644 -2
-99571 -1
-27277 2
-13850 2
41730 1
-79026 1
-56158 -1
-11622 -2
48146 1
-24680 1
-31197 -1
25461 -2
-10076 -2
-23838 2
-26890 -2
27146 -2
-57472 -1
38546 -1
-98990 -2
-67300 2
-13847 -2
-83994 -2
-33725 -2
-47941 2
-9772 -1
-82048 -1
40866 1
-85907 2
31595 -2
-17572 1
-56910 -2
-45974 2
-36076 -1
-13728 -2
-93431 1
-6981 -1
-86825 1
16684 -1
-90645 -2
-76470 -2
-2899 -2
-34678 1
-79143 2
-14791 2
4177 -2
9025 1
-42297 -2
40261 2
-29992 -1
-60636 -2
30279 -1
25929 -1
16840 -2
1165 -1
-97936 2
-75271 -2
-86364 -2
39610 2
47240 2
11621 -1
-55298 1
-78618 -1
-61347 2
35735 1
-72134 1
-41444 1
5097 -2
48988 1
25810 2
-632 -1
4583 1
-66907 -2
-35680 -1
-42180 -1
-91258 1
10290 2
8412 2
-69127 -2
32381 -1
-95487 -2
13101 -2
41550 1
-40017 2
48218 -2
40892 -2
-45441 -1
-33815 1
46635 2
-62083 -1
35116 1
-94413 -1
-7325 1
-11077 -1
-34465 -1
-7999 2
-43037 1
20341 1
-72783 2
37032 -1
-67612 1
-32010 2
-98928 1
-72803 2
-70458 -1
-42625 -1
35927 -1
-80815 1
16453 -1
-84615 1
-92412 2
-51565 -1
-55663 -1
-36326 2
-22355 1
-12327 -1
-10711 2
-37854 -1
-58474 2
-44360 -2
46582 2
-3392 -1
19583 -1
-20817 -2
-95777 -1
-30187 -2
-88617 -1
-56059 -1
-91718 -2
-29732 1
-10638 -2
41423 1
38761 -1
-22641 -1
-49249 -1
-88542 2
9819 2
-84978 -1
-85717 2
-29331 -2
41697 2
11097 1
-82187 1
27607 -1
-18584 -1
31337 1
-93700 2
-52437 -2
26097 -1
-73587 2
-83832 -2
-19881 2
-86084 2
-23947 -1
-50803 2
-32735 -1
-75642 2
-37951 1
-89810 2
44391 1
15774 1
35212 -2
-40872 -2
-98428 2
-85248 -1
-25097 2
34973 1
42044 -2
-91180 1
3887 -2
-23014 -2
-78284 1
-9658 2
-96236 2
-4894 -2
4725 -2
46295 -1
-86472 -1
-40852 1
-68639 1
-28637 1
-38049 -2
-96246 -2
21344 -2
27381 1
-96562 1
44353 -1
-87581 2
-41678 2
38242 -2
-84363 -1
-17496 -2
-99681 -1
-12587 -1
-43450 -2
-62469 -1
3596 -2
-12919 -1
1219 2
-81898 1
-86701 -1
25554 -2
-95443 1
-16505 -1
-943 1
28988 -1
42898 -2
28008 -2
-83865 -1
41178 1
18322 2
-50353 1
-24704 1
-85255 -1
-43131 2
36016 1
-70409 2
-83925 1
21480 -2
-3872 -2
-12045 1
8844 -2
-11413 1
-23079 1
-54950 -1
-87611 -2
-95791 -2
-81229 2
-55312 -2
-79161 1
-45355 2
-31351 2
-67676 2
12703 -1
-33672 -1
-2842 1
18635 -1
-91771 2
-88179 1
-58916 2
-37839 -2
25084 -2
-80961 -1
-69674 2
5279 1
13090 1
-12471 -2
-82448 -1
-33250 1
-78836 2
-23922 -2
38252 -2
-21720 1
40128 1
36523 -2
-69934 -1
30119 -1
-46907 2
-38720 -2
-90832 -1
44387 1
6354 2
-29163 2
47168 -2
-92839 -2
-49671 2
15104 1
-24290 2
-5320 1
-88925 2
-82368 2
-31102 2
-19911 -1
9960 -1
-73665 2
-74437 -2
-60378 1
29343 2
49988 1
26150 -2
-15918 -2
-98657 -2
-50333 -2
-6756 1
-45399 -2
-47510 -2
-80625 1
-10953 1
1513 -2
-51454 -1
-82965 -2
17534 -1
-84308 1
521 -2
-63289 2
-56878 -1
42764 -2
-13721 -1
-70117 -1
-15675 1
13933 -2
-6957 2
-57518 1
-61666 1
-17007 -2
-4363 -2
22778 1
16239 2
-2281 2
-41256 -2
4607 -2
-98051 -1
-32434 1
-89101 -1
-19907 -2
7439 -2
-93015 2
-78697 1
-84877 2
-77033 -1
-78521 2
18623 -2
38741 2
-94279 2
32093 2
-44357 2
-15538 -2
34862 2
2627 -1
-90188 1
-92962 -1
-77025 1
-85300 1
38073 -1
24385 1
37030 1
41220 -1
25763 -1
45300 -2
25369 1
-64831 -2
-5557 -1
-37675 -2
47957 -1
10689 -2
-43981 -1
-54839 2
162 -1
-17934 -1
-62585 2
-14369 -1
-54719 -1
-48424 2
-41307 -2
2265 1
-28223 -1
-74389 1
11495 2
-39039 -2
1156 2
-77357 -1
-70162 -2
38278 -2
18921 -2
-71752 -1
28418 -2
2161 -2
-62986 -1
-81040 1
-88942 -2
-92315 2
-51372 -1
-4165 -2
-19924 1
-26077 1
-98698 2
24740 -2
-74092 1
32437 -2
-88920 -2
-88729 1
-59866 1
-24248 2
-4192 -2
27471 -1
-87248 -2
-25676 -2
7620 2
32102 -2
47255 -2
-32983 -2
20807 1
-33896 2
25389 1
-44442 1
-49624 -1
-43822 1
-54290 -1
-90437 2
39416 -1
-24843 -2
44786 2
-42399 -2
-73569 2
4953 2
20302 1
-38246 -1
28588 -1
32526 -2
-71336 -1
-37841 -1
-12255 -2
-4936 -2
24079 1
25478 1
-17155 -1
-15582 1
21602 1
7598 -2
20937 -2
-78094 2
-72973 1
42910 2
-51270 -2
48425 2
-43508 -2
3359 -1
-66698 -1
-24740 1
-86348 -2
30809 2
-25749 2
38275 1
-78260 2
47653 1
-31461 2
-15813 -2
-89331 2
-19647 -2
-16241 -1
-99367 -2
-22462 -2
-2819 -1
-23281 1
20715 -1
8178 -2
-95776 2
-7237 -1
-92896 -2
24553 1
-14834 -2
-73249 -2
-28183 1
-86977 -2
-5496 2
-42021 -1
-44054 1
-83673 -2
-57312 -2
26294 1
-29436 -1
-96727 -2
-72165 2
21519 2
-22840 -1
37554 2
-52810 1
12352 1
2582 -2
-71495 1
-98757 1
-63887 1
-85920 1
-17068 2
-57586 -1
-31593 -1
-80703 -1
-98447 1
-53817 1
48257 -1
-79128 -2
-60826 2
35630 -1
-7691 -1
-42974 -1
-12853 2
-74801 1
19464 2
-71735 -1
-37202 -2
-90050 2
29067 1
21205 -1
24077 -2
-714 2
-48365 1
-65130 1
-75099 -1
-81111 1
-81836 -2
27023 -2
-91153 2
-14261 2
21131 -1
15043 1
44541 -1
-4783 1
40312 2
-31936 2
6836 2
-9326 2
-89522 2
-33992 1
-42348 -1
-64975 1
-95285 -1
-84974 1
-80482 -2
30387 2
-50533 2
-95644 1
-98216 2
17047 -2
35485 2
-28893 2
-47921 1
-14040 2
48296 2
-49432 -2
-34149 -1
-28899 2
-95983 2
-23264 1
-87300 -2
-55540 -1
-95212 -2
29783 2
-18403 2
-13317 1
-51301 2
-10681 2
-38362 -1
-17157 -1
-21090 1
-46184 -2
44389 -1
-43172 -2
19671 -2
-8529 -2
17617 1
-22306 2
-50031 -2
-46174 2
-60484 2
20148 2
-79905 1
-35399 -2
31502 2
-88755 -2
-29548 2
-84045 1
-58088 2
22843 -1
22923 2
17787 1
-94417 2
-21672 -2
-34892 2
-4028 -2
10927 2
-43403 -1
23699 -1
-3107 2
-24389 1
-90292 1
-46991 1
44606 -1
-41856 2
-64462 1
44215 -1
-30814 2
-24387 2
36080 -1
-91533 -1
18941 -2
24283 -2
-99217 -2
-72079 -2
-14646 1
44351 1
23393 -2
-82946 -2
-72240 2
34884 1
8272 2
-45627 1
44451 -2
2547 -2
-46925 -1
-86234 1
46321 -1
-7702 -1
-16620 -1
-62652 -2
43079 2
49977 -1
34021 2
-88645 2
4527 -2
-17951 2
-33 2
-23164 -1
-26628 1
40432 -2
-97400 2
22184 1
-51824 1
22891 2
-99352 2
-41722 -1
-8080 2
-41848 -1
-60642 -1
-58099 -1
29885 2
35695 -2
-26579 1
-82740 -1
47312 -2
-15042 -2
-76949 1
-66297 -1
-73827 -2
-97833 -1
-63845 -2
-20173 2
6817 2
-18691 -1
-17021 2
-7734 -1
22041 -1
-11131 -1
39883 1
-63048 -1
31962 2
43541 1
41068 2
4175 -2
-81567 -1
27378 1
-49875 -1
-69681 -2
-18026 1
25768 1
-67542 -1
-7337 1
-67404 1
-46619 -2
-47853 1
9670 1
2428 -1
33708 2
-46512 -1
-9259 2
37183 -1
11045 2
-509 -2
-54309 -1
-69657 -1
-35896 2
-83101 1
22404 2
418 1
-90085 -1
-29279 -1
-91759 2
-16000 -2
-37442 1
-4671 -2
-75644 1
-80141 -2
-1992 -1
20661 1
-90197 1
43012 1
-26389 2
-66879 2
-11235 -1
-65613 -2
9945 -1
-80999 1
-21325 2
-9122 1
-40555 1
-75813 -1
38199 -1
41339 -2
-52830 1
-51502 -2
-32783 2
-46613 1
-17377 -1
-49318 -1
-26097 -1
-24700 -2
-73360 1
36303 1
-2644 2
17278 2
3042 -2
-49957 -1
-23588 1
-18239 -2
38848 -2
34173 -2
10750 2
26650 1
-89261 1
-18901 2
15924 -1
-85648 1
-86587 1
-20943 1
-52103 2
-58090 -1
-87345 -1
22692 -2
-66191 -1
-33523 -1
-65263 1
37222 1
-49604 2
8073 -2
-19061 1
-86960 -2
-97760 -2
-95560 2
-21287 1
-7758 -1
-51777 1
-98131 -1
-24644 -2
-15832 2
42477 2
-80009 -2
43527 1
39580 1
-32130 1
-29667 2
-61779 -2
44703 1
-17902 1
-46081 -1
4471 -2
229 -1
9629 -2
-95900 2
-10828 -2
32311 -2
24894 -2
-90087 2
-11925 -2
-28677 -1
-43645 -1
-61572 -1
-3710 2
-95755 -1
38109 -1
-96292 1
-48749 -2
-17140 -2
-36176 1
-42123 1
-20363 -1
-61304 2
-55503 -2
11790 -1
-11229 1
-55936 -1
11231 -1
-83643 -2
48278 -1
-49395 -2
-30295 2
-10552 1
-73049 -2
-82752 -2
7730 1
38176 -2
-10068 -1
-71997 1
-38765 -2
-3371 1
-26707 2
26540 1
-61341 -1
-95346 1
-91737 1
-51838 2
15873 -2
2483 1
-99870 2
44248 -2
39959 -2
-14202 2
-85450 1
-736 -2
28383 -1
-31665 -2
-27747 1
-96629 2
-17492 2
-7649 -2
-78074 -2
-75208 2
-27486 -2
5604 -2
41182 1
31650 2
-33799 1
-61951 1
-90316 -2
-88094 1
1232 2
48469 -1
-1903 1
31180 2
-19783 1
-61358 2
-5897 -2
-18483 2
-85999 2
-61148 -2
-74946 -2
32134 1
-41096 -1
-36120 1
-56356 2
17703 1
-69389 -1
-59530 -2
-30433 1
-42309 -1
7616 1
-46852 -1
-40878 -2
-69925 1
-42307 1
43928 -2
-93712 -2
47204 -2
-75083 2
23809 -2
30811 1
-80361 2
-17071 1
-16329 2
-64695 -1
31898 2
-61720 2
-56042 -2
12434 -2
-4767 -2
-80227 1
-29906 1
30149 1
32433 2
31591 -1
-86035 -1
-52039 -2
-75732 2
-50235 1
-69201 1
-72621 2
-63870 -2
-45354 1
-89872 -2
-44649 -2
41690 -2
-8641 2
-10251 1
44487 -1
-65610 1
49671 -1
-37515 -2
-38719 1
25041 2
-48711 -1
961 2
-21963 -1
-28282 -1
-3492 -1
-69455 -2
-54488 1
-22982 -2
17471 1
-148 2
-23175 -2
-3685 -1
35707 2
-5977 2
-76061 -2
-13901 1
-2287 1
-61724 2
-90587 -1
-9978 1
5193 -1
3497 1
-47262 1
-54999 2
-37605 -2
-13734 -2
-73449 1
11890 1
-23667 -1
-58580 2
-70242 -2
-15968 -1
-47325 -1
6657 1
-20558 2
41843 2
-14924 -2
994 2
-67286 2
-22377 2
-29693 -1
-71356 2
46160 -2
30752 -1
39452 2
-59687 2
-82035 -2
-24614 1
-36434 2
46533 -1
34919 -1
-51701 -1
-71625 -2
6601 -1
-80949 -1
-2895 -2
-12596 -1
-61394 2
-85721 1
-34727 2
-45895 -2
43515 2
-55982 1
-74910 -2
-97322 -2
32613 2
-47514 2
-48977 -2
-35557 1
43863 -1
11600 -2
-86323 -2
-87457 1
7954 -2
-462 -1
-78263 2
35208 1
-94880 -2
-22788 -2
-16188 1
-93619 1
-97251 1
-16133 1
-90061 -1
-16564 -2
12647 1
-93727 2
-48863 -2
-92317 2
45163 2
6929 -2
-48643 2
-32661 -1
-97566 -2
48031 2
-69413 2
-27892 -1
-9396 -1
-82948 -2
3365 -1
-48444 -1
-77900 -2
-13073 -2
43417 1
-86905 1
-11058 2
20041 1
11961 2
-91671 -2
-26439 -2
-5481 -2
26988 -1
13938 1
-91925 1
-80951 -2
-53864 1
-44917 2
-30448 2
-41683 1
-66424 -1
-96201 -1
-21651 1
-56643 -1
29417 -2
-98425 -1
-45489 -2
-63635 -2
-36127 2
-39469 1
-67116 1
-82582 -2
-46148 2
-85419 2
6397 -2
-43489 1
-71370 2
7708 1
-12858 2
45223 1
-296 1
-36534 2
-5718 -1
-96572 -2
24293 1
3454 1
33199 -1
12835 1
-47909 2
25262 1
-83559 1
5118 2
-33759 2
-51160 2
-13071 -2
34371 -1
22050 2
-62447 -1
-93043 -1
26454 1
31222 -2
-30575 -1
-87021 -1
18415 2
18773 1
43238 -2
-73372 2
-49720 2
39326 -1
-99634 1
-72376 -1
27932 2
-72859 -1
19395 -2
-35073 1
-90101 2
2766 -1
-67058 -2
47804 1
-30851 2
16282 -2
26374 -1
-69938 2
-19035 2
-90450 -2
-91941 -1
7661 2
-15185 -1
-50832 2
-11264 1
-36654 1
-72989 1
3920 -2
-6082 1
-18686 -1
-12776 -2
-18959 2
-59296 -2
18400 2
-73727 -1
-81842 2
-17582 -1
-69139 1
-84139 -1
-89625 1
46775 2
-73370 2
13115 2
-20150 1
-7585 -1
-33909 -1
29145 -2
-22939 -1
-71379 -1
26086 2
46072 1
-9484 -1
-59895 -2
-45403 2
11827 2
-6933 -1
15759 -1
-90867 1
-90377 -1
-48918 -2
-30677 -2
-60419 -1
-59260 1
-12709 -2
-12978 -1
11404 -1
43364 -1
40101 -2
-93300 -1
30492 2
-78981 -1
32548 -2
-29812 2
-6501 -1
-63489 -2
-2550 -1
-21086 1
-3331 -1
-41387 1
39570 1
39186 -2
40306 2
-99193 2
-17310 -2
-11916 -1
-61335 -2
9928 1
-39744 1
-88022 1
-3937 1
-32230 -2
-89724 2
23084 -2
13034 2
-93137 1
11459 -2
-27646 1
-19823 -1
-84159 -2
-53889 1
-12768 -2
16572 1
-83287 -2
30177 2
37286 -1
-16009 1
-93350 1
17766 -2
41622 -1
31387 1
-76554 -2
2472 1
-19600 -1
-79229 -2
13854 -2
-55569 2
-40824 -2
-47660 2
-93452 -1
-58820 -1
-66485 2
-65818 -1
-73585 -2
-22967 2
17107 1
21096 1
7995 1
-46902 2
-9350 1
-56979 2
-71429 -2
-31279 -1
19959 -1
-48946 1
-30376 2
-60001 -2
-41266 2
13561 -2
-17752 -2
11179 2
24985 1
4690 1
28459 2
13724 -2
-49939 -2
32062 -1
-12555 1
-41173 1
-9388 2
-17860 2
9018 2
-34184 2
-82762 -1
-71600 -2
3609 -1
20365 -1
-86767 1
-47897 2
-75567 -2
-93103 -1
47449 1
-24391 -2
-54099 -2
-99199 2
27978 2
5054 -2
43679 -2
10806 2
-80142 -2
23236 2
-2797 -1
-70484 1
-27941 -1
16148 1
-10618 1
-74750 2
36610 -2
-15150 -2
-83077 -2
-4637 -2
-31440 -2
45694 -2
45237 -2
-47306 -1
-76406 1
-41758 -1
-29766 2
-59315 -1
8964 -2
28183 -2
-59158 -2
-12819 -2
30917 -1
21380 2
29668 1
-64349 -2
-66249 1
22073 1
-47992 -2
4149 1
31535 -1
-92014 -2
21716 1
-57276 -1
-97588 -1
-82320 2
4626 2
-9385 -2
-16352 -2
-13057 2
-74632 2
10761 -1
-20389 -1
-9038 2
335 -1
31668 2
-95312 -1
31736 -2
35253 1
-70855 1
-74795 1
-39359 2
47928 1
-82164 -1
-51325 -1
7001 -1
-85086 -1
-5098 -1
-618 1
32855 1
35180 2
-24300 2
43678 1
-13680 -1
19075 -2
-44490 -2
28943 -2
-71204 2
-71028 1
-63492 2
-63679 -2
40539 -1
-70255 1
13191 -2
-72542 2
-944 -1
-12465 -1
-48169 2
-37031 1
46429 1
-80327 2
-19969 1
-29270 1
11432 -2
-96002 2
42380 -2
-32532 1
8732 1
-28913 1
16046 -2
-62603 2
18299 -2
-96022 -2
-87600 2
-42480 -1
-57705 2
-25935 -1
-578 -1
-2944 -2
-19564 2
22253 -2
-9632 2
-1122 -1
-93136 -1
1419 -1
-96270 -1
37938 -1
-97870 2
-50701 2
-34216 -2
-68116 1
44329 -1
21252 -1
45862 -2
-19886 -2
20049 2
-87745 -1
-4205 -1
42660 -2
-83447 2
-74546 -1
-12929 2
-39202 -1
-86673 -1
-96915 -1
20710 2
-9062 -2
22945 -2
22496 -1
-35778 -2
-6913 1
12290 1
-76736 -2
-8016 2
3466 1
21043 -1
-23917 -1
-39724 2
-99799 -1
-94390 2
-88295 1
-36493 2
47582 1
-91413 1
-83729 -1
-37667 -2
-93384 1
-54783 -1
39182 1
-71200 -1
-5971 1
-68736 -1
-32769 2
48450 2
43525 -1
-84321 -2
39314 -1
-84120 1
10644 2
28594 2
43555 2
-84629 2
-76453 -1
-38707 -1
20608 -1
-93936 2
44312 2
-67105 -2
-17277 1
-17511 -2
-63129 -2
-11033 2
-77123 -2
9237 -1
3470 1
42710 -1
-89860 2
-63084 -1
935 -1
11119 -2
-69113 -2
-44371 2
-46898 1
-49522 -1
-34832 -1
-29605 2
-80266 -2
-68401 1
30828 1
-26150 2
-62391 1
-99679 -1
-69753 -2
-16723 1
39352 -1
-35923 2
-81757 1
15978 -1
-50013 -1
-49553 -2
-91692 1
567 2
-33831 -1
49670 -2
-95640 -1
11939 -1
-33373 1
27952 -2
23511 -1
5748 1
-34443 2
32394 2
24593 1
-50486 -2
-63654 2
20959 -1
-9054 -1
-64688 -2
8932 -1
-82410 2
-82014 1
-94761 -1
43127 1
43277 1
13262 -1
-11247 -1
46423 -1
-72661 -1
-81378 2
-31604 -2
-4366 -1
2240 -1
48021 -1
19182 2
27561 1
-23378 -1
34162 1
-1527 -1
-30477 -2
-71290 1
19384 1
-55593 -1
-97033 1
18668 -2
-31514 -2
-3454 -1
-41125 -1
-69763 2
-5703 2
-64516 1
-6945 -2
-76346 -2
-62875 -2
-1965 2
-26727 2
-96111 2
-38232 2
-30192 2
-78687 -1
-38156 -2
43674 2
959 -2
48073 -2
-72872 1
-66972 -1
-1971 2
-45540 -1
-27105 2
7677 -1
-63195 1
-3947 2
17842 1
-27258 1
-19453 -2
-51689 2
-31448 1
6923 1
-36242 2
-29173 1
47480 2
-53366 2
-16429 2
-22934 1
-13541 -2
-57584 2
25953 -2
6214 -1
-54888 1
-68650 -2
-97002 -2
-65626 -2
-35497 -1
-23583 -2
-687 2
32531 -1
-54021 1
-41360 1
-5085 1
-67512 -1
-19435 -2
-95971 1
-49443 2
-42166 -2
-40181 2
-52699 -1
12423 2
-11735 1
38968 -1
-58402 2
-63866 1
-8223 2
-590 1
-83347 2
-64014 2
46740 -2
-45592 -2
-64024 1
-15436 -2
-41982 -1
13530 -2
30947 1
45517 -1
-45532 1
13979 2
-84358 2
-43001 -1
-81530 1
-48317 1
-59300 -1
47871 -1
-87318 -1
15969 -1
7403 2
33361 1
26572 -1
1055 -1
24441 2
-91724 -1
44282 -2
-92995 2
-87462 2
-80479 1
-49933 -1
23161 -2
23100 -2
7284 2
-51823 -1
-7893 1
-4907 -2
-16205 1
40142 1
29293 2
-284 2
-54871 2
37481 -2
1694 2
-74543 2
2039 -1
-21126 -1
-58411 1
-2708 1
17756 -2
-84941 1
-32337 -1
10533 1
-77158 2
45931 1
-99614 2
9887 -2
-33471 -1
-38086 2
-37557 -2
-81631 -2
27632 1
-88727 1
-11293 -1
-55169 1
-6078 1
29581 1
-37328 2
22228 -1
-874 2
-91899 -1
19117 -1
-40419 2
-16173 2
-70750 1
-7833 -2
7121 -1
-63292 -2
-1409 2
-84497 -2
-92571 -2
45147 1
47180 -2
-60857 -1
-82120 -2
37468 -2
45234 -1
41042 2
41020 -2
-2960 1
-97568 -2
-35387 1
-3078 1
-48964 -2
-51070 1
-3309 -1
-66749 -1
-39204 -1
-95814 2
-7173 -2
-24594 -2
-81937 -2
-8138 2
-62399 -1
23857 1
-19687 1
-42795 -1
43586 2
-29249 2
-56381 2
-8824 2
47404 2
-15533 -2
8704 -1
-75855 -1
8291 1
-40209 2
-27092 -1
-73730 2
-53684 -1
25450 -2
-53705 2
-70988 2
-61122 2
-28087 -1
-68582 -1
-87979 -2
37901 -1
-69577 -2
-38879 -1
-60154 2
-63568 -2
-24670 -2
-68397 -1
-30838 2
-37137 -2
17015 -1
-68595 -1
34315 1
-15756 2
2333 1
-80571 -1
-35582 -1
-96942 -1
-30648 -1
-22812 -2
11648 -1
-15369 -2
-15617 1
1001 2
-12207 -1
-91008 2
-56719 1
-40162 -1
44862 2
-33263 -2
-91514 -2
12887 2
29697 -1
20739 2
-87870 1
9280 -2
-90699 -1
48611 2
-75526 2
-5768 -2
-24194 1
-41146 -2
-43721 -2
16846 2
25111 -2
33157 2
15332 -1
-17475 1
-35358 -1
-35969 -2
-17030 -2
-51614 -1
-25483 1
43023 1
-19429 -2
-17746 1
18038 -1
-81917 1
25354 2
35883 2
-93069 2
-72694 -2
-6627 2
-30471 -2
30303 1
-76289 2
30913 2
-66933 -1
-42482 1
3054 -1
-89948 -1
42558 -2
-61849 -1
-1015 -2
-93301 1
1275 -2
18602 -1
28791 -2
-25857 1
-63991 1
46904 1
21549 1
-25053 1
-65592 2
42155 -2
-72102 -2
-95461 1
-17414 -1
38164 -1
15237 1
-60191 1
-8009 2
43362 2
-23427 1
-37094 -2
-63105 2
-67822 -2
-42448 -2
-88027 1
-49209 2
-28054 1
43122 -1
-81590 2
-28315 1
-27345 -1
-35527 -2
20318 -2
38051 2
-95951 1
9787 1
-97123 -1
-63250 2
-57304 -1
-42257 2
20551 -2
-82101 1
-62653 -1
-67584 1
38695 1
-75492 -1
49347 -1
35179 -1
25310 -2
39355 -1
-6600 2
12824 1
-18338 2
-58792 1
-18000 2
-89078 -1
12670 -2
20767 2
-83949 -1
-28900 2
-64967 -1
20139 -1
6556 -2
38764 2
7793 -1
28720 1
-13373 -1
42041 -1
834 -1
-61970 -1
-98567 1
-49848 -1
-23648 1
-51912 -1
30154 -2
42605 2
-79117 -2
-6260 -2
-58151 -2
10744 1
-12200 2
-28260 -1
-53154 1
2889 2
1639 -2
-83444 1
45808 2
11877 -2
-42953 2
-29521 -2
-75195 -2
-92585 1
-17011 2
-94434 1
-99985 1
-93223 -2
-97058 -2
35647 2
46084 -1
47704 -1
-27396 -2
-28175 1
31020 2
-65904 -1
-29344 -2
-27040 -2
1413 -2
-8687 1
-58922 2
37998 2
-35552 -1
-99002 -2
6688 1
14384 -1
-92355 1
19357 1
-71460 -1
-39604 -1
-37133 -1
-86513 2
2556 2
28569 -2
-65043 -1
-3223 1
-69512 -1
-54844 -2
-50551 -2
-27929 -2
-48628 2
30224 -1
-79406 1
-81146 1
-3996 2
-83087 2
47988 -2
19767 1
42551 1
45936 2
6384 2
29228 1
20515 1
-37435 2
-25462 -1
18190 2
43571 -1
10320 2
-36245 2
-12369 -1
33576 -1
-66819 1
-23629 2
19734 1
-78103 1
-47460 1
-68126 2
-76271 -1
33523 -1
41360 1
34141 -2
-77258 -2
-904 -2
36134 2
-39437 1
-81959 1
-14130 2
44037 -1
-58898 1
40596 2
-62423 1
-58656 1
-34466 -2
-95387 1
-55487 -1
19873 -2
-18716 2
-707 -2
16008 -2
-11089 2
23058 2
-38807 -1
722 -1
-94775 2
-65499 -2
2811 -1
-13770 2
17966 1
26258 -1
46134 2
-44654 1
-13079 1
-3702 -1
27393 2
-75233 -1
1953 2
-88523 2
-58134 2
30580 2
1306 -1
-64596 2
-2053 1
-93342 -1
-21202 2
40234 2
-22589 2
16487 1
43305 2
-9068 -1
-91160 -2
26685 -2
-38195 -1
-95829 -2
38543 -1
36525 1
-2805 -1
-46000 1
-70267 1
-83303 -2
-57440 1
-76077 1
-87833 1
33246 1
18290 -1
-27311 -1
-360 1
-48787 -2
23274 -1
-93656 1
-34985 -1
-71222 2
-87057 1
-90472 -2
-64974 1
27687 -1
-59280 -2
39140 2
5886 1
-73660 2
-89060 -2
34040 -1
27685 -2
42870 1
44615 -2
29292 -2
-12733 -2
-79955 2
-43209 2
-15971 -2
-98720 2
-19391 -2
26273 -1
-85197 1
28391 -2
-30232 1
-12886 1
38643 2
-19440 2
-69278 -2
42698 2
29393 1
-66530 -1
-40117 -1
27519 -2
-32620 -2
15231 2
-7404 2
-1546 -1
43340 -2
11969 -1
45660 1
-38870 -2
-18955 2
21913 1
-58727 -2
28872 -1
-34827 2
27311 -1
-86068 -1
-75985 -1
13302 -2
8310 -1
19024 -2
-21238 2
-14482 -1
12758 2
-86542 -2
-12951 -2
36755 -1
4077 -1
13794 -1
-61198 2
-58103 -1
-86325 -1
47594 2
-92992 -2
10662 -1
-15683 -2
1624 -2
-96530 1
-76524 2
-59969 2
21125 -1
24877 -2
-15086 -2
-60430 2
-35549 2
11779 -1
-10958 -2
-47958 -1
-39457 -1
16750 1
-60098 2
18745 1
-8604 1
-63687 -2
-86401 2
41811 -1
-3864 -1
-42557 2
-86706 1
-98753 -2
24597 1
-57497 1
35412 2
-73663 2
-72946 -1
-19409 -2
-34463 2
18061 2
-34461 -2
-47555 -1
6432 -2
41486 2
-94318 -2
-80865 -2
-78441 -1
16183 2
17430 1
-43170 2
-64167 -1
-80765 -1
-66924 2
15625 -1
-69828 -2
-98361 -1
-93900 1
32546 1
-20264 -1
-40044 -2
-72869 -2
-25040 2
-2298 1
-51890 -2
-6648 2
40394 2
-38642 -1
-85875 1
-97989 -1
-82960 -2
2308 -2
-20612 1
-69261 2
36018 -2
-32379 -1
-21820 -1
-95013 1
26011 2
-87717 2
40420 -1
38858 -1
-56462 -2
6538 -1
-96259 1
-10895 -2
-68378 2
-79132 1
46827 -2
12046 1
-842 1
27489 1
-90781 -2
-29387 2
-62657 -1
21817 -1
-99507 2
-22876 2
-33907 -1
19119 -2
2144 -2
-20583 1
37770 -2
-88010 -2
-45103 -2
-59795 2
9441 -1
-64623 1
-80555 2
-66176 1
-45148 1
20942 2
-82222 -1
-29181 1
-5 2
-57151 1
-39533 1
-92065 2
44863 2
47040 1
-74046 -2
-14979 1
-19858 2
44150 2
18001 1
-62202 1
-95190 -1
-8861 -2
-46346 -2
46979 -1
26473 1
-72764 2
41509 -1
-41033 -1
-88620 -1
41608 -2
45459 -2
-9461 -1
-27393 -1
-28031 -2
32472 2
-12351 -2
30168 1
-94072 -2
-7633 2
-44433 -2
-88481 -1
4631 -2
22969 2
-768 2
-37162 -2
6620 1
-27890 2
18325 2
-14570 -1
-84487 1
-92691 2
-5505 2
7481 1
-46042 2
7594 1
35465 -1
8069 -2
-77804 -1
-64565 2
-12289 -2
-65820 -1
-34925 -2
42016 -2
-67335 2
-25914 -1
-2802 1
-31030 2
-87177 -2
-7881 1
-61031 -1
-24192 -1
-64648 2
28163 1
388 -1
-28471 -2
-21722 -2
-1923 -2
-46890 -1
-7956 2
-95891 1
-10138 1
-98443 2
-9826 -1
43880 1
-21671 -2
9372 2
31522 -2
3231 1
17503 -1
-78933 1
-37534 -2
19272 -1
-65121 1
-80634 1
-49532 -2
-67523 -1
-44892 2
-93268 1
47948 1
-5303 1
22077 -1
-76563 -1
-2690 -1
-85132 -1
-10129 2
-3816 2
-50403 -2
35288 2
-35519 1
-80194 1
-9780 1
-57719 -1
-10070 -1
-96607 2
-15131 -1
-28053 1
-46126 -1
-58885 -2
-15204 2
-68651 1
25519 -1
23482 -2
-99211 -2
20308 -1
-96119 -1
-62476 2
28538 2
1631 -1
-12396 1
-88277 2
-87516 1
-32462 2
-85260 2
-87229 -1
19252 2
-43882 -2
-97672 -1
-80743 -1
-81106 -2
-30751 1
-75879 -2
-43096 1
30709 -1
-74594 1
1663 2
22180 -1
32683 -2
36096 2
-11367 1
38880 1
9243 1
-56000 -1
-81200 -2
32831 -2
-52459 2
-68645 2
-22210 2
-33409 -1
-81837 2
-47662 -1
-81283 -2
-61949 -2
-62360 1
-96683 -1
47560 -1
-92124 -1
-96515 1
31577 1
-54534 -2
46609 -2
21780 1
35763 -1
-88877 -2
26115 1
6133 -2
-74983 2
25373 -1
12194 1
-23372 1
-20222 2
-25400 -1
-40817 -1
-92389 -2
-41992 -1
-25260 -2
-51947 -1
-70081 1
-94912 -1
-22517 1
41694 2
-29208 1
-25363 -1
-69794 2
-15666 2
5893 1
-19192 -2
-8325 -2
-136 2
12161 -2
23830 1
36679 1
49628 1
21631 -2
15390 -2
-77084 2
32106 -1
18624 -2
-99109 -1
26329 1
-1120 -1
49363 2
26123 2
-21142 -2
31762 -2
-5103 -2
-68354 -2
-66871 -1
-71005 -1
5135 -2
-57361 -2
-70465 1
-40316 1
-71417 -2
14986 -2
-66983 -1
-75861 1
-97979 2
-4756 1
41303 2
33419 -1
30746 2
14097 -2
-87064 1
29588 -2
6727 1
-91823 1
-91094 -1
12645 -2
-27215 1
-40029 1
-9981 -2
-33292 1
44114 2
-13069 2
-84793 -1
-20210 1
31991 -1
31514 -2
-33057 1
-37190 1
-62284 2
9703 -2
-21965 -2
31713 -2
-30825 2
24192 -1
-73261 1
14898 -1
-11276 -1
-20513 -1
18049 1
-7319 -2
-58563 2
-87001 1
-29112 1
-36813 -2
-43368 1
-66628 -1
11728 -1
-15776 -2
-18332 2
17243 1
18235 1
-52119 1
-59781 -2
-82600 -1
-75462 -1
-7965 2
-95068 1
-16039 2
-95015 1
26360 -2
-55227 2
-57657 -2
-54245 1
-91423 -2
-85551 -2
-61265 -2
-25074 1
-53580 1
1808 -1
44159 2
-3597 1
-40580 1
45774 -1
-13944 1
-88246 2
38967 2
-32701 1
-77647 2
28852 -1
49495 1
-69600 2
-34980 2
-5925 2
-75469 1
-77517 1
-11485 -1
22851 2
-17916 1
48941 -1
-93580 -2
-91926 1
18972 -1
-12161 -2
-63158 -2
8826 -1
-24886 1
24131 -1
43813 1
-39681 -2
28929 2
-90595 2
3181 -2
27913 1
-63978 -1
-78342 2
14674 -2
-71861 2
-45681 -2
22167 1
20921 -2
36002 1
14009 -2
-21296 2
-50852 -2
4908 1
49557 -1
-69895 2
38016 1
-9336 1
48659 1
43368 -1
35495 2
-42939 -1
-93302 1
25584 -2
-54071 1
-31836 1
4245 1
-66852 -2
42069 1
14668 -1
-46365 1
49969 2
-8871 1
-58788 -1
-76075 -1
-63959 1
-85470 1
-43927 1
41732 2
46553 -2
-94077 1
-82950 -1
25526 -2
20313 2
-2604 1
4543 2
-34824 2
18787 -2
27210 -2
20940 2
-75722 -2
-15094 2
1463 2
19750 1
-65746 -2
4980 2
130 -2
-24342 1
7934 -2
28411 -1
37192 1
-31355 -2
-54349 -2
-41622 -2
4278 1
12364 1
-20069 -2
25523 -2
-22544 -1
31964 -1
-94400 2
23974 1
-73392 1
31056 -2
-66242 1
-4575 2
-60452 2
-56764 -2
28540 -1
15708 -1
13513 -2
47335 2
24324 1
-62716 -2
23278 -1
-8870 1
-24365 2
43590 1
-85008 -2
-17268 1
-11834 -2
-44668 -1
-53096 2
-22099 2
26196 1
-86913 -2
23612 -2
-85711 2
-30416 -2
-57697 1
18128 -2
-84616 -1
-36551 2
-87854 2
-83910 -2
-51376 1
-11383 -2
9371 -1
40712 2
-58752 2
-74376 2
-31058 2
38200 -2
-37221 1
-90275 2
-79850 -2
2125 -1
-93399 2
-81026 2
-90069 1
-86100 1
-1212 -2
-97003 -1
-94461 -1
-15009 2
784 -1
13061 1
-2806 -2
-4380 -1
-30516 -1
8582 -1
42141 -2
27101 2
49329 2
-96581 1
34654 -2
-65064 1
-60737 -2
-98050 -2
22028 -2
-97175 2
-33514 1
-18259 -1
4353 2
21280 1
-29172 2
-46182 1
-27841 -1
-59469 1
-58552 1
-28403 -1
-11455 -2
-97590 -2
-2167 -1
-85894 2
-73865 -1
24935 1
32582 2
-30728 2
-15490 2
12890 -2
-74449 2
-67721 1
-22258 1
-12253 1
-15816 1
-81035 2
-65152 -2
-24127 -2
-85846 1
40633 -2
-48216 -2
38227 1
17497 -1
-35605 -2
-91327 -1
10863 -2
-7298 -2
-8937 1
-89621 1
12694 1
-63935 -2
18155 2
35816 2
-66250 1
-27096 2
-25516 1
-21721 -2
37808 -1
18501 2
36889 2
-36961 -2
-55543 -1
-88495 -1
-4812 2
32383 -1
-32868 1
-33884 -2
44622 -1
-14558 2
-88765 1
-47204 -1
-95275 -2
-10453 2
-96870 1
27334 2
-77194 1
34098 1
37813 -1
-62998 -2
-5939 -2
-81892 1
-86015 1
-14364 -2
-73533 -2
-75927 -2
16316 2
-71889 -1
-16234 -1
6404 2
-68788 1
31300 1
-98478 -2
-51177 1
-78420 2
-57968 1
-81149 -1
-48426 2
40576 1
-81858 -2
-21381 -1
13591 2
-71087 1
-91847 -1
-19285 -2
-48066 -1
-89305 2
-33563 -1
47844 1
-18071 -2
-300 -1
-12464 1
-45635 2
19461 -2
-25240 -1
-98750 -1
-46972 -1
-86823 1
10178 -2
-72960 -2
31335 1
-93014 -2
-50545 -1
-60944 -1
-89109 -2
-60127 -2
-36839 -2
-37566 2
-27338 -1
-28080 -2
-57129 -1
-77478 -2
-11614 -2
-40581 -1
3224 1
-46609 1
-35059 -2
-81500 -1
-47601 -2
-77801 -2
-41149 -1
-97850 2
16228 2
-85223 2
-79858 -1
-5662 1
-12996 1
-33117 1
-76605 1
-12452 -2
-46883 -1
-91434 2
-7599 1
-60219 1
-90522 -2
-45384 -2
36213 2
2044 1
-47851 -2
-20097 -1
-32000 1
32824 -1
-91204 2
36238 2
-54798 -1
24310 -1
-37338 -2
-56695 2
26872 -1
-1781 1
39026 1
39849 -1
-9703 2
-22369 -1
-25485 -1
-2898 -2
5772 -1
-98340 -2
15589 -1
-75880 -1
-31713 1
2040 -1
10631 1
32501 1
-60353 1
12037 -2
-28551 2
15897 -1
-36695 -1
-60888 -2
9633 2
-81110 2
-64987 1
-14890 -2
26477 -2
-16211 -2
-77321 2
-52740 1
-33944 1
-80388 1
-33978 2
-70658 1
11289 -1
40102 -1
-13604 -2
-29426 2
-74597 1
-27911 1
-76322 1
-72032 -2
-43814 -1
-69059 -1
-83234 -1
-50084 -2
-97887 1
-38129 -1
-33059 1
-31071 -1
-48719 2
-94444 -2
-98430 -2
-17681 -1
26255 -1
-75806 2
-40172 1
-76738 2
-89041 -1
43969 -1
-18964 -2
28589 2
26218 -2
-52599 -1
-33343 -2
-12339 -2
-97794 -2
29686 -1
9117 1
13755 -1
-77247 2
38935 -1
-47777 -2
-31902 1
-31443 2
9667 1
-96103 1
-27472 -2
-29348 2
21470 1
-73417 1
-72894 2
40058 -1
-36964 -1
42361 -2
-67900 1
45140 -1
-15972 -2
22451 2
30983 -2
28625 -1
43385 -2
-2370 -2
-23663 -2
20070 -2
-22875 -1
-20753 -2
-33850 1
25292 1
37109 1
37726 -2
1014 1
-78792 -2
1900 -2
18411 -2
12571 2
-16388 -1
32552 1
-31550 2
-3594 -2
28501 1
-98845 2
-74245 -2
11678 -2
42181 2
43471 1
-87711 -2
-23818 2
11318 -1
29173 -2
-11955 1
-90010 -1
47246 -2
-14400 2
-53998 1
-24085 -2
-95909 2
-65059 2
46898 -1
14037 2
-78584 2
-68685 2
-71873 -2
-82306 -1
-55002 2
24744 1
-72351 1
-34784 -1
-7539 -1
-52111 -1
-25133 -2
12030 -1
-28363 1
-54896 2
-32845 1
-99599 2
-37366 2
-67896 -2
-46618 1
-85982 1
24459 -2
-29894 1
21621 -2
32599 2
-93544 2
18791 2
27700 1
-91485 2
12631 -2
-56879 1
14091 1
14754 1
16536 1
39541 -1
1913 1
-49595 -2
21399 -1
17662 -1
31810 1
1167 -2
-61463 -1
-22533 1
10563 1
-21749 1
-51625 2
42492 -1
-16571 2
16292 -2
-53561 2
-89191 1
5731 -1
44402 1
16416 1
-19354 1
-3733 -2
43163 1
47027 -1
22352 -1
-91869 -1
-48546 2
-47722 -2
-66382 1
-92717 1
-20528 1
-44372 -1
-78500 1
-29549 -1
-734 1
19130 2
-58865 -1
38178 -1
-39655 2
-47145 2
-79063 1
-24762 1
-35150 -2
-43356 2
3860 1
-55142 2
13171 -2
-48487 -1
-83103 1
40621 1
20284 1
1190 -1
-40810 -2
-95183 -2
19000 -1
45751 2
18560 -1
-58512 -1
-5794 1
-12328 -1
-75132 -1
-17127 -1
-17166 1
-73844 -2
45794 1
-63983 2
44155 -1
10477 2
-62924 1
-77328 -1
-23412 2
25987 2
27795 1
-64348 2
17629 2
27453 1
-583 1
48172 2
-7418 -2
-59498 -1
-93687 -1
-29166 1
-69460 -2
-43543 -2
-42211 -1
-48228 -1
-19279 -2
-24478 2
-58770 -2
-35049 1
-98913 1
44386 1
-48988 -2
-75107 1
6195 1
-33193 -2
-86558 -1
-2413 -1
-99537 1
-68131 1
-62712 1
8498 1
-38724 2
-2132 -1
6392 -1
-57458 2
-31411 2
-1 -1
10824 -2
-5125 2
-20483 -1
18130 -2
9847 -2
27593 -2
-6091 -1
15034 2
-59637 -1
44636 -2
30859 -1
34712 -1
-12889 -2
46556 -2
-28943 2
-91866 1
-43318 2
-55931 1
-89757 1
-59818 -2
13571 -2
-60232 2
-53378 -2
-12018 1
-79061 -1
-16114 -2
26478 -1
44618 -1
-15758 1
36853 1
-24607 -2
35361 -1
-92232 2
-34588 -2
-12140 2
26976 -2
-95117 -2
-22620 -1
-79396 1
-86263 2
37323 -1
-38429 2
-23597 -2
39096 2
7435 2
6830 1
7229 2
-83424 1
-81832 1
-46966 2
-32150 2
-1801 1
-84757 -1
34947 -1
8294 -2
-36219 1
33391 1
-66979 -2
-65627 2
-15511 1
-45957 2
-25320 1
15473 1
13179 2
-24571 1
-11773 1
-98220 1
3098 -1
-30656 -1
-96145 2
-78517 -1
-55500 1
-47730 1
-85156 -2
-1629 -2
-66334 -2
31927 2
-88237 -1
-83926 1
-74430 -2
-98445 2
-88165 -1
-25579 -1
-1266 1
10158 1
-45282 1
6570 -2
-20339 1
-1076 -1
20868 -2
-13505 -1
18893 1
-6186 -1
-40854 2
9283 2
-50245 1
24155 -1
-99694 2
3906 2
4530 1
-1538 1
-19883 -1
15887 -1
-31162 2
-43313 1
36033 2
18268 -2
40167 2
-96021 -2
-50226 1
-6108 2
-80202 2
-83876 -1
-57322 -1
-48713 1
-85631 2
35132 1
-71332 -2
-60230 -1
-94866 -1
-46331 2
42731 1
46219 2
-4555 2
-91104 -2
35110 2
-92351 1
-53934 1
24342 -1
33311 2
48901 -1
24464 -1
46774 -2
-21774 -2
-63801 2
-83271 -2
-86773 -2
42845 1
-304 1
-60199 -2
-14622 -1
-29801 1
-70616 -2
13305 2
-80158 -2
-81690 -2
-15996 -2
-47222 2
-36909 1
20039 1
-19048 1
17292 -2
-27269 -2
-31528 2
29181 2
29962 2
48773 -1
5077 1
8489 -2
6416 -1
46555 2
-90561 1
9915 -2
-95166 -1
-46571 -2
-60663 2
-2085 -2
-37489 -1
-56543 1
2382 2
-35939 1
-64302 -2
-77825 2
-86043 -1
-59960 1
-61276 2
40858 1
-95102 -2
-19988 -1
49268 2
-43085 -1
-54205 2
4798 -2
-59867 -2
-44257 -2
-163 -1
33765 -2
11589 -1
-87737 2
-51687 -1
6199 -2
14975 -2
-83755 -2
38581 1
4646 -2
-68098 -2
-12373 1
-55800 1
17597 -2
18767 -1
-75194 -2
-45760 -2
9359 2
-48888 -1
16360 2
-64374 2
43125 1
-46710 -2
-25746 2
-61986 -1
33828 2
36437 1
-8132 -2
-65080 -1
15040 -2
35415 -2
-40106 -1
-18709 1
25517 -1
-27163 1
29077 -1
-37185 -1
23448 -2
21978 2
3279 1
-15495 2
-58997 2
-73932 1
-39911 2
4083 2
35577 2
1196 2
34835 2
-88974 2
-76526 1
13595 -2
34633 -2
-30030 1
28025 2
-46587 2
31285 1
-13180 1
3803 2
-67480 2
-5741 -2
-12633 1
-54074 1
-80834 -1
20572 -1
-18389 1
-85147 2
31366 1
10654 1
-4581 -1
-6420 -1
9017 -2
-6201 2
-73386 1
-2300 2
12358 2
-93075 -1
12789 -1
38964 -1
26560 -1
-29401 -1
-63748 1
-6822 1
890 -1
35285 -1
40119 -2
-67533 1
-87168 2
-44653 -1
-88963 -2
31398 2
-20234 1
29424 2
31664 2
-58193 -1
-88057 2
29755 1
12168 2
18672 -1
-26521 -1
-3831 2
-90326 1
40901 1
-15599 -2
-87061 -1
-9386 2
-20408 2
18219 -1
-26035 1
-78432 -1
3078 2
7280 -2
33165 -2
3657 1
29949 2
-89225 -2
-77432 -2
-53258 -1
-40893 -1
-681 2
-81562 1
31055 2
-79295 -1
-62992 -1
47897 -1
-42634 1
25303 -1
-23915 -1
-65238 2
-20242 1
-24212 1
-35875 1
-64042 2
12942 -2
-16507 -1
-43260 -2
-64993 1
-84510 -2
1627 2
-69488 -1
-56616 2
-47903 -2
26229 1
39108 1
-24200 -2
-11214 2
-40702 -1
-33583 -2
-7498 2
11749 2
4996 1
-40994 2
-61656 -2
-46502 -2
-54151 2
-21358 -2
-84141 -2
30812 -1
-17638 1
-59647 -2
-86533 1
19950 1
-27468 -1
-75671 1
-54740 -1
-4 2
-75997 1
48816 1
-11047 -1
-27109 -2
15000 2
7917 1
-36548 1
-39147 -2
-61527 1
-59168 -2
36926 -1
48746 -2
4069 2
44376 -1
11522 -2
-58122 -2
-8952 1
-95681 -2
-42847 -1
-63700 -2
-21928 -2
39590 -2
-46881 -1
-13408 2
-67995 1
-99878 2
49111 1
11263 -2
49827 -1
-88087 2
26728 2
-54662 -2
1129 2
-63001 1
18986 2
-3589 -2
-85214 1
-59488 -1
-59621 1
-67780 -1
-67072 -1
46796 1
31183 -2
-8323 -1
15726 -2
-64386 -1
-30627 -2
-55195 1
8239 -1
27666 -2
-10303 -2
-28240 -2
23597 -1
-29691 2
-45240 1
36242 1
-59639 -2
-15515 1
28197 1
-59238 -2
-75245 -2
-21870 -1
34157 -2
-71153 -1
-28575 -2
10764 1
-36224 1
-66085 2
36365 2
6518 -2
-90900 2
16629 2
-23307 -2
-11819 2
-7861 2
-54234 -2
22372 -2
14222 1
-2102 -1
-75302 -1
34741 2
-56426 2
-63359 -1
15623 -1
37347 -1
39683 -2
16515 1
-98982 2
-50654 2
-73098 1
40404 1
4153 1
-75745 1
-53933 -2
-1636 2
-18251 1
-62293 1
10413 1
-79873 2
-31620 1
-20023 -1
35166 2
-99853 -1
6293 2
-36788 2
10189 -2
-7888 -1
-8958 -2
-48427 -1
15059 -1
23914 -1
-38448 1
-6618 1
-39805 -1
-47939 -2
41998 -1
-83736 2
44725 -1
-14933 -1
40479 -2
16209 -2
45943 -2
-49728 -2
-47010 -1
45454 -2
35459 -2
-23409 2
-71256 1
308 1
7718 1
-1496 1
23692 -2
-40002 -2
19123 -1
-50691 1
18352 1
44975 -2
-29092 2
9075 2
26595 2
-29989 2
-58327 -1
-49969 2
-82618 1
-77301 1
-15123 2
26717 2
-34133 1
-39397 2
35805 -2
-99516 1
-82217 -2
-33176 1
35223 2
-17295 2
-13579 1
-68653 2
-51398 -2
29128 2
-53581 -2
-27727 -2
-77912 2
31421 2
-74877 -2
-18416 -1
35729 -1
28592 -1
-23873 -2
12900 -1
12155 -1
-39226 -2
28051 1
-60913 1
4611 -2
19392 -2
-96576 2
40203 -2
-44040 2
-69936 -2
-42075 -2
2679 -2
-58318 -2
-66540 -1
-14239 2
-82436 -2
-73834 2
18473 1
23853 -2
-39920 1
-50439 -1
-17105 -2
42136 1
12529 1
-30803 1
-43646 1
-85342 2
45182 -1
38572 -2
-73474 1
-55441 1
44798 -2
-63627 1
-24007 1
-24609 2
-62850 -2
-2735 2
-87108 1
-61479 -2
47845 -2
-24216 -2
7521 -2
-90290 -1
-62592 -2
-23967 -2
30170 1
-60908 1
35505 -1
-77622 1
-42014 1
-20167 1
42272 -2
-13822 -2
-41498 2
-84867 2
-86563 1
-81329 -2
-611 -1
-37241 -2
-92609 1
24358 1
-38436 2
-86668 1
44019 -2
20752 -2
-17946 1
-77602 1
47185 2
20110 1
3745 2
33192 -1
21180 1
-76191 -2
-20371 2
-24891 2
-69947 -1
-89307 1
23087 -2
-88525 -1
-60260 -1
-57864 -1
11076 1
-88689 -1
-66479 2
-21532 1
-42505 2
19078 2
27264 1
-49904 2
28091 -1
-52252 2
-39555 -2
-62941 -1
-84715 -2
23106 -2
20913 1
-68926 1
-70912 2
-56045 -1
-55938 1
-61765 -1
-12523 1
-47652 -2
16539 -2
-38392 -2
13650 -1
-96224 -2
-59998 -2
-67413 2
-61912 -2
39143 -2
-56765 1
47528 -2
-4535 -2
-52322 1
-87939 -1
-79412 1
46631 -1
-76341 1
-46497 -2
-51426 1
-45419 2
19876 -2
-84063 -2
10901 -2
-39627 -1
48275 1
17440 -1
-96122 1
43500 1
-32923 -2
-17519 -2
29078 2
-10216 -1
20075 -1
-10785 -2
-23422 1
-95764 1
-47209 2
45342 2
-74301 -2
-57359 -1
-3093 -1
-7979 2
-97698 1
31527 -2
23834 2
-17139 1
-51012 -1
-96254 2
35629 -1
34646 1
-1080 -2
-3513 -2
-87486 -2
-61831 -2
-47032 -1
-42238 -2
-17226 -1
-43839 -1
-68282 2
-79167 -2
-41129 -1
-32821 2
28096 -1
27375 2
-2764 -2
-46877 -1
-8335 2
30735 -2
-16791 -2
-66937 -2
-40307 -2
2576 -1
2754 -1
-8491 2
-96098 1
-38170 2
-63664 1
-91599 -2
-82841 -1
-93125 -2
-39213 2
-23876 1
28948 2
21301 1
39793 -1
-61391 2
-7093 2
-8399 -1
24838 2
-14180 1
-48495 2
-5445 -2
421 2
2788 2
-9190 1
27412 -1
-98583 -1
-95354 -2
-27021 2
5035 1
-43383 1
173 -1
-87808 1
38450 2
-87675 2
-75092 2
23336 -2
-56589 2
-15588 2
-87684 -1
-23519 -1
38501 -1
-45220 1
-97511 2
-29450 2
5527 1
-86204 1
-18518 -1
-97345 1
-89954 2
-80981 -1
18869 -1
27224 -1
43900 -2
8322 2
25955 2
-65049 -2
-63962 1
-19942 -2
-18927 -1
22216 -1
-29323 -1
10804 1
-69367 -2
-68599 -2
-55824 1
-40165 -1
47503 1
17465 -2
25672 -1
-18935 -2
31764 -2
-8644 -1
48520 2
-16453 1
-69592 1
-67719 2
-29222 -1
9398 -1
-4533 2
-31203 -2
-65971 2
42590 -1
-19705 -1
5056 2
-84378 1
23109 2
481 -1
-80420 2
-18346 1
-79385 2
29192 -2
-21355 -1
-78610 -2
43856 -1
-86535 -1
-11076 -1
-96659 -1
5785 -2
15996 -1
25738 -1
-9959 1
-18662 -2
-91297 1
-36529 2
-9866 -2
-55313 -2
-4721 -1
-25780 -1
-15435 1
20272 2
-49328 -1
28413 1
16860 -1
36977 -2
-89631 -1
-10854 1
-78238 1
-90670 -2
-54771 1
15046 1
-67223 -2
30037 1
24205 1
-39519 1
41447 -2
-60429 -2
35114 2
4061 -2
-81064 -2
-51928 2
21342 -2
-90590 1
-26872 1
33216 1
-84102 2
-45358 -2
-69398 -1
-9972 2
-60926 -2
-97297 -2
3013 -1
-38010 2
-18097 -1
-19955 2
-52377 1
-71582 1
-54034 1
9561 1
30068 -1
-3531 2
24017 -1
46324 -2
-46377 2
-6128 1
-82359 -2
-53719 -2
-65424 -2
-99906 1
-7234 -1
26721 -2
45060 -1
-91956 -2
-87076 1
-7773 1
-85073 -1
42318 2
3247 -1
39936 -2
34754 -2
-96222 2
-91800 2
-71605 2
-65135 -2
-15243 1
44102 -2
47405 1
-39891 -1
-81614 1
41075 -2
-49054 1
-13502 1
-53458 -1
-70009 2
-55643 2
5724 1
26983 1
-7683 1
-87392 -1
47060 -2
-59545 1
21089 2
-2122 2
-12419 -2
8478 2
-23392 2
-74029 1
-20420 1
-40089 1
43714 -1
8318 -2
-9718 1
46382 2
-19774 1
-93692 -1
-51841 -2
30184 1
-33930 -1
16575 2
28026 -2
-24318 -1
-12820 1
-622 -1
49166 -2
-86335 -1
-91640 1
46182 -1
-57381 -1
-42931 -2
30994 -1
-68069 -2
45784 -1
-19515 -1
-17800 -2
-19581 2
-11350 -2
-8497 2
-79253 2
16758 1
35246 1
-50127 1
-62001 1
23867 -2
1715 1
-49436 1
-80310 2
-29539 -1
-67147 -1
33833 -2
-44588 2
30724 -2
-7110 -2
-15803 -2
-97519 -1
3284 2
14355 2
-7264 -2
8496 -2
-66322 -1
39993 -2
-87994 1
-92661 -2
-28263 2
16210 -1
-61020 1
-17978 2
-45160 1
-94677 -2
-98988 2
-84819 2
-95182 -1
-68672 -2
-28513 -2
-74088 2
-6353 1
-48095 1
37735 1
45726 -1
25646 -1
32261 -2
-38313 2
44039 -2
-84489 -1
-69121 2
-30989 1
27847 1
-7256 2
-19807 2
-87308 -2
18143 -1
-49935 1
-23044 -1
4987 1
-99672 -2
-76567 2
-91807 2
-79306 -1
-83412 2
-77994 1
-30579 2
-58345 -1
-19463 1
-95827 2
-91345 -1
47690 -1
-12797 1
8726 -2
-67545 2
-32578 -1
-90320 -1
32693 2
-45325 2
-96773 2
-77492 -1
-65186 1
-91304 -1
-32921 2
1482 2
-35830 -1
4505 -1
6458 1
-35753 -2
-1166 -1
-49749 -2
-75467 1
31106 1
-40083 -2
-71672 1
21974 -2
-39828 -2
11670 -2
-82886 2
-5337 -1
-54980 1
41828 -2
-32267 1
-88023 -2
-42332 1
-84490 -1
-42648 1
-16064 1
-5669 2
-50364 1
-92532 -2
-63164 -2
-23186 -1
-4512 2
-34322 -2
27878 -2
37711 -2
-87216 2
3156 1
-70326 -1
23492 1
-45770 -1
46786 -2
-48055 2
-35647 2
-61258 2
-19894 2
35614 -2
-11884 -1
-76364 1
-38011 -1
18547 -1
15899 -2
34988 -2
16459 1
38710 -1
-2124 1
17211 1
-94629 -2
3955 2
-18468 2
-7483 -1
-22648 2
-29701 2
20231 -1
38904 -2
-24749 -2
-91622 -1
-66574 1
-10187 -1
-72609 -1
-23091 2
27398 -2
48362 -1
-46480 -1
41432 -2
-95880 -2
49178 2
38944 2
-74160 -2
-56025 1
-10584 1
-93190 1
-35521 2
-96631 -1
-56557 1
-91454 -1
-37180 2
24361 2
25892 -1
-10123 1
-30162 1
-40711 -2
-73758 1
3055 1
-17606 -2
-80896 -2
-84456 2
-584 2
-22499 -1
-74295 2
-70321 -1
-2244 -1
49980 2
-37933 1
-62883 2
3419 1
45270 1
39393 -2
-10103 -2
37566 -2
3515 1
-28172 2
-20174 -1
9352 -1
47033 -2
-56223 2
32667 -2
-27815 1
-74135 1
-29217 1
-52202 1
-54280 -2
-82377 -2
36315 1
36692 1
-21309 2
4086 -1
-67562 2
-97639 1
-84858 -1
38455 -2
-63752 -2
-20228 1
-75054 -1
-1753 1
-22294 2
1395 2
32651 2
6897 1
-31421 2
14462 -1
21814 1
-25886 -2
-69587 -2
-1087 -2
-7230 2
-53410 -2
-74041 -2
-42300 2
-54583 -1
31965 -1
-48809 -1
-27880 -1
-72753 -2
19237 -1
31971 2
9223 -1
21365 2
30841 -1
-6770 -1
-76619 1
4169 -1
26856 2
-7183 1
19507 2
-59576 -1
-29860 -1
1520 2
-37541 -1
27917 1
-41596 2
-62402 -2
31531 -1
-69156 -1
-96405 1
27135 1
-61054 2
26868 -1
16513 -1
-14648 -2
-26576 -1
-51290 1
-23435 -2
-27030 -1
-85437 1
34046 2
-16445 1
6522 -1
-93456 -1
-89942 -1
41881 -2
-71858 2
15664 -2
34653 2
-64534 2
24530 1
28788 1
36505 1
-3468 2
11823 -2
-95196 -2
-20774 2
-16817 1
-30810 1
-13869 -2
-27893 -1
-66995 -1
3110 2
-82504 2
-23483 -1
-14031 -1
-49868 1
-7151 -1
-11759 2
-48451 1
-42676 -2
-19844 -2
-38784 1
-5019 2
-67729 -2
-82924 -2
-21427 -2
25621 -1
29458 2
-31357 2
-97104 -1
-21940 -1
-29022 2
-76908 -2
-91011 2
-84227 1
-64165 1
-95624 -1
13737 -1
-74721 2
33389 2
832 1
-55714 -1
7199 -2
-21861 2
-32464 -1
-17565 -1
-51706 2
-4495 -1
-93264 -2
-74527 -1
-95188 2
13062 -2
-62859 1
14188 -1
-54692 2
-15886 -1
-7435 1
-96918 -1
-5093 1
15243 -2
38870 1
-66960 -2
10821 2
-35023 2
-78276 1
-62153 2
9935 -1
30128 2
755 2
-20000 1
-35676 -2
21110 -1
47003 1
29889 -1
-43459 1
-54834 1
29080 -2
-68652 -1
-51292 2
-84717 1
-17373 2
-63855 2
-23394 -1
-16053 1
4672 -2
-3069 2
33939 -2
-62372 -2
-12486 2
14101 -1
-82043 2
-85750 2
-59036 2
-32190 1
-44293 2
-76253 -2
15891 2
-28352 1
-38293 2
17589 -1
10311 -1
16554 -2
49021 1
-66910 2
-12798 1
-90865 -2
-63604 1
36791 -1
-50493 1
-18665 -1
-25604 -2
32854 -1
-962 -2
21808 -1
9594 1
-14196 1
29556 -2
-12759 1
-11653 1
-40319 2
-10649 2
24180 -2
-46725 2
-29683 -1
-29964 2
-59605 2
-4632 1
32475 -1
40104 2
-89560 2
14324 1
19297 2
5698 -2
36653 2
21389 2
33017 -1
-48717 -2
11901 2
-53465 -2
30635 -1
-66437 1
-63286 -1
-79422 2
-20441 -2
-46846 -1
13936 2
-41515 2
-79384 -2
-43255 1
-26805 -1
-26347 2
-96043 1
-41371 1
-77203 2
-50583 1
-29085 -1
-50306 2
-27512 -2
-8582 2
7290 1
-42869 -1
1498 -1
-24034 1
-96575 1
44983 2
-84444 -2
-29345 -1
-76793 -2
11863 -1
-55249 1
36565 2
7451 1
-6681 -2
26176 -2
-26292 -1
33577 -2
21288 1
11071 -1
-43201 -2
-55186 2
-38380 1
-59424 2
-99207 -2
-91293 1
-22845 1
-50450 2
46537 2
-88257 2
-5351 -1
14464 2
39105 1
-94337 1
-64799 1
12409 1
12751 1
-35572 -1
25413 2
-49828 -1
-63874 -2
-51667 -2
-87351 -2
36164 -2
-88949 2
-32226 -2
-58882 -1
-58734 -2
-13516 2
-53854 2
16882 2
-12143 -1
-50573 2
-34872 1
9113 1
-75934 -1
-33582 2
-63643 -2
-90513 2
-19622 1
-45383 -2
-42536 -1
-54330 1
12882 -2
-17215 -1
42853 -1
-65137 -2
14071 2
11729 1
-19177 1
-82363 2
-20313 1
-24767 1
-81737 -1
46290 1
-14697 -1
37574 -1
12621 -1
-61118 2
26840 1
-89334 1
-29035 1
-23299 1
-43222 -1
-48887 1
-16304 -2
-68498 -1
-92000 -2
-65853 -2
38963 1
-28189 -1
-3140 -1
45630 1
-42038 -2
10535 2
5262 -1
-47885 -1
-762 1
-73411 -2
-16272 -2
-70962 -1
34015 2
-64276 2
49072 -2
14710 -1
-35192 -1
-77694 -2
23252 -2
-58042 2
-65988 1
-1257 1
-62040 -2
-82456 1
-42101 -2
29827 -1
-85632 1
-6100 -1
-96028 -1
-53669 1
46873 -2
6048 -2
-47787 1
36948 2
-60851 -1
24162 -1
25139 2
35174 2
-93398 -2
-72532 1
-64411 -2
-50795 -1
32014 -1
35778 -1
5162 2
36533 1
-7865 -2
-23507 1
27655 2
-823 -1
-17886 2
45739 -1
-84335 2
14309 -2
-52071 2
-94468 -2
-77282 -2
-10242 -2
-82686 -1
-53590 -2
18707 -2
11525 -1
-95300 -2
5998 -2
-11847 -2
-5513 1
17655 2
-60799 -2
-37431 -2
-41143 -2
-94790 -1
-21104 -2
40918 1
-24858 1
-12168 -2
48109 1
-20470 2
-88313 2
-86037 2
-30979 -1
-12185 2
-87484 -2
-62246 2
-36974 1
-2024 1
24320 1
2864 -2
-80697 1
-97738 -2
-22980 -2
11926 -2
-88156 -1
-16075 -2
10783 2
-58930 -2
-82366 1
-30610 2
26583 -2
-73807 -1
38041 -1
31543 -1
-67323 1
5018 -2
-5470 1
-48763 -1
34604 -2
-9912 -2
43710 -1
-45035 1
1945 2
39975 2
-18790 2
-11803 2
35759 -2
-24943 -2
5659 1
-63422 2
-19594 2
13811 1
-72288 2
253 1
36994 1
-12721 -2
37388 2
16843 2
38881 1
-64665 2
12737 -1
-65874 1
47015 -2
30385 1
-46561 1
11291 2
13201 -2
-64263 1
-15400 2
23396 1
35057 1
16923 -2
-51584 -2
4878 2
-15308 2
-619 -2
-72736 -1
-83248 -2
8769 -1
48408 -1
-49248 -1
-35342 2
38658 1
40392 1
-76660 -1
-55783 2
-72072 1
-71240 2
-54393 1
19702 -2
18596 2
1145 1
-76237 -2
-86343 -2
32257 -1
35871 1
-44209 2
-99574 -2
-3 -1
31126 -1
27861 1
-39895 -2
34521 2
-42906 -1
-46658 -1
-35973 2
-91576 1
-62821 -1
-85015 -1
-59809 -1
-27671 1
-31021 -1
3347 -1
-49533 -1
14105 -1
-47553 2
-40620 -2
-10929 2
-31129 1
39904 -2
-78176 2
-64398 2
-47462 1
49780 2
-83368 2
-26974 1
-52288 -1
-30465 2
27197 2
-94566 1
47380 -2
-6217 2
12701 1
1814 2
42587 1
-70491 1
-24430 -2
-31579 1
-87330 2
-90746 -1
-79226 -2
22407 2
-34921 -2
-79807 -1
-51047 -2
-26934 -2
-98658 1
24218 1
22234 -2
36534 -2
38076 -2
-276 2
-72979 1
25227 1
39282 1
-23288 1
-23283 -2
-12176 2
30457 1
-48353 -2
8326 2
-82031 -2
-5534 -1
-71821 2
-21727 -2
11776 1
35157 -1
-85963 2
-71432 -1
18802 -1
-30680 -2
-12142 -1
-45757 -1
-49477 1
-67295 -1
-51015 -2
42373 2
-6532 -1
-46231 -1
-99616 1
-33808 1
-68908 1
-56727 2
-20168 1
-64563 -1
-66207 1
-53225 2
-63290 -1
-13913 -2
-82088 1
8369 -2
-92835 2
-14909 2
-83148 1
-72526 -2
48400 2
-88440 1
-28945 2
6369 1
-47334 -2
-23032 2
41562 1
-88954 -2
-88309 1
27966 1
-58308 1
-93702 1
30503 2
-98245 2
-47937 2
-46017 -1
-89974 2
23313 2
25338 -1
-70945 -1
-35141 1
-7296 -1
9433 1
-15306 1
5186 1
-39935 -2
-31430 1
25151 2
-91189 -1
-22552 -2
-2678 1
35667 -2
-79826 -2
40093 -1
-97497 2
25115 -1
-53346 2
-45067 1
-85882 -1
-21781 -1
-35061 2
-11249 2
-42470 2
13825 -1
-33706 1
-7613 -1
-4572 -2
-3502 2
-76884 2
42688 -1
-36620 2
34063 1
3929 1
38839 2
28722 -2
-44706 2
26110 1
2805 2
-84041 2
-8835 -1
27882 1
42469 1
2414 2
22921 2
-21551 2
32614 2
-97169 -2
-98384 2
-16135 -2
29312 -2
-4273 -2
-13640 -2
-78204 2
-30991 1
-93162 2
-5004 1
19319 2
-69007 -1
-82976 1
-49484 -1
31937 -2
35468 1
47664 -1
13239 2
-26274 -2
-83042 -2
-52679 1
-29228 2
-73529 -2
12514 2
-82772 -2
-15425 2
-98072 -1
-86262 1
18660 -1
-32290 -1
-58949 -2
-74391 -1
-94745 -1
38482 -2
-88118 -1
40177 2
35610 -1
-49800 -1
34830 -2
-23863 1
30757 -2
-93694 1
33751 -1
-30460 2
32940 -2
49414 -2
-81924 2
-23688 -1
-75649 -2
8046 1
-22694 1
-86993 1
-10669 -2
37172 -2
-27847 1
-541 1
-78225 -2
19484 1
-50276 1
45613 1
42260 -1
29400 2
4186 -2
-15333 -2
-86290 -1
42966 1
-79745 2
9155 -2
-80458 2
37231 1
8631 -2
-36331 2
-69613 1
-62044 1
8036 -1
-24202 -2
-16007 -2
38616 -1
375 -2
-42538 -1
-97954 -1
-38762 1
-5910 -2
23676 -1
-3257 1
-27428 2
-58238 1
3265 -1
-69172 -1
32059 2
-27195 -1
-1529 -2
-12518 -1
-1170 -1
-4615 1
-91498 1
326 1
-7903 -1
43843 2
20126 1
-84822 1
-30815 1
-26326 1
-3984 -1
-91860 1
13763 2
-69566 1
-34093 1
1457 -1
-47335 -1
-901 2
-64746 1
-33185 -2
-36375 -1
47284 2
-96579 -2
23436 1
-5205 -1
-1978 -2
-43453 1
43737 2
240 1
-39429 1
-63932 1
-8798 2
-17903 1
-55975 -1
46886 -1
-12257 -1
-19685 2
-66588 -1
-37260 2
-85889 -2
4865 1
-37100 -1
-92705 -1
40721 2
-19580 2
47326 -2
45175 -2
-51691 -1
-92820 2
-97087 2
-88359 -2
-54133 -2
39049 1
-72373 1
-17119 2
-70226 -1
28900 -2
24230 1
-97487 2
-5795 1
15547 1
-49090 2
-96255 -2
-27675 2
23362 2
-2926 1
24062 -1
-76749 2
-78799 -1
-16032 -2
-91856 -2
-2047 2
-96406 -1
8950 -1
30569 2
-85559 -1
35949 1
4108 -2
-35972 1
-2911 1
3732 -1
-86653 -1
-16005 1
-44270 1
-97748 1
-7853 -1
-72785 1
-59926 2
20399 1
-81876 2
-34436 -1
-84189 -1
-1848 1
8341 -1
-37544 -2
-25817 2
-24122 -1
-49325 2
-31067 2
-55630 -2
-50443 2
41085 -2
31861 -2
-28417 2
34266 1
-62161 2
-33118 -2
-97658 2
6922 1
-10212 2
14484 -1
45264 -1
28285 -1
-88052 2
18342 -1
35303 -1
-6233 1
-57710 1
10122 -2
-35602 -2
213 2
-17205 -1
-67203 1
-25487 -1
-47282 -2
20909 1
25010 1
24256 -2
-76659 1
-67032 -2
-12020 2
-36497 -2
-39436 2
10974 2
48817 -1
-12439 2
-82551 -1
44961 2
-25674 -2
-78002 2
-17655 2
27976 1
7150 -1
-81831 2
7838 2
-33425 -2
-62107 -2
30342 -1
43659 -1
-4016 -2
21566 -2
-57353 2
-56558 2
-47100 -1
-13945 -1
-27780 1
-60755 1
16679 -2
30215 1
-72075 -1
-77568 -1
28782 -2
-25929 -1
-39275 -1
3872 -1
-5772 -2
-95823 1
-48715 -2
-32583 -2
-54793 -1
-57111 1
25699 -1
-75050 -1
24639 1
-24358 2
-76027 -1
31702 -1
31101 1
43422 -2
-49993 2
21425 1
17354 2
-96413 1
-32907 -2
-93921 2
-28988 -1
-29611 -1
39699 -2
-26302 -2
-56051 -2
16159 2
-71943 -2
10705 -1
-69446 2
28461 -2
-31410 2
-26266 2
-48611 -2
-10486 -1
-83191 -2
6579 2
-76459 1
-77368 -2
-7576 -2
-3255 1
-82074 -1
-45265 2
36635 2
17478 1
-66489 -2
26154 -1
21372 -1
-63736 2
-96804 -2
27 2
-62541 -1
12533 -1
-84180 -1
-75141 2
-7537 -1
27149 1
-65923 1
-37206 1
3375 1
15300 1
-66516 2
-25442 -1
-53866 2
-2824 1
-70505 2
-62354 2
-30540 -2
7048 1
-3820 2
-95264 1
-2297 1
-83629 -1
-23248 1
1456 -2
-71301 2
-57818 -1
-78720 1
-64345 -1
-54899 -1
2015 2
-43876 2
-62885 -1
-36071 1
-70806 -2
2599 -1
-65618 -2
26372 2
-98860 -1
-34519 -2
-10988 1
-34846 -1
-68350 -2
19318 2
20113 -2
17872 1
-16856 2
48854 -2
-93107 -1
-61961 1
-91291 2
-17769 2
-11933 1
40771 -2
17889 2
397 1
-56249 1
-77651 -1
38405 -2
-71631 1
-64689 -1
-77943 -1
-15323 1
-65749 -2
-38416 1
-3585 -2
-90099 -1
-12501 1
-59055 1
-21844 2
-52939 -2
-62268 -2
-68607 -2
-17529 1
-24583 -1
-88580 1
-15736 2
-9171 2
-87278 -1
-65978 -1
34441 2
5240 -2
27806 1
-38616 2
-61413 -2
10752 1
9685 1
-13773 2
-79987 -2
-68486 2
-21382 -1
-5626 2
-57791 2
-15222 -2
46125 -2
-44749 2
25865 -2
24286 1
31361 -2
-960 2
-65220 1
11682 1
-67232 1
-81984 2
32895 -2
-65773 2
6585 1
24007 -1
-34506 -2
-4682 2
18081 1
-45167 1
2134 1
-9797 -2
-81852 1
-72737 1
-43015 2
8609 -2
-97807 -1
-16584 -1
-42543 1
-2027 2
39163 -1
-22755 -2
-4619 -2
33777 2
-22311 1
14511 -2
-68023 2
-26839 2
48939 -1
33775 -1
12197 -2
11470 -2
-49222 2
35318 2
10865 -1
-51805 -1
44626 -1
38774 2
4931 -2
-67023 -2
23116 1
-68469 2
1019 2
-55897 2
14568 2
-93757 -2
-75322 -1
-25558 1
27424 -1
33482 2
33849 -1
-84441 2
36162 2
35978 -1
-64706 -2
20339 -2
-38500 -1
-40785 2
-61530 1
-39073 1
-39490 -1
18212 1
-59226 -1
-87097 2
-76370 -2
-46935 -1
11824 -2
-41138 -2
40645 -1
21354 1
-19732 2
-10061 -1
-86888 1
31464 1
-75135 -1
-8924 1
45591 -2
-41788 2
-82335 -1
-61316 2
22575 2
-71206 -2
-60895 2
34178 2
-12371 1
-45997 2
-16452 -1
-63139 -1
1433 1
-54219 1
-9358 -2
-37015 2
3319 -2
-89760 2
-43826 1
-95042 -2
13790 -1
-94246 1
-60774 -1
-40953 -1
-20576 -2
-76697 2
-70223 -1
-22491 -1
-57912 2
-60876 -2
-92385 2
-99629 1
-35599 -1
1082 -2
-56559 1
47485 -2
36262 2
-42729 2
-52809 -1
-67370 1
-75920 -2
15224 1
19202 -2
15432 -2
-67762 -2
-10731 1
-73974 1
-99416 1
-82780 2
35693 1
-2863 -1
2021 -1
-37810 -1
35985 -2
-69195 -1
-78459 -1
275 1
-16351 -2
33884 2
18208 -2
-63397 -1
6247 -2
-92277 -1
3187 -2
-92075 -1
17443 2
-52629 1
-51934 1
-52930 2
4050 -2
26359 -1
-83309 1
-95528 1
-78293 -2
-19567 1
-83056 -1
-77991 -1
-48020 2
-23033 -1
-95064 -1
22458 2
49669 -1
-52572 2
-50696 1
-29226 -1
22466 1
24257 -2
-98208 2
-98743 1
-42780 -2
25482 1
17751 -2
-32147 2
-82298 1
-9482 -1
32747 1
-49201 2
-25758 2
25912 2
-6582 -2
17370 2
-64232 1
-42137 -1
-28964 1
-23679 2
-53760 -2
31563 -2
14720 1
-80021 -1
-40075 2
17954 -1
-97633 -1
36092 -1
-36658 -2
-64903 1
-23208 2
-74345 1
-46347 -2
-25162 -1
-62735 -1
-44129 -1
-58022 1
-35116 1
-66567 1
4468 -1
4911 1
-41081 -2
-4370 1
-88707 1
-79310 1
-83964 -1
28175 -2
22804 2
-52020 -1
41867 -1
37951 -2
37210 2
-23488 -2
-99369 2
-84795 -1
-38432 1
-15821 -2
-76755 -2
-17706 1
-59691 1
16199 -1
-26829 -1
-29933 -2
-9910 -1
-9421 1
8696 -2
-6538 2
-93645 1
-19865 -2
-82776 1
-40572 1
-62441 -2
-35798 -1
-31861 -2
46652 -2
-24451 2
46595 2
-43893 -1
10242 1
29877 -1
-58245 2
-70019 1
-50650 -2
-80136 -1
-15028 -2
-36921 -2
-57809 2
2660 -1
-170 -2
-37057 2
29915 -1
-5945 1
3831 2
-25875 1
-97551 -1
-62791 1
-85181 -1
47669 -1
-42179 2
-35642 -1
-57841 1
3818 2
-26019 -2
-26619 1
-28469 1
-46875 1
-35036 -1
-29794 2
5455 2
16171 -1
-6264 -1
-87527 -1
1592 -2
-66406 -2
38170 2
-68216 2
-74250 2
38225 -2
-93888 1
11579 -2
37420 2
7378 -2
-49734 -2
5927 -2
-28023 1
46194 -2
-40530 1
15781 -1
44547 -2
-31930 -2
32778 2
-4448 2
33900 -2
-34219 1
-98423 1
-48272 2
-90702 -1
-52006 -1
-18936 -1
81 -1
5199 1
-79664 -1
21793 -2
-11151 -1
-35501 1
-9191 1
-8159 -1
-39880 2
-48841 -2
-37473 2
-79620 -2
-66818 1
36045 -2
-35636 -2
46995 2
119 1
-73745 -1
-86311 1
-18627 2
-45526 -1
49129 2
-67671 -1
-85530 2
-9378 2
-83957 1
-56332 2
1829 1
-79854 2
14277 -1
-61333 -2
36503 2
-46818 2
-87049 -2
1471 1
-95910 -2
-97118 -2
-84689 2
-26201 1
19951 1
34417 1
-41937 2
-72372 -2
13251 2
-3990 1
25060 1
-36604 -2
46463 -1
-39967 -2
26597 -2
41022 -1
30323 2
9043 -2
15687 1
-25371 -1
28815 2
-13553 -1
-19579 -1
-285 1
-13686 1
2433 2
43443 -1
41696 1
-61380 -2
-20188 1
-31337 2
-28092 -1
-10259 2
-59001 -1
-6594 -2
49919 -1
-12366 -2
-86986 1
-48375 2
10171 1
-1342 -1
11513 1
-48200 -2
-38046 1
-53128 2
-53545 2
-90106 1
-39143 -2
48956 1
-4918 2
-58332 2
14050 2
-22034 -2
-7958 -1
45391 -1
-14704 1
-99364 -1
-60554 2
32871 -1
-66810 -1
-14828 -2
-51501 -1
-69345 2
-30885 1
13579 -2
41372 -1
-54271 2
-98355 -2
21024 -2
-60153 -1
-43055 1
7635 1
-39212 -2
-78803 1
39706 1
-92850 -1
45876 -2
37385 2
9301 1
-2556 -1
-94120 -2
49361 -1
-25610 -2
1667 -2
-47857 -2
-48186 -2
34890 2
-62567 2
-84057 -2
-28737 -1
48800 1
8771 -1
26411 -2
46857 -1
2255 -1
41578 -2
-729 -2
-58448 1
-4660 1
33827 2
-2400 2
-17873 2
-73059 -2
-84165 -1
5347 -2
27905 2
13103 -2
-25335 2
-19011 -1
-47549 -1
38494 -1
-83754 -1
16815 -1
46964 1
-80972 2
-52051 2
49594 2
5762 2
13597 1
-40969 -2
-61368 1
44299 2
-29326 2
-7302 1
-81971 1
27654 1
15270 1
11837 2
-83285 1
-97098 -1
-12131 2
-95047 -1
-84713 1
19540 -2
4279 -1
-14235 -1
-22408 1
-52723 -1
-90697 2
14796 -2
-49529 -2
-45780 -2
29928 1
21416 2
-37292 -2
-16467 1
-78749 1
-97213 2
-93306 -1
36402 -1
-18447 1
-43334 -1
-37914 2
11412 -1
19341 -1
-35525 -1
29823 2
-61402 2
-85137 -1
-25521 1
-25145 1
-24285 -2
8347 2
23232 -2
-95896 -1
1601 -2
18570 1
-17133 2
-9945 1
-20096 2
41166 1
-9353 -1
15044 2
-57082 1
-95770 2
-37999 -1
-67243 1
-178 2
-93875 -2
-43221 -1
-43550 2
-70423 -2
-70648 -2
21371 -1
-46676 1
28156 2
39245 1
33479 -2
-47153 -2
44199 -1
-97819 -1
-16124 -1
-43070 -2
-25697 2
-38291 -2
-7953 2
15289 2
-52475 2
-96880 2
-28831 1
49610 -1
-14688 -1
-65258 -2
-55919 1
17936 2
-79485 -1
18685 -2
-32939 -1
-64447 2
4162 -1
46797 2
14289 -2
24630 -2
-70021 -1
2552 2
-27712 2
-97420 -1
-18021 -2
-23240 -1
-61446 2
36339 1
29380 1
-69315 1
-36026 1
-93953 -1
-99745 2
-63350 1
-26554 2
47784 -1
-66020 -2
26629 -2
-5668 1
-85590 1
-61410 -1
5441 -2
-92919 -1
-9013 -1
42325 -1
42696 -1
37159 -2
-30401 -2
20839 1
-5108 1
-68448 1
-69971 -2
-56523 -2
-11726 1
-43349 -2
-21000 -2
-86354 -1
-77068 -2
-94473 -2
-99302 -2
21806 -2
-19 1
-49095 -1
-16141 2
-54412 1
-59304 1
25324 -1
-45602 -2
-33929 2
3641 1
-94220 2
2752 1
-38887 -2
-28803 -2
46611 1
20973 -1
-68094 -1
-65020 -2
-6083 -1
11928 -1
25219 -1
1584 1
-74324 -2
-83607 -1
-21991 -1
-74853 2
-99201 1
-63727 1
-85563 2
46558 -2
-8287 -1
-1633 -2
-24860 -1
5999 2
-37815 2
-96852 2
10971 2
42901 2
-24848 1
-80492 1
-16701 -2
-46917 1
-28543 -2
-93526 -1
-31390 1
-83358 -1
40266 -1
-48753 2
-76933 2
-17574 -2
-11220 -2
-85638 -2
-57280 1
-67205 -1
-11488 -1
44954 -1
24783 -1
-80626 2
-24207 1
-40556 -2
5797 -2
1123 2
-73440 2
7775 -1
15777 -2
-87231 2
16727 2
-21397 -1
14191 2
21112 2
-50317 -1
-38051 1
-89462 2
-43211 1
-24344 -1
-23231 -2
20836 2
-29758 1
26752 2
-85164 -1
46650 -2
-6964 -2
-10387 2
-23757 1
-1905 -2
-26719 -2
-42357 1
-24166 2
-94151 -1
-5912 2
5165 1
-20620 -1
-13978 -2
-2141 1
30471 1
-52708 2
29791 1
-74926 1
-82802 -2
17492 1
-9979 2
-8404 -1
25542 1
49331 -2
13363 -1
19652 -1
44881 -1
-87765 -1
-8105 -1
47714 -1
-34659 -1
42368 -1
-4895 -1
-2313 1
3489 1
-14173 -2
-52664 2
-27116 1
3215 -2
38239 -1
-75364 -1
-18234 2
-68603 2
123 1
-16807 2
-7851 1
-49074 -1
-13921 -1
20780 2
-68095 -2
-76041 1
1955 2
120 1
-53900 -1
-78945 1
-75884 -1
-86936 -2
12329 -1
26245 1
-95440 2
-33152 -1
-55375 -1
14151 -2
11995 -1
43216 -1
23356 2
-82930 -2
20293 2
-70843 -2
-69502 -2
-78946 -1
24260 -1
-45714 -2
-62003 -1
-94396 2
-59800 1
-66117 1
-8226 1
-30760 2
-46981 2
10639 -2
-16485 1
-38311 1
8275 2
-59402 -2
-97240 1
-52537 -2
24279 2
-48218 -1
-37968 -2
-47268 2
39650 -1
-77167 1
-64019 -1
19610 -2
-5695 2
-10484 -2
-10616 -1
4308 -2
10087 1
47591 2
-25507 -1
43482 -2
-23084 2
28158 -2
-50221 1
-65937 -2
41406 -2
-66570 1
15499 1
-64437 2
-35736 1
1564 -2
-14740 -1
15765 1
-14216 2
14885 -2
-15709 -1
23235 -1
-25530 -1
-45940 -1
-76304 -2
-48250 1
-29752 -2
-88172 1
-47908 1
-6748 1
-53305 1
-36745 -1
-11863 2
-53358 1
-27634 2
15798 1
14356 2
-27647 -1
-81910 -1
-27340 -1
-45559 1
46120 1
-79220 -1
-97847 2
-22847 2
-87152 1
6197 1
-88236 2
-24030 1
35766 -2
-63471 -1
-57647 2
-20590 -2
-23482 -1
49098 2
-86090 1
-49305 -1
796 -2
17189 -1
23062 -2
-12561 1
-41526 -1
3843 1
4946 2
47242 1
46109 2
-91735 1
-6452 1
6764 1
-74586 -1
-67351 -1
-15731 -1
-15039 1
-89813 2
-1458 -2
17807 1
15710 -1
9663 -2
-11574 -1
-16157 -2
-14985 2
-79328 2
-879 -1
-3264 2
40739 -1
-60867 1
31006 2
-53639 1
3530 1
-37462 -2
-35738 -2
-6151 -2
-77473 -1
12873 -1
-96339 2
-68308 1
38975 -2
-19927 -2
35862 -2
29580 2
34852 -2
-1305 2
-15008 2
-9175 -2
-51686 2
-64551 2
-95651 2
-42344 2
-41494 2
-47128 1
-21866 -2
-83620 1
-46330 -1
-57788 -1
-54767 -1
-20463 -1
22863 2
-80795 1
-87497 1
40043 -2
-53287 -2
-26683 2
4797 -1
29921 -1
-58866 2
-48943 1
32750 -2
-4427 -1
21881 2
42187 2
23788 1
33481 1
-10307 1
-87110 -1
-70142 -1
-26686 -2
-17354 -2
-50418 1
-44330 -2
42725 2
39620 1
-99602 -1
568 1
-80565 -1
-99991 2
-56317 2
5875 1
-82622 -2
19398 1
38215 -2
-18867 -2
-65084 1
25225 -1
-5561 2
-7167 2
-37738 -1
-19398 -1
-55863 -2
-60129 -2
8802 -2
-49551 1
23419 -2
-48332 1
6211 -1
-92646 2
1661 1
23132 2
-98594 -1
46884 1
29832 1
-71119 1
-14183 2
-15572 1
5564 1
-50742 2
27657 1
-12639 1
-88987 -1
-68828 -2
-97209 2
44722 1
-77726 2
-24088 1
-6826 -1
-82672 -1
-41370 -2
32096 -1
-63148 1
758 -1
44616 -2
-61919 -2
46709 1
10136 -2
-68930 1
-58394 -2
-43551 -1
-31110 -1
46532 -1
-63384 1
7423 -2
-48568 1
41172 1
-48536 1
-41800 1
-29098 1
29977 -1
-61238 -1
-43443 -2
-8140 -1
-8436 1
-96714 -1
9694 1
-14797 -2
8360 -2
41657 -1
-77829 -2
28218 2
-95002 1
-50354 2
-30781 -1
-91606 1
-63135 -1
42334 1
-1863 2
26094 1
-67525 -2
6651 -1
-35079 1
-13368 2
-9339 -2
-75584 2
-31799 2
-92950 -1
4293 2
26365 2
-89032 -2
-86731 -1
-70660 -1
39743 -1
30934 -2
-56085 -2
-72049 -2
-30674 -1
-81922 1
23903 -1
-75010 -2
-67088 -1
7723 -2
46849 -2
47483 1
-23408 2
-49133 -1
-53084 1
-39545 -1
-26875 2
-19378 1
-78963 1
-8592 -1
-47198 -2
-9888 -1
47617 -1
-75548 -2
12372 2
9048 -1
-96141 1
-68573 -2
3237 -2
9711 1
11294 -1
-25218 -2
-36415 1
-37712 1
-34188 2
-14256 -2
-96153 1
44550 1
-3892 -2
-60660 -2
-9230 1
-28839 1
-50637 -2
7864 -1
-76390 1
-84010 2
-94674 -2
-58330 -2
-48774 1
19472 2
-85784 -2
-41611 1
-48041 1
19152 -2
-68476 -2
42600 2
-68066 -1
-24539 -1
47078 1
-19800 2
-56276 -1
-46591 2
44833 -1
28265 1
-57972 2
-31988 2
-51238 2
49926 2
-1252 -1
-97790 -2
9311 2
-17000 -2
-53446 1
-85496 2
33144 2
425 -2
10194 -1
37063 -1
14667 2
-97156 2
-89363 2
-25175 1
37143 -2
-13338 2
-86561 2
-33050 -1
-31175 1
-24557 -1
-40309 1
-54717 -2
40628 -2
8910 -2
-89947 -2
1135 2
-84174 -1
24175 -1
-399 2
-88372 2
-4718 -2
-49312 2
46662 -1
-24602 1
13549 1
-83100 2
-90656 -1
-99578 1
-44519 -1
-85944 2
-75453 -1
-62605 1
-59615 1
-86213 -2
-18832 2
44048 1
45472 -1
-22255 2
-54444 2
605 -2
-35099 -2
-75924 2
-72821 1
-18550 1
-48914 1
5808 -1
-50504 2
720 1
-40645 2
40475 -1
-88252 -2
-92534 -1
-99395 -1
12077 -1
-86530 -1
-61233 2
-37022 2
-92774 1
-55309 2
38331 -2
-520 1
12833 -1
16272 -2
46972 2
-21174 -2
-290 1
-76922 -2
-16275 1
-31521 1
39829 -1
-76531 2
23227 1
2022 2
-70551 -2
37395 2
-4429 -1
-80089 1
-64117 1
-48249 -1
29445 2
13631 1
-92256 1
44381 2
-37715 2
-5416 1
-41209 -1
20613 2
-88251 -2
-31921 -1
-97139 2
26977 2
-14501 1
23881 -2
-11613 -1
-34631 2
30397 -2
-96271 1
510 -1
15740 1
-25862 1
40110 2
-51546 -1
47203 1
-49574 2
-48852 1
-26134 -2
-27857 2
-80648 2
-83494 -1
360 -2
-11590 1
47107 -1
9241 2
-44540 2
-47004 -1
8195 1
-4178 1
-45117 2
1583 2
-32296 2
-67109 -1
4376 2
-93340 -1
-95328 -1
78 -2
-54256 2
26789 -1
-22425 -2
-33931 -1
-55746 -2
21115 1
-613 1
-76166 -2
-56570 -2
-68062 2
-73956 -2
-67869 -1
-58613 2
35080 1
-46002 1
37003 2
28153 2
-49774 -2
-65857 -1
-90359 2
29594 -1
-77079 2
6610 -2
27106 -2
-55870 -1
-62759 2
8720 1
-13401 -1
-11763 -1
2879 -2
1486 2
-94581 1
69 -2
-13735 -1
-34221 2
48672 -2
-12659 -2
-93147 -1
-12296 -1
-51367 -2
-55046 -2
3771 -2
-37456 1
-23115 -2
-98128 -1
46442 2
-18206 -2
-981 1
-49430 2
-74727 2
3304 1
47886 -2
-2612 1
49243 1
20855 -1
3349 2
-76285 -1
15884 -1
-51939 -1
-83130 -2
-48492 1
10486 -2
-64511 -2
-42060 2
-44727 2
28279 -1
37275 -2
28098 -1
-67246 -1
-88317 2
-82553 2
37665 -1
-63439 2
28525 -1
4371 -2
-55935 1
-49205 -1
-90245 1
-46579 1
18442 1
-5073 2
45034 -2
39574 -1
49398 -2
-48161 1
-89401 -2
30883 -2
-61769 -1
-32270 2
-37120 -2
-66649 1
-81059 -1
-67684 2
-84960 -2
26739 -2
24129 1
19501 1
-31001 1
12313 1
-24836 -2
-37269 -1
-97849 -2
-4447 1
-60178 1
-89263 2
-42148 2
-29705 2
-98876 1
27345 2
-88381 1
-68460 -1
-61442 -1
22151 1
4569 1
-30578 -2
-37141 -2
37045 1
21084 -1
-1936 2
-93863 1
-29381 -2
38613 -2
-11938 1
25355 1
24580 -2
17650 -2
-41163 -1
-52934 2
37622 -1
-83779 1
-52058 -2
-44227 2
-50940 -1
10897 -2
28879 -1
22479 2
-28685 1
-68337 1
-95390 -1
-78141 1
-35786 -1
-15785 2
-6122 -1
-42396 -2
-76555 2
-61450 1
-515 -1
-19066 1
-9070 -2
27618 -1
31433 -2
40414 -1
-68016 1
-45570 -1
-82959 1
14539 -2
-78067 -2
-17548 1
19414 -1
-14420 -1
-61594 1
-58425 -1
-15595 -2
-34080 -2
-85690 1
34398 2
36368 -2
-2040 -2
-20030 -1
-8972 -2
20349 -2
-6787 -1
-10728 1
-4014 1
40183 1
-75314 -1
-90831 -2
-39183 1
-23986 -1
47858 2
-75113 1
28939 -2
-37708 -2
-77750 1
-98933 -2
-13091 2
22209 -2
-86431 1
34452 -2
-67974 1
4051 -1
-83227 -1
-4815 -1
24397 -1
-97038 -1
-95743 -1
-57582 -2
-8564 -1
43024 -1
-6392 1
-7175 -1
25766 -1
-81124 1
5940 -1
23655 1
-7166 2
-19793 -1
29561 2
42011 -2
48249 2
-22635 -1
8108 2
-51961 2
24547 2
44265 -1
-68067 2
6860 -2
-54961 2
-42268 2
-59084 2
2049 1
12884 1
-8635 2
-80215 1
-59854 -2
-17057 -1
-31738 2
29071 1
46720 -2
-97355 -1
-55160 1
-75612 -1
-32376 -1
-44931 -1
-73767 2
44074 -2
-40782 -1
22166 1
32183 -1
40907 -1
7484 2
-61540 -1
-49107 -1
-37619 1
-7645 2
-88292 1
-55161 1
49800 -2
-20417 -2
16805 -2
3789 -2
-55019 1
-22621 2
-95121 -2
38542 -2
38286 1
-40119 -1
-17922 1
-31017 2
-51817 -1
20701 2
-78891 -1
46243 -1
-40281 -2
-67960 -1
-8756 1
15079 2
-37938 -1
-2028 1
26992 -1
-84591 2
-74166 -1
-57255 1
-50385 -2
-58852 1
22293 -2
29500 2
-85405 2
-56028 2
-44990 -1
-97934 -1
-60081 2
45737 -2
-8908 -1
23346 2
16083 1
-85289 -2
-95630 -1
-20301 2
-34624 -1
-6941 2
12277 1
-98984 -2
-46318 2
13336 -1
5191 -1
-82914 -1
4284 1
47686 -1
15328 2
-30171 1
10275 2
-40737 -1
3827 -1
-41620 2
-50785 -1
-91395 -2
-86378 1
-94252 2
-63879 1
-41695 -2
28384 -2
-64850 -1
-48866 -1
-89521 2
6194 2
-69999 1
3665 -1
-13034 -1
-47011 1
-39856 -2
42162 2
19049 2
-37979 -1
-10833 -1
33254 2
-12319 -2
9479 -2
15379 2
35990 2
-6779 2
25165 2
33323 1
-92121 1
44478 -1
26601 1
-18987 2
-31870 2
-420 1
-62235 -2
-6131 -2
8681 -1
-42734 2
-10684 -2
18355 -2
-54289 -2
7863 1
-39077 2
-4457 -2
18216 1
-45987 -2
-7453 2
-10912 -1
2121 -1
38492 1
-25349 -1
-37701 -2
-18292 -2
12484 -1
13563 1
-57634 1
-13669 1
15837 -1
22598 1
444 1
-17924 2
-33047 2
45894 -1
-70680 -1
-50480 -1
49804 -2
38155 -2
-82016 -2
-79750 1
-38260 1
-23765 -1
-82865 2
-77853 2
-67497 1
-19076 2
-23384 2
-7085 1
45983 1
7443 -2
-829 2
-68058 2
-87936 -2
-25229 -1
-40932 1
-449 2
-12310 2
-73563 1
5685 1
-48759 1
16705 2
-19770 1
-80131 -1
-74944 1
14192 1
-97290 -1
12 2
-6677 -1
-98490 -2
-18645 -2
13038 1
-22496 1
43273 2
33661 2
-70881 -1
46156 -2
30578 2
-27644 2
38011 1
-18680 -2
-7866 2
-44467 -2
-78953 2
-66833 -2
34030 2
-27566 -2
43974 2
-71892 -2
16824 -2
-33007 -1
38718 -1
37898 -2
-78057 -2
-34346 1
-85917 -1
-97430 1
21257 2
-59046 2
-73707 -1
-35794 1
-37678 1
-32099 2
-88082 -1
43054 -2
21134 -1
-42636 -2
-15735 -2
-62211 1
-67167 -1
7881 1
-94909 2
-45882 -1
-95136 1
-38673 -2
-95311 1
30532 1
-23204 -1
-80511 -1
-19776 -1
11547 -1
-21155 -2
-30743 2
47251 1
-16593 1
-68873 -2
32535 -2
19406 2
-98307 1
-35273 2
-16180 2
-51225 -1
-77491 -2
-15432 -2
-18152 1
-2193 -2
-90048 2
37654 -2
-18991 -2
-92822 1
4830 1
35278 2
-54952 -1
-4453 -1
47646 1
-67814 -2
-53592 1
-85761 1
20740 2
-31270 1
-20061 1
35659 1
17994 1
-61399 2
15734 1
49020 2
-10509 -2
-13129 2
25700 -2
21485 -2
-35118 -2
-42302 -1
-98807 -1
-55639 1
7363 -2
-54091 -1
-80073 1
-9510 -1
-31706 2
27514 2
-86940 -2
-71223 -1
36186 2
-68805 2
26968 1
46364 -1
-4388 -1
-6566 2
-9113 1
-33586 1
45513 1
-3551 -1
45534 2
-94185 1
9831 -2
-71648 1
-58840 -2
-1322 -1
-65935 -2
4831 -1
-75004 -2
-40548 -1
14939 -2
-14722 1
-38976 -1
351 -2
22493 -2
44857 1
-35504 1
15419 1
-63864 2
33378 1
-51966 -2
9323 1
42643 1
34994 2
44209 1
22447 -2
42466 2
32031 -1
-56652 -2
-43104 1
14058 1
-28462 -2
-52605 2
22885 1
18794 -1
-97508 -1
-60211 1
-38422 -2
9098 2
11830 -1
-69015 -2
-32035 2
-99418 1
-93254 -2
-60297 -1
-42303 -1
38173 -1
-80668 -1
33597 1
-67725 2
-18676 -2
-49017 -1
-56298 -2
-1657 1
4039 2
31370 1
-10008 -1
-38703 1
-67598 1
-17733 2
-43859 -1
-40411 -1
-30101 -2
-23608 2
21800 1
-87442 -1
28687 -2
-15889 1
-17458 -2
-30278 2
17559 -1
-69223 2
-3625 -2
39188 -2
-68951 -1
-28516 -2
-11896 -2
34197 -1
-72311 2
-75503 2
20726 -1
7565 -1
48099 1
-88555 2
-42275 1
-73433 1
-15503 -2
-60598 2
-40027 -1
-11583 1
16977 1
29124 -2
-82352 1
14545 -1
28555 -1
-99057 2
36498 -1
-57754 -1
-9144 -2
8006 1
-3449 -1
37052 2
47022 -2
-41993 -1
-94128 1
-48412 -1
-55524 1
-78331 2
-7461 -2
6032 1
41460 -1
19276 -2
-77677 -2
-81293 -1
-25407 1
-45855 -1
-45319 2
-71106 1
13224 -1
-28650 -2
14582 2
-14451 1
-70310 1
37647 1
4442 -2
-21539 1
-75504 1
-68957 -1
-83136 2
-8558 -2
25133 1
-76878 2
-7533 -2
-49705 1
-63739 1
-21342 -2
5534 1
-75098 -1
-10771 1
-97359 1
-63169 2
-14725 2
-14087 1
32233 -1
-5953 -1
-40403 2
-15372 -2
-45776 1
-64921 2
-24635 1
674 1
11826 -2
40122 -1
-67668 -2
5908 1
44066 -2
24423 -2
-14819 -2
-75295 -2
-24064 1
11916 -2
18771 -1
-55074 -2
20185 1
-96878 -2
-95181 -2
-18981 1
-21517 2
-25027 2
-98780 1
-19441 -2
-15071 1
-49391 -2
5219 1
-60341 2
-70919 1
-7176 2
33037 -2
-50863 -1
-31487 -1
7317 2
-754 -2
39086 -2
5484 2
33003 1
-32197 -2
47567 1
-33771 2
-28538 1
-29471 1
-33667 -2
-53811 2
-72588 2
-83036 -2
-14124 -2
-35139 -2
-91186 -1
36708 -2
-59546 2
-38315 2
-48882 -1
-43769 -1
26527 -1
-57873 2
-73557 1
-72632 2
-41558 1
-19861 2
-82831 2
-79151 -2
-84505 -1
-14887 -1
46305 1
-48133 -1
-80272 -2
-47339 -2
-68922 -1
-22254 -1
-86220 -2
-39284 -1
-8877 -1
-51053 -1
44098 -1
36584 -1
-7860 1
-30967 2
43760 -1
-47330 2
-98058 1
29719 2
-48898 -1
-97600 1
-20754 -2
43897 2
-52203 -1
-21747 -1
26344 -1
-43159 2
-42521 -1
15886 -1
2722 1
3112 -1
-23238 -1
-94471 -1
-78591 -1
-8362 2
45384 -2
24394 -2
-38456 1
-51806 1
14816 -2
-35540 2
-81102 -2
41643 -1
33771 -2
-79636 -1
16665 -2
-84204 -2
30519 1
-62164 -1
-43466 2
36677 1
-73765 1
32649 1
-81445 2
29711 1
-93627 1
-34195 2
-63093 -1
42940 2
-70949 -1
7845 2
44370 -1
-57509 1
-28879 2
-66842 -1
-36462 2
9719 2
-99631 1
31498 2
-20482 -2
-97827 -2
43245 -2
-60616 1
22459 -1
25975 2
-33013 2
11888 -1
32155 -1
-41280 2
32602 2
-49817 2
-58868 -1
-80926 1
-3987 -1
43540 -1
-71020 -1
-71636 -1
-17888 1
33666 2
9622 1
-65268 1
-5175 -1
-5197 -2
-24327 -1
40934 2
-98728 2
-37819 2
21894 -1
-82709 -2
26890 -2
-68958 1
-19971 2
-60363 1
-7650 2
-92910 2
-17379 2
-63197 2
19584 2
7802 -2
-84161 1
-52064 -2
-44265 -1
15731 2
34533 2
-65184 -1
14697 -2
-42079 1
-93829 2
-84599 1
34688 2
-53491 -1
-82009 1
35060 1
-94885 1
12207 -1
-20906 1
-55158 2
-20099 -1
-6768 2
-22500 2
42594 1
28079 1
-47916 2
38635 -1
-58105 -2
39656 -1
-75148 1
32913 -1
23806 2
-22860 -1
-51604 2
-69802 -2
-36300 2
-34191 1
28149 1
49837 1
-20465 1
5211 -2
-89386 1
27484 2
31 -2
38290 -2
8427 2
-21509 1
-80912 1
31723 1
12260 -1
39928 1
-59438 -2
-97027 -1
21744 -2
-74868 -2
-22679 1
-14904 -2
-15591 -2
-41795 -2
14786 -2
34360 -1
-369 2
-70763 2
40882 2
23999 1
14880 2
-37369 2
-48434 1
-8145 -2
13744 -1
-18270 1
-14270 1
-22573 1
-84158 -1
-85873 2
19344 2
47025 -1
44635 2
-20821 -1
-70628 -1
-24141 2
-26817 1
-7384 -2
36756 -2
9179 -1
-83573 -2
-48306 1
8983 2
-92371 -1
2789 1
-92280 1
-32338 2
-27919 -2
-56211 1
38721 1
-5151 1
-97901 1
-81247 -1
34458 -2
-61672 1
-56691 -2
12311 -1
46753 -2
-58829 2
10422 2
-68020 1
-94630 2
-40000 1
-81610 1
-18948 2
-38376 -2
19598 -2
-86082 -1
-62427 -2
2650 1
39384 -2
-99901 1
-84006 -1
-43305 -1
-7692 2
31412 2
-9340 -2
21104 -2
-96811 2
-3291 -2
-83650 2
34095 2
37546 2
-34614 -2
-11664 -2
17824 -1
-52795 -1
-12784 2
4746 -1
-63636 -1
10754 -2
-71452 -2
-89274 -2
13881 2
-70112 2
-84683 -1
-90545 -2
16763 -2
-62787 -1
46745 2
-48970 1
-8320 -1
17763 -1
49137 1
11498 -2
-89283 -2
37101 -2
-99384 1
-32691 1
-91510 -2
-95490 -1
-50044 1
46841 1
-61401 -2
-40590 2
44793 1
-30844 -1
-79802 -2
16307 -1
-84339 1
1786 1
-40520 2
-55018 1
-10563 -1
-70907 2
-11942 -2
9383 -2
35029 2
33942 -2
35758 -2
-78211 1
49170 1
8930 -1
-6371 2
-35717 1
-39962 2
-65514 2
33977 1
11483 -1
2289 -1
-39977 -1
-80732 -2
11480 2
-69675 2
-36294 -1
-73640 1
-23980 -1
8119 -1
-77059 -2
46591 -2
34481 -2
-83788 1
9074 2
-34569 -1
46908 2
47199 -1
-61250 -1
28435 -1
-56554 -2
-32587 -2
38113 2
26569 -2
4704 2
1588 -2
-29416 -2
-41520 1
18286 2
-90227 -1
-86716 -2
24700 -1
-97040 2
21572 -2
-56423 -2
-35959 1
-71854 2
-65286 1
-85848 -1
47545 1
-26429 1
26023 2
-1438 1
-3460 -2
-23826 2
-2271 -2
-99066 2
-16365 1
-77204 -1
-36451 2
-66619 2
-37711 -2
20505 -2
-69870 1
-56371 2
-7228 1
25682 -1
-6948 2
35774 1
24404 -2
-66621 -1
37306 -2
-53642 -2
-44472 -2
23271 -1
43995 -2
4751 1
-43010 1
-79387 -2
24297 -2
-4707 -2
31834 -2
21148 1
44013 -2
37741 2
-53728 2
-5177 1
26605 2
-6142 2
41944 1
-43079 -2
20614 1
-84347 -2
32430 -2
-59908 2
10810 -2
6399 2
43855 -2
-35517 -2
17913 1
-89798 1
-95610 2
24379 -2
43097 1
-16165 2
-14734 -2
43950 -2
6740 -1
-32185 -2
-43599 2
-48846 -1
-29306 -2
38971 2
-11638 1
12382 2
-26888 -1
19939 -1
-74258 -2
-67398 -1
-16454 1
34302 -2
-37925 1
-21854 1
34570 -1
-96079 1
-91656 -1
6582 1
-80495 2
33195 1
-52164 1
8134 2
-32404 1
-84939 2
-76464 -1
-65012 -1
39198 1
20010 -2
23950 -1
-2174 1
-64234 1
-72300 2
35172 2
46497 -1
19658 2
-96668 -1
-37230 2
21593 2
-33211 -2
-2807 -1
-22486 -2
26279 2
-56939 -1
-95056 1
-94656 2
19935 -2
-40767 -2
49070 2
-88489 -2
13084 -1
-25489 -1
43700 -2
-33456 -2
26416 -1
-5664 2
41207 2
22630 2
-4557 1
-62897 2
-27561 2
-34609 1
-57983 -1
-96578 2
-21346 -2
22811 -2
8603 2
40691 -2
28144 -1
-31985 -1
-70500 1
30529 -2
-56844 -2
28723 -1
-59421 -1
-72367 -2
-5541 -2
48470 1
-43779 1
-76873 2
-2309 1
42366 -2
30953 -2
-11402 2
-43836 1
39826 2
-44632 -1
44454 1
19443 2
638 1
25423 2
-89862 -1
-57059 -2
-16061 -1
-47143 1
-95850 -2
44651 1
-57884 -1
18779 2
47330 -2
40270 2
-82097 1
-10928 2
-8109 1
7652 1
33258 2
-24095 -1
-99102 -2
47743 2
-96367 -2
-22592 -2
38486 -1
13726 1
5142 1
46956 1
-58427 2
21051 1
22798 -2
-4869 -1
-65291 -2
3653 -1
43001 2
-49047 1
29808 2
-8121 -2
45097 2
49869 -1
-82500 -1
44715 -1
-75922 -1
-18675 1
-6378 2
33490 -1
-1901 2
-36270 -2
-47917 -1
-17100 -1
-97309 -1
-16006 1
-90726 1
43990 -1
-56850 1
-44874 -1
-79997 -1
-34526 -1
-52386 -2
48479 1
-33985 -2
24060 2
35562 -1
33063 -1
-16514 2
-28654 2
-91176 -2
42540 1
-73259 2
-36583 -1
-70158 -1
4263 1
-85577 -1
47249 2
49004 -2
-84238 -1
-98597 2
-3796 1
-98717 1
-14436 -2
-79774 -1
-53721 1
42252 -2
-99345 -1
5203 -2
-89971 -1
-19399 1
-6835 -1
2395 -1
-86139 -1
-34178 1
37942 -1
-60255 -2
39508 -2
-24204 1
-46721 1
-51866 1
-94257 -2
-18573 -2
-88556 2
-88311 2
2741 -1
20088 -2
35838 1
-70039 2
34044 -1
-44525 -1
-93696 2
-16731 -2
-4319 2
-59010 2
32258 -1
-52821 -2
23505 -2
35358 -2
36194 -2
-91250 -1
-69617 -2
46689 -2
16899 -2
-9791 -2
4081 1
14203 -2
9364 1
-65529 -2
-63209 -1
15686 -2
-81476 -1
-67262 -2
-19369 -1
-29998 -1
-72344 1
31925 1
-37637 -2
-75535 -1
18092 -1
-32521 -1
15062 -1
49680 1
-50705 2
-12780 1
-85103 1
-87444 -1
-86763 1
-51652 1
-42150 1
-77191 -2
16687 1
-83520 1
-84992 2
-64260 1
-97642 -2
-1726 2
6302 -2
-21122 -1
-87069 -1
-98749 2
-1950 1
6497 -1
-60783 -2
12546 1
-7845 -2
-68938 1
44992 -2
-91285 -1
31938 -2
-25648 1
-29498 -2
42140 -1
-43941 1
18790 -1
-36943 -2
30063 1
2935 1
-2432 -1
-41317 1
-30925 2
-86042 1
-67784 2
-7432 2
23455 2
-72394 -2
-67198 -2
-17704 -1
-39944 1
-58254 1
-84250 -1
-47672 -1
-48884 2
-20959 -1
-77907 2
-34884 2
30204 -2
-79935 2
33908 -2
-13812 -2
-19287 1
-75749 2
-71576 -2
-22700 2
-21393 -1
-78271 2
-73580 1
-20356 1
42976 -2
-76038 2
-91206 -1
-4635 1
-72261 -2
48107 -2
20823 -1
-40251 1
-93146 -2
-28910 -2
9985 -1
-87316 1
-51206 -2
20186 -2
42953 -1
-56079 1
-20284 1
-69486 1
-29875 -1
-34364 -1
1939 -1
-4999 2
-84315 2
249 -1
-2789 2
-94270 1
42098 2
41853 -1
-32559 -1
25345 -2
42212 2
-68744 2
-46595 -1
-51577 1
12314 1
37479 1
8766 1
14743 1
34921 2
22423 2
-9103 -2
-97773 2
-34417 1
-42893 -1
5866 -2
23041 -1
-89404 -1
-86743 -2
-1074 -1
-71753 2
-5559 -1
-24888 2
-27297 -1
-10957 -1
7350 1
48139 -2
-20834 -2
6566 2
12433 -1
-21706 -2
-42949 -1
-70102 -1
43931 2
-64710 -1
-80593 1
-57167 2
32377 1
-18590 2
-46570 1
-84111 1
-76151 -1
-28354 1
-10842 2
32264 -1
-17611 -1
-96688 -1
37854 1
2275 -1
-36070 1
-81021 1
-72180 -1
-56362 -1
-34275 -1
23799 -1
-67274 -2
-56502 1
-67353 -1
-47326 1
28387 1
37771 -2
-40084 2
-53509 1
-2369 -2
36973 -2
34454 -1
-49247 -2
-77145 2
29426 -2
32761 2
3332 -1
-89105 -1
42110 -2
-85829 -1
-29512 -1
9140 -1
-5985 -1
-65931 -1
-6644 -2
-54274 -2
21826 -2
-13358 -2
36626 1
-94265 2
-63303 -2
-41164 -1
43094 -1
-20656 -2
-56762 2
-36333 1
4919 -1
-54278 -2
-69750 1
4148 -2
21540 -2
18796 -2
-73177 1
-87916 -2
-63689 2
14024 1
-56657 -1
-46429 2
-40808 -1
24674 2
-52734 2
48619 -2
30693 1
-12957 1
-13224 2
-39845 1
4227 -2
-85864 1
-2582 2
-84359 1
31032 -2
-62953 1
-60805 -2
-15540 -2
38095 1
-16512 -2
25958 2
19739 -1
-17359 -2
-63631 -2
38372 -1
38142 -2
-52863 2
-38921 -2
-58186 2
-3503 1
-83527 1
7275 2
-20413 -2
-38447 2
-9405 -2
13711 2
-6129 2
-9457 1
-93558 2
8078 -2
-49038 1
49229 1
-75737 2
45566 2
-60404 -1
-54194 2
-5572 -2
25640 2
-63266 -1
-86651 -1
-26704 -2
13044 1
31855 2
-56143 -2
28702 2
-38564 2
-77742 -1
-2639 -2
-77156 1
-75207 2
-68529 -2
-89737 1
-53832 1
-70876 2
-9956 -1
33772 -2
-45044 1
-86041 -1
-94080 -1
-33357 2
22871 -1
17595 -1
-8297 -1
-91129 2
43752 -1
-88285 -2
-79878 -1
-72084 1
-98326 -1
-93279 -1
-40293 -1
3549 -2
-82607 1
-69868 1
15438 1
10655 2
-53964 1
-96089 -2
18613 -2
-24393 -1
-59690 1
41557 1
-90207 -1
-33483 -2
43732 -1
-83264 -1
-35314 -1
11592 2
-63478 -2
42996 -1
-94326 2
-67797 1
-36160 -1
-87117 1
329 1
-33790 1
31524 -1
-55424 -1
21909 -2
-74346 -1
22978 -2
-96257 1
-50196 -2
-46482 1
-64868 -1
-53422 2
35860 2
-89672 2
-33153 -2
36300 -2
-47469 1
36275 1
48114 -2
-30123 -2
-59853 2
22796 -2
12636 -1
33921 -1
-4204 -1
-18920 -2
-95543 1
17033 2
-2240 -1
-31437 -1
-575 1
-93379 1
10206 -2
-1325 2
-52819 2
-59792 -1
-55690 2
-80329 2
-68373 -2
-25213 -1
-10852 1
-11826 -1
-58584 -1
35336 -2
-31671 -2
-76357 1
-70034 -1
-76507 -2
-16998 2
42267 1
39947 2
-11253 -2
-82294 -2
-38382 -1
-17016 1
25401 2
-54367 -1
-19105 -1
-37620 1
-69343 -2
-53989 1
42298 1
-90031 2
-58472 -2
-72904 1
-95235 -2
-30695 1
-12051 2
-60650 2
-79923 1
-72423 1
-47816 1
31681 -1
-3289 -1
32192 1
34002 -1
-5503 -2
30126 1
-33537 -2
-29686 2
8555 -1
-20316 -2
-81167 -2
-38753 -1
20999 2
-63116 1
6341 -1
-6310 2
-99341 -2
-47926 -1
-77962 -2
-90827 -2
-91716 1
-20849 -1
-19056 -1
-32478 2
-20678 -2
-98773 -2
30748 1
38166 2
-15062 1
21502 1
-45820 -1
194 1
41421 2
-72539 -2
-57872 2
-54502 -2
6881 -2
-90956 1
-44321 -2
28118 2
-50487 2
-97924 2
-22129 -2
-61481 1
-44176 -1
16030 -1
-68180 2
-1419 -1
-32443 1
-37169 -1
-56269 -1
-10286 2
-73072 2
48274 1
-50166 2
-86163 1
-30659 -2
-81943 -2
-87178 -1
-54929 -1
-13818 2
-42445 -2
-63913 -2
-35561 2
-63511 -1
49191 1
-27715 2
-42139 -1
47639 -1
-79624 2
-9260 -1
-38556 1
11414 -1
-96244 1
-88376 2
-58260 -1
-13370 -1
-88594 -1
15311 2
32021 2
23017 1
-33496 1
-28040 2
-43280 1
29363 2
-7584 1
-2222 1
-12243 -1
-78136 1
-18255 2
-10688 -1
19848 2
15208 2
-33350 1
16325 -1
-21433 1
10018 1
-91626 -2
-55672 2
-77659 -2
16792 1
-55607 1
14226 -2
-2592 -2
16322 -2
-89524 -2
-78234 -2
557 -2
-59774 1
-56872 1
-54806 -1
44794 -1
47097 -2
-56532 2
-1399 -2
-14531 2
-766 1
-10059 2
13 -2
28622 1
-94706 1
37489 -2
-65383 -2
36844 2
-91965 -1
-31056 1
49130 -1
-64209 -2
-23916 -2
-96419 -1
-15871 2
15835 -2
-58923 1
-42161 1
-50842 2
-28541 2
-56044 1
-68947 -2
-34492 -2
-84345 1
-76164 1
19418 -2
-13132 -2
-24423 -1
-52245 -2
5327 -2
-50910 -1
19142 1
-28911 2
-97640 1
-21635 -2
-85629 -1
16574 -2
14507 1
-37824 -1
18641 1
13640 -2
-9107 1
-33802 2
-93988 -2
-42190 -1
21045 1
24798 1
-69652 2
-67215 -1
12112 -1
3644 -2
27569 -2
-71227 2
-45131 -2
-58279 1
-46525 -2
-87200 2
-44785 2
-71887 1
14117 -1
27319 2
40285 2
-58903 1
-75865 -1
-20384 -1
36101 1
30948 -2
11787 -2
-39124 -2
-92230 -1
-18477 2
-49911 1
-74168 -2
-52836 -1
-70582 2
-47741 1
-34189 -2
45623 -1
-17450 2
-14129 2
-3033 2
18305 2
-78433 1
34108 -2
-95713 -1
49280 -2
-60814 2
32822 -1
49095 -1
-58309 -2
-10658 -2
-40799 -2
-99644 1
-57729 -1
-90875 2
38351 -2
-18176 -1
-36464 2
-8819 1
-32102 -2
-22147 -2
-31125 2
6221 2
-39036 -1
31268 -2
2873 -1
38731 -2
38811 -2
-9436 -2
-24781 1
-75276 1
-74386 1
-52802 1
-95619 -2
12674 -1
21998 2
-47327 1
1012 1
49928 -1
29740 -1
6809 -1
30684 2
3085 -2
16082 1
36780 1
4515 1
-30863 2
-23111 -1
210 -1
15365 -1
-91602 1
-43346 1
1518 1
-65211 -1
26631 -1
18741 -1
-47314 1
-51460 1
-28281 -1
-47959 2
-63342 -1
-71026 -1
-89996 -2
-23869 -1
-98769 -2
10182 -2
10050 -1
-84565 1
-23191 -1
-5261 -1
6805 -1
23390 2
-43569 2
-44101 -2
-45941 -1
-66527 1
-85024 2
-68211 1
45199 2
-18503 1
4251 -1
35098 -2
-35806 -2
-43866 -1
-74004 1
25815 1
-26778 1
27329 -2
21435 1
16751 -1
-20309 -2
-8432 -1
-70437 2
-49065 1
-45407 -2
-11740 2
-88145 -1
19661 -1
-30869 1
-15876 1
-15133 1
35749 1
3 -2
49197 -1
-36696 1
-89662 -1
44545 1
-42956 -1
29076 -1
29628 1
22260 -1
5380 -1
-31918 1
-97274 1
36309 -1
13119 2
-27004 2
33556 -2
-94714 1
-69240 2
-39547 2
-58839 -2
42450 -2
-74432 -1
21834 2
42067 2
-41756 2
-30521 1
-89561 -2
11777 -2
-6487 -1
-9578 -1
-54391 -1
-39975 -2
30547 -2
-99146 -2
8879 -2
26419 -1
-11549 2
352 -1
9353 -1
-11541 2
-54007 1
-37430 2
-47773 1
-69756 1
-65838 1
21939 -2
-44745 -1
-57116 2
-50905 1
17777 1
-39390 -1
3935 2
37773 1
-3025 -1
-15194 2
-59476 1
-41020 1
-67108 2
39058 2
20499 1
-68505 1
7674 -1
31427 1
47200 -1
13517 -2
-32138 -1
49563 -2
34668 -2
28575 1
-59102 -2
-26840 2
-58479 -1
-49004 2
-99617 2
-39092 -1
-75115 2
26112 -1
32039 1
-55028 1
-25434 1
42463 -1
44928 -2
-92629 -2
-47931 1
42717 -2
-10918 1
10706 -2
-72719 -2
-73008 1
-29903 -2
-53529 2
-24757 -2
-38958 2
-72010 -1
23730 2
-66292 -1
-25130 1
-8731 -1
-86844 1
-98044 2
-92853 1
-79932 2
-70266 1
20744 -2
-76186 -1
49982 2
-16601 1
-70811 -1
-28502 -1
6391 2
-47735 1
-34154 -2
-83760 -1
20840 -2
16967 -1
-39384 -2
-98121 -1
-91519 -2
-2339 2
-88859 1
16828 2
12473 -1
19648 1
19828 -2
-71574 -2
-33656 1
22037 -1
47071 2
-26247 -1
-37860 2
-12971 -2
37312 -2
15925 -2
-4286 -2
-91947 1
-14810 1
-62853 2
-22809 -2
26858 -1
-4032 2
31823 1
-19143 1
-2100 -2
-80308 2
-89289 -1
38129 -2
-72779 2
-70567 -1
-46495 2
-75758 -2
32639 2
32125 -1
-79876 1
-20609 2
-65602 2
-40699 2
-48042 2
399 1
-23271 1
19640 -2
36346 2
-58011 -1
-69135 -1
-76796 -2
-66275 2
-23761 -2
4351 -2
43633 1
14768 -2
-12376 1
-38578 -1
27800 -2
-87679 -1
26819 2
11445 -1
-33970 1
-31093 -1
11298 -1
43438 2
-4383 -1
-40148 -2
44327 -2
41945 1
25392 2
33161 -1
-75650 -2
-3673 -1
-98024 2
26355 2
-16200 1
42266 -1
-24000 1
45860 -1
-63347 2
-2526 -1
19897 -2
-71289 2
-86636 1
46147 -2
8402 1
4869 2
-84791 1
-64323 1
13468 1
-19292 -2
33043 -1
-92722 -2
2804 -2
-3060 -1
-33337 1
-22901 -1
-81773 -2
12749 -1
-3112 -1
19944 -1
-47919 -2
-87402 -2
14638 -2
-68525 2
-46343 -1
-61465 1
-11491 -1
4004 1
39534 2
-56606 1
-96872 1
-96015 -2
-33301 2
-99550 1
-55215 1
33025 2
8098 -1
-8033 -2
33988 1
-400 -2
-59651 -1
-14248 2
34188 -2
-84961 -1
22455 -2
-49692 1
-66550 1
-15641 -2
-19821 2
-6588 1
-90819 -1
-26224 2
-91301 -1
-18930 -1
-51946 -1
19015 -1
-36226 -1
-31992 2
25862 -1
10259 1
-15177 -2
-86568 -1
11825 1
2306 -1
-74556 -2
37745 2
-94753 -2
-93079 -1
-74645 -1
-36966 2
35265 1
-3756 2
14305 -1
-64684 2
-46156 -2
-55947 -1
45117 -1
-7195 2
49848 -1
-15720 2
15241 1
-78439 2
-44684 -2
-54037 2
-87830 -2
-2855 1
10510 1
-34332 -1
49045 1
39893 -1
-55319 -2
698 1
-66812 -2
1867 -1
-76413 -2
32806 1
8259 -2
44328 2
-78395 1
-89211 1
-95485 -2
26943 -2
-99539 -2
16294 1
-9142 -1
-59541 -2
-44251 2
-47824 2
49903 2
43323 2
-19571 -2
31530 1
-9696 -1
-92094 2
-71778 1
-37838 -1
-46968 -2
-20989 -2
12256 2
-76998 2
-80903 -2
-26198 1
47332 1
-74767 2
-74582 1
-22978 -2
-55762 -1
27599 2
-27135 -2
-66766 -2
-30764 -2
21501 -1
27276 -2
-12741 2
-78377 2
-75 -1
-51250 2
-18872 1
-81198 -2
-59434 2
32444 1
35262 -2
-97177 1
-77100 -1
-56962 1
-54397 1
-77267 -1
-80532 -2
-48807 2
22464 2
-24214 1
-49632 -1
-31246 1
-14346 -1
-87190 -1
-60792 2
23703 2
-24206 -1
-47913 2
-89172 -2
-13868 -2
-73485 2
36921 2
-81385 -1
14894 1
-84073 -2
27390 1
-52835 -1
-81846 -1
-11690 1
45790 -1
-94807 2
7321 2
16754 -1
-99225 -2
-58741 -2
-44550 -2
-69327 -2
-64797 2
-29437 -2
-83700 -1
10585 2
-82434 2
-76553 -2
-88343 2
-73734 2
-63379 2
-9650 1
18942 1
-39258 -2
-68086 2
-47068 -1
-14071 -1
-47727 1
36130 -1
-85237 2
18640 -2
41164 2
47941 2
-73659 -2
1303 2
-21419 2
-86235 -2
-31463 -1
-59165 -2
-31376 -1
-93294 -2
-38913 -2
-11352 -2
-3207 1
-13045 -1
-51505 -2
-61600 2
41614 2
33137 -1
1043 -2
-76455 2
6482 -2
39841 2
20056 2
-84765 -1
-69734 -1
-35914 -2
-79867 -1
-31253 2
-92979 -2
-43072 -1
22398 2
-51970 -2
18688 -1
-51704 -1
-41895 -1
-36630 1
16675 -2
-74023 2
-92887 -2
-13591 -1
-38808 2
-22148 -2
-91154 1
-65737 -2
-24109 2
-4731 2
-53608 2
23869 -2
-58246 2
3335 -1
30824 -1
-57858 -2
-33233 -2
-4399 1
22223 2
-28869 -1
-4611 2
-54752 -1
-99005 2
-53407 -1
-40831 1
-21158 -2
-65636 -2
-10112 1
-73838 -1
47615 -1
-18417 -2
-28690 -1
28440 -1
-18326 1
-21750 -2
40870 -1
-40360 -2
4121 1
44208 -1
-83470 1
-55886 2
-74281 -1
-52024 2
-80120 -2
-3950 1
-66040 -2
-9629 2
-78107 1
-86362 2
-35600 -2
47635 1
-75996 -2
26438 1
-83677 -1
-12987 -2
-47544 2
42153 2
22079 -2
-61744 -2
-92073 2
7538 2
18418 -2
-78498 -1
7235 -1
15486 -2
-65739 2
-90733 1
-23200 2
-62776 -1
-80193 -1
-12498 1
-9697 2
-3650 1
36603 -1
-92541 2
-94855 2
-36746 -1
-53828 1
-57157 -1
-18333 2
12174 2
5492 2
40252 -1
42844 2
-37873 -2
36112 -1
-38263 1
-70709 1
47719 -2
-60128 2
-4778 -2
-48875 1
-80190 2
28724 -1
25831 -1
44436 1
-77017 2
-94191 -1
6011 2
-97458 -1
-98338 2
21073 2
-16775 1
41970 -2
13303 2
-71322 2
35868 2
11260 2
44524 1
-98279 -1
-39787 1
-39194 -1
-56259 -1
-77153 -1
-12806 2
-42117 -1
14762 -1
-63288 -1
-12338 2
-39667 -1
-54821 -1
-8390 -2
5037 2
-6640 -1
-42768 2
26493 2
-28446 1
-9947 1
-98563 2
-75741 1
24301 -1
-6575 -2
-35692 -1
7046 1
43148 -2
33385 -2
11383 -2
41268 -1
-44479 -2
14677 -1
-30290 -2
44476 2
-64911 -2
-9162 -1
-26059 1
-10904 -1
-93160 -1
-53351 -2
-81945 2
-90599 -2
-48399 1
-28387 2
41382 -2
-62012 -1
-25422 -1
-30257 1
42795 2
-26027 -2
-32472 1
24068 1
-98560 1
13147 -1
45673 2
-67422 1
18682 2
27191 2
8357 -1
-43747 -1
-65476 -1
-41389 -2
40744 -2
-78732 1
-2859 -1
42249 2
32211 -1
12795 2
-23241 -2
-97635 -2
-70507 2
-63299 2
-23330 -1
31884 -2
-21337 -2
-71235 -1
11285 -1
-22626 1
19532 1
-58534 2
-82826 1
4114 1
36358 -2
-14951 2
20383 -1
-18017 1
40742 -1
-11881 2
-16302 -2
19065 1
-53599 -2
-3527 -2
-40911 2
-18517 1
20601 1
-26442 -2
-68160 2
-57336 -1
-82769 -2
-23704 -1
-45676 2
-1534 1
-68049 -1
-98782 2
-54062 1
-57450 1
-37879 -2
-78354 2
-8322 -1
45479 2
25293 1
-18304 2
-13771 1
-411 -1
-18714 -2
7882 -1
45767 1
-8376 -1
-68144 1
46730 -1
-2725 2
-20283 -2
-81781 2
-85661 -2
-61613 -2
-39585 2
17688 -2
21035 -2
-8825 -1
-56352 1
41615 2
35815 -2
-50849 -1
-9638 2
-30182 -1
-20926 2
35054 2
29863 -1
7300 -1
-78827 1
-4071 -1
-45204 2
-53950 1
24975 1
-34910 1
-90954 -1
6825 1
2378 1
-33415 -1
-33147 -2
13566 -2
-1083 -1
-51478 -1
-36042 1
35096 1
25661 -2
5371 -2
-16881 1
488 -2
-5578 -1
-12258 -2
23824 2
29211 -1
-59970 2
-49685 -1
-19489 -1
-22983 -2
-93775 -1
-81547 1
-79296 -1
-26055 -2
13962 -1
-75956 -1
29101 2
-97547 -1
-41333 2
-7579 2
15610 1
27082 -1
-9407 -2
-89713 -1
30139 2
28638 1
-55574 2
5031 1
4270 -2
39871 -1
-30228 -1
-79934 -2
-45318 2
-20937 -2
29086 -2
-16247 -1
-13320 -1
27855 1
28576 1
19366 1
-67602 2
-7991 1
33055 1
49133 2
14979 -1
-36920 1
-63882 1
26199 2
-28990 -1
-14339 -1
-8638 1
11232 -1
-48358 2
-87942 -1
25579 1
-54178 2
29882 -1
31959 2
-21990 1
-11701 -1
-62609 2
25837 2
-62194 1
-96058 2
-92628 1
-47762 2
-16348 2
-15508 -2
-19825 2
-45666 2
-2879 1
-40981 1
30612 -2
-71396 1
187 2
-74818 -1
30501 2
-33641 2
-16380 2
1431 1
-27597 -1
-68681 1
13113 1
25431 2
37285 1
-4036 2
14848 2
41234 -1
24363 -1
-49257 -1
14083 2
-78725 2
-39853 -1
20118 -2
-94508 -2
-63889 2
-71064 2
-39757 -1
43504 -2
-97770 1
-68535 -1
-59874 -2
-22172 1
32073 -1
-87491 1
18676 1
7741 2
32281 2
-57843 2
-59710 -1
-49584 -2
23847 -1
23457 -2
23654 -2
15436 2
-79948 -1
-13595 -2
-28416 -1
-53942 1
11434 -2
-53004 -1
-32234 -1
5608 -2
35191 1
-9700 -1
-57551 1
-52098 1
-56818 -2
-66581 -1
-91162 2
-48746 -2
-36520 2
3427 2
20184 2
14726 2
-63336 -1
27113 -1
1004 2
-75269 -1
-66006 -1
-16337 2
-74030 1
-86724 1
-30287 1
-87181 1
1279 -1
23354 2
5107 -2
-23893 1
27708 1
2784 -2
19916 -1
15510 -1
-2324 -2
-21568 1
-64284 -2
-92197 -1
40961 2
-38986 2
-90014 -2
-5570 2
34494 -1
-48393 1
-49975 1
-810 -1
12556 1
-67825 -1
-17763 -2
-70224 2
-91945 2
5051 -1
4972 2
6861 -2
14905 -2
-73738 1
12210 -2
-82000 2
26026 -2
-30924 -1
-21493 2
-46219 2
-4057 -2
-49579 -1
-41644 1
48438 2
559 2
39714 1
-13646 2
-45862 -1
-84931 1
-55731 -2
-34283 -2
-61510 -2
-97016 1
-72207 1
-34830 1
-78147 1
1851 -1
-24968 -2
42142 1
-22386 -1
-80596 -2
-54067 1
29420 -2
-69414 -1
43933 -2
-75666 -1
33632 1
340 -2
-82105 -2
19649 2
-45438 2
14622 2
-76025 -1
-45088 1
-87270 2
8632 -1
-87307 -1
39735 -1
-19786 1
18583 -2
-77795 -2
-5257 -2
11951 -2
-94673 -1
-22076 1
-7546 -2
-26812 1
-2265 -2
-44160 -2
-49924 2
-75009 -1
-32713 -2
-67741 1
-28908 -2
-29103 1
-14936 1
-60563 1
16979 -2
-51244 2
-90711 2
-67409 2
32334 2
-88192 2
35551 2
-56540 2
7289 -1
-4580 -1
20389 -2
-58209 2
18034 -2
-83968 2
2067 1
28523 2
-58624 -1
-19863 1
-66483 -2
-12977 2
-65127 -2
15147 2
31646 -2
30803 2
21651 1
-70773 2
-96252 -1
-70895 1
11957 -2
16252 2
-63966 -1
48734 1
-4299 -1
13471 1
-68624 -2
15702 1
-73097 1
35747 -1
-33289 1
-38473 1
-79598 2
-47073 1
-99494 2
18978 1
-41867 -1
-2904 -1
-43560 -2
10141 1
11413 -1
21506 -1
10498 2
2170 -1
25736 -1
-4258 -1
6603 1
-23177 -2
-95509 -2
-93046 2
-32321 1
-59005 -2
-78968 -1
39813 1
33545 2
-23424 1
-38990 -2
25830 -1
43506 -2
-57826 -1
9318 1
10990 2
-81694 -1
49295 2
-36585 -2
-21210 -1
4342 1
2507 1
-59210 2
-97067 -2
-52295 2
17542 1
-31149 -1
31675 -1
24120 2
-35644 2
15294 1
-79735 -1
-93978 -1
-6602 -2
-92708 2
37784 2
-87332 -1
-69133 2
-65730 -1
-91659 2
-29761 2
-62049 -2
-34919 2
-12213 2
9303 -1
-99155 -2
47416 2
384 -2
-62042 -1
-30353 2
48578 1
-28307 -1
25908 1
2024 -1
39560 1
-88276 2
5786 -1
29243 -2
34832 -2
-88586 -2
9211 -2
-34564 -2
2579 1
-49791 2
6729 1
-79833 -2
-63009 -2
-58908 -2
-74356 -1
37504 -1
33606 -1
46576 1
-72366 -2
-3471 -1
-52569 1
-27529 -1
-15292 1
27370 1
48505 -2
36486 -1
40554 -2
-98358 1
43766 -2
3447 -2
-27229 -1
-64592 -2
-23481 -1
-80881 2
-58176 2
-37450 -2
38655 2
23267 2
-2238 -2
30940 2
9492 -1
33068 2
45991 -2
24141 -2
-92967 1
47627 2
35402 1
17677 -1
-84450 1
-75801 1
47597 2
-59957 -1
-90597 -2
32439 2
25876 2
17259 2
-14680 -1
24165 1
24847 -1
-5208 -1
-15855 1
-10036 -2
30251 2
-66523 2
-20070 1
-59564 -2
-59461 2
9305 -2
-41539 2
-69705 1
34782 1
-80770 -1
9320 -2
-90235 -2
-75056 1
-15263 -1
-33174 -2
20038 -2
-59292 1
1473 2
-49459 1
14229 1
-11133 2
-76302 1
-42785 -2
19402 1
-72347 2
40559 -2
21783 -1
-58153 -1
-38515 -2
-87960 1
-653 -2
-57692 1
-39311 2
-67428 2
153 -1
27281 -1
-69028 2
-19053 1
-32223 -2
-3383 1
-60752 1
-59127 -2
42951 2
-4834 2
-48516 -2
49915 2
-98791 1
-71639 1
-86588 2
-41421 -2
-2793 1
47702 2
-3783 2
-4547 -1
-29060 2
-27457 -2
-28246 2
-78115 -1
3810 1
-50195 -1
-64855 2
-99912 -1
-92972 2
-69107 2
-10983 -1
-97757 -1
-79204 2
-14852 2
-42975 -2
21971 2
7460 -1
43750 -1
-39820 1
-48547 -1
-52979 -1
26038 -1
2201 -1
-72940 -1
-63556 -2
1098 -2
-72998 2
-38426 -1
46772 -2
-4593 -1
-89544 1
46316 2
-64036 2
30560 -2
-40577 -2
34697 2
-5181 2
-58149 -2
-80811 1
42542 -1
-95583 2
-16787 1
12021 -1
12166 -1
-71130 -1
32766 -1
-190 1
-38627 2
29983 2
3798 2
-12456 1
33153 -1
-25937 -2
27439 2
-87030 -2
-80974 -1
4901 -1
-98334 2
-53765 -2
-48163 1
-63881 -2
28376 -1
-43436 1
-71561 -1
39289 -2
2156 -1
-6359 -1
-53846 2
-92660 -1
-94852 1
-4257 -1
23885 -2
-82066 -2
-30298 -1
34013 -2
-67048 -2
-65685 -2
-19294 1
-13746 2
-96885 -1
11187 2
-80558 1
-81507 -1
-50762 -2
-42003 1
-60041 1
-28318 -1
15251 1
42837 -2
-38251 -1
32899 2
27723 2
-92070 1
-87115 -1
-68369 1
13040 -1
-33901 1
-61635 1
-17783 -2
44127 2
9918 2
-13249 -2
-50520 2
47779 -1
-32382 1
-55388 2
-35267 -2
-29954 2
-74152 -2
-17164 -1
-93380 -1
-64001 1
-92787 2
14176 -1
-97854 -1
9744 2
7993 -1
-78487 -1
-63333 -1
-55208 1
-83834 -1
15075 -1
37111 -2
-3525 1
-63662 -2
-6227 -2
-49241 -1
-19470 -1
-81760 -2
-94089 2
-95022 -2
-62831 2
-91922 2
-94458 2
-13406 1
-51671 1
-67103 1
-92240 2
-22044 -1
-79492 1
-20675 2
-15000 2
-27703 1
34507 -1
7428 1
-41592 -1
-42873 -1
-90304 -1
-99876 -2
30182 2
-63768 1
-67883 1
-4542 1
-16155 -1
19526 2
-90102 -1
-18690 -2
-14892 -2
44415 -1
-20139 -1
-43674 2
22088 1
-1649 -1
-84457 1
30920 -1
27574 -1
-78905 -2
-4417 -2
13850 -1
-50532 2
41897 -2
37619 -2
-27823 -1
-40603 1
-44662 1
16079 -1
317 -1
-71544 1
-16395 -1
5339 1
-37523 -1
-74067 -2
5411 -2
11650 -2
-30742 1
28104 1
-55697 -2
13499 1
-84714 -1
-37004 -2
29514 -1
20712 -1
9500 2
-21689 1
-19562 2
43600 1
-39722 2
18147 1
-65691 1
-43734 -2
33291 -2
16982 2
-47349 2
-14102 -1
-48381 -2
17429 1
17918 -1
-84970 2
-84289 2
-38511 2
-29110 2
-55871 1
-27878 1
-1768 1
34990 1
34509 2
-31225 1
-45075 -1
-82357 -1
-11066 -1
15179 -1
-93458 2
10382 1
12458 -1
-20861 -1
-41738 1
44284 2
-58001 2
-17879 2
-66613 -2
42601 -1
-16102 -1
-8717 1
-63791 2
-2195 -1
-55495 -2
-88231 -2
-47835 -1
49896 2
-15656 1
3545 2
9232 1
31624 1
-67827 1
-32603 -2
-37685 -1
11053 -1
13905 -2
-68978 -1
-39649 1
-40863 -2
17263 1
-73874 2
-8035 -1
-72143 -2
-70693 -1
-12864 2
-85808 2
11109 -2
-55522 2
41197 2
28019 -1
-88199 2
183 -2
1672 1
-92871 -1
37960 -1
-26936 2
-39615 -2
-39942 -1
22938 -2
43655 -2
-3717 -2
27414 -1
-55345 -2
-46686 -1
-18946 2
31630 2
-10257 -2
-80250 -2
-77707 -1
-75037 -2
32700 -2
-33981 2
-88356 -1
-73436 1
35248 1
-95842 -2
-53733 2
-50252 -2
-73799 -1
-64075 -2
-58070 2
-10136 -1
-41316 1
21846 -2
-90371 1
-46730 1
-25465 1
-83771 -2
-23864 -2
-39416 -1
-5076 -2
-92248 -1
-21323 1
11091 -2
20847 1
-41167 1
-29893 2
10356 2
24473 2
7019 -2
3521 -2
22929 2
-87429 2
-36862 2
25207 2
42809 1
-18971 1
24566 2
-31614 1
-25569 -1
-35481 1
-61508 -1
-2341 -2
46801 1
16661 2
6024 2
-49227 1
-22770 1
-67670 -1
-51963 2
-52329 1
-26848 2
-86292 1
-56963 -1
-51151 -1
42036 2
-71273 1
-53881 2
15940 1
-74354 2
-28972 1
20630 -1
49731 2
7444 -1
-20912 -1
24848 2
-29321 1
43604 1
7704 2
-93972 -2
-33188 -2
-32184 -2
-81618 -1
21730 -1
-90892 -2
-43278 -2
-15326 -1
-79324 -2
-59169 -2
18164 -2
-63016 2
-31201 1
20331 1
-26688 -2
44033 1
-26697 2
-66078 -2
33138 -1
-31854 1
-33879 2
-99771 -2
-1486 2
-75338 2
20492 1
-57693 -1
-29016 -2
-74034 -1
-20642 1
29976 2
36805 -1
-99099 1
-87314 -1
-36269 -1
40195 -2
2451 2
-27840 -2
21886 -1
40029 1
-34486 1
38561 -2
-44697 -1
-94959 2
-98207 -2
-83627 2
-40488 2
22227 1
-57462 -2
-65635 2
-61459 -1
-35766 -2
-23026 -2
3528 -1
-61681 2
-35188 -1
-83398 1
-88740 -1
27790 -2
-50610 -1
-72535 2
-90774 -1
-84541 -2
-63214 -2
-91224 -2
-83636 -1
-28599 2
-5845 2
-54983 -1
19980 -2
-18986 2
-11226 -1
24434 -1
-63400 1
-45952 2
30623 2
-40338 2
29728 1
-16814 -1
-26527 -1
49727 -2
-73490 2
16765 1
-15481 2
41873 1
-32594 -2
22751 1
41620 2
-34829 -2
8383 1
1106 2
-91650 -2
-65526 -1
23573 2
30658 2
47993 -2
1418 -2
-59586 1
48228 1
9613 2
-42560 2
-29090 -2
-20272 1
5858 1
-87563 -2
-21665 2
-30538 -1
14498 -1
-19168 -2
-44723 1
-9538 1
-80758 -1
-58652 -1
-60499 2
-42336 2
-85893 -2
-55628 1
-18052 1
4124 2
-57141 -2
-21894 1
47276 -1
-85989 2
36763 2
35636 -1
41420 1
-37339 2
-61181 1
-83956 -2
-40436 -2
49990 -1
39557 -1
-1121 1
41034 1
27536 -1
-19230 -1
-51845 2
-14024 -1
-23318 -1
15890 2
-79530 2
-56775 -2
-55259 -2
38667 2
-44957 -2
13576 2
19074 1
-77748 -1
40792 -2
-38942 1
7707 1
-66171 2
26611 -2
-50101 -2
22332 1
-78684 1
-7070 2
-65162 1
36109 2
8881 -1
37987 -2
-31234 1
-62752 -1
-76422 1
-55515 -1
33608 1
435 1
-55489 1
7135 -2
-26652 1
3061 1
-7317 -1
-97166 -1
-88718 -2
-74900 -1
-75217 -2
16109 1
35432 2
-31132 2
-17939 -2
-68162 1
-35546 -1
49766 -2
-33776 -1
39756 -1
24768 -2
-11468 2
-80745 -2
15646 -2
1102 -1
-48691 -2
-16178 1
25407 -1
5978 1
1089 1
5399 -1
9717 -2
24012 -1
-63730 -2
-37301 1
-51555 -2
-24736 2
-73427 1
21840 1
-90958 1
13254 1
-75542 -2
12248 2
-38583 -2
-35768 1
33980 1
4209 -1
28289 -2
27053 -2
22784 2
49390 1
-74265 -2
-35912 2
26322 1
-59176 -2
8354 2
47313 1
-93543 -1
-96143 -1
-25878 -2
-7910 2
-50475 -2
40138 -1
20538 2
-22484 2
-2682 -1
16526 -2
49590 -1
45703 1
-56848 1
5105 1
-25377 2
29254 1
46464 2
-39550 -1
-87822 1
13448 -2
29019 -2
4292 -2
8082 -1
-39463 -1
-40896 1
24407 -2
-63425 2
36271 2
-64847 -2
-99560 2
27460 1
-60961 -1
-347 -1
33098 2
15639 1
38244 2
-76135 1
-62598 2
-25374 -2
-209 1
3999 2
-57184 2
-51371 -1
-68579 1
-64110 2
34584 -2
-45575 -2
11242 -2
-15340 1
-21059 -1
-60077 1
7638 1
-34790 2
5458 1
-89605 -2
-51471 -2
-47525 1
-83297 1
39528 1
-27936 -2
-40583 2
30160 -1
-9876 1
-77359 -1
-71973 2
30650 -2
-34104 -1
-60526 -1
-25456 -2
14789 1
-72014 -1
-44922 2
39955 2
18027 1
-33729 -2
-47475 1
-80491 1
29845 -1
-75908 1
-84537 -2
-93087 2
-59265 -2
-1061 -2
-40368 1
36307 -2
-82711 -2
-50536 -1
-92478 -1
31660 -1
20377 1
-99309 -1
-19684 2
-94389 -1
-20773 1
-2306 1
21304 2
-24225 -1
-16679 -1
-97919 -2
-89776 2
-28756 2
-17753 -1
-24053 2
-73925 -2
-47203 1
-80519 -1
19304 -1
3451 -1
-9862 -2
39602 1
-71177 -1
-49779 2
-94286 2
-993 1
-88667 2
-24904 2
-20934 -2
-42414 -1
-81557 1
34285 1
17166 -1
2593 1
48303 2
-25616 -2
-59829 1
-87724 1
10404 2
-98193 -2
310 -2
44770 -2
-86982 -1
-76140 -2
-34095 1
-38345 -1
-63500 -1
-24079 -2
21611 2
-54611 -2
-47164 1
-49873 -1
2714 -2
-9526 -2
39 1
26637 -1
41011 1
-24818 1
-86277 -1
-13385 -1
24571 1
-90937 -1
-36672 2
-41326 1
22082 -2
-54722 -1
-51643 -2
-93250 1
-79222 -2
-44787 1
-80010 -2
-54748 -2
-65095 -1
21108 -2
-52224 -1
-91915 1
-59477 -2
46119 1
-19690 -2
23024 1
-74978 1
-3754 -1
1868 -2
-62296 1
7714 -1
10198 -2
-57427 1
-49368 -2
-75772 -1
-84468 -2
-78707 -1
13716 -1
-61858 -1
34970 2
-38955 -2
-13802 2
-64249 1
-95537 -2
10548 2
38385 2
-28317 1
-6579 -2
-76601 -2
-26335 -1
10642 -2
-41651 2
-41132 1
-62 -1
9640 2
-31368 2
37712 -1
43817 2
-12842 1
-43112 2
-5296 -2
-59009 1
-6102 -1
-32235 1
-31923 2
24445 1
-76615 -1
35549 1
-76934 1
-24812 -1
4789 -1
13164 -1
-46477 -1
-69766 -2
-40566 1
15507 -2
7221 -1
-24748 2
46258 -1
-10535 -2
-70468 1
29334 1
-35710 -2
-66188 2
-23303 -1
-32289 -1
-57574 1
27619 2
38699 -1
-29282 -1
-51179 1
-68082 2
-66255 -1
-12772 2
-39070 1
-48102 -2
-25917 -1
-76844 1
-38302 -2
-59752 -1
-18106 2
-52555 1
18821 2
29367 2
32574 -1
21571 -1
-68015 1
-38585 -2
-55815 -1
3140 -2
-58586 1
-23800 2
-19555 -1
39438 2
44704 2
-30901 1
-79178 2
27990 1
32452 -2
-55306 -2
25610 1
-72296 -1
-6971 2
-20521 -1
-12267 -1
-80271 -2
-41509 1
-17418 2
-87179 2
38849 -2
-17381 -1
-35674 -2
-11096 1
18144 -2
-62737 1
-99206 -1
-78604 1
-38174 -2
-676 1
-74569 -2
39842 -1
-4529 2
-21534 -1
5154 1
-85546 1
-49990 2
-23086 1
44587 -2
3857 2
-53876 -1
-22142 2
-75659 2
-19937 -2
-83962 1
-31298 -1
7758 1
-34326 1
-54796 -1
2615 2
46503 -1
14120 -1
-728 -2
13187 -1
-15147 2
-24893 2
-56970 2
-9489 -2
36305 -2
33865 -1
-69881 -1
-37595 2
207 1
-36062 -1
25538 2
-76189 2
-9015 1
2309 -1
-81114 -1
24265 -1
8698 -1
-78642 2
35635 -1
-52506 -2
12560 1
-5078 1
-55101 -2
-35530 -2
-41083 1
39466 -2
-74861 1
-35616 -1
-48491 1
24259 -1
9665 2
-17128 -1
-70077 1
16931 -1
-93551 1
-96452 2
-69759 1
-67272 -2
-87904 -1
19849 -1
-54236 -2
-52301 2
-94463 -2
-40920 2
-72852 -1
9635 -1
-18688 2
-77920 1
-6828 -2
49851 1
49287 -2
-64256 -1
-73456 2
-49405 1
-10249 -2
1547 -2
-1167 -2
-98012 -1
6233 -1
34518 -1
-57235 -2
36794 -1
-81217 1
-82713 2
-26016 2
-275 -1
-43243 1
11955 1
44428 2
19362 1
-81159 1
-38772 1
-85898 -1
-90967 2
-28665 1
707 2
-40232 -2
-10603 -2
-85613 -1
-47573 -2
3275 1
-68521 1
18580 2
-90068 2
2974 -1
-12394 1
23876 -2
44784 2
-93482 -2
-57642 2
-85484 2
-718 1
24537 2
-8379 2
27538 -2
37459 2
39142 1
27925 1
-9589 -1
-63553 2
30593 -1
44790 -2
-13234 -2
-99710 1
11398 -1
-33893 -1
-52168 -1
-4117 -1
-17033 -2
47294 1
-44850 1
-32678 1
5610 1
7111 -1
39921 -1
-3809 -2
23083 2
-34384 2
-15251 -1
6989 2
-21646 -2
-41380 -2
-15768 1
-94715 -1
31847 -1
-28894 1
21101 2
-32796 2
3255 -2
27271 -2
-64325 1
2452 1
-46770 -2
-52344 -2
35602 -1
-92550 1
-39789 1
-9494 -2
-76851 -1
-65999 -1
-29647 -1
-43196 1
22355 -2
-89114 -1
-17796 1
-14037 2
-34064 1
-30215 -2
-82559 -2
32098 -2
-42089 -1
-57739 1
-51795 2
-55899 -1
-33257 1
-40870 -1
-32934 2
19447 1
30405 1
-61609 -1
28565 1
-60897 1
-74827 2
-78699 -2
-39337 2
-39650 -2
-6498 -2
17916 1
-85381 -2
-51141 -2
-71833 2
-42466 -1
-39659 1
9415 -1
-41187 2
-57536 2
15474 2
43918 -1
23899 -2
-22047 1
-82653 -1
-81374 2
-11717 2
1226 -2
-93484 -2
19901 1
41857 -1
46815 1
-78054 2
-62736 -2
43351 1
-81142 2
7431 -2
-78901 2
45715 2
35322 -2
-48480 -2
49859 2
-43032 2
5890 -2
-82980 -1
-46362 1
-61182 1
-70589 1
-36418 1
-84214 2
-69166 2
-41435 -1
43391 2
12898 1
-11928 2
-33611 -1
19099 1
-71936 -1
4512 -2
7492 1
38592 -2
39287 2
-6418 1
40927 -1
19937 1
-77346 2
-15024 -1
-53880 -2
35611 -2
18728 -2
-56803 1
-67236 -2
-99653 2
31774 2
48231 -1
15866 -2
49607 -2
-82365 2
-85433 2
26549 2
-82856 1
-82159 1
-11851 -2
35324 -2
26723 -1
34829 2
8532 2
39934 -2
16988 2
-69112 -2
-52976 1
4790 -1
-22538 -2
47606 -2
-24721 2
19429 2
-93874 -2
44608 1
-94146 2
14327 1
-53559 1
-91467 2
-2408 1
7156 -2
-47621 -1
-14679 -1
24542 -2
-38211 1
-14409 2
42343 -2
-76512 -2
-6823 -1
-8852 -2
-5313 -2
-6450 -1
-8143 2
28233 2
22566 -1
-33839 2
4374 2
21487 2
46077 -2
-49302 1
30366 1
41763 1
8846 1
-39081 -2
-23445 1
13658 -2
16131 -2
31346 2
-61425 1
-95386 1
-16578 2
-68711 -2
28137 2
10022 -1
-44478 -1
34983 -2
-89208 2
-82597 -2
17543 2
-44280 2
42256 1
-64655 -2
12270 1
-64848 -1
47489 -2
-97889 1
39887 1
-85659 2
19946 1
13607 2
-26587 2
27199 -1
-62298 2
-97481 -2
-48742 -2
-52249 1
-33951 -1
-16098 -1
-70092 1
-83480 2
-42966 1
-88185 2
12731 1
-35213 2
-83413 -1
38706 1
-87211 -1
-39809 2
-14402 2
-31403 -2
-68414 -1
-24294 2
24338 1
-7441 2
29421 2
-91892 1
-73885 2
43474 -1
-71509 2
-36555 2
24614 2
21236 1
-21565 2
48657 2
-47481 1
-67999 -2
-96998 -1
-72757 -1
36347 -2
38938 2
10867 2
-22216 1
-75029 -1
-8158 2
-5474 -2
-82766 -1
-62503 1
-83009 2
-25419 2
9156 1
18154 2
-57646 -1
11736 -2
18335 2
-54209 -1
12945 2
-82236 1
39945 1
-81340 -2
32906 -1
-70388 -2
-14616 1
45304 2
-34296 2
-50102 -2
-41035 -2
36414 -2
32276 -2
19605 1
31803 -1
-45448 -2
-15412 -1
-32763 -2
13834 -1
22354 1
20625 -1
44853 2
31117 1
41719 -1
31424 -2
-18369 2
-14407 2
-67851 1
-99541 2
-21248 1
-80577 1
-7626 1
-48751 -2
31482 1
-4729 -1
14849 2
-99996 2
-20893 1
38865 -2
-14538 1
-8296 -1
12315 1
-10644 -1
-58707 -1
-32522 -1
-10291 2
25492 1
21026 1
23373 2
-64520 -2
29631 2
-57905 -2
42582 -1
-8503 1
-53801 -2
49758 -1
-98674 -1
-99029 2
-37010 -1
-25502 2
-5342 -1
-7922 -1
-11967 2
-45116 -1
272 1
2419 -2
-18774 2
24046 2
-31822 -1
15125 1
-72449 1
-55511 -1
-97437 -1
-26265 -2
-14999 -2
1589 2
-47323 2
-166 2
-6397 -1
-38803 -1
-74866 -1
-28699 -1
-32450 2
26727 1
-79611 2
-80622 1
-23071 -1
20679 -1
28614 1
-43921 -1
-94817 2
-8512 -2
412 2
-41365 -1
11722 2
-46527 -2
-59174 -1
32490 1
-8439 -1
-75019 -1
-60946 -2
-6649 -2
34674 2
-29151 -1
48103 -1
-35990 1
-46820 2
-87934 -2
26373 -2
21014 1
27267 -1
-43570 1
-25727 2
45296 1
-96656 -2
-16152 2
38023 2
-35984 1
31018 1
-84917 1
-16112 -1
-61974 2
-8849 2
-20967 -2
-45813 1
-2165 -2
-14630 -1
-83678 2
-56116 -2
-46009 2
-88980 2
-42464 -2
-61034 -1
-25556 -1
-9040 -1
-14345 -2
24669 -2
-36835 1
13593 1
-32777 1
3100 1
-83180 2
-47480 2
-23576 -2
-85694 1
-75002 -1
45458 2
-57790 -2
45969 -1
32757 -2
10587 1
40692 -1
-34646 2
20418 1
-3084 -2
-14464 -2
-59177 -1
-8860 1
5806 2
-42351 2
-95194 -2
-32546 -2
-67171 1
-18117 1
-12022 1
-81400 -2
-5735 -2
-33531 -1
41655 1
-52879 2
2358 1
-96988 -2
-33369 1
-63435 1
34897 -2
44663 1
-68717 -2
-13624 -1
17323 1
11964 -2
-58960 2
11641 2
12803 1
-94256 1
36393 2
-50422 -2
18138 -2
-33926 1
-73781 1
-83000 1
-20394 2
2892 2
-77767 -1
-56943 2
-31120 1
-21037 -1
-54420 2
-97530 2
-35862 1
-11839 -1
-32775 2
-45127 2
-595 -2
-16634 -1
-73052 1
37940 -1
39248 1
-32891 2
-99925 1
-2359 -1
23874 -2
-95964 2
-95254 -2
-43874 1
-79280 -1
-78781 -2
-46543 -1
29339 1
21476 2
-17436 1
-22674 -2
35626 -2
8742 2
42677 1
40200 -2
-80967 1
-66418 -2
-35402 2
-15909 1
25233 -1
10771 -1
-4389 1
-34495 1
34082 -2
21983 1
8918 -1
12962 1
31188 1
-93786 2
-44342 -2
-22166 2
-96411 1
23993 -1
-37603 2
38379 -1
-76096 -1
17018 1
-84733 2
-42296 1
4171 1
-27226 -1
-34126 -2
-27777 -2
40640 -1
-44400 1
21686 -2
-21738 2
-51809 -1
-91509 1
17411 -2
-685 -1
-75683 1
11430 -1
-65225 2
44261 1
25715 2
-15672 -2
-16269 -2
-81081 -2
-40132 -2
-99978 -1
-44529 -2
-76382 -1
-61562 -2
-54128 -1
-5128 -2
14728 -2
-61693 -1
29649 2
41717 -1
12937 -1
-70869 -1
-93260 -1
12017 -1
9911 -2
30776 2
-78301 -2
-66854 -1
-42635 -1
-41490 -2
-98417 -1
-17117 1
-21300 -1
-74162 -1
18800 2
16168 -2
-73341 2
7124 -2
-18154 -2
17616 -1
-13054 1
-13465 2
27947 2
-37649 -1
13637 2
-51511 -1
-65270 1
25393 -2
-48966 2
-1427 1
-19798 2
-21187 2
-82842 1
7341 1
-7059 -2
29149 1
-34782 1
-29595 -2
-92298 2
-9338 -2
-6362 -1
-45042 2
-13384 1
47402 2
-41257 2
43810 2
11732 1
-33721 1
4645 -1
-73016 2
-77540 -2
-7660 -2
-33490 -2
15977 2
39791 2
-2815 -2
-40771 1
-15604 -2
-34156 1
28443 2
-8647 1
-23512 2
-48709 -2
-84677 -2
-6527 -1
-90022 -2
-40108 -2
22019 -2
-10500 1
-72204 -1
-95360 -2
23450 2
-51209 2
-61868 1
8877 2
-38077 1
-89257 1
-2728 -2
-93324 -1
-52189 2
-80573 -2
-37754 -2
-84075 -2
37763 1
-79071 -1
-12440 1
22577 2
40050 2
-19054 -1
-14195 -2
49932 1
-15156 -2
-38538 -1
-53134 -1
660 2
-93179 -1
-58532 1
-89475 1
-26949 -2
926 -2
11962 1
-38395 2
-98496 -2
-97302 2
-42971 1
-88882 1
31122 -1
15752 -1
-8125 -2
-19197 -2
-50375 1
18191 -2
14236 1
-28453 2
13012 2
-85776 2
35182 -2
12345 -2
-73958 -2
-67179 2
49286 -2
-65664 2
-90462 -1
-15521 2
-98588 -2
-52021 -1
-85903 -1
-49621 1
-32113 -1
-11052 2
-38505 -1
-78043 2
-21098 1
-26280 1
27211 1
41751 1
6202 -2
5475 -2
25976 1
23822 1
-27335 1
4546 2
-55120 -1
-891 -1
-65976 -1
19391 -2
12071 -1
8425 1
-55155 -2
-76107 2
36743 -1
-3516 -1
41748 -1
-47060 -1
-67666 -2
-53050 -2
45519 2
43039 1
-43953 2
-63684 -1
-45082 2
32213 -1
7394 -2
33155 1
-20846 -1
-55752 -1
7747 -1
-42170 2
-90519 1
37502 -1
42531 -2
-44000 1
-76734 -2
-16642 1
-25976 -1
10437 1
-68467 1
32482 -1
6641 -1
-96087 -1
10450 2
-85744 -1
18618 1
-11971 1
-27078 2
11279 2
-25245 -1
-51199 2
-40004 -1
1091 -2
-52349 -2
-29491 -2
-98577 2
-93898 2
21595 2
49508 -2
11511 1
-33384 2
-1344 1
-98083 -1
-19341 -1
-96935 -1
-97283 1
-30011 -2
-23775 -1
-21069 2
-42709 -2
-67009 -1
-6237 -2
-35238 1
46081 -1
-69216 1
38684 1
47463 2
-46054 -1
26032 -2
-51315 -1
-55153 -1
-13104 -1
-47692 -1
-93128 2
17839 -1
-80747 2
-80108 -1
40564 2
24902 -2
-97520 -1
-52854 -1
-82337 1
17252 2
-80040 -1
-6860 -1
-89775 2
-67357 1
-3997 -2
48823 -1
-50788 1
36013 1
-3080 -2
-90560 1
-69377 2
-62993 -1
45720 1
-89523 1
40071 -1
-12925 1
-57069 -2
36802 2
-66024 -2
-8519 -1
-86777 2
15921 -2
-62895 2
-97258 1
26058 -1
16265 1
-84656 1
-62767 1
34651 1
-98892 2
-66065 -2
-89675 -1
-35306 2
-74260 -2
34369 2
-49275 1
42820 1
-70641 -1
17452 1
-24869 -2
-85353 -1
21441 2
-12313 -1
-28224 -1
-70534 2
-89540 -2
-48660 2
23792 -1
-25631 1
-9265 -2
27041 -1
-66747 -1
47853 1
42690 1
-39455 -1
-73605 -2
1734 -1
-10612 2
-976 -2
-66277 -2
-19815 -1
-11551 1
34715 1
41475 -1
-29709 -2
-5201 -2
-11716 2
-8471 -2
-8056 -2
-5052 2
-70531 2
-33626 -2
22580 -1
-65407 -2
-24026 -1
-56771 -1
-97902 1
-58313 2
-6018 2
-14699 1
-21245 2
-86589 2
-5288 -2
-57122 -1
10195 1
24318 1
-92498 -1
-6923 2
25170 1
-69236 1
-12028 2
-11438 2
24666 2
-28237 1
-43410 2
26444 1
-26461 1
-40743 -1
49930 -1
-99447 2
12685 2
-69851 -1
13284 -1
24984 1
-67221 1
-75994 2
9430 1
32190 2
-99490 1
35745 -1
21815 1
39748 -1
5306 -2
16904 -2
-32460 2
30750 -2
49877 -1
-4112 -2
16478 -2
8948 -1
9151 2
-86938 -1
31221 1
-7814 -1
-69985 -2
-81538 2
-37272 -1
-14553 1
-53078 -2
5773 2
-63528 2
41761 2
-48398 -2
46237 -1
-28413 -2
-43035 -2
-79297 1
-7299 -2
3884 -2
-18476 -2
-62984 1
22650 -1
26922 2
-26827 -1
-81736 1
20411 -1
-71491 2
33363 -1
-5295 -2
-18086 1
-56149 -1
39594 1
14927 -1
6565 2
-35945 -1
-77362 -1
-74545 -1
-92103 1
-45201 -2
-41351 -2
11620 -1
-37253 2
35612 1
-33285 2
-36059 1
2682 -1
27344 2
-49079 1
27988 2
-76656 2
2509 2
6807 -2
27551 -2
-55945 -1
9416 -2
-24914 1
-59166 1
-53842 2
10597 1
-57072 1
-21027 -2
45405 -2
10999 -2
-39117 -2
-12493 1
-31788 -2
-65307 2
41702 -1
-71073 2
-85580 -1
38435 2
15452 2
-56189 2
3135 -2
-95825 -1
31508 1
-6636 -2
-24484 -2
-46534 -1
-6416 1
3712 2
17147 2
20375 -2
-63582 -1
-17808 -1
-47693 1
-27374 1
-70007 1
-9795 2
-62782 2
-73055 2
-37083 -2
-14209 -2
-30903 -1
17416 2
10231 -1
-37112 -2
-69733 -1
34066 -2
-51246 1
-11670 1
-57457 -2
-55138 -2
-89205 1
-45005 -1
-56782 -2
-1296 -1
-25181 -1
26948 -2
16019 -2
-46096 -1
-84469 -2
-78292 1
-25860 -2
-84244 -1
2500 1
-8960 2
44342 1
27661 -2
-61062 -2
21239 -2
-34110 1
-53572 2
-24490 -1
3927 -2
-69357 -1
-70268 1
26878 -1
46732 1
16955 -1
-16161 -1
-73920 2
44444 1
23912 1
-7232 -1
-55380 -2
-12580 1
-1039 -2
-19657 -2
-50516 1
-41960 -2
-93186 1
-97008 -1
14760 -2
-33535 2
-2663 2
15592 1
14936 2
1644 -1
21791 2
19579 -1
-41362 -2
-98008 -2
27037 -1
-78099 2
-9161 1
-68115 -2
34231 -2
16070 2
42078 -2
-97103 -1
-44977 1
-66075 -1
-73545 1
-80608 2
-19834 -1
-72294 -1
-48605 1
-37720 2
20258 -2
-37582 -2
15982 -1
6278 2
11234 2
23859 -1
36685 2
-16933 -1
-794 -1
-45955 2
-64751 -1
18320 -1
-68199 1
337 2
-94815 -2
-15980 -2
41629 -2
-70106 1
-99268 -2
18166 2
13510 2
-89407 2
-21663 1
-11043 -1
-8210 -2
-60775 1
23466 -1
-28648 -2
46694 1
30878 2
6289 1
-9026 1
-30292 1
-85586 2
-22445 1
-94646 -2
19752 -1
26731 -2
31026 -2
-79425 -1
-97750 1
-71961 1
-57690 1
39771 1
-17137 2
-67397 1
-87828 -2
44517 1
-12577 1
-24593 -2
-84362 1
-8010 -1
-9476 -1
-54226 -2
-56721 -1
391 1
-36992 1
-89190 -2
4681 1
-92363 2
35991 -1
19537 -2
-49055 -2
22889 -1
32697 -1
-37923 -1
-18079 -2
15325 1
42743 -2
28781 -1
15345 -2
37215 2
47860 1
25498 2
16086 -1
27541 1
-68071 1
-25225 -1
-25089 -1
-2580 1
49596 -1
-86221 -2
29521 2
-48552 -2
-67096 -1
-38628 2
-45017 -2
-90836 2
-52942 -1
-87432 2
-90625 2
-94406 -2
-19871 2
-36199 1
6284 1
-67122 1
-95762 -2
-56629 -1
16009 2
-39990 -1
49953 -2
-65850 2
-23827 1
-76959 -1
36359 -2
37615 -2
-19941 -1
-87037 -2
97 -2
-97500 2
-50112 2
-84278 -1
-69284 1
-34777 1
-19754 -2
-32325 -2
48748 1
-86125 2
3032 1
27284 2
29529 -1
37789 2
22105 -2
-63032 -1
-60197 -1
-52402 1
46902 2
48695 -2
-36780 -1
-27999 -2
17507 1
-61793 2
-49160 -2
-75723 -1
-86884 2
-4841 -1
-64785 1
9907 -2
37868 -2
20590 -2
-24119 -2
-86326 -2
-68145 1
-70529 1
10162 -2
11564 2
24095 -1
-17004 2
-56410 2
-20190 -1
-74110 2
49939 -2
-26723 -2
-99605 -1
46506 1
-4813 1
-91441 -2
21080 -2
42135 -2
28326 -2
-62333 -2
-16570 -1
-52187 2
41140 -1
26066 -2
33659 -1
-6121 2
49575 1
-90594 1
-68110 1
-21277 -1
-88029 2
40390 -2
5847 1
-40208 -1
-93636 -1
-6089 -1
12791 1
-87267 -1
-77428 2
-83454 1
-17079 -1
-34751 2
-13247 1
30285 -1
49514 -2
-22123 -2
-1465 -1
-43638 -1
-68674 -1
-4342 -2
-45208 2
30322 -1
-94767 -1
-84388 -1
-98604 -1
-64415 -1
-39557 1
-51811 -1
-52256 -2
24951 2
-83830 -2
34621 1
-24099 -1
-2135 2
6844 1
-69741 1
4628 2
-88575 -1
44597 1
-84356 2
-36661 -1
10882 -2
-27835 2
-17877 1
-58750 1
46205 2
-63781 -1
-38899 2
-14374 -1
17271 1
-45724 1
-9892 1
-10902 1
4650 -1
-39483 -2
14836 -1
11578 1
12126 2
13504 2
265 -2
-4546 -2
18099 2
21078 -1
-43579 2
25326 2
-8449 1
-31285 1
24187 2
-18738 -2
-26659 -1
25487 1
-2672 2
-35937 -1
-99216 1
10248 2
-63054 2
48863 -1
20604 2
33135 2
-50137 -1
-20459 2
-10885 2
49761 1
15906 1
-74879 -1
-23572 2
25183 2
-28429 2
-63127 2
-38949 2
18199 -2
-35485 -2
-86308 2
-95256 1
14928 -1
18233 -1
-14614 1
5869 2
41823 -1
-75764 1
-75570 2
-19262 2
-73193 1
-60620 1
-89507 1
2167 1
-38622 1
-8206 1
-56928 -1
20629 -1
-52395 -2
-9275 1
-7189 2
-58670 1
-40120 1
2455 -1
19138 2
-20305 2
-47237 -1
-60622 -2
-96065 -1
45087 -2
-59189 2
-52603 1
7078 -1
-73669 -2
-21816 -2
-43890 -1
49324 2
-5011 -2
38265 -1
-70746 -2
37550 -2
22176 -1
39156 2
33074 2
-41400 2
-48701 2
31537 2
42489 -1
23774 1
-12314 1
-89657 -1
-3444 2
47893 2
-84721 2
-40472 -1
30853 2
-50860 2
14609 2
30737 -2
-35367 -2
-60629 -1
-13879 2
-26733 2
24093 2
-35063 -1
16990 2
28809 -1
-43025 -2
-63859 -2
-544 -2
39583 1
-57994 -2
-96214 -1
-7540 -2
-16268 1
-96049 1
-88670 2
45651 -2
-54124 2
-32545 -1
-78443 2
-82820 -2
20870 1
-77601 -2
-86298 2
36789 -2
-15160 2
-44534 2
-17200 1
-81574 -1
-29489 -2
-60420 2
45729 -1
31567 -2
-65696 -2
-58458 2
-30306 2
4139 2
-64535 2
29954 2
-72330 1
-16555 1
-43964 -1
18750 2
1119 -2
-10864 -2
31488 2
-67066 2
7033 2
-52192 -2
-75452 -2
-47604 -2
13638 -2
-19765 -2
-1353 1
-31563 -2
-87519 -1
-88327 -1
12607 2
-72220 -1
-5682 -1
22341 -2
10763 1
-82767 -2
-72411 1
27968 2
11449 1
17312 2
19180 -1
-53059 2
31417 -2
13669 1
19207 -2
20309 2
24748 1
-87535 1
-68024 1
-89458 -2
-18908 -2
-20502 2
-896 -2
-37143 -2
-14625 2
-58929 -2
-66113 1
-52834 -2
-95151 -2
-75240 -1
-3913 1
-11186 -2
-98267 -1
46929 -2
9727 2
10483 2
-35376 2
4889 -1
-48873 2
-18365 -1
35986 2
-92164 2
8501 1
1366 2
26847 2
-96712 1
32566 2
-23150 2
44843 2
1831 -1
23387 -2
-4595 1
18822 -1
26766 2
-91380 2
-85054 1
-17161 2
-58291 1
-87173 2
39917 -1
-66529 1
40500 -2
2695 2
-47321 1
-14746 -1
-9052 -1
14273 -1
-79435 2
-92365 2
9052 2
-52501 2
-62276 -2
21323 1
33257 2
-74567 -2
27399 -1
-96586 2
-91675 2
11068 2
4605 2
-51843 1
-11979 -2
-54459 -1
-71007 2
38111 2
-16215 1
-32968 2
-58272 -1
22608 -2
10755 1
-84868 1
-50535 2
18021 2
27766 2
7555 -2
-2488 -1
-16996 -2
-85415 2
29736 2
-20133 -2
35356 2
-30985 -1
-65071 1
-45418 1
-11461 2
13889 -2
12229 -2
-72601 1
-8784 2
-59718 1
-33635 2
4807 2
-46699 -2
-15761 1
-20761 1
-71845 1
-74760 -1
-55612 2
-63757 -1
-15494 2
-67755 -2
7982 -1
-79187 -2
35426 -2
-75147 1
-96445 2
17552 -1
7253 1
-32088 1
-12191 -1
-62538 1
5364 1
-11038 1
-18170 -1
-5633 1
-27708 -1
-92301 -1
-37896 -2
40275 2
23661 1
-38780 2
27475 -2
-11678 2
49114 2
-30486 -2
-10694 2
-8637 2
-3197 -2
-61229 1
-96711 -2
-7582 1
17083 1
31743 2
-68355 2
-48482 -2
36167 2
-37977 -1
-28500 -1
-60515 -2
24802 -2
-27998 2
26999 -2
-5040 -1
-85746 2
-94445 2
11797 2
-37103 -1
-23223 2
30982 2
-86656 1
-80209 -1
17343 -1
-15817 2
29673 -2
-53018 -2
-45824 -2
-59510 1
-37440 -1
-39279 -2
43619 1
18496 -2
4176 1
-7027 -1
-20223 -2
-95969 2
36290 -2
-12177 2
17056 2
-73137 -2
-46806 -2
45721 -2
28541 1
12054 2
-15252 1
-50835 1
-85032 -1
41845 1
35401 2
-54788 1
-98952 -2
-40921 -1
-61390 2
-83885 2
-92143 1
-87837 -1
22026 -2
-17702 1
-31609 -1
-62508 1
-54217 1
-17206 1
-29200 1
-40413 2
-45655 1
-58808 1
-74309 -1
-98140 1
-11640 -1
26773 -2
1978 -1
14864 -1
-26163 -1
-28842 -2
21801 -2
43694 2
-76685 1
-79524 2
33867 -2
-25840 -1
-41465 2
-35764 -2
-60848 -1
20177 1
-57259 -1
-11914 -1
-47416 2
45122 1
38922 2
-2555 -1
-79743 2
26152 1
-29646 -2
-95818 -2
-3108 1
4002 -2
42647 1
-45158 -2
-54559 -1
-65000 1
-83241 -1
-17500 1
-70192 -1
-28225 2
-95595 -1
8207 1
4591 2
-71199 -2
-77040 -2
-22088 1
-59471 -2
27214 1
11640 -1
46872 -1
28146 -2
-32373 2
14652 2
-88263 -1
-72659 -2
-3238 -1
20684 1
-23772 1
6902 -2
-14790 -2
16297 2
-84283 -2
-43676 -1
28573 2
-1276 1
7979 -1
-97441 1
40978 -1
9759 -1
-54836 2
-69685 -1
18606 -2
-51468 -1
-41211 -2
17406 -2
9954 -2
-43917 1
23766 1
-26488 2
-76866 -1
-31054 2
-18294 -2
-31844 -1
42126 2
15002 -1
-78137 -2
35664 2
-99040 -2
-91536 1
-64497 -2
-37013 1
16097 -1
41287 1
-73454 1
135 1
-34512 2
45184 -1
45882 -1
49582 1
35537 -2
-72839 2
-13245 -1
-44351 -2
31227 2
-30107 2
-21948 -2
-44639 -2
44475 2
-93101 2
-85625 2
-85539 2
-11109 -1
34444 -2
-63428 1
22595 -1
11894 -2
-89484 2
-69630 2
-75498 2
-12035 2
-23003 2
-49170 -1
41018 2
13301 -2
-11389 1
-93119 2
25027 -2
-45801 1
-16914 -2
-2710 -2
39405 2
41176 -2
20252 -2
-7455 -1
303 1
-42820 2
-7609 2
-5739 1
-66855 1
-52403 -1
-44122 -2
-85600 2
15882 -1
4059 -2
29221 2
-33052 2
14163 -1
-69347 2
-19017 -2
2349 1
-19846 -2
-70207 2
-73856 -1
33943 -1
-55436 1
-99969 1
-11183 2
-76280 1
-94563 -2
-36611 2
3769 2
-28136 1
38341 1
20728 1
980 2
20021 -1
-61907 -2
-4199 1
-55572 1
-24291 -1
44300 -2
-70104 -1
-26497 -1
-78213 1
670 2
-42887 -2
3636 -2
-48604 1
15994 -2
-14114 -1
-6454 -2
-79726 -1
-37647 -2
-13742 2
-10544 -1
-20037 -2
-25800 -1
27033 -1
-31564 -2
-59384 -1
-33736 2
-65869 1
-87114 1
-92424 2
24907 -1
13928 -1
9000 1
11391 -2
-56447 -1
-31787 -2
-1214 -1
34529 -2
-90518 -2
-26415 -2
-42601 1
-13035 -2
10923 1
37085 2
11074 -2
-79658 -1
-54869 2
49884 1
48379 2
-96799 1
-73304 2
-6321 -1
-41567 -1
-19057 2
-24315 1
40965 1
-60918 -1
45451 2
-9906 -2
4540 2
-99949 -2
-36940 1
-37546 1
-4406 1
-160 1
26509 2
-1105 -2
-74636 2
14865 2
-57238 2
-61532 2
-44202 -1
-42360 -1
-20633 2
-49361 2
-38334 1
-83806 -2
11873 -1
-72693 1
46192 -2
-67450 -1
-71895 1
32400 2
45227 2
-61376 2
-34769 1
-11082 2
-31852 -2
22367 2
-91967 2
-9425 -2
31503 2
-71878 1
-3765 2
-19258 2
-18161 2
-77147 2
-7327 2
-15314 -2
-71149 1
-77861 -2
-51490 -2
-36102 2
-56282 -2
23549 2
19224 -2
-46275 1
-57684 1
-57000 2
-96012 2
-93766 1
46397 2
-92758 -2
-70804 1
-99952 -1
7923 2
-79356 -2
-43058 -1
-22021 -2
-8788 -1
-20148 -1
38750 -2
43249 -1
-13377 2
41772 2
821 1
11478 -1
33441 2
5896 2
-30318 1
27834 -1
-10641 -1
5418 -2
-46517 2
-26938 -2
-85994 -2
29186 1
-88608 2
31610 1
-81648 -1
-40512 -1
-65557 1
19771 1
-32308 -1
22913 -1
-83547 1
22522 -2
-68174 1
36394 2
-48976 -1
-45261 -2
-45302 2
-84086 1
20083 2
25872 1
-35464 2
-49795 -2
12464 -1
-90826 2
-23587 2
-83168 1
23131 2
-19306 2
-79016 1
-33221 -2
-11302 -2
-96179 -2
-93726 1
-6866 -2
-14116 2
28247 1
14666 1
7148 1
-57851 1
-26518 2
-36710 -1
18016 1
-91311 2
-92777 -1
43707 2
45993 1
-15100 2
46020 1
13522 -1
13411 -1
-33083 -2
-33917 -2
30463 1
-64490 2
-47770 2
-90981 -1
-41141 -2
5274 -2
-53701 -1
10938 1
-88883 1
-48230 1
44670 -2
-90598 1
-73859 1
-71325 2
-49756 -1
-43445 2
-85531 -1
-16894 -2
44255 1
1429 1
-33670 -1
-95812 2
-92001 -1
-79929 -1
-99430 -1
31655 1
-32819 1
46682 2
-13941 -2
33252 -2
-57764 1
-99920 -1
-73619 1
5334 1
-88574 -2
-58093 -2
-27736 -1
-20616 -1
31586 -1
-47949 -2
45529 1
-21164 -1
-20056 -1
-62008 -1
-35865 1
-38217 2
-85104 -2
-99535 -2
-14442 -2
-64692 -2
-28215 1
30771 -1
-39080 -1
-50259 1
-42011 2
-62920 -2
46677 -1
-86791 -1
-52131 2
43693 2
-17368 -2
-85262 -1
2997 1
46017 -2
-11837 2
4624 -1
-91172 2
-18953 1
11775 1
34366 -1
-88380 1
-29849 1
38231 2
-5234 2
-88687 -2
42156 -2
27289 -1
37672 -1
6437 2
-22025 -2
-62597 -2
-6037 -1
-44455 -1
-26022 1
23255 -1
-68811 1
9286 1
-41619 -1
-42451 -2
31869 -2
32390 -1
37351 -1
27612 2
-56008 1
33938 -2
-62633 -1
-94576 -1
-85760 -1
-34731 2
-49461 -1
-995 2
-17626 -2
31168 1
-65457 -2
-18278 -1
-29557 2
-59173 1
-48014 -1
17210 -1
2248 2
16796 -2
44748 2
-61371 -1
-99091 -1
-67129 2
42919 1
13804 2
31263 -2
-12309 2
-89474 1
-97031 -1
-40739 -2
10196 1
-72429 -1
-61418 -2
-71120 -2
-94184 2
-22662 -1
-65143 1
1122 -1
15661 1
-50434 1
-39378 2
-99113 1
-80294 2
-41857 -2
-81258 -2
12781 -1
-6655 1
-26131 -2
-88045 -1
-38272 -1
48874 -2
-93975 1
-3356 1
-22527 -1
31800 -2
-29544 1
-81003 1
-38460 2
37264 -2
-23225 -2
28910 2
-80027 1
-68847 -1
-80121 -2
-54676 2
-28445 -2
-30385 2
-66173 -2
-13021 2
13078 -1
-62309 2
-83849 1
-27767 -1
-67468 2
-40474 -1
4571 2
-69229 -2
-48100 -1
46381 2
3035 2
-36454 1
-97852 2
-57526 1
-68799 -1
-51275 2
-86901 1
10868 1
-40526 2
-49813 2
-25370 1
-23119 2
7586 2
10312 -2
-17861 2
-42828 -2
20693 -1
22457 1
20860 2
-71857 -2
-2587 -2
3221 -2
-58413 -1
-81952 -1
-85692 1
-88106 1
46131 1
-13957 -2
28556 -2
37407 -2
-28220 1
11171 2
6034 -2
-16149 -1
-43951 1
19588 -1
-89718 1
-66839 -2
-93590 -1
38864 -1
-26327 -2
14632 1
1399 2
-13852 -2
-37029 -1
27701 2
-58065 1
28673 -1
28335 1
2641 -2
13067 -2
-85789 -2
-7505 -1
2421 1
24702 1
-2186 2
-50836 -1
-45685 -1
32175 -2
37258 -2
-50969 -1
-78229 2
-21984 -1
22353 1
4827 2
15587 -2
-70438 1
-21553 -1
-84460 -1
46626 -2
-67891 -2
35899 2
24730 2
-20538 2
-93625 1
-93568 -2
-814 2
48641 2
-24940 2
-63741 2
-41973 -2
-47552 1
-49196 2
40440 -1
17567 -1
-45897 -1
47176 -2
-28431 2
-17797 -2
-91473 -1
-48989 2
32199 1
-40691 1
12862 -1
-13670 -1
-62946 -2
-59417 2
14258 -2
-87582 1
45564 1
-83018 2
-77550 -2
47776 -1
-73415 1
-96896 -1
49826 -2
-60376 1
-64603 -1
-71229 -2
58 -2
-71697 1
-36491 1
-34559 2
-29774 1
-25575 -2
-68691 -1
36072 -1
-29403 -2
-42039 -1
-20968 -1
36720 -2
19644 -2
33413 -1
43849 -1
31462 2
47517 -1
16299 2
19145 -1
33832 -1
-18431 -2
29600 1
25909 1
-91654 -1
13975 -2
-18484 2
-70696 1
-66374 -2
-51803 2
-96305 1
12716 -2
-27700 -1
33549 -2
-94190 -1
322 -2
32024 -2
17990 -1
-38708 -1
-59256 1
41262 -2
40085 -1
-34269 1
15088 -1
-38215 2
-73854 -2
9814 2
-75755 -1
3511 -1
-47870 -2
-43571 2
-73761 -2
6427 -1
32528 2
-43245 -1
-71407 2
-79945 -2
34772 1
3702 1
-87476 2
-87265 1
-93918 -1
-26487 1
-75594 -2
-55054 -1
622 -1
-46286 -1
13029 1
32735 2
-17423 2
35294 1
-13801 -2
-9850 2
46867 -2
-67913 2
-68892 2
-4811 -2
-71590 -1
-1254 -2
19494 2
-738 -1
-22186 1
46426 1
-96892 1
-58546 1
-86056 -1
-45248 2
33356 -1
41863 2
-14134 2
-95076 2
6644 1
-39573 2
-12617 -2
-93756 2
-66840 2
16389 -2
-73895 1
-24243 -2
-69098 -2
-67016 -1
21526 -1
7058 2
-16130 2
-94354 -1
-73130 -2
-79644 2
-10730 1
-11203 -1
-64756 2
2266 2
-33928 -1
25103 -2
-29673 -2
-66071 1
19503 -1
33235 -1
33447 1
-82549 2
15543 1
-90063 -2
-67307 -2
-79231 -1
-84568 -1
11437 1
-67688 -2
-46269 -1
22750 1
20019 2
6037 -1
-44219 2
-74050 -1
-87510 -1
-21079 2
45361 1
42888 1
-10806 1
15597 -1
-68111 2
46057 1
-44698 1
17798 2
-53617 1
102 -2
36504 1
-81405 1
-44152 2
-14163 1
29675 2
-96740 1
-94394 1
-75561 2
-60746 -2
-81902 -1
-60880 2
-65854 -2
-55611 2
-32703 -2
-40380 2
-30777 2
-38827 -2
-93246 1
-17915 -2
-97005 2
41027 -1
-59386 1
-86999 -1
-452 1
-82910 -2
22122 -2
16027 -2
-46633 1
-7587 -2
30622 -2
-38965 -2
-13156 -2
-91171 -2
-86122 1
15103 2
-97216 -1
-39685 -1
-49052 -1
16521 -2
-50741 2
-8076 2
-50048 1
49122 1
26669 -2
19337 1
9408 -1
-59493 -2
-57092 1
27058 -1
25493 -1
-62126 -2
29786 -2
-9719 -2
-24787 -1
-80843 -1
-81295 -2
-69310 -1
-21901 1
29497 2
-80664 -2
20633 -2
-16055 -2
-84207 2
20694 1
307 -1
38334 2
-64861 1
-26672 1
25179 1
-56294 2
-50409 2
23218 -1
-35348 -2
-90148 1
22024 -1
-74936 2
-5339 -1
35974 1
-41050 1
-92488 -1
5740 2
-23857 1
-13177 -1
-11876 1
-85562 1
13569 -2
41081 2
-87792 2
-98452 1
-22028 -2
18162 1
48918 1
-61144 -1
-95609 -2
37158 -2
13230 1
27415 -2
-55942 -1
40091 -1
-75568 1
-34852 2
48143 -1
-61476 2
-18702 -2
13937 -1
18998 -1
34229 2
23968 -1
19292 -1
-24711 2
-35122 2
29178 -2
9273 -2
9925 -2
-24407 1
-89281 -2
-13949 -2
-85578 2
-86129 -2
7386 -1
-45816 -2
45953 2
47155 2
-89206 2
-65168 2
-89630 2
-81688 -2
27487 -2
-33517 2
-66927 -2
10070 1
36258 -2
-13966 -2
-64071 1
35368 1
16949 -1
-8309 2
-67877 2
-89989 1
8002 2
36459 2
-78911 -2
-59086 -1
14938 1
-69002 -1
-29372 -1
-19222 2
32010 -1
-85884 -2
16232 1
28990 -2
-52264 -1
-15313 2
-4048 2
-31190 1
-74069 1
42622 2
-27160 -1
30524 -2
740 1
-70000 -1
-25058 2
32839 -2
-71031 -2
-32298 -1
47555 -1
-13987 1
-57565 -1
36950 1
-64104 -2
-41463 2
-91784 2
-28373 -2
-34533 -2
-45556 1
-69704 -2
20122 -1
8623 -2
-55748 2
45944 -2
-5132 1
36228 -1
-71776 -1
-71070 1
-39916 -1
-38242 2
-78600 -2
-27440 2
-46460 1
-926 -1
-98681 -1
-21378 1
-23294 -1
35802 2
18509 2
1703 1
45380 -1
26670 1
-68040 -2
-91621 -2
1216 -1
-66430 -1
-99720 1
-18125 -2
22903 -1
-58078 1
-11199 -1
-54824 -1
-3590 -1
9059 2
-43321 -1
-1347 -2
-43838 1
-81772 2
-45001 2
-93725 -1
4055 2
20164 -2
1175 -2
41072 -2
-58948 1
-94450 -1
-74616 -1
-12713 1
24373 -2
32068 -2
8811 1
-67476 2
44523 -1
24401 1
-38750 1
-3955 -1
43591 -2
4383 -2
-85942 -1
4503 -2
1342 2
-16548 -2
36222 -2
-28389 -2
-67787 -2
-11593 2
-25651 -1
-67369 1
-32482 -1
-43087 -2
33004 2
-94497 -2
7036 -2
-86678 1
-82248 2
-22859 2
-84658 1
-1069 2
-14439 2
-52801 -2
-85278 1
24008 1
16767 -1
-14823 1
20977 -2
-22003 -1
-34743 -1
10489 2
-94803 2
28970 1
-63235 -1
-23590 -2
-15834 -2
-23824 1
-59422 1
-40486 1
-12057 2
-30233 2
45929 -2
36086 -2
10016 2
-21466 -1
-30993 -2
45252 2
-97476 -2
-87341 -2
-62634 1
133 -2
22941 2
-18413 2
-6730 1
21478 -2
38131 1
-12268 -1
14430 -2
-55454 -1
-65786 -2
-60274 2
-58810 2
3912 -1
-91527 -2
41361 -1
-40025 -2
10296 2
23301 -1
-79895 1
18658 2
-32358 -1
-15402 -2
40333 1
-85809 1
46431 -2
-77253 -2
27865 2
-46376 2
-42459 -1
20330 -1
-15738 1
-7031 1
3297 1
-62928 1
-35652 -2
-34045 -2
16580 -1
47124 -2
1147 1
-7352 -2
-23310 -2
-8539 -2
29183 -2
35210 -1
-99422 1
-81793 1
-2918 2
-46069 1
-91 1
-43971 2
-10023 -1
-17738 2
-6709 1
-27791 -2
-70854 1
-251 -1
-24392 -1
46357 -2
39728 -1
-65046 2
-70286 -2
-79191 -2
19274 2
-8918 -1
-11525 1
10877 -2
25728 2
-96220 -2
47293 -1
1210 -1
8616 -1
-79906 -2
-51165 1
17336 2
-85910 -2
-59664 -2
-90876 -1
-15797 2
10057 1
-15730 1
3526 -2
-44967 1
-66546 -2
-92039 2
-52533 2
-84138 2
-35357 -2
17438 1
-17794 -1
-94530 -1
-61234 -2
-27987 1
29278 1
-51822 1
-13683 2
-51283 -2
-10193 2
-71733 -1
30886 2
-7894 -1
-7280 -1
-69040 1
-12674 2
-47984 1
-75079 -2
40346 1
-21259 2
-4349 1
7454 -1
-62320 -1
-37833 -1
14794 2
-78519 -2
-7364 -1
5174 -1
8510 2
-33143 2
-65289 -2
-1583 -1
19572 -1
-26965 2
-90542 2
-57249 -1
-73718 -1
469 2
37246 2
34641 2
44512 -2
-11084 -2
-20500 1
-63995 -2
-89804 -2
-25420 1
-47511 -2
-30307 2
-59762 2
-87885 -1
46004 -2
-43520 2
-36123 -1
30252 -1
-61993 1
-82104 2
-254 -1
-7603 -2
-70221 2
-8047 1
34673 -2
16175 -2
-65632 2
-12686 2
49175 -2
-83525 -1
-98416 1
-63412 -2
20008 -2
22362 1
-99633 -2
-89028 -2
-55914 -2
-58846 -2
30206 -1
3016 2
-69616 2
-76423 1
9495 1
-64337 -2
1379 -1
-32716 -2
43112 -2
-96384 2
-18494 -1
25448 1
-76812 2
-36470 -1
-46546 -1
-15822 1
-30860 2
37613 -1
40367 -1
-19848 -2
-37904 1
-61700 -1
41014 2
28068 2
10333 -1
-94141 1
46780 -2
-84272 2
21720 1
10276 2
-45223 -1
-81978 2
-80796 -1
29563 -1
-50653 -1
-67856 2
17390 -1
-56715 -2
-29575 -2
-4294 -2
-71721 -1
-69285 -2
38548 2
-4230 2
43842 -2
35617 2
-62804 -1
10108 -1
-9588 -1
1501 -2
-58352 -2
-17662 2
47953 1
-99421 1
-12651 -1
-15288 1
-12972 -1
-46789 1
-37350 2
6172 1
-53624 -1
4714 2
-80453 -2
-74311 -2
-6085 -2
23317 -1
-83646 2
-93835 2
-83946 -2
25947 -2
-81291 2
24795 -1
-27653 2
-92368 -2
40722 1
46962 2
-31499 -2
-90976 2
-60428 1
-77124 -2
-70701 -2
-51518 1
22366 1
25479 -1
26140 -2
-2063 -1
26785 2
-2267 -1
6515 2
-38397 2
-1440 -2
-21137 -1
-46037 1
1412 -2
-33142 -1
15763 -1
46759 1
44708 -2
-33559 -1
7330 2
-47478 2
-89343 1
21587 -2
-87648 -1
-29916 2
-3097 1
-18823 2
11181 1
-82096 -1
-80059 -1
49536 -2
-336 -1
-26177 1
-91049 -2
-75957 -2
-92929 -1
6798 -1
13882 -1
-94193 -1
-20962 -1
23784 1
-86932 1
24778 -1
-87791 1
-74725 -2
-35949 -2
-50370 -2
40689 -2
29652 2
-83250 -1
-60807 -1
47370 -1
-8911 2
14572 -1
45228 1
-53874 -2
-8458 1
-9292 -1
31794 1
-9845 -1
-92474 -2
43660 1
-44737 -1
46012 -1
-22795 -2
-3986 1
15130 1
-42085 -2
-50894 2
-96018 1
-64280 2
-97450 2
1915 1
-60949 -1
-49866 -1
-69928 1
-64542 2
33122 2
-72629 1
3956 2
1967 -2
-8719 -1
-61770 2
45635 -1
-21446 2
-22999 -1
-27437 1
-11483 2
48102 2
-38002 2
-30225 -2
-72696 1
6686 2
26424 -2
-5350 -1
-84685 -1
-98491 2
-4181 2
-68127 1
-295 1
-80134 -2
-27208 1
34385 -2
-81323 1
19586 -1
41841 1
-87156 -1
-27500 -1
-18168 2
-40963 -1
-55231 2
37324 -2
48861 1
-41927 1
41747 1
-41522 2
-84410 1
-55197 2
-10656 -2
45160 -2
35936 2
-30496 -2
-3431 2
-25513 1
-98565 1
-20422 -2
-54140 -1
-49392 2
-97612 -2
-50507 -1
-25326 -2
-30808 1
30927 -2
-65824 -1
23414 2
-94456 -1
-75867 -1
-83777 2
-81107 1
-44607 1
-98554 -1
35334 -1
-28134 1
-81490 -1
-42249 1
-48226 1
-26721 -1
-38792 1
14485 2
-23812 -2
-28381 -2
-84370 -1
-5853 1
-60262 1
-55402 -1
-55838 2
43611 1
-61407 -2
-46395 -1
-34797 -1
30810 -2
33745 2
-95608 1
-4981 1
-34955 -1
23334 2
-29573 -1
-57772 1
-36314 -1
-16069 -2
-9057 -2
13024 -1
-12227 1
-21702 -2
1248 -2
-73826 2
-72549 1
-20121 -1
29577 2
44226 1
-96150 -2
20133 -2
-8941 -2
33593 -2
-44504 -2
-18993 -1
-18427 1
30311 1
-96511 -2
-21131 1
-90361 2
-56278 -1
18036 2
-48266 -2
-23068 2
880 2
37466 -2
-49995 1
24210 -1
-7395 1
-90451 -1
-79755 -2
-99362 1
24622 -1
-58421 -2
-80432 -2
48760 -2
-30028 2
-11436 -1
-57196 2
2603 -1
31408 -1
40097 -1
7754 -1
40452 -2
45789 2
-46830 -2
30765 2
31553 -1
-97029 -1
-71226 -2
48441 -2
34962 1
7654 -1
46153 2
-60758 -2
-24339 -2
-84804 -1
-67942 -2
-82313 1
-43017 1
25651 -1
-24105 -1
48327 2
31887 1
-72524 2
-4821 -2
-89885 -2
-76951 1
-25747 -2
30403 1
-54112 -2
29432 2
-52752 2
-64362 2
-36959 1
-48171 -1
-68728 1
17814 2
8356 1
-45011 -2
-58696 2
-41044 -2
8712 2
-98501 1
-9276 -2
31565 -2
39028 -1
48019 -1
41120 1
-62338 1
-96755 -2
-2562 -2
-52618 -1
-42219 1
-98764 -1
-96699 2
-87605 2
-19339 2
33533 -2
33119 -2
-90007 -2
-59364 2
6088 2
-71115 2
-73522 -1
-95685 -1
42664 1
-73592 1
11194 1
-63305 2
48211 -1
15319 2
-60087 -1
-28686 1
-59511 -1
-53006 -1
37500 -1
-8331 -2
-9727 -2
-24546 -1
47672 2
-86998 2
45021 1
22931 -2
-54449 -1
1682 2
-78816 2
-77290 -1
-34128 -1
47918 -2
-78606 -1
-4873 1
-77518 -2
-95721 -2
11554 -1
-73831 1
49636 2
-54585 1
-68748 -2
15090 1
29286 -1
10929 1
-3318 2
-23822 -1
-25933 2
-26559 -1
-50597 1
-50660 -2
-31433 2
-41656 -1
-33069 -1
8571 -2
-97326 -1
-57516 1
-89417 2
20334 -2
-30226 1
29463 2
-73083 2
-95304 -2
13397 1
24931 1
8030 -1
-48510 -2
45220 2
-14982 1
-62195 2
-63841 2
24773 -2
-18213 -1
-29251 -2
32745 1
28451 1
-2633 1
-28759 -2
-90537 -2
-36578 -2
-57408 2
-66677 -1
-30761 -2
-44427 1
-64050 2
-44569 2
-58999 1
-16628 -1
-87235 -1
17976 -2
1187 2
-35114 -1
37270 -1
30922 2
-62229 1
-26003 -1
-43417 -2
-62835 -1
-47251 1
37933 1
27059 2
14724 1
-57895 -2
-39355 -2
7070 1
-42679 1
37112 2
24901 -2
35945 -1
-28056 1
24837 1
-42389 -2
-62181 -1
48602 2
-66904 2
-83667 1
-94723 1
-69605 -1
29611 2
13070 2
-62690 -1
-58503 -2
-45459 1
21999 -1
37386 1
48201 1
-1832 1
-84907 -2
-70614 2
-21366 1
5800 -1
-8215 -2
-64202 -2
8649 -2
2494 2
25922 -2
-14551 -2
24340 -1
-36571 -2
46980 1
-8521 2
20278 -2
-99278 1
45468 1
-63099 1
-72053 2
-51437 1
-68478 -2
-28350 -1
-94600 -2
32873 2
-3640 1
-65294 -2
7231 2
17988 -2
37381 1
17392 2
-32662 -1
4784 2
46441 -1
-4268 -2
163 -1
-73662 2
30481 -1
-89977 1
-90544 1
-49059 -2
22199 -2
-89969 2
-35048 -2
38219 2
-83105 -2
-57290 1
-53757 2
11018 2
33279 -2
-60698 -2
33264 1
-67838 1
-70156 -2
-39698 -2
-24247 2
-99281 1
-29314 1
-19539 -1
-82749 -2
23029 2
-83482 2
-67085 -2
31523 1
-16210 -2
-90394 1
-44903 -1
39802 -1
-4989 1
-48541 2
31007 -1
-55179 -1
-57002 -1
-73465 1
-13074 -2
-49954 -2
47419 -1
-59082 -1
41438 2
-95105 -2
-77788 1
-86232 2
-39499 2
25799 -2
-77984 1
-40729 -1
40255 2
-67265 1
-17857 -2
-26065 1
37649 -2
-51598 -1
27006 -1
-50760 -2
9817 -1
27469 -1
33722 1
-75575 2
47173 -1
-85476 1
45024 -1
-47502 -2
-90447 -2
-84155 -2
8250 1
-45914 -1
-7621 1
-20341 2
47254 1
45272 -1
-90750 2
-25182 2
16562 2
-58214 -1
-89464 2
-15035 1
-63205 -1
-35571 2
20370 2
-31744 1
19922 2
-35722 1
-84780 2
21207 -2
-23730 -2
40774 1
-38061 2
-22116 -1
-75829 -1
27040 -2
-13947 -2
47320 1
-17464 1
14846 1
17345 -2
-75066 2
1440 -1
7053 2
-25023 -1
27747 -2
-27795 2
6122 -2
-16748 -2
15850 -2
-24572 1
-70544 -1
-78695 -2
-88842 2
25530 1
-50815 1
1075 -2
39040 -2
-15901 1
-52873 2
1316 -1
-65844 -2
-6995 1
17383 -2
-47625 2
14491 -1
34251 -1
19077 -2
-69561 1
-99511 1
-33618 2
-51052 1
29298 -1
30957 2
-57288 1
-38138 -2
30472 1
40066 1
46167 -1
-50131 -1
-84379 -1
-93896 -2
-92115 -1
25239 2
-38079 -2
-97271 2
-15814 -2
-55774 1
17311 2
-8307 -2
-93457 -2
-11363 -1
-93390 -1
-57593 2
-6239 2
26542 -2
-98468 -1
-98887 -1
42441 1
-90196 -2
-24505 2
-44077 -1
-74268 2
-97141 -2
-34337 -1
-38462 2
-12209 1
-81376 2
-15765 -2
41503 2
14527 -1
-87107 1
3291 -1
-85592 2
-99348 -2
-77394 2
-3593 2
30640 -2
-41241 1
11666 1
43072 -2
-39766 2
-30858 -2
-48430 -1
17338 2
-19928 2
-41122 2
-94748 -1
-78849 2
42906 -2
30726 1
-21103 1
-38693 1
-24092 -1
-84419 2
42080 -2
-26158 1
-94349 -1
-31757 1
-84579 2
-85346 2
19487 -2
-76405 -2
-75591 1
-65531 2
-86966 2
-33345 -1
-27976 -1
-95840 -1
18324 -1
-95007 -2
-14044 1
-34928 1
-17198 -1
-13962 -1
26393 -2
-48064 2
-37393 1
9204 -1
30066 2
-85879 2
-79282 1
21231 1
47830 -2
21277 2
-56077 -1
-3556 -2
-13062 -2
-95027 1
5239 2
47707 2
47520 1
27413 -2
-82754 -2
-47872 2
-78957 2
-68801 -2
31194 -2
-51992 -2
18402 -2
-24599 2
-27945 -1
-69331 -2
-67905 -2
-39522 2
-79445 1
-28996 1
9360 2
-87411 1
-42327 -1
-47338 1
-95804 1
-45323 -1
-11056 1
-23516 -1
26959 2
9937 -1
-71098 2
40056 1
-18500 -1
41047 -2
-96528 -2
-46528 -2
-93534 -2
-98493 2
17871 1
18150 1
-84723 -1
-45715 1
-4098 1
-86424 -1
42060 -1
33262 -2
21827 1
-54631 1
-43137 -1
-84854 -1
17177 -2
-13626 1
-98544 1
-73004 1
-91050 2
21497 -2
-13438 2
-34024 -1
-26787 1
-26399 -1
-98503 -2
-92269 1
-81190 1
-64767 -2
22858 1
-35055 -1
-47737 -1
-30894 -2
-39442 1
-5375 -1
33909 2
-68588 -2
-17579 2
-6221 -2
-23266 -1
17355 2
-3432 -1
-24408 -2
-48447 -2
-92984 2
-59042 2
-39199 1
41704 -1
-83357 -2
36283 1
-93778 1
-99691 -2
22893 -2
25066 1
49405 -2
-77230 1
-15801 -2
-65584 -2
18965 -2
21863 -2
31699 1
43065 1
-74815 -1
40631 -2
-52638 -2
-20161 1
32699 -1
19631 1
37430 -2
4366 1
-99646 2
-1284 1
6607 1
-54993 2
-88585 2
-31576 -2
48934 -2
47558 -2
-36421 -1
-68025 -2
10690 -1
-83351 -2
-43480 2
-15182 2
-19346 2
-64327 -2
-41930 2
12076 1
-3284 1
-20485 -2
-50130 -2
-29004 1
8687 -2
9508 -1
-11283 -1
-9159 1
-60721 1
-36185 -1
23669 2
-84299 2
-90804 2
9281 1
42544 2
49412 2
-80340 -2
8673 -1
-66635 1
-72658 1
-90398 -1
13265 1
-69050 1
37693 1
-40112 2
-72863 -2
-69072 1
26677 -1
-37478 1
14393 1
-25063 -2
-81300 -1
-17517 -2
-49643 -2
15535 -2
-97798 -1
-14836 -2
-47291 -2
-73024 2
-25788 -1
30630 1
-52034 -1
-98527 -2
5248 -2
-51144 -1
-43577 -1
-42947 2
-42221 -2
28880 1
-76629 -1
-84880 1
-53978 -1
12232 -2
2716 -2
-65597 1
-34086 1
25130 -2
1427 -2
48943 1
46315 -2
39353 -1
872 2
-69880 -2
-28274 2
-89242 -2
32930 -2
23326 2
31776 -1
-49908 -2
-75476 -1
-49577 1
35941 -1
-62311 1
-10764 2
33749 -2
-11618 2
-98189 2
45494 -1
-70797 1
27155 1
46164 2
-97969 -1
9420 -1
-45259 2
-95095 -2
-47928 -2
19109 2
21618 2
-95454 -2
-94599 2
-59607 -2
-12969 1
-71254 1
-48154 1
-78113 -1
21743 2
-862 1
-38228 -2
-26082 -1
-35696 -1
-40987 1
26096 -2
-39107 2
-83702 -1
8335 2
-6551 2
-12982 2
31391 1
37921 -2
-14876 -1
-54731 -1
-97180 -1
-76291 -2
-86532 -1
-83376 -2
-10940 -1
-61300 2
28604 1
-71952 2
-73759 -1
-12332 2
30907 1
25689 -1
-92217 1
36263 1
-92367 -2
10227 2
-97421 -2
23007 -2
44392 -1
-41809 -2
-55972 1
-87427 1
-50883 -2
31143 1
-59389 -1
-98163 -2
40830 1
-98578 2
5427 -1
45846 -1
-96707 1
16470 -2
-30338 1
-77008 -2
44768 -2
-16283 2
-57846 -2
-15714 -2
29374 -1
-32564 -1
-40535 1
-99824 1
3338 -1
-93847 2
-12547 -2
-39249 1
12729 -2
-4198 -2
-79843 -2
2172 1
23907 -2
6749 1
-36758 -2
44639 2
-64238 1
-13609 2
-69775 1
33028 -2
-54467 -2
-48131 2
-95400 2
-7723 2
32255 1
3324 -1
36710 1
-64708 -2
3068 -2
3377 2
2850 -1
40636 -1
-52617 1
35193 -2
-67501 -1
-8584 2
-17147 -1
-11642 -1
-65826 -2
-39479 1
1641 1
-27518 -1
27388 -1
-87102 1
-62307 1
30059 1
36137 2
-86647 2
-14806 2
-73508 -1
-77114 1
-8122 1
2230 1
-67383 2
-27759 1
-6565 -1
3698 2
-73564 2
11295 -2
-70579 2
-92181 -2
-98031 -2
29865 1
-51799 -2
28805 2
-64308 -1
-53069 -2
-61645 -2
-25183 1
-77376 -1
2348 1
-82289 1
-28137 -1
-15939 1
19013 -1
-32345 1
12387 1
12745 1
1071 -2
28180 -1
-22751 -2
-67438 -2
-28980 -1
-91712 1
2841 1
-36522 1
-47383 1
-49977 2
-77000 2
-34166 2
-94915 2
-47581 1
-10099 -1
19789 2
-97576 1
12896 1
-98848 1
44657 -1
-42959 -2
-52463 1
-55042 -1
38896 -2
43953 1
-96266 -1
-35166 1
-22046 1
-65072 2
44243 -2
-69374 -2
-56156 -1
-80879 -2
-10962 1
-9341 -2
44495 -2
-6002 1
-21755 2
-48978 2
-64986 -1
-19514 -1
-75483 -2
-49850 -1
-11175 -1
28082 2
-28653 2
-66661 2
29585 -1
-59378 1
31540 2
22501 -1
-70530 2
-34458 2
-71871 2
-293 -2
-47705 -2
35959 2
6269 -1
-46515 2
-19428 -1
-2333 -1
7884 -2
-6009 -2
-93585 -2
42196 -1
14144 1
-66576 2
44109 1
-55086 -1
-56176 2
-19986 2
-9548 -2
-8649 1
-89371 -2
-92952 -2
-15262 -2
2013 -1
23463 2
-7617 1
37006 -1
-30653 1
7656 2
-75975 -1
-54520 2
18780 -1
-63211 -1
-17983 2
-92333 -2
-45162 1
11761 -2
-9090 1
884 1
29075 -1
36883 -2
-21285 2
-91723 -2
555 -1
3720 -1
18751 1
-1454 2
-63589 -1
-98719 -2
-62818 2
45325 2
-57909 2
-64731 -2
-47923 1
15232 1
4727 1
38359 -1
-64098 1
-557 -1
-80211 2
9919 -2
-19859 1
-95524 -2
43552 -2
-54160 -2
-1100 1
-51083 -1
10793 1
-63271 1
3425 1
-91830 2
-80820 -1
-20840 1
-32241 -2
43939 1
-58012 -2
23805 2
-2145 -1
-19676 -2
35490 1
-96520 -2
-92908 1
-43319 -2
-23008 2
29794 -2
-91106 1
48283 -1
-43234 -1
36562 -2
16485 1
3392 1
-80276 1
23529 -2
-90839 1
18744 -2
-11013 1
-37745 -1
-51289 -2
-26634 -1
-54881 -2
-16294 1
-5374 1
33676 1
-88625 1
-64139 -1
-18929 -2
-33037 1
-29051 1
-10944 2
39433 2
-62197 -1
-62295 -2
13382 1
22139 -2
11424 2
-86216 -1
-30168 -1
-96048 -2
-59906 2
-86255 1
30889 -2
49728 2
48006 -1
-69736 1
-4367 -1
-48033 2
-43407 -2
-47371 -2
20446 -2
-51164 -2
46374 2
-61330 2
6076 1
-54687 -2
-44002 -2
47128 -1
18110 2
36199 -1
-46747 -1
-48420 2
24823 2
-88825 -2
-61187 -2
-89788 1
-29786 1
-68618 -2
-87523 -2
-83530 1
-66295 -2
-3606 -1
-19758 1
-4393 1
19797 -2
-26245 2
-21522 2
-60839 1
-747 1
-30296 -2
-47654 -1
-11087 2
-14832 -1
-76146 2
-57261 1
-13834 1
-15409 2
-4182 -1
-1410 -2
11310 -2
-22274 1
9467 -2
15389 2
13810 -2
32203 -2
19602 1
12226 2
-78097 -1
-11669 2
-57575 2
-13015 -1
-37156 -2
-26640 -1
-6149 2
-18806 -1
-38539 1
-25554 2
-53200 -2
13192 1
-85177 2
-90668 -2
-45605 2
-29817 -2
-73151 2
-90124 -2
-67209 -2
-28405 1
11921 2
46649 -1
-15196 -1
-29414 2
-85548 -2
-89793 1
13085 2
-6509 2
-50562 1
-28303 -1
-67285 2
-67531 2
-6331 2
-82092 -2
-90470 1
46526 2
-59339 -2
11004 1
34448 -1
-2303 -1
-37320 2
-28930 -2
-65528 1
-11838 2
-21341 -1
-52335 -2
10600 -1
-74808 2
16801 1
-28923 -2
8302 -1
-4263 -1
26726 -2
-81961 1
-80534 -1
5925 -2
5354 1
-31049 -1
-97549 2
-85282 2
-22489 1
-36791 2
-14540 -1
24100 -2
-28512 -2
-12490 -2
-56347 -2
22212 -1
-69804 1
-33772 -2
-53137 -2
44896 -2
-93354 2
-84908 1
41757 1
-48135 1
-79610 -2
-20991 -2
-8019 -1
-81182 -2
-49588 -1
-1365 -2
20245 2
-87817 -2
29803 -1
7170 -1
-61293 -1
-88335 2
33242 2
17167 -2
34431 -1
45124 2
27247 1
21396 -1
35793 -1
-91507 1
-42545 -2
-92998 1
-73131 2
-8268 2
-65171 2
-45447 -2
-36769 -1
29450 -1
36173 1
-90082 -1
-25088 -2
-75622 -2
-52954 2
-33661 -2
-30110 -2
-60168 2
19698 2
-11659 -2
-45728 -2
-70115 -2
-45192 -2
-95049 2
-85425 1
2908 -1
-1752 1
6907 1
20358 1
25946 -2
-30072 -2
-27477 -1
-5991 -1
45511 1
26896 -2
27021 1
6217 -2
-17238 2
2423 -2
43861 2
-56220 2
-12454 1
-32455 -2
2700 -2
26802 2
8100 -1
-14875 1
-45710 2
49792 1
43280 -2
-1634 2
-28483 1
40407 -1
-30399 -2
8217 2
48518 2
-61570 -1
14396 -2
-33797 -1
-99976 -2
-94122 2
-72106 2
60 -1
-48601 1
-18464 -2
-46493 1
-55742 -2
8864 -2
-3927 1
-84781 1
-57073 -1
-61370 -1
19541 1
-24936 -1
40512 -1
-92639 -2
38503 -1
-42787 1
-1009 -2
23270 1
-89518 -1
-90570 -2
34404 -1
-64373 2
-75085 2
-2538 1
-72592 1
-86435 1
-80433 -1
-51715 -1
32185 1
46579 1
-44206 -2
-47116 2
-86214 1
46468 -1
-62623 1
-41670 2
-39811 1
-97107 1
27937 2
27571 -2
-6488 2
-8506 2
-93617 1
-81565 -2
-12609 -2
-99498 -2
-4020 2
13527 2
-50639 -1
-82406 -1
-96067 1
9961 1
18210 -1
27165 1
-49224 -2
41602 -1
-34069 -1
41456 -2
-77214 -2
-3946 2
45019 -2
-64893 2
-87879 2
-886 2
5963 2
32905 -2
-27502 -2
41399 -1
-3959 -2
29455 -1
-89453 2
19176 1
-4158 1
16896 -2
27141 -1
8406 2
49696 2
-70220 2
-84682 1
-48599 -1
-1089 -2
-25889 2
20509 -2
-20876 2
-55675 -2
-41943 -1
3314 -1
46977 -1
4840 2
-44882 -2
-40826 1
33226 2
-19557 2
-84712 1
31515 2
-10158 1
-95348 1
-65568 1
31781 2
-59040 1
-71499 -2
3586 -2
-90556 -1
41576 -2
-77056 1
-64149 2
17057 -2
-73878 2
-77317 1
-20530 1
-10791 2
-98967 1
-30875 -1
-25716 2
-65871 -1
-95397 1
-20430 -1
-15179 -1
-34469 -2
-59823 -1
-3549 -1
31272 -2
-36872 -2
-31170 -1
-12284 2
-71386 1
-87887 1
29626 -2
-84546 1
-26897 2
-95992 2
48111 2
-74369 -2
-4473 2
-50739 -1
-95697 1
-40652 1
-57313 2
-55341 2
-3455 2
-10721 2
-86104 -1
49009 1
-90962 2
-72957 -2
11482 -1
-49291 2
-21883 2
-50565 1
45255 -1
7705 -1
-80540 1
-58201 -1
-94103 2
-23870 2
46901 -1
25441 -1
-40047 -2
-45366 -1
-91888 2
-50464 -2
-77175 2
-73444 1
-82327 2
-86210 2
-51770 -1
39739 1
4034 2
-81747 -2
42630 -1
-13402 1
-50658 -1
-67003 -2
-34310 -1
-93661 -2
9465 2
1842 2
-33008 1
-22725 -2
23497 2
-13184 -1
47513 -1
-28032 -2
21771 -2
-63657 -1
41723 -1
-85475 1
-80176 -2
35929 -1
-4828 1
32951 1
26709 -2
37958 -2
-91448 -1
46725 1
-21464 1
7117 -1
5595 -1
-92548 -1
-8996 2
6639 2
26713 1
44175 1
14046 -1
-72943 1
100 -2
1351 1
-21884 2
-36368 -2
-42588 1
35823 -1
-50534 2
49530 -2
31550 1
48433 -2
-13092 -2
21210 1
-69511 -2
-35888 2
-29559 2
-69087 2
-2253 2
18057 1
14338 -2
43606 1
-23786 1
5288 -2
-54831 1
-20650 -1
-34654 2
-70453 -1
-32788 -2
-2958 -1
-34937 1
-49382 -1
-98380 -2
-3494 -1
-88621 -2
8872 -1
-97350 -2
20149 2
-28408 1
-69067 -1
42486 -2
-44153 2
-54188 1
-53819 -1
2961 1
-8711 1
-29338 1
-47715 -2
-55317 1
36122 -1
-70393 -1
-30269 -1
-88426 2
17527 -2
-77441 2
11646 1
29082 2
-37158 -1
14542 -1
15374 1
46319 1
-13010 2
2096 -1
754 2
-97318 -1
17458 1
-81199 -2
-32246 1
-26545 -2
-16805 -1
-76791 -1
41093 -2
-39647 1
-2858 -2
25229 1
23739 2
-39683 -2
45189 -1
-36615 1
-69338 -1
9219 -1
-58967 1
16812 1
-31583 -2
47212 -1
-19763 2
-14502 2
-83697 -1
43091 -1
15723 2
39823 2
20033 -2
-75959 -1
38353 -1
-12527 1
-68292 1
-5850 1
-28850 -2
-81177 2
-4359 -1
44464 -1
24287 2
-45363 1
-78510 2
-41099 1
-19878 -1
-5195 2
29133 -1
-56724 2
-45510 1
-53423 1
39644 2
-21976 1
23493 -2
-2504 1
-92492 2
1161 -2
-39084 2
48881 -1
-72871 -2
-39100 -2
33724 -2
14366 2
-21088 -2
10429 -2
-25820 -2
16096 1
48778 1
-79991 -1
42850 2
33284 -1
40145 -1
-51526 -2
41547 1
17214 -2
5862 -1
-48281 2
26163 -2
38277 1
5013 2
-93404 2
-16876 2
-21489 -2
40007 -2
-33791 1
30467 -1
49458 -2
-30550 1
28484 -1
-72099 -2
-94375 -2
-44564 -1
-2380 1
9066 -2
-19164 1
-57503 1
-67275 -2
-46578 1
-18265 -1
8718 1
-5092 1
-87091 -2
-31426 2
-79166 -2
-46291 1
-89035 1
-43650 -1
-75930 1
-35833 -2
44345 -2
1352 2
33224 -1
-21254 -2
-85752 1
-53235 -1
-10805 -1
40809 -2
-66035 2
-73241 -2
-42763 -1
8810 1
-43223 2
47191 1
-51433 -1
-48788 2
41105 -2
28206 2
-25049 -2
-13652 -2
-43706 1
46478 -2
-67988 1
-24282 1
37909 1
-81357 1
-11671 -2
-16720 -1
47625 -2
6728 -1
-32352 -1
-30325 2
-9058 2
-98686 -2
-28084 2
-45226 2
36842 2
-19348 1
-18611 1
-93848 -1
-12532 1
-13461 -2
-21544 1
-18548 1
-95539 -2
-2718 -2
-45516 2
-94493 1
-11587 -1
-25802 -1
-49570 2
-60464 -2
-23106 1
-55737 2
-53060 -2
-29689 -1
16879 -2
-34860 -1
-87504 1
37195 2
1935 2
6303 -2
-16236 -1
-67219 -2
10095 2
44706 2
49526 1
-38676 -1
-27284 2
-17192 -1
-23661 1
-87713 2
-6530 -1
-76529 2
8175 2
-87522 -2
14799 2
-78752 -2
46257 1
37366 -1
38295 -1
-98097 -1
-37761 -2
42566 -1
46278 -2
-60329 2
-41302 -2
4528 1
-68484 1
-45187 -2
-72168 -1
-76334 -2
-32415 1
24814 -2
2077 -2
9225 -1
-7948 -2
42887 -1
-7800 1
49400 -2
-82021 1
-88077 -2
-58979 -2
-58724 2
17159 1
-71374 -1
13144 2
-31216 1
-28100 -1
-28817 -2
37596 1
29764 -2
-79852 -1
-11194 -1
-78401 2
-89080 2
-18951 2
17334 -1
-63633 -1
15860 -1
20316 2
28624 1
-27986 -1
13656 1
-14858 2
47887 -2
47676 -2
-93209 -1
-20058 -2
14735 1
37176 2
-22607 1
-24683 2
-20042 1
-93005 -2
19703 -2
32893 2
-20658 -2
25080 2
-64231 2
-21166 1
-67695 1
-15253 -1
-72375 2
-18103 -1
4856 -2
-91143 -2
-10159 1
-51869 1
5378 -1
-1289 -1
-87126 1
41994 1
-46795 2
-60210 1
-88207 -2
-75697 -1
-94506 -1
21126 2
34609 -2
21048 -2
-45347 2
38491 2
-74075 2
24294 -2
40848 1
26794 -2
-29838 1
-53806 -2
-23779 -1
-10913 2
20024 -1
44077 -2
-68973 -2
-49783 -1
27477 2
9419 2
38059 2
33314 -1
-34665 1
49703 -1
8707 1
-92966 1
-61859 -2
-78409 1
-66415 1
-90689 -1
-61537 1
-33570 -2
-31590 -2
-15135 1
38439 -2
-5776 -2
-14609 -2
-8817 1
28400 -1
-51632 2
23866 2
43252 2
-32483 -2
-35711 2
40855 -1
23632 -1
-46567 -1
13195 -1
-56725 2
-10156 -1
-14986 1
-448 1
43890 -1
-15624 1
-23324 1
40444 -1
-38890 -1
-29996 -1
17972 -2
-35053 2
8837 2
38044 2
40447 -2
-42662 -2
-68765 2
-43749 -2
-66289 -2
-39208 1
-37487 2
18491 2
36215 -2
-60425 2
20553 1
-26958 -1
-85902 -1
862 -2
34300 -1
-15168 1
-73775 -2
15767 -2
-98725 1
-12586 2
43118 -2
28453 -1
36298 1
-35158 2
-23432 -2
-35085 2
-6515 1
24859 -2
-11577 2
20356 1
7461 -1
-85986 -2
-11697 2
21460 2
-44492 2
-90527 1
-21485 2
-59791 -2
-65840 2
-71811 2
-13440 1
-9924 2
-90054 1
-81105 -2
-94465 2
27802 2
-71983 2
-8574 -2
-69536 -1
13642 1
-10548 1
-35044 -1
-9916 -2
-74524 2
-6041 -2
-64783 2
-13701 2
-31507 -1
42983 -2
21293 -1
22258 2
-31155 -1
4097 2
3594 -1
-40888 2
22295 2
-44980 2
-7658 2
-31343 -2
-89653 1
949 1
4105 -1
-49612 1
-45218 -1
-88515 -2
-72000 2
36602 -2
-93466 -1
-73112 -1
-20043 2
47048 -2
-90149 -2
-37396 -1
-56647 -2
-88918 2
17804 2
-60512 2
-66066 -1
-16350 2
-70355 -1
-46152 -1
-3617 -1
-33270 -1
2648 -1
-35858 1
-28914 2
-67860 -1
-36837 -1
-28706 1
-46892 -2
-52982 2
-28419 -2
41137 -2
38304 2
-30034 -2
-48297 -2
-43109 -1
12237 2
-57062 -2
10774 -1
-7244 2
-35811 2
6577 -2
-57060 2
-2183 -2
-71775 -2
-91416 1
-96053 2
35340 -1
1356 -1
-62727 -2
20199 -1
33880 -1
43869 -2
45980 -1
1033 1
-28141 -1
-35452 2
39752 2
24127 1
-44866 2
-89806 1
-65649 1
-78693 -2
49510 2
-36786 2
-35908 -2
26035 -1
-48475 -1
-84249 2
-693 2
-26506 1
-94129 2
-34007 1
-28819 2
-74388 -1
33729 -2
-44724 2
-69009 1
14073 -1
13988 2
-18109 -1
-58141 -2
33542 1
48557 -1
-31467 2
-10469 1
-18656 -2
-42438 1
-5630 -2
39280 1
-90224 -1
-32430 1
7006 -1
13683 -2
-20988 2
-89719 2
-83305 2
24945 2
-33955 1
33488 2
14717 -1
-57967 -2
45918 -2
-9857 -1
-85937 1
-21007 2
-31581 1
7420 1
-78484 2
-75525 2
43935 -1
-15166 1
-41642 -1
10903 1
2929 2
32807 2
-34696 -1
-1151 1
48250 2
-32165 -1
-30587 1
-17912 2
38639 -1
33791 1
-37160 -1
-10126 -2
-88270 2
-36890 -2
-36475 -1
-29588 -1
-36479 -2
-49115 -1
-85558 -2
-56304 1
-14064 -1
-44431 1
-15950 1
-47784 1
-80551 -2
-33241 1
-85553 2
-87800 2
-35981 -1
47543 -1
25882 1
15170 -1
-77341 1
-65370 2
-83856 -2
-8054 -2
-54064 1
-10450 -1
-15930 1
-88186 -1
18494 1
-22519 -1
-51001 -1
-41014 -2
38909 1
21347 1
-28169 -2
38441 -1
-4810 -2
-23102 2
-59707 -2
49068 1
-61383 -2
-93427 -1
9620 -2
-83199 2
-39982 2
-58509 -1
32527 1
14210 2
-99564 1
-22871 -2
-3828 1
-73180 2
-38867 1
-73403 2
32298 -2
-85768 2
-75262 -1
-26123 1
-91726 -1
-50187 1
11493 -2
15053 -2
-18695 -2
18677 1
-83743 2
48529 -1
47910 -1
-7643 1
-43963 1
-49337 -1
12704 -1
47800 -1
-91834 1
-89005 2
-71641 -1
40997 -1
-28091 -2
27074 1
-67912 2
-80451 2
37723 1
-42612 1
-67830 2
30659 2
-82126 2
-14713 -1
-86515 2
-1301 1
-48356 -1
-77959 -1
19480 -1
22544 -1
36937 2
-70540 -1
-85151 1
-37376 -2
-38072 -2
-62017 -2
-69144 -2
41245 -2
-26997 2
-84887 2
-9557 1
-97644 -2
-44013 1
9582 2
-46766 1
-59522 -2
16056 2
38313 2
46049 2
-623 1
-7480 -1
-67349 -1
-43394 2
-54386 2
-12362 1
20332 1
-192 -2
17081 -2
24228 1
-11405 1
-60112 2
-5456 2
-97244 -1
-98343 -2
-42632 -1
-19494 1
-14661 1
-27018 -1
21303 2
-83896 -2
17992 2
-4909 -2
-55907 -1
-28753 -2
1086 -2
-22696 -1
-42385 1
-4911 -1
-11409 -2
-34905 -1
18376 1
-96431 -2
-61 -1
-48700 2
-99390 -1
-32161 -2
-69353 -2
856 -2
-15826 1
21725 1
-61618 2
-65209 -1
-65444 1
653 2
17185 2
-75725 2
38453 1
8705 2
-71357 2
24943 1
-27938 -1
19855 1
-44459 2
-38296 -2
-56486 1
30360 2
41613 -2
-96425 -1
-20742 -2
44239 -1
24527 2
-25624 -1
-45268 -1
-42733 2
14480 2
-14483 1
-9884 -1
34364 -1
-51102 2
-32112 -1
37758 2
-5304 2
-66236 2
-3567 -1
-22015 -1
-81509 1
-36466 -1
-7565 1
-7855 2
-15578 1
-31641 1
35517 1
37786 2
-6817 -2
48560 2
-38128 -1
44188 -2
-70844 1
7159 2
30891 2
-71694 1
-45409 1
-40499 -2
-31727 1
-89595 2
-76454 -1
-49575 -2
29707 -1
-55355 1
-38089 -2
12169 1
-96970 -1
-90301 -2
-65718 -2
-92235 -2
-72754 -1
48067 1
-57061 1
22836 2
10484 1
-75588 2
11350 -1
-30676 1
-43512 2
-21850 1
-64716 1
-65352 1
-81277 -2
-53815 -1
-67986 -2
-96509 -1
-47140 -1
48729 -2
-57528 -2
-40672 -2
-73984 1
6938 -1
-28273 2
3189 2
-74579 1
-70829 -2
12498 1
-66544 -2
-98532 -2
3807 -1
16568 -2
-77327 2
-7293 1
-25564 1
-26917 -1
-41532 1
-11878 -2
-15104 2
48161 2
-92759 -1
-65517 1
-10709 -1
-77470 2
37782 -2
-33681 -2
6380 2
-59234 -1
33641 -1
-39512 2
-44747 -1
-96538 -1
-43924 1
47537 -1
-21145 2
-30408 -1
9829 2
11788 -2
-16062 -2
-14919 -1
19212 -2
-95780 1
11367 2
-54302 -1
-76264 -1
-35029 2
-61038 -2
-74550 -1
19920 -2
-29334 -1
1937 -2
-908 -2
-34616 2
23288 -2
-65492 2
-15020 1
18115 2
-49519 1
-73937 1
-62142 2
-24675 -2
-78620 2
25747 2
-27645 1
21031 -1
-99328 2
43347 -1
-29378 1
15217 2
21360 -1
26182 2
15330 2
26034 -2
-99019 -1
-75427 -2
-36884 2
-71230 -1
-95491 2
13142 -2
17732 -1
-42916 -2
-4868 2
26043 -1
-44719 1
-65701 -2
29787 1
40488 1
49815 -2
-27000 -1
5301 1
-79317 1
43627 2
-58091 1
-17438 -1
-9648 -1
-19820 -1
-73093 -2
48445 -2
-56701 2
-15993 2
-45369 1
34012 2
-56111 -2
19558 -1
-49320 2
21972 -2
-71965 -1
39513 2
-28199 1
-60739 -2
-23670 -1
-8288 2
-35941 1
-40052 1
-74071 -1
18262 -1
-25191 -2
-42929 -1
31729 -1
-85764 2
46200 -2
6104 1
-68716 -2
-8893 1
-54930 -2
-42979 2
-28163 1
10866 1
-10178 -1
8064 -2
6216 1
-28239 1
-73472 2
-78207 2
36234 -2
-73679 1
-38889 2
-77385 2
-4200 -2
7805 -2
-69882 -1
-14388 1
15879 -1
-99108 -1
-33962 1
-34223 1
21562 -1
-24973 2
-99483 -2
38123 1
8386 -2
-78766 1
30202 1
-34013 -2
14206 -1
3755 -2
45520 -2
46476 -2
-62574 1
-13910 -1
-22989 -2
-96573 -1
14158 -1
-55667 -2
-37948 -1
24038 -1
39340 -2
28295 -2
8199 -2
-46531 2
-78897 -2
-91696 1
-33752 -1
-83827 -1
-98704 2
39899 1
-31241 2
16465 -2
43508 2
-53709 -2
-17893 -2
21363 -1
19329 1
13049 1
-5846 2
-9311 2
-88533 2
48821 -2
5739 1
-65735 -2
-54215 2
-27342 -2
-19544 -1
-63970 -1
38459 -1
-14545 -1
-31962 -2
-68516 -1
-93513 -2
16585 -2
-16757 -1
-78585 2
45478 -1
-97918 -2
33162 -2
-32530 -2
20984 2
11084 -1
16352 2
-11502 -1
24299 -2
-2022 -2
-24658 -2
37346 -2
-3691 -1
-91057 1
-44171 2
49157 1
-25816 2
-39509 -1
-79695 -1
11803 -1
45049 -1
21367 2
-4985 1
-49455 -1
-60956 -2
-58990 -2
-33097 1
-71763 -1
-38491 2
-88294 2
5613 1
-62848 -1
-44700 -2
1987 1
-29460 2
-4770 1
1794 1
-40005 2
-21814 1
-33200 2
33474 1
-31741 -1
-92195 2
-94862 -1
-72219 1
-25782 2
42949 2
-22115 -2
23032 1
-854 -1
-34805 -2
-19909 -1
5538 1
43062 2
-74573 -2
-93690 -1
-15441 2
-22869 2
-35091 -1
13648 1
12740 2
23783 1
5839 -1
6721 2
25256 -1
-26308 -1
-88102 2
7517 2
10072 -2
39723 -1
5974 2
5499 1
-31941 1
20958 2
-79764 -2
-85318 2
20495 -2
21150 2
-71391 1
35413 2
2041 2
-60399 1
23975 -1
-24503 2
-61820 1
27343 -2
-16587 2
10037 -2
-67454 1
19857 1
44467 1
-46896 2
-12282 -1
-69184 2
22834 -2
11884 -1
-39752 -1
2292 1
19816 -1
-34786 -1
48948 2
-63516 -1
30032 -1
-25623 -1
-56414 1
-9871 1
16608 2
36558 -1
-51849 1
17001 -1
15235 -1
-75171 -1
-46272 -2
19411 -2
42341 -1
40467 -1
39083 2
24036 -2
-38364 1
45662 -2
-98855 -2
49261 2
-53902 -2
-36711 1
-48592 1
21721 -1
-60593 -2
-62829 1
-82621 1
-7196 2
6447 1
-38391 -2
-57779 -2
-97927 -1
24564 -1
13152 -1
40696 1
-99950 2
-30078 -1
-72687 2
31649 -1
-67505 -2
-25941 -2
-2379 -1
-45636 -1
6301 -1
-18794 -1
-14330 1
37343 2
-27317 1
16401 2
-13588 -2
23285 2
-47890 2
-95661 2
-97049 1
48537 1
-32836 -1
-37662 2
-81070 -1
41170 -2
-53135 2
-66689 2
-73343 -2
43734 2
26172 1
-98062 -2
-53803 -2
-8999 1
30738 -1
-15872 -2
-68643 -2
-54009 1
38458 2
-91991 -2
-46564 -2
11139 -2
28361 1
-62643 1
-51417 -2
5375 -1
27816 -2
-23302 1
47297 -1
2767 -1
-79711 -1
-49172 1
49545 1
-30029 -1
13280 1
-20428 -1
-93284 1
-97737 -2
-95967 -1
42310 2
-62321 1
-29959 -2
46015 2
-95962 -1
46604 -2
-63005 -2
-881 1
28286 2
36051 -2
38725 -1
-37561 -2
-35335 1
-40648 -2
-64155 2
-2875 2
-54223 1
39125 -2
-22340 1
-70218 -1
-24579 2
19805 -2
43041 1
-71901 2
48633 -1
25267 -1
-1101 2
-94227 -2
41790 -1
-50050 2
26592 1
31578 -2
49033 1
-43708 1
-20244 2
38979 2
-18925 1
-68248 1
-25756 2
18202 -2
-93225 2
-63451 -2
-38653 2
-74129 1
29048 -2
-34729 2
11795 -2
-11530 -1
-89185 1
10283 -1
27972 1
-36117 2
-34957 -2
-28724 1
-54260 2
-19321 2
-21674 2
-33110 1
-17141 -2
-2598 1
-15476 -1
27444 -2
-28963 1
-13365 -1
47455 2
-78334 -1
-16497 1
-63698 -2
-31089 -1
16559 -1
-47519 2
-83159 2
-67442 -2
-40736 1
-27934 2
-11181 -1
-20052 -2
34248 -2
28432 2
-55202 -1
-18693 -2
18137 -2
-57216 -1
6401 -2
-52772 2
-38379 -1
-62097 2
-9804 1
-95956 -2
-45624 -1
-99840 -1
-93092 1
-4076 1
9261 1
-26180 1
-19641 -2
-10020 -2
31319 2
-49992 -1
32294 -2
-35147 -2
44125 -2
43778 -2
29751 -2
40060 -2
-63175 1
19574 1
-41514 -1
-84015 1
-39242 -1
14454 2
-38811 1
-25505 -2
-53628 1
-98546 -1
10387 2
-421 2
3288 1
30001 -1
18276 2
-27380 1
-35101 -2
47207 2
-24989 1
3879 2
-51285 2
-88648 -2
-77339 2
-93432 -1
36793 -1
-57865 -1
48357 2
-1746 1
-93243 2
-34447 2
30559 2
-24842 1
-11354 1
-28288 2
-6328 -2
-51424 -1
12462 2
35261 -2
-31103 -1
-99663 2
-76632 2
-91497 -1
10736 2
-88783 2
-73397 -2
-35496 -1
-98125 -1
19226 1
40542 -2
-68509 1
13564 -1
-43802 1
-46873 1
839 -2
15434 1
259 -2
9337 -2
-15388 1
-78297 1
-19413 1
-64515 2
30049 -2
30822 -1
-49515 1
26352 -2
-92941 1
-78287 2
-31335 1
-11708 -2
36056 2
-51836 -1
7204 -2
-67767 1
-11285 2
39786 2
-91115 1
2550 2
-52496 -2
-63518 -1
45393 -1
24400 -1
-94951 -1
-80684 -1
-59490 -2
-14617 2
-72778 2
45307 1
-30511 2
-73756 2
-51409 2
-48656 2
-39379 -1
24987 -1
38948 2
-47557 2
-82881 2
3852 -1
46353 -1
34652 -2
34738 -1
-94986 2
-81667 1
-60245 2
-71684 -2
-52049 2
-79742 2
-74985 1
-6722 2
-5915 1
17635 2
-84319 2
-15198 2
-95062 -2
6158 2
-62763 2
-57923 -2
-33162 1
46773 1
4385 -1
48655 1
-61106 2
4406 -1
6235 2
32838 -2
19486 -2
48270 1
-92806 1
-81221 -2
-67665 2
-1979 1
-947 -1
-85218 2
-79201 -1
-42921 -1
-10609 -1
-58620 -1
-85228 1
-35620 1
-38225 2
-57814 -1
-15846 -2
39315 -2
-42528 1
-63701 1
39702 2
-20554 -2
-38300 1
38146 2
40991 -2
-80104 2
-2516 -1
-19511 2
6655 1
34909 2
-99366 1
-96230 -2
-28919 1
24671 -1
5779 -2
-82379 1
-3574 1
6904 2
-49797 -1
-79392 2
-86715 1
-35232 -1
-11608 -1
-70476 2
-914 2
-90951 2
20717 -2
-58235 2
34336 2
-97050 -1
-19248 -1
20583 2
-80654 2
15665 1
-34970 2
-81250 2
-8012 1
24970 1
-1613 -1
-92273 -1
-91802 -1
-10169 1
44634 1
-66466 -2
9704 2
-97401 1
-70674 1
-99387 -1
-22995 -1
-10298 1
40873 1
-51020 2
-96920 2
49549 -1
-34557 1
-83338 -2
-62666 1
38053 -1
37446 2
19626 -2
-13199 -1
37607 -1
-91862 -1
-48779 -1
-73062 2
-91851 1
-65709 2
484 -2
-64191 1
-48598 1
-50903 -1
-61976 1
-86713 -1
-43102 -1
-48651 2
-48368 -2
-65103 2
5681 -1
-86942 2
39306 1
-93273 -2
-29914 1
15242 -1
-13201 -2
45265 -2
-58333 -1
-83818 -2
39548 -2
-64809 1
-10734 2
10488 2
-909 2
-31256 2
-69821 -2
-51742 -2
-6908 1
16477 -1
-43031 -1
38832 1
-68394 2
-80475 2
-55482 1
-54145 -2
32283 -1
-89322 -2
-44523 2
-21730 1
-93714 -1
-14175 2
-28583 1
10039 -2
-34988 1
-41874 -2
-52193 1
-36681 1
14895 -2
-30532 -1
-63530 -2
-29506 1
-51968 2
-10575 1
15176 2
38150 2
6338 -1
-6154 1
-44508 1
-63775 2
-40059 2
42514 -2
-98864 -1
-18637 -2
-52823 -1
-77458 -2
7160 2
12465 1
-86468 2
8401 -1
34977 -1
42882 -2
15410 -1
73 1
-70650 2
9407 2
-6038 -2
13169 -2
-72129 2
-49823 1
-80155 -2
-78129 2
-87398 1
-84561 -2
21667 -1
-23193 2
-68359 1
-54277 -1
-57774 2
31715 -1
46000 -1
-54171 -2
-70636 2
-40609 -1
-37809 2
-65188 -2
-44533 -1
-15597 2
13475 1
-51611 1
22954 2
-9636 -2
-44274 2
-49099 2
-36105 -1
-72077 1
31350 -2
-93251 -2
-87449 2
-77946 -2
-15030 1
-92483 -1
2001 -2
44320 2
-5526 -2
-77546 1
-4668 -2
-47634 2
-45170 -2
-58339 -2
25897 2
20987 -2
-99297 -1
-3039 -1
29919 2
-24155 1
-28688 2
-74086 2
-3127 2
1324 -2
-94174 1
-93566 -2
-48862 -2
-32217 2
22349 -2
-79968 -1
-10543 1
-72255 2
-14665 -2
-82795 1
39055 -2
-59307 -2
-16228 1
-62664 -2
-44386 -2
-45558 1
-36021 2
-23276 -1
-55370 2
-3117 1
803 1
24640 2
-50239 -2
29195 -2
-87433 -2
-32444 -1
-86108 -2
7414 -2
15143 -1
18525 -1
45029 1
14069 1
29770 -2
-50329 1
12102 -1
-19680 2
-94873 -1
-33457 -1
48558 -1
32187 2
-66064 -2
15265 1
-1028 -1
-73453 2
-57649 1
19638 -1
-1065 2
43226 2
-44928 -2
35756 1
-4840 -2
20198 -1
-61138 -2
1980 1
7950 1
-96657 -1
-10345 -1
-68301 1
-72234 2
42868 2
-3541 1
-26642 2
-85168 -2
-24341 -2
2264 -1
953 1
3404 -2
-15779 1
18157 -1
-16378 2
-93971 2
-75246 1
-14729 1
-28116 1
-24293 2
37884 2
-8111 -1
-15174 -1
-60351 -1
-68654 -2
-93464 1
-27274 -2
-30301 2
12298 -1
-8578 -2
24946 -2
48762 -1
-87592 1
-95715 1
-46202 -1
-75502 -1
37985 -2
-86890 1
-3952 1
-4004 -2
-73531 2
-98883 1
-69103 2
-3132 -1
-1709 -2
-44532 1
-60800 -2
39191 1
-45614 1
-18055 -1
13839 -1
-73334 1
-68435 2
-94726 2
19613 -2
24500 2
1839 2
2833 1
-77716 -2
6083 -1
-68803 -1
-41468 -1
-64217 -1
-20111 1
26008 2
-4426 -2
14469 -1
-66693 1
35533 1
31525 -2
48584 1
-42153 2
-30021 -2
39799 1
14271 -1
-44417 -1
-5344 1
-79940 -2
11982 2
-46280 -2
-76388 -2
-32747 2
-64469 -2
-85968 2
-7937 -1
-13778 2
-28438 1
-39868 -2
-51892 2
-37474 -2
-26170 -2
-89923 2
-97132 2
-64375 1
37790 1
-38154 -1
35112 -1
-70930 1
-45989 -1
-43192 -2
-34711 1
2047 -1
-48629 -2
-8699 -2
-79025 1
-64712 2
32178 2
-57012 2
-97365 2
-43537 -1
-11481 1
-84525 -2
-86486 -2
-15365 1
38784 1
-57299 -1
29958 -2
10743 -2
29870 2
36408 2
-84870 -1
-89427 2
-36020 2
42497 -1
46829 2
-58277 1
-51679 -2
-55110 2
-61033 -1
34659 -2
-19389 2
27662 -2
16892 2
-94884 -1
14437 1
-12851 2
12608 -2
41914 2
-17154 -2
19036 1
-6251 -2
-94834 1
32286 2
47159 -1
14243 -2
-2893 1
35879 -1
-14662 -2
46743 2
3945 -2
-70592 1
3342 -1
-16057 1
-65771 2
-48530 2
47630 -2
47628 -1
19580 -2
42650 1
40619 -1
-60201 2
2510 2
-40328 -2
-13333 -1
-78496 -1
-66521 -2
-48682 2
-74898 -2
-20842 -1
10263 -2
9546 1
6325 -1
-89465 -2
-11757 2
40911 -1
-73354 1
-83838 -2
18646 1
-65205 1
10273 2
-51295 -2
-53528 -1
46172 -2
-8104 -1
16745 2
5705 -1
10420 -2
38614 -2
-49466 2
-55865 2
44153 -2
7200 -1
-58510 1
22120 1
-92684 -2
34764 -2
-43237 2
44492 -1
-64930 -1
1247 -2
-58409 -1
24864 -2
9278 -1
7724 -1
-93777 -1
-50943 1
-46821 -1
-65679 -2
-36461 -2
-69637 -1
-12985 2
-17214 -1
-23368 -2
41391 2
12205 1
-76282 2
1140 -2
-66560 -2
-61938 -2
24600 -1
48435 -2
-45306 -2
4998 2
-33466 1
-93151 -2
-44216 -1
15800 2
36430 2
-86155 -1
-15212 2
178 -2
-97428 1
-69642 -1
37823 1
-78306 -2
38490 2
-13994 -1
-27253 -2
-82053 -1
-90352 2
-32157 -2
-38820 1
-69021 -1
-60355 2
-83432 2
-38755 1
42317 -2
-80687 2
34077 1
-41798 1
-7144 1
31589 -1
-39966 -2
-20957 1
12687 1
-99665 1
-23366 2
16365 1
-61687 -2
-20130 2
34338 2
-20683 -1
-98161 2
39836 1
3318 -2
4845 1
-19311 -2
-66950 1
-86642 -1
30643 2
-85277 1
-83505 -1
4779 1
28317 -1
14958 -1
10041 -1
32333 1
-21180 -2
-70400 1
-71914 -2
26851 -2
19663 1
3971 2
-1802 2
47767 -1
-73650 1
-54690 -2
20533 1
-62100 -1
30082 -1
21591 -2
-30272 1
37882 -2
-57004 1
-94071 -2
-86758 -1
-73639 2
38867 -2
23394 2
-21932 1
37245 1
-92785 -1
-98596 -2
-10343 -1
-21322 2
-97679 -1
-154 -1
33491 -2
-72636 -2
-37692 2
24066 1
28715 2
-1091 -1
-48731 -1
47209 -2
-39256 -1
-60781 2
-51627 -1
-1085 1
18607 2
41348 1
23528 2
-3542 1
34836 1
3501 2
35006 2
5436 2
-81292 2
48919 -1
-61139 -1
12720 2
-407 -1
-82144 -2
-88452 -1
-35986 -1
39132 1
592 1
203 1
-35134 -2
-86829 2
12876 -2
-60071 -1
-62709 2
-22678 2
-20867 -1
-48028 2
-71838 -1
-87422 -1
16234 2
-71249 2
24099 -1
19469 -2
-63910 1
-37036 2
16116 1
-41574 1
-93629 2
-73519 -2
-47670 1
-8650 2
-92041 -2
-4890 1
-6765 -1
20265 1
-51629 2
-85801 1
-25614 -1
15521 2
-72725 1
29373 -1
-96186 -2
-70783 -1
1375 -1
-71298 -1
-71708 -1
-87508 2
-70120 -2
28875 2
-51519 2
-92105 -1
-80569 2
41744 1
279 1
33131 -1
-62475 2
-83873 2
28198 -1
-51072 -1
-9453 -1
-7452 1
-67556 1
-28710 -1
31596 -1
-2769 1
18428 1
46799 1
-57094 1
-72833 -2
-31892 -2
-20929 2
-26692 -2
-21302 -1
-56674 2
43762 2
-94721 1
-22843 -1
26558 1
-44185 -2
29488 1
38049 1
-88286 2
-88826 1
40211 -2
-80852 -1
32655 1
-4244 1
-12656 -1
37048 2
-96980 2
41357 2
-37921 -2
-11788 -1
36147 1
29232 2
-73333 1
-47972 -2
-61375 -2
14124 -1
-80012 -1
33379 -2
13247 -1
-79795 -1
-82466 1
35856 2
-62277 1
-31283 -2
-62410 2
18738 2
-45859 -2
30418 1
22470 1
40674 -2
-91999 2
7391 -1
-39044 -1
-64539 2
-58043 -2
-48485 2
14259 -2
20925 2
-67578 -2
-65355 -1
-17026 -2
33170 2
-47855 2
48722 -2
-19404 2
-14666 -1
-75470 -1
23459 -2
30429 -2
13149 -1
-63702 2
31637 -1
-16117 -1
-23814 2
-6843 -1
-37578 -1
6746 -2
38518 1
-57760 2
30931 -1
23662 2
-34848 1
-74286 2
-46213 1
-74434 1
-29201 2
-79134 2
-30265 -2
-96959 -1
42500 1
-9823 2
-99052 -2
12293 -1
41427 1
-37238 -2
-85664 2
-99368 -1
3943 -2
12981 1
13182 1
-61646 -1
42004 -1
-94902 -1
-89037 2
-61127 -1
-91259 2
-57198 1
-64972 -2
10092 1
-87525 2
-78068 -2
-60238 1
40844 2
42374 2
-15513 -2
-92973 -1
-83967 1
27273 -2
-30975 2
-35244 -2
44154 -2
-47639 2
22003 2
-79149 1
3692 1
8247 2
47151 2
-44313 -2
25916 -2
-14631 -1
-80561 1
23430 -2
15572 1
21006 2
-2464 2
-49354 1
3409 2
-19936 -1
35670 -2
-67087 2
-44092 2
4229 1
33321 2
-1806 -2
-86076 -1
36332 -1
-36362 -1
-10773 2
-57777 1
18876 -2
-37047 -1
-25938 1
16901 -2
-74668 -2
42761 2
2440 -1
-71243 -2
7819 1
26730 -2
-77208 -1
-53340 -1
11410 1
46348 2
-20194 2
29793 -2
-74502 2
16426 -1
16277 -1
21829 2
-69011 2
-3218 -1
-13763 -1
24267 -2
-45357 2
42103 2
-37643 -2
-56837 -1
-71945 -1
-88583 2
-47498 -1
-46487 -1
-69358 -1
20413 1
2822 -2
-47461 1
-65384 1
-63154 -2
13539 1
23138 2
-40712 -2
45279 1
18804 1
-73921 -1
-7468 1
-48714 2
-22720 1
-56960 -2
27063 -2
-1251 1
-61302 2
-50399 -2
-3924 1
-15702 -2
20044 1
-72254 -1
-90311 1
-59457 1
39909 1
-79739 -1
-32360 -1
-19648 1
17272 2
48545 2
47585 -1
-8897 -2
-72237 -1
3537 1
-24414 1
-79092 2
48714 -1
-12663 2
-71187 2
-51750 1
-41914 -2
-34376 -2
-90784 1
10257 -1
-82878 2
-96278 -1
46491 -2
-946 -2
18614 1
-31982 2
-655 -1
-25476 1
-20391 -1
-91542 -2
23652 2
-9707 1
-9584 2
-62014 1
-36094 -2
-75087 -2
34329 -2
28966 2
-3964 -2
-36855 -2
-87602 1
-58778 -1
-90565 -2
-47888 1
-32551 -1
38192 2
4044 2
-45113 2
24917 2
19040 -2
-35935 -1
-23687 -2
31451 1
-70795 -2
-98866 2
26051 -2
8171 2
7353 -1
-49157 -2
2862 -2
27850 1
29508 -1
-77462 -2
19356 1
-84416 2
-87690 1
-14812 -1
47306 -1
-14641 -2
11573 1
-1594 2
9562 2
3849 -2
-83641 -1
-70004 2
49753 2
-70239 -2
-81326 -2
-6965 1
-92964 2
-3119 -1
19715 -1
7071 1
13992 2
-23872 -1
-41594 -2
-47178 -2
-91609 2
-91437 1
-76841 1
-94853 -1
-82478 -1
-72260 -2
6944 2
-39053 1
43198 1
-57066 -2
-70979 -2
-52636 -1
22654 -1
39176 -2
-57233 2
24517 -2
141 2
30267 2
-94665 -1
-28591 -1
-42967 -2
-73528 2
33658 -1
7726 2
-15025 1
-18134 1
17522 -2
-52884 -2
-87059 -1
-57355 -2
-2770 1
-44236 -1
20756 -2
-16889 -2
-21826 -2
28539 -1
14811 -1
-4781 2
30522 -1
-90603 -2
-47415 1
-37408 -1
-95205 -2
-21888 -2
9738 1
-12758 2
39862 -2
-23332 2
-14152 1
-93939 -2
-52226 -2
-10301 2
-92127 -2
48936 -1
9190 2
-42430 -2
16370 2
-92878 -2
-69273 -2
42752 1
41394 -1
8137 2
14275 -1
-58501 2
22174 1
-12245 -1
-59076 1
-72453 2
-67068 2
-40160 -2
15591 -1
-25416 1
-52378 -2
31716 2
13406 -1
-49460 1
-6364 2
-85608 -2
34689 2
15484 -2
18311 -2
-32642 1
28470 1
34062 -1
24522 1
-35881 1
19571 -1
10271 2
-68606 -2
38206 1
-74097 1
-76125 -1
-8081 -2
-8037 -1
-23406 -1
-89645 1
30731 -1
32057 -2
-60832 -1
-468 1
-96005 2
36924 1
-76084 2
-40777 -1
25012 2
18321 -1
38602 1
-78078 -2
-84662 2
-30607 2
-13038 -1
-33545 2
-54753 2
-32917 -1
-65945 2
46481 1
29482 -1
-27395 1
41568 1
47571 2
1321 2
-76543 -2
-4819 2
24031 1
31635 -2
43754 -2
-5417 -1
21658 -1
-66931 1
-5645 -2
-80783 -2
32454 -2
-87627 -2
43400 1
-51711 1
-33739 -1
37743 -2
12442 1
3174 -2
-97910 2
33808 1
-61622 2
13951 -2
-55123 1
-55151 2
-31748 1
-17101 1
-51512 2
-95185 -1
-80785 -2
37638 -2
35873 2
-63534 2
30055 -1
-75254 -2
3916 -2
-61564 -2
-81658 -1
27970 -2
49184 -2
-75177 2
-58466 -2
46578 1
43631 -2
-87776 1
-60016 -1
33703 -2
-62852 2
-66368 2
47224 -2
-61698 -1
-2381 -2
-64125 1
-41609 -2
16458 -1
-88353 -1
-68966 -2
30297 -1
-34006 2
-81508 -2
-60641 -2
-92163 -2
-83188 -1
-77630 -1
-54735 -2
42972 1
-77354 -1
-58799 -1
-84762 1
-88229 -1
-530 2
38160 1
29213 2
12099 -2
-61708 -1
-8107 2
-61630 -2
5245 1
-8898 -2
-61180 -2
-69083 1
17686 -2
-17841 -1
-83761 -1
-84031 1
41653 -2
-7158 2
5988 1
27931 1
46845 -2
-50065 2
-18607 -1
-59090 2
-22140 -1
-73985 -1
-52607 1
-59356 -1
35661 2
30925 -1
-39762 2
-19643 -2
-49855 1
42336 1
-94216 -1
-74893 -1
-93220 2
-42703 -2
26954 -1
-92445 2
44221 2
43183 -2
27262 -2
37716 1
-42551 2
-83378 -2
-94871 -1
12081 1
3114 2
5290 -1
-88777 -1
-80254 -2
-54724 -1
-42945 2
7409 -2
25073 -2
-20498 1
23983 1
5860 -1
31473 -1
25390 2
34957 -2
-55696 1
-83290 -2
48252 -2
-84515 -1
-28887 -1
1844 -1
-53126 1
3391 -1
44309 -2
30712 -1
43755 2
-39946 2
-14289 -2
15113 1
-85720 2
-40734 -2
26920 -2
-84464 -1
-43871 2
-60889 2
-49296 -1
-40755 2
-44612 -2
47123 -2
-97148 -2
44775 -2
-95325 1
28743 -2
-44389 -2
-33745 1
21216 -2
-404 2
1158 -2
-10161 2
30849 2
-21609 1
-2067 1
26613 -2
37213 2
-89367 -1
-59273 -2
-32342 -2
21700 1
-32292 2
35827 -1
7084 -1
-25037 2
46082 -2
3699 -1
-51602 1
34839 -1
-67384 2
-65660 2
-17724 -2
3389 -2
-3857 -2
-4620 2
-60680 -2
49862 -1
-12752 1
-51278 2
-50756 -2
-98010 -1
-21415 1
-6249 -1
46025 -1
32142 -2
-52576 2
-6553 2
49721 -1
-84849 -1
32217 1
17620 1
30806 2
9221 -1
3668 2
-46103 1
-63141 2
-13236 1
-66468 1
45588 2
47161 -1
34225 -2
10472 -1
-25731 -2
-49642 -1
39383 2
-29118 1
-30831 1
-62257 2
-61664 2
37950 -1
-94571 1
-30662 1
-66897 -2
2219 -1
-70903 2
-97146 1
25511 -2
22399 -2
32886 -2
-58554 -1
18014 -2
-5129 1
-97906 -2
-3652 1
40406 1
-97463 2
-83321 -2
-68576 2
-19300 2
-19318 2
-55770 -2
-52869 -2
-82232 1
-69619 1
-58077 2
-95133 -2
-23459 -1
-28375 2
-22909 2
-92019 1
18568 -1
-53895 -1
-3377 -2
-2427 1
-18597 -2
-28367 1
-23221 -1
28701 -2
-13817 -2
6108 1
12363 -1
16976 -1
-54974 -2
40553 -2
-94300 -2
41699 2
-14650 -1
-43825 1
-45303 1
-23808 2
-80853 2
-83840 2
18246 2
-42940 2
-85166 1
-45787 -1
-73778 1
40327 -2
23685 -2
-30076 -1
40421 2
43923 -1
-82372 -1
-96447 2
-69479 1
48009 -2
-90032 2
16413 2
-13794 -2
-47464 1
-96044 -2
-86281 -2
-60214 -2
49230 2
12595 2
-53936 2
-49375 1
-28144 -1
22534 2
39106 2
-16128 -1
-53716 1
37775 -2
-86384 -2
32633 -1
-59813 1
-89660 -2
24523 -1
-10508 2
-65881 2
25238 -1
-74425 2
18082 1
18308 1
-26207 2
42536 -2
-33454 -1
-16181 -2
-52960 -1
-81441 2
-6799 2
-47360 -1
15461 2
14402 2
-49582 1
-8097 -2
-13872 2
-23420 1
-94045 2
13298 1
-76234 -2
28659 2
-57699 -1
17202 2
9748 -2
-78990 -2
21094 -2
-68697 -2
21319 -2
-39802 2
20156 1
-9749 2
-24346 1
-53311 2
-85234 2
-50868 1
17516 -2
-81779 -1
-51660 1
6574 -2
-56737 1
-3244 2
-63334 -1
-6199 -1
-44439 -2
6782 2
-15321 -2
24884 2
11246 1
29980 -2
35784 -2
-84895 2
-72317 2
32819 -1
-20850 -2
-80297 1
10081 1
-64064 -2
24160 2
40216 -2
-45652 -2
-27271 2
9700 -2
-99458 1
-87803 1
30345 1
-51353 -2
-22221 -2
-58529 -2
32588 -2
-52824 -2
-99674 2
-77971 -1
-39960 2
-20369 2
-47366 -2
-26636 1
40161 1
-40950 -1
-7813 1
-91971 2
22589 2
-20492 -2
-9608 1
-74445 -1
-2190 1
-42206 -1
-38672 2
-92013 -2
-5236 2
-36201 1
-26231 1
-73667 1
9610 1
7506 -1
-893 -1
-64450 1
-31809 2
-60241 1
-65713 -2
-20944 -1
-48428 2
20394 -1
-1779 -1
-92568 -2
-80588 -1
10109 -1
-99075 -1
-11781 -1
35311 1
-53901 2
139 -1
-7245 -1
-68722 -1
-56408 -2
-99696 2
-23618 -1
-28932 -1
-32323 2
10085 1
39145 -1
41000 1
-28349 2
17697 2
1483 1
-59902 1
-73621 2
18064 -2
-9305 -2
-10994 -1
-23449 1
-16278 1
-58451 2
37125 -1
-13578 -1
4256 -2
4446 -2
-59071 1
-54967 2
17925 1
-52522 -1
16149 2
30992 -1
36943 2
27675 2
-46130 -2
22200 2
29680 2
23174 -2
-70071 2
-35964 -2
-15382 -2
25428 2
10936 1
-20137 1
-20380 -2
46675 -2
48179 -1
27333 -1
-88633 -1
20968 -2
-6088 -1
-60688 2
2701 -2
-54478 -1
-63862 -1
-70405 2
4970 1
-21140 -2
-65116 -1
42046 -1
-56513 -1
12941 -2
-40665 1
48382 1
-17282 -2
4307 2
-2066 1
-21243 2
-49644 1
28597 -1
-88350 2
-9505 -2
-90253 1
-9882 -2
-14534 -1
46958 -2
18067 2
15387 -1
-39055 -2
7501 -1
38169 1
-48450 -2
39222 -1
5716 1
4421 -1
47245 2
6379 2
-41967 1
-40332 -1
28763 2
-7467 -1
-14754 -2
24090 1
25254 -2
-85270 -1
-74278 -1
22732 2
23781 2
-43641 -2
39625 -2
10134 2
-95772 1
-60823 2
-26333 2
-21043 -2
11261 -1
-35436 1
-28278 -2
-83489 -2
-64947 1
-43514 -2
-70022 1
-20610 2
-36283 -1
47305 1
1896 -2
-47482 2
-95171 -1
-56293 2
33885 2
-75400 -1
45348 1
31074 -2
319 1
-35627 -2
-26306 1
-66444 -2
-85158 -2
-39166 -2
5950 2
-78193 1
-26966 1
-17937 1
-3009 1
-77268 -1
8227 -2
49080 -2
-25090 -2
-93821 1
-67474 -2
13410 -1
40717 2
-87623 -1
-2545 2
-36288 -1
28269 -1
-34262 2
-14895 -2
-7149 1
34379 -1
-40352 -1
31336 2
-13116 -1
45741 -2
-46299 1
-73607 -2
33976 -2
-16248 -1
-26585 1
-15276 1
16271 -1
28773 -1
-8737 1
-10984 1
33657 -1
-44643 -1
-42440 2
48974 -2
-82422 1
18194 2
-5511 -1
-25455 2
9706 2
-30092 -2
-83355 2
-32421 -1
33913 2
-43908 2
2751 2
-47901 -1
-168 -1
-71190 -1
-17010 2
-6422 -2
21516 -1
-81268 2
-12250 2
-80047 -2
-36858 -2
-84473 2
-33239 2
-36678 -1
19350 -1
21106 -2
10061 -1
49436 -1
-81645 1
38133 -1
20405 1
-71459 -2
888 2
-27923 -2
-16459 -1
22394 1
-82547 -1
9036 1
-72701 1
-2068 2
-56386 1
32866 1
4304 1
17034 -2
-71533 1
-45436 -2
34440 -2
-1916 -1
-16425 1
-83174 2
-29175 -1
-2355 -2
-48137 -1
-80799 2
23331 2
42109 -2
-72382 -2
-8805 2
-58740 -2
47667 -2
-28751 2
-11996 -2
-93678 2
-12696 1
-6773 1
18467 -1
45589 -1
-93760 2
-67704 1
-74418 2
-89901 2
-6024 -1
26820 -2
-99096 -1
-34867 -1
-58975 2
27696 -2
33126 -2
-15016 1
43924 1
-45937 -1
-15750 1
-643 -1
31480 2
7680 -2
22762 -1
35249 -2
-80584 -1
-23586 1
24524 1
-73076 -1
-48285 2
32353 -1
40436 1
-90659 1
22955 -2
-34293 2
-77313 -2
-53492 1
48456 1
-69301 1
7808 -1
-50775 1
-82396 -2
10725 2
9750 2
-69822 1
45217 -1
-67011 -2
-27254 -2
23626 2
-63979 -1
-69677 1
-14497 1
-44359 2
-4684 1
29242 -2
-64111 -2
17193 -1
-92206 1
-55828 -1
42865 1
-99684 1
42092 2
-65645 -1
4036 -1
-80695 1
-20489 1
-77418 -1
-50817 1
-83208 -1
2680 -2
-27133 -1
-24246 -1
-6120 2
-67956 2
-86841 2
3028 -1
33084 -1
-82877 1
-23035 2
2802 -1
-58442 -1
11393 -2
-3094 -2
31948 2
-60679 2
-43416 2
-75724 1
-51462 -1
-53002 2
-43276 2
-23787 -1
26288 -2
-12805 1
-82239 -2
-59069 1
-1756 -1
47443 -1
-52719 1
37350 1
42008 -2
-53185 1
15455 -1
43704 -1
-31874 -1
37870 -1
-50971 -1
-91226 -1
45559 1
38071 2
40284 1
-5167 -2
15094 2
25543 -1
-78042 2
-64240 1
-38731 -2
-12950 -2
35107 1
7480 -2
-83139 -2
-85604 1
15056 2
-68649 -2
48875 1
32426 1
-53597 -1
-80172 2
20482 -2
20441 -2
-7206 2
24648 -2
-21709 -2
-29476 -2
-94729 1
8131 1
-36263 2
41907 2
-46068 2
-70048 1
-54522 -2
16246 -2
-47088 -1
-13973 2
31397 1
38900 -1
-58465 -2
-851 -1
-18214 2
-25593 2
-45063 -2
-48037 -2
-42397 2
-93486 1
9922 2
-65849 1
-76830 -1
48354 -2
-96481 1
-9406 1
22055 -1
-13953 2
-60900 2
-14950 -2
-58982 -1
-20425 1
-6534 2
-90905 2
26428 1
-15601 2
1647 -2
19195 -1
-88036 1
-49123 -1
-27545 -2
19904 2
-67387 -1
48870 -1
11365 -1
-25662 2
-4940 1
-81350 -2
-72576 -1
-93822 -2
47849 -1
49231 2
-83292 2
-97415 -1
-39293 -1
-83603 -1
-95552 1
-37954 -1
-9798 -2
-43009 2
-38191 -2
-96753 -1
-49638 1
-43107 -2
-54747 2
-87843 -1
-55753 1
1800 -2
-63283 -2
-44146 1
-80647 -1
14955 -2
-31417 2
-84430 -1
-94859 2
-91826 1
-76177 1
-52346 2
-28485 -1
30442 1
-74923 -2
-91885 2
-48069 1
-58708 -2
-16240 -1
-96326 -1
-26315 2
-78349 2
35791 -2
13204 1
36317 1
-45324 2
-37470 -2
-63477 2
-58438 -2
-99021 -2
-22838 2
10368 2
43447 -2
-77270 1
-14287 -1
-84035 -1
-63107 2
19802 -2
-40945 1
29088 -2
-55905 2
-97683 -1
42228 -2
-20145 -2
-52272 -2
33406 -2
-18660 -2
21607 2
-56209 1
33947 2
-45795 -1
-92748 1
39820 1
-39897 1
44510 1
-72996 2
-78992 -2
9435 2
45284 -2
-92545 -1
2239 -2
5675 -2
8612 -1
-26393 1
-1421 2
-10342 1
-43181 -2
-28473 -1
-38743 2
7109 1
28855 1
39816 -2
12251 -2
-33248 2
-98184 1
-13095 -2
-50458 -2
-74848 -2
-66423 2
2477 2
-92577 -1
40018 -2
-97321 -2
-59348 -1
-57695 -1
-15301 -1
-35739 1
46997 -1
9410 -2
-84604 2
-19170 -1
-48048 1
20545 -1
44137 -1
44465 2
-13614 -2
-71756 2
-48465 -1
27798 -2
-34762 -2
-56677 2
-36008 2
-22511 -1
-92958 2
44323 1
-64637 2
-63079 -1
-10272 1
41494 1
41686 1
-1712 1
-96830 -1
-19590 -1
8533 -2
-96626 -2
-91964 -1
-633 -2
38327 -2
-9579 1
-89673 1
32946 1
11355 2
-97950 2
-48738 1
-98171 -1
21170 1
-90834 2
2953 -1
-61001 2
-3748 1
9312 2
-98884 2
22686 -2
35323 1
-38470 -1
4192 -1
-44304 1
-45821 -2
-17494 -2
-49677 1
-43937 1
21149 -2
21018 2
35078 -2
-39459 -2
-19225 2
-54711 2
26138 2
7537 -2
-26622 2
-53162 2
-71283 2
25490 -2
-39282 2
-14582 2
-34012 -2
-83672 2
-13519 2
-67749 2
-39169 -1
-89915 1
-1585 2
-38216 -1
-81900 1
-48930 -1
-20029 2
13708 -2
-83122 1
-18114 -2
22323 -1
-59358 -1
-69219 2
-58420 2
-13900 1
-94280 -2
-28326 -2
4023 2
27507 2
17289 -1
-2625 2
-29840 1
-41425 -1
-49176 -1
43893 -1
39609 1
-94179 -1
-21335 -1
-24429 1
-82756 -1
13797 -2
-71589 -2
-39690 2
-48906 -2
4347 2
23154 1
-54264 2
-41957 -1
14326 1
-62096 -2
41572 -1
-28161 2
-17110 2
-19526 1
-39295 -2
-4805 -1
41478 2
48964 1
-1804 -1
-79791 2
10748 -2
36478 1
-68600 -2
-13164 1
-59132 -2
-90818 2
13622 -2
19476 2
-65777 -1
-59767 1
-86206 -1
-81542 -1
-75614 -2
-38858 1
-76240 -2
49254 1
-31872 2
-24174 -1
-9319 -2
-70361 1
-68451 -1
-83846 2
30794 -1
-29528 2
-90150 -2
-94082 2
47644 1
-85616 -1
-39319 1
-22334 1
-83146 1
-91296 -2
-51189 -2
38267 -1
35565 -1
34995 -1
-58428 -1
-44116 1
-20766 2
19450 -2
-79170 2
-22249 1
-45296 -2
-48504 1
-70883 1
-12702 -1
36270 -1
-69416 2
21404 -2
-8039 -1
44280 1
-13865 2
-10146 -2
-67259 1
-33980 -2
-54613 -1
-7390 -2
25634 -1
-16930 2
40086 1
9766 2
-99528 1
-37502 1
36296 1
-24720 -2
-44255 2
-90126 -1
18861 2
-88240 1
-26279 1
12588 -1
-50502 -1
-63018 2
-86028 2
-48022 2
-37178 -2
-139 -1
-97273 2
-83238 -1
35813 -1
-69695 -1
22326 -1
-20010 1
-92356 -1
15333 1
-44559 -1
-2246 1
-35734 -2
7243 1
-41760 -1
4724 -1
-35920 -1
11073 -1
-93339 1
-36351 -2
3115 -2
-42984 -1
27842 -1
-80426 2
-15347 2
-35619 -1
-86451 1
27499 -2
24545 2
34297 1
-23732 2
-36081 1
38712 -1
-86512 2
-26466 -2
-29136 -1
44254 -1
-20134 2
-5440 -2
-60749 -1
-43796 -2
-84164 1
48617 -2
31085 2
-36915 2
-18746 -1
-6949 2
-74257 -2
-27916 1
-95299 -2
41652 -1
-65485 1
27007 2
-2159 2
39808 1
-7460 -2
-98120 -1
-55946 2
-88794 1
-14298 2
20989 -2
17975 2
37881 -1
-76295 1
-26471 -2
30563 2
45288 -2
37599 1
-75409 1
977 -2
13635 2
-5509 -2
45362 -1
10508 -1
14447 -2
16120 -2
-76969 1
-51725 1
-50304 1
-80102 -2
15013 2
-3363 -2
-51109 1
-38025 2
-93993 -2
-68306 2
-73502 1
10393 -2
7749 2
5541 1
-25464 1
-31803 2
48012 1
-7156 -1
40364 1
-31331 2
-3563 -1
-34163 1
15601 -1
-47078 2
13877 -2
-36432 1
-61582 1
29900 1
41434 -2
-46574 1
-65631 -2
-66873 -1
9752 1
-45985 -1
41247 2
-77034 -1
42084 -2
-80916 1
32857 -1
-606 2
-636 -1
-92476 -2
-15268 -2
34665 -1
34328 -2
-88819 -2
-50725 1
-98818 1
30222 2
-98975 -2
-73541 -1
-62368 -2
-17053 2
-46847 2
-27113 -1
-6329 -1
-7737 1
45719 2
-32654 1
-64031 2
13353 1
-92600 -1
2770 2
-98833 -1
24208 -2
-9242 -1
-43277 -2
-12861 -2
-21810 1
-30081 -2
26817 -2
5079 -2
-40541 -1
-44925 1
-88002 2
30420 2
30880 2
-33668 2
-6758 -1
-80356 2
-25259 1
-68743 1
-87531 1
-53434 -1
-26710 -2
-38160 -2
15255 2
-52092 -2
-29510 -2
-20614 -1
-62882 1
20267 -1
-63310 1
-55167 2
-33892 1
-42988 1
20558 -1
-63118 -1
-5220 -2
-45525 2
-13081 1
45399 -2
32937 1
17148 1
-36526 -2
-591 2
-94139 1
-34119 1
35939 2
43576 -1
-97418 1
-16778 -1
24886 -2
39914 2
5176 2
-50966 2
42505 -2
-28529 -2
-11347 1
22306 2
37664 1
-20903 1
-92224 -2
-64207 -1
-60968 -1
-353 1
-97785 2
-34017 -1
-97479 1
-41045 2
-49550 1
-1188 -2
-61763 2
-37696 2
-43220 2
35958 -2
13289 -1
-81540 1
-22753 -1
-43736 1
44944 1
-78923 -2
-12215 -1
8091 -1
40859 -1
7110 -1
-96307 2
2383 2
-9200 -1
12321 2
-58154 1
-58526 2
13118 2
-89878 1
-20328 1
-93860 2
9576 -1
23112 1
10359 -1
-83118 1
-1611 -1
-11918 -1
17078 2
-3216 1
-22251 1
-820 2
27758 -1
-54909 1
-76760 -1
-86839 1
33752 -1
-14900 1
-84786 1
1221 -2
-67030 -2
-40732 2
32275 2
-15373 1
-65256 -1
-927 -1
-17023 2
-6372 1
-5705 2
-38413 -1
-48349 -2
-62133 -2
32020 -1
-43034 -1
-15700 -1
-79899 -2
-31525 -2
-15493 2
41271 -2
-80100 -1
-67685 -2
11038 -1
45579 -1
49534 -2
24406 2
16905 -1
26214 -2
-91280 1
-49073 -1
35473 1
-6247 -2
-35347 2
-8130 1
-11200 -1
3588 1
-32503 -2
-9820 -1
47356 2
14767 1
-46714 -2
-21418 -1
-57100 -2
32075 -1
-63324 -1
26266 1
-68263 -2
-25031 1
1880 1
-46427 -2
-42455 -1
-49174 -2
-58056 -1
-7457 1
-85621 -2
-95905 -1
15938 1
-93344 -2
24496 2
-11546 1
-49103 -1
21307 2
-35638 2
4281 2
-84952 1
6322 -1
-88890 -1
-6816 -2
26499 -1
-36240 2
-17468 2
26002 -2
-85394 -1
-47936 -2
-46961 -2
-94148 1
5584 1
-99784 -2
19442 1
-52590 -2
-5867 2
4318 2
-25992 -2
-77490 1
16115 -1
-51407 -1
-99972 -2
-65195 -1
18298 -2
43989 -1
-82895 -2
-79131 -1
15695 -2
-62182 1
4423 2
-98404 1
-96388 -1
-92781 -1
41624 -2
27229 2
-75105 -1
-40032 -1
12040 -2
-32558 -2
40240 1
-5960 1
34841 2
44901 -1
18939 1
-54050 1
-45494 1
-15112 -1
42682 1
33470 -2
41803 -1
2996 -2
-85294 1
15635 2
29260 -1
-70707 1
-55473 1
16349 -2
20046 -1
13294 -1
-83487 1
-7821 1
-13761 2
-62798 -2
-75589 -1
-53262 -1
-60186 -2
12009 2
-13152 -1
-13207 1
-64659 1
-20602 -2
40525 -1
-99930 2
25703 2
-6144 1
45505 -1
-4478 1
-67152 -2
-25440 -2
-8617 2
34278 -1
-51197 -1
-78383 -1
-92406 -1
-23203 2
38363 -2
-50561 1
-75012 1
-29219 1
-26838 -1
-34520 -1
-89615 -2
36367 -2
-14022 -1
11792 1
-24741 -1
13554 2
-9448 2
-55329 1
-40485 -2
-19628 1
27025 1
7014 -2
-26486 -1
-39634 2
727 -1
-34583 2
-18619 -2
10078 -1
-40848 2
35506 -2
-69290 1
48198 2
-32355 -1
3308 1
14989 1
-79733 -2
-7300 -1
-3113 2
-94509 2
-47057 -2
-92917 2
-7776 -1
-85034 1
-31182 2
-11920 1
20496 -2
-9277 2
3734 -2
-78090 -2
-53774 -2
-19199 1
-7034 -2
-19237 -2
-65807 -1
2410 1
21375 -2
27318 2
-66906 2
-90142 -1
41664 -1
14452 -1
-15012 -1
-31028 1
-47789 1
-50959 -2
-92142 2
9946 -2
-88775 -2
36578 -1
-85162 -2
30543 -1
-33159 -2
-51031 -1
-20399 -2
27620 1
-95216 -1
-72908 -1
-46327 -1
-18257 -2
22000 -2
-94554 -2
-69470 2
-39443 2
-51776 -2
-94780 2
10664 -1
-88188 2
-36997 1
11250 -1
38564 -1
4698 -1
-64899 -1
-97546 -2
41883 2
21604 -2
46293 1
-98138 -2
-21109 -2
43978 -1
-59643 -2
5542 -2
-46229 2
27775 1
47526 2
29371 1
-91878 -1
8062 -1
-55274 1
-60615 2
-45991 2
-86666 -1
-35899 -2
12217 2
-36514 -2
1781 -2
-91063 -2
-4450 -2
47496 -1
47148 -2
-18875 -2
-35404 1
-83591 1
-43215 1
48877 1
-92796 -1
-26387 -1
-30526 2
6126 2
-68723 2
21742 -2
47577 2
-59726 -2
-88711 -2
34546 -2
-19491 1
17068 -1
-82705 -1
8438 -2
-98954 2
-21506 2
-88831 2
6891 -2
-62331 -1
-8337 -2
20431 -1
-87920 1
-17833 2
20697 1
649 2
-11376 1
-27636 -2
-26600 2
-85524 -1
26125 2
28467 -2
-28504 1
-45579 -2
-66033 -1
24973 -1
49574 -2
-81553 2
38298 -1
-3303 -2
-59980 2
-90240 -2
-46115 -2
15561 2
-65743 2
-751 -2
28535 -1
16151 1
26376 2
-20152 -1
-21996 1
-21212 -1
26394 2
-48895 -1
-22440 -2
-36870 -1
-96321 2
44260 1
17563 -1
-29714 1
-78692 2
27999 1
23146 -1
-40144 2
-61414 -1
-53274 -1
-6595 2
-66767 2
-19006 2
-49941 2
15 2
-50159 1
44499 1
-48765 -2
31098 -2
-96898 -2
49701 -2
-57132 -1
-13824 2
45522 1
-42340 -2
-52895 2
-1568 2
34017 -1
-44506 1
-43940 2
-6021 1
-34647 1
-58684 1
-26964 2
8391 -1
-40387 -2
-88465 -1
18139 -2
-42727 -2
-95446 1
41488 -1
-99433 1
6028 1
-83071 1
-93000 1
-26386 2
12865 -2
2625 -2
36811 2
33525 1
-89663 -1
17604 1
35070 -1
-27248 1
-69373 -2
-75643 2
1837 -1
-87910 2
8741 -1
-45903 1
-20706 -2
-26322 2
-33071 1
29294 -1
-53569 -1
34295 -2
-67363 1
-96010 2
-3658 1
-6720 -1
21433 -1
-79883 1
-41923 -1
26656 -1
-18047 -1
-21421 2
-49557 -1
-45026 1
6858 -1
-11940 -2
-15172 -2
-78308 -2
-96191 -2
14751 1
-64252 -1
-45781 2
32227 2
-51220 -2
23480 2
-39336 -2
-87253 2
-23350 -2
29859 -1
-42718 -2
-41732 1
-44324 -2
-94940 2
25468 1
23343 -2
-62499 -1
10829 -1
48582 1
20936 -1
-92128 1
-11221 2
30682 -1
-23659 -2
5467 1
-33862 1
-38425 -2
-74740 -1
-86834 2
39551 1
28397 -1
34661 1
-16658 2
-50057 2
-1876 1
-2589 2
-92418 -1
-79163 1
5332 -2
43119 -1
-12070 -1
1731 2
-56993 -1
-51760 -1
2919 -1
5 -1
6548 -1
37626 2
8627 1
-53682 -1
47500 -1
12602 -1
28393 -1
-35729 1
-36822 2
-29158 -1
-66948 -2
15560 1
-18952 2
-10175 1
-66410 -1
-43785 -1
7422 -2
13446 1
21584 1
10995 -2
-68537 1
-12778 2
-84471 -1
38475 -2
-18595 2
-76309 2
-54994 2
40080 2
-5438 -2
-38020 -2
22877 2
36655 1
-68894 -1
-77316 1
-91868 2
-71988 1
-36150 -1
-64739 2
35050 -2
-69316 2
25037 -1
44400 -1
-84928 -2
-79345 1
-30200 2
42654 -1
-60992 1
31016 2
-35650 -2
-86410 2
-28392 2
29150 -1
-26730 2
-67062 -1
-92088 -2
24909 2
-44876 -2
-50134 -1
26632 1
-32987 1
-90243 -1
1527 2
-91117 2
-18325 2
-85815 1
-48627 -2
28090 1
45966 -2
-97834 1
-17810 -2
11429 -1
27405 1
-32886 -2
-3535 2
4403 2
47698 1
26942 -1
-4437 1
-50114 -1
28479 -1
-24761 -1
466 -1
-57301 1
705 1
-53054 2
-24653 2
-37079 1
-40145 1
24933 -1
-3644 2
31163 1
1276 1
-69608 1
3557 -2
-2881 -1
-2812 -1
-34503 -1
1774 -1
-11313 1
-97873 2
-95134 2
-11256 -1
302 -2
-57075 -1
-8194 -2
-46605 -2
-80051 1
-34475 -1
45698 -1
45040 2
-78437 -2
2890 -2
-88507 2
-5325 1
37011 -1
-84018 -1
-18343 -1
26867 -2
-75709 -1
-72980 -1
-76159 -2
-82833 2
-85271 2
-32645 1
-66981 -1
669 -2
-80401 2
-23696 1
-8713 2
-50110 -1
29576 -1
46358 1
-45381 1
-88989 -2
30651 -1
-90894 2
-78249 2
-70518 -1
44185 1
-17430 -2
-59373 -2
-69096 2
-24535 2
3629 1
-92 -2
-27386 -2
-230 1
21270 2
30269 2
-52570 -2
-83872 2
-57119 -1
7296 2
-9834 -2
-59912 -2
16140 -2
-39565 2
6475 -2
-12145 1
-47521 1
-63252 1
28337 2
-68185 -1
1993 2
12200 -1
12727 2
-40701 2
45301 1
41508 2
-7159 -2
-89409 -2
-11791 -2
18993 1
-95378 -1
15532 -1
-32081 -1
-9412 2
-78017 -2
-71345 1
-37907 2
29646 -1
-98014 -1
-91568 -2
-15969 2
-7333 -1
-72844 1
-79483 1
-56246 2
-42884 -1
-62086 2
-78515 1
-54008 -1
18485 -2
-10258 -1
-48612 -2
19998 -1
-99350 -2
-96544 1
-15499 -2
-74752 -1
-57324 -1
-53512 -2
-58632 2
36738 1
-90540 2
-89187 1
-50627 -2
331 -1
-43184 2
-5406 2
-40983 -1
-72028 -2
-47811 2
22178 -1
26417 2
31836 2
45418 2
40427 1
43729 2
49949 1
-15443 1
39572 2
-23705 1
-67567 -2
-78124 1
-16014 1
-51411 2
-40441 2
6438 -2
-66304 -1
35967 -1
-54777 -1
46239 -2
-16418 -2
-94883 2
18381 -1
-62655 -2
-41148 -1
43145 -2
20895 1
2357 2
-50421 -2
37544 2
-1460 -1
-56680 1
-22881 1
45629 -2
-55284 1
36812 -1
16925 1
-63138 2
-90756 -2
-78351 -1
25856 -2
46817 -1
-69874 2
-59218 1
-65361 -2
33304 -2
-82529 -1
-40418 1
28753 2
-46994 1
-59184 2
-94663 1
-4634 -1
-59472 -2
47709 2
22694 1
5447 -2
-33773 2
-26589 1
-98685 1
-95040 -1
43718 -2
-21252 -2
-73402 1
-20353 2
-92029 2
-10674 1
-13217 -2
38029 -1
-64269 2
-73426 -2
-5679 -1
-12701 2
-25096 -1
-3622 1
-16176 2
-47274 -1
-97856 -1
20054 1
-87255 2
-25423 1
-65298 1
27454 -2
-6324 -1
33776 1
-48341 2
1686 -2
2777 1
17037 -1
31944 1
-5938 -1
27490 -1
-44849 -2
5556 -1
4074 1
-70737 1
-6727 -1
-10058 2
-79452 -2
-31381 2
-90925 1
8118 -2
-62088 1
-58593 -2
-60116 -1
-87499 -2
13956 1
-22373 2
-68471 1
28230 -2
-39221 1
-34567 -1
-34118 -1
-77755 2
-85844 -1
-5259 1
-74121 -2
-52997 1
-16918 -1
31425 1
-98104 -1
-64359 1
33907 -1
-1719 -2
19441 2
11474 -2
37121 1
32734 -1
-52640 -2
-58629 -1
14432 1
44710 1
-37250 2
-16472 1
-8091 1
-77488 2
40949 -2
-5516 1
-10288 -2
-67473 2
-70845 2
-40374 -1
25907 1
1134 -1
24504 -1
-91366 2
-4428 -2
-18915 1
-84056 -1
-39997 -1
-44169 1
-69921 -1
40611 2
36954 1
21500 1
-26675 1
-93441 1
41539 -2
-41518 -1
-16923 -2
-60970 -1
23790 1
11238 1
-89796 -1
-55884 2
-6910 -2
37390 -2
14413 2
-2829 -1
190 1
12287 -1
-87898 -2
46557 -1
-99727 1
-13003 -1
-88684 -1
-73671 1
-38985 1
44408 1
-68854 2
-23070 -2
-20177 -1
18497 -1
777 1
-14094 1
1470 2
-88853 2
-11463 -1
29473 1
-36928 1
-98212 -1
-18763 2
-98247 -2
16381 -2
40227 -2
-24181 -2
42429 1
-91412 1
-39446 2
-7408 1
-3615 -1
-65140 2
43943 1
-59413 -2
-96197 2
-44074 -1
-1178 -1
-22643 -2
-76728 2
-389 -2
26173 1
8647 2
-4064 2
-39738 2
42452 1
-89381 2
36997 -2
18982 -2
-67127 -2
-58711 2
-53755 2
34656 1
27949 -1
-36163 2
46978 -2
-65942 -1
42879 -2
25260 -1
-6046 2
-23399 1
16114 2
-56912 2
45269 2
27634 2
-94942 -1
-34602 -1
-47364 -1
-36228 -2
-86404 2
30238 -1
-54305 -2
20297 -2
11727 1
-24475 -2
-28816 1
-92513 -1
-81928 -1
-47045 -2
42132 -2
-53457 2
29084 -1
-95749 1
-52494 1
-75845 1
-73966 2
11755 -1
-36622 2
-15861 -2
-12661 -1
-73192 -1
14704 1
7870 1
4617 -2
8848 2
-184 1
-22353 -1
20305 2
-29294 -2
-40206 -1
43423 1
3386 -1
-31214 1
-29594 1
-28164 2
-24785 -1
-76441 -2
5695 1
-25033 2
13548 -2
-8026 -1
43108 -1
6794 2
-5760 1
-98201 -2
-16655 2
-66497 -2
-16175 2
-34468 -2
1949 -2
-28797 1
21013 2
43908 2
29377 -2
-95714 -1
43022 2
-6361 1
31957 2
-86875 1
1749 1
-72360 -1
-52210 -2
15966 2
23731 1
-47230 -2
-29363 2
-59377 -2
-59270 1
-75139 2
992 1
46655 -2
15680 -1
41109 2
-28193 1
-37990 1
-11138 -1
10584 -1
-23968 -2
-73546 -1
-19267 -2
-36357 -1
-90276 1
-62891 -1
47979 1
-23532 -2
-88478 -2
30353 1
9761 -1
-76894 2
33027 2
-12032 1
-10014 -2
-79159 -1
-55831 1
-79057 1
44422 1
-52614 2
-19885 -1
-14961 1
21268 2
-82472 2
-60333 -2
-81216 1
9538 -1
28185 2
-85138 -1
8237 1
-29341 2
-36490 1
-73704 -1
-9515 1
-39289 -2
-62932 2
-94016 -1
-36092 -2
3751 -2
29110 -1
-24240 2
-88817 -2
-76847 -1
20918 -1
-94683 2
43917 2
-64853 -2
-52278 -2
-27749 2
49676 1
-61185 -2
37157 -1
-96704 2
10416 1
-25649 -2
10173 -1
-18630 1
-62773 2
-47793 -1
-51120 1
-19276 -2
33978 2
-18754 2
-46788 -1
-98158 1
-69155 -2
-23454 2
-58066 1
-15531 2
-7775 -2
-14319 -1
-78754 2
-260 -1
25825 -2
-97160 -2
9324 2
34397 1
-56593 1
-97489 -2
-50617 -1
-50945 -2
-12860 1
-59244 -2
-62570 -2
-19890 2
-2467 -1
11499 -2
-42841 1
-84177 -2
25783 -2
44306 -1
18487 1
-34373 -1
-56342 -2
-64341 2
-47113 -1
-91410 1
26231 -2
31465 -2
-43525 -1
-91664 -1
-97259 -1
-27327 -1
-90166 1
-64083 2
40719 2
-58019 -2
31987 -1
32579 2
-34419 -1
-84222 -2
-54555 -1
-34693 2
596 1
13309 2
-64905 2
32502 1
-79835 2
-2743 1
45724 -1
15239 2
-25258 -2
20280 -2
1596 2
49023 2
-40899 1
-36068 1
8583 2
-52140 1
-82697 -1
-2500 -2
-30651 -2
-67773 -2
354 2
-42096 2
-50755 -1
-92149 -1
-20183 -1
-62748 -1
19760 -2
6070 1
35141 2
40134 1
-78916 -1
-30375 -1
-2975 1
-47638 2
-99460 2
-28425 1
18576 2
36040 1
-78670 1
39472 1
27576 -2
41469 1
-54003 1
7874 -2
-19717 -1
-33605 -1
7198 -2
-48680 -2
-32802 1
11373 -2
-6124 -1
-16826 1
14439 2
-54357 -2
20611 1
-25396 -1
-27199 2
-80505 -1
11854 2
-79389 1
-16276 1
-73684 1
36737 1
4795 -2
17646 -2
4553 -1
-27556 -2
30416 2
-87276 -2
-33217 2
-83336 -2
-69602 -1
32891 -2
-38643 1
32544 -2
29924 -2
-35206 -1
-8367 -2
-7562 -1
-4087 -1
-66669 1
-51948 1
-93172 1
30833 -2
-3311 1
25823 2
-73494 2
23605 -2
-31887 2
-88471 1
-64509 -1
44627 -2
-47187 -1
-15061 -1
-45667 -2
-44477 2
9681 2
-85819 -1
-47359 1
2846 -2
-46175 -1
6472 2
4734 1
-38421 2
-43906 -2
-61948 1
49104 1
47457 -2
-67543 -2
-40709 -1
43123 -2
1541 1
13081 -1
44093 -1
15353 -1
36380 -2
-34586 -2
-74845 -1
-59584 -2
-41039 2
-34596 1
-34894 -2
16437 -2
-75274 -2
-85324 -1
-5917 -2
25774 1
-4878 2
-69199 -1
-96121 -2
-94882 2
-16558 1
19144 -1
-52901 -2
-6574 2
32112 2
46229 -2
17576 -1
12467 1
-90493 -1
-70154 -2
-10278 -1
47680 2
-28740 2
33665 2
-4266 2
49860 2
-666 1
31339 2
28933 1
12634 -1
-90332 -2
-33254 2
18785 -2
-84357 -2
46043 1
41834 2
-39539 2
25524 2
-66212 -2
38381 1
1861 -1
-8240 -2
26441 -1
11302 -1
32744 2
-58379 1
-40762 -2
10890 1
-16094 -1
9331 2
-36366 2
-74259 -1
22236 -2
-20336 -2
-45654 1
-48127 1
-36723 -1
38985 2
42791 1
-24425 1
8975 -2
-34254 -1
-59275 -2
-58760 -2
-52066 2
-97735 -2
-21 -1
-7820 1
34456 2
32290 -2
3574 -2
-91169 -1
-80381 -1
14525 -1
31108 -2
-44622 1
33353 -1
-80871 -1
-14276 -1
-60637 1
-3464 1
10406 2
-2849 1
36046 1
-41332 -2
-29769 2
-12402 -2
-68039 -1
8752 2
-74263 -2
-32182 2
19672 -2
8884 1
-9955 -2
-20560 1
38569 1
-86738 -1
-34112 2
-44289 1
24718 -1
-50590 -2
31510 -1
30602 2
-68679 -1
-61903 -1
-17541 -1
-12553 -1
-31434 -1
-63476 -1
-27270 -2
48395 -1
-37295 -2
20296 2
-96912 2
5889 1
23269 2
39772 2
30141 -1
-36014 -2
-25945 2
-27111 1
49832 1
-77500 2
-93565 1
-8685 -1
-29660 -1
-76174 1
9072 2
-90622 2
31110 -2
1270 1
-82745 -1
-87350 2
-7425 1
21637 -1
39988 1
45878 -1
33455 1
47996 -2
-95979 2
-3191 -2
-76758 -1
4555 -1
9519 1
-44250 2
3876 -2
5639 2
-73158 2
5670 -2
-62740 -1
-82441 -2
-51595 2
-17150 -2
-14878 1
-97399 1
-35354 1
7549 -2
16985 -2
40778 -1
47268 -2
-64438 1
-47950 -2
43121 -1
4067 2
-83020 1
-40510 2
-90658 -2
-81526 1
37339 2
-72262 -2
-19601 1
-45379 1
5395 -1
-30093 2
-40846 -2
27172 1
-47952 -2
5227 1
-52281 2
-29197 -2
41367 -2
-52546 -1
38221 -1
-97484 1
38738 -1
17706 -2
-77515 1
-56230 -2
-77577 -2
-96177 -2
-60772 -2
-7760 2
-80385 -1
-29927 1
37056 1
-95059 2
38394 1
-1031 -2
17779 1
-85781 1
29360 -1
48793 2
-79974 -1
14882 -2
-48947 2
-6731 -1
-75287 -2
-22441 -1
-43047 1
-85435 1
-47826 1
6468 1
-78227 -1
-18501 2
-5808 1
2602 1
44895 -1
-86952 1
30962 -2
8487 -2
-93453 1
33052 -1
-20660 -2
-68887 -1
-40384 1
429 2
-94154 -2
-19075 2
41889 1
43327 2
-34870 -2
32517 1
-28378 2
-33757 1
37676 1
33298 -2
-99031 2
32912 1
-47863 2
-43396 1
41154 1
-72902 -2
-67393 -2
10237 2
-33356 -2
1244 1
48229 1
2204 1
-11296 -1
-55509 2
-92388 -1
-71434 1
-72361 2
45363 2
25740 -1
-1267 2
-29520 1
-57506 -1
48647 -2
-57579 -2
-44891 1
-59019 2
-64583 1
-65751 -2
-99048 2
-76683 -2
-92549 2
-61444 -1
-79967 1
40272 -1
-29825 2
-4416 -1
-86386 -1
43037 -2
-38607 -1
21465 1
-51486 2
42166 2
-71122 -1
-85336 2
18918 2
49785 1
-76688 -1
-94846 -1
-89690 1
-71275 2
-91048 -2
46281 2
-44204 -2
-67044 2
-92027 -2
851 2
-22165 2
-29759 -2
-62617 2
-29818 2
38830 2
44746 2
-86538 1
-74300 2
-86245 -1
48411 -2
8157 -2
22767 1
24695 -2
47054 -1
-11380 1
-42962 -1
22400 -1
40254 1
-73057 1
-1094 2
11211 1
15957 2
29690 2
34591 1
7471 2
-72808 -1
9276 1
-78735 -1
-3776 2
-74575 -1
-18436 2
23777 1
-48379 1
-84932 2
-67433 -2
-32686 2
11113 -2
37536 2
13680 -1
-62356 -1
-13481 2
-95219 -1
11193 -2
-21035 2
46955 2
-11277 -2
-18317 -1
27384 -1
-54013 -2
39089 -2
39385 -1
1407 1
-41340 -1
-30291 -2
6377 -1
3749 2
-24596 -2
18816 -1
-35829 2
-48471 -1
-28852 -1
-95327 2
-33579 1
-55542 -1
-27313 -2
-33702 1
-61461 -1
-97381 -1
40534 -2
4648 1
-50477 2
-46146 1
36775 -1
24835 -1
44118 1
-60305 -1
43132 2
-24413 2
-78738 -1
10818 1
17109 -1
-30766 2
-57172 -2
-89769 -1
-95885 -2
-72527 1
-80429 1
12805 -1
12554 2
-34772 -2
-33968 -2
-82545 -2
-25590 1
9743 -1
40209 -2
33650 -2
-72358 -1
-45800 -1
1651 1
-69152 2
18412 2
-12676 2
-16310 2
-32209 -2
-74839 1
-51744 1
-56524 2
11220 -1
-21543 1
-7525 -1
25795 -1
-31672 1
-49472 -2
-37574 -2
-52870 -1
-56035 -2
-28107 -2
10570 1
11739 -1
-80813 -2
-32207 -1
-99176 -1
-83002 2
-46194 2
-83803 1
42782 2
-89479 -2
47437 2
-52367 2
-99764 1
-42359 1
36495 1
-65624 2
-10190 -1
46238 2
7213 -2
-24013 -1
-14313 2
-98572 1
49925 -1
-72117 2
-15457 -1
12965 -1
8205 -2
-63799 -2
49654 1
-71894 2
47723 -1
-55060 -1
29090 2
-49322 1
26321 -2
-32517 2
-90712 1
26349 2
-62471 2
20255 -2
8566 -1
30694 1
31796 -2
38662 -1
-59708 1
-55517 -2
-26138 -1
9385 -1
-74825 1
-32602 1
-57028 2
-52839 -1
-47643 -1
-89891 -1
3323 2
-49766 1
-69198 -2
-40224 1
-4259 1
-65960 -2
22142 -1
-86771 -2
33045 2
-78582 1
-73556 1
-54595 2
49506 -2
-85418 1
17971 1
47379 -2
-41958 -1
-77235 -1
-95531 1
-44713 2
4109 1
18764 -1
-96733 -1
34064 1
-47041 -2
-88661 -1
-74028 1
-15111 2
-91616 2
19628 -2
5831 -1
-64992 -1
-82116 -1
-53382 -2
10759 -1
-86444 1
-79676 -2
-84402 -2
-3581 2
-76848 -2
-35136 -2
-40098 2
-98787 1
-29045 -2
-60769 -2
-56583 -2
-38617 1
49029 -2
-31329 1
35230 -2
-46322 -1
-60100 -1
20665 2
-76566 2
-12983 2
-660 -1
-22026 2
-61671 2
-19903 1
-9360 -1
-75236 -2
28951 -1
47354 -2
-970 -1
7543 -2
-45626 -1
39046 2
-8807 -1
-20396 2
30846 2
-87132 2
-24949 1
-36203 -1
7162 -2
-95305 2
-34700 2
32052 -1
-59163 -1
-51058 -2
-11162 -2
-24944 -1
-13490 1
-40371 -1
-59769 -2
-67435 1
39394 -2
27760 1
-25166 -2
-2273 -2
-43397 -2
-70565 1
27625 1
-2402 2
-83462 1
-32073 -2
9090 1
49961 -1
-54246 2
-21115 -2
-97198 1
-9622 1
30513 1
32317 -2
-66167 2
-36632 -1
-12650 2
-40680 -2
-37927 2
11392 -2
21753 -2
-25308 -2
-59892 -1
5329 1
-49419 -2
-86065 -1
-31194 -1
-21938 -1
-13056 -1
13654 -1
-36309 1
-74465 2
-53476 -1
-19672 1
-70644 1
-56952 1
11218 -1
-66875 -1
-665 2
-79754 1
45084 -1
-70859 1
-31078 -1
22867 -1
-18836 2
-44553 -1
-8315 1
-40173 -2
-4062 2
-59828 -2
-51556 2
17657 -2
-17683 -2
45483 2
-70435 -1
-4331 2
-4104 1
-1794 -1
15036 2
-75142 -2
-49944 2
-4692 -1
-83306 -2
-9539 1
-86962 -1
1927 1
39681 -2
-29978 -1
46747 -1
-43740 2
-80399 -2
-69900 -1
-62738 1
-38667 2
10034 -1
12239 2
-61932 1
-89129 -2
-94319 -2
-13641 -1
-58701 1
17157 -2
7042 1
-2737 -1
-89373 -2
41148 -2
-16774 -1
-94051 -1
-18362 1
9197 2
35291 1
-30670 1
1973 2
4554 1
-74836 2
1120 -1
-23096 -2
-94954 1
-33544 1
-27047 2
-16697 -1
-37829 -1
40509 -1
-72403 -2
-24410 -2
12262 1
-64195 -2
-64887 2
-89926 -1
42488 -1
14146 1
19794 -1
-26463 -1
-30116 1
25982 2
-53240 -1
-62264 2
-57753 2
30029 -2
12047 1
6954 -2
-42806 -2
3923 -2
-31096 1
48178 2
-84095 -1
-90426 1
-14525 -1
-19403 1
-66104 -2
-84424 -2
38309 1
35186 1
-76098 2
-37795 -1
-85062 -1
-98283 -1
-68045 2
9443 -1
-5101 1
-7597 -1
43701 1
-63188 1
-97877 1
25749 -2
-89693 -1
-83842 1
-79737 2
-43854 1
49395 -1
-16537 -2
-86766 -2
30557 1
26449 -2
-80360 1
40708 -1
-95678 -2
-14069 -2
15459 1
-7393 -2
-16035 -2
45320 -1
46214 -2
1724 1
-92769 -2
-54703 1
-35229 2
-85322 1
48767 2
-30238 -2
-55649 -2
20900 -1
-52356 1
11322 2
-59345 -1
-89610 -1
20476 -1
28579 2
7371 -2
-94676 2
-23108 -2
35676 -1
11485 -1
-17926 -2
-31856 -2
-96910 -2
-61228 1
-17125 -1
-40607 -2
-75260 2
-46866 2
35354 -2
25644 -1
-56874 1
14053 2
-8068 1
42263 -2
-75793 1
-36903 2
-68500 -1
-51967 -1
-81965 -1
27179 -1
-64094 -1
-70473 -2
-81143 2
-85534 1
-26005 -2
-95558 2
49528 -1
-8481 2
-75905 1
-30718 -2
39968 1
39509 2
-85186 1
-22104 -1
-52649 2
-24817 -1
-66651 2
-58252 -2
-42849 2
-96004 -2
-96730 1
-38401 -1
-40593 1
-26816 -1
-41674 -2
-10874 2
20867 -1
-34394 2
11816 1
-24494 1
18600 -2
-99693 1
-25035 2
-64428 -1
-4924 -1
43261 2
17799 1
11875 1
-40248 -1
-97495 -1
-24979 -2
26282 -2
-20762 1
48594 2
-31957 1
-48087 2
23717 -1
-24519 1
-2681 -1
-46281 -2
-49289 1
48150 -2
47518 1
-28810 1
-12736 1
-23898 1
-50874 -2
27190 1
-18164 2
-93522 1
35188 1
-27181 -2
-18538 2
28786 -2
-20479 2
15968 2
30064 -2
-76274 -1
-81661 2
-84037 1
-54593 1
-55888 1
40908 -1
13592 1
13730 -2
49092 -1
25570 -2
-55289 -1
24842 -1
24203 1
-33996 1
-68229 1
30699 -2
44581 -2
-12221 -1
-84219 -2
-67727 2
20101 1
28619 2
-82939 -2
-53205 -1
-24707 -1
3566 -2
12034 -1
-25052 -1
47711 1
-85399 -2
22014 1
41147 -1
-80052 -2
15865 -1
24995 2
-93749 -1
-85334 2
-70001 -1
-3064 1
12806 -1
-90357 1
-82237 1
19955 -1
-86101 2
27456 1
-16891 1
-85436 1
-14883 1
-64366 1
22068 1
-57268 2
38316 -2
-21004 2
-10900 2
-77809 2
-92312 2
17403 -2
10610 2
-82898 1
13481 -1
-18903 -1
-96407 -1
-26834 -2
49101 -1
-81174 1
-39527 -2
7879 -2
-59684 -2
6016 -1
-30482 1
42454 -2
-62951 -2
-28918 -2
-13593 2
27298 -1
-91299 -2
-91243 -1
-72393 1
-93417 1
-19788 -1
-12014 -1
24106 2
35281 -1
-1797 -2
44963 2
-18521 1
37755 2
44310 -2
-69732 1
-78322 1
38845 1
47793 -1
3040 2
-66966 2
-55925 -1
3839 -2
-62721 -2
-51298 -2
-71383 -1
23680 2
-80774 -2
40574 -1
35599 -2
-80621 -2
25186 -1
-41873 -1
3875 1
-72801 -1
-95683 -2
43783 1
-77019 -2
-32310 -1
-13070 2
-12774 2
-8327 -2
-98526 -1
-8983 -1
38827 2
19948 2
-48768 2
-62166 1
47475 2
14377 1
-31180 -1
23843 -2
37361 2
-12047 -1
-56613 -2
42301 -1
-38855 -2
-28559 2
-58583 2
234 2
47527 1
42931 -1
42695 -1
-38288 1
-77509 -1
-12294 2
-7465 -1
-48855 -2
6711 -1
2668 -1
-36453 2
-70384 -1
-76055 -1
23002 1
-83469 1
34079 1
18104 -2
-94168 1
-82519 1
27324 -1
-35375 -1
-26210 -2
-55005 -2
-96484 -2
-89755 -1
-24807 2
-66968 -2
-39181 -1
34120 -1
-50665 2
-15231 1
-67889 -1
-88133 -1
478 2
-90623 2
-70056 2
3553 -1
-55266 -1
-15041 -1
-45932 -2
-6147 -1
12759 -1
-45402 2
-41126 1
-48857 1
-95322 -2
-30687 -1
-55781 -2
31358 1
-17374 2
-8172 1
-72994 -1
31458 -2
32410 -2
23744 1
-40928 -2
15048 -1
12339 -1
-4086 -2
-94749 2
-9373 -1
-3072 -2
-52820 1
27013 2
17656 2
-65599 1
-68273 -1
-79995 -1
8852 -1
-52702 2
-21831 -1
-59804 2
36248 2
-39904 -2
47083 -2
25581 2
323 2
-59382 -2
33515 2
22440 -1
-53558 2
47084 -2
27096 -2
12604 -2
-93815 1
-57498 -1
-39105 1
-62249 1
17775 1
-89055 -1
20080 2
-83474 1
-41528 1
-32817 2
-63269 -1
33411 -2
32115 -2
-56124 -2
-13841 2
-47887 -2
-65040 1
-22797 -1
-60222 1
42083 -2
-63030 -1
-57142 2
-98966 1
-37176 1
39487 1
-86677 -2
-42660 -2
29545 1
-4058 -2
22474 -2
44827 -1
-53483 -1
-30923 -2
28680 1
-49162 -1
-74865 -1
-74670 -2
23589 1
41440 -2
39995 1
21924 1
-91828 2
-47814 -2
3800 -1
-60335 -2
22610 1
-10807 -1
14912 -1
-99370 -1
-67124 2
-24153 -2
-15587 -1
-58173 2
30528 2
-98525 -2
-51075 -2
-5719 1
-96708 -2
-7607 -2
31266 1
-34172 1
19315 1
-54317 2
-94230 2
-10985 -1
-10935 -1
4659 2
-10589 -2
46265 1
-77244 2
-97739 -1
36219 2
-5685 -2
-68440 -2
-85017 -1
-93887 -1
-95084 -2
-28266 1
18648 -2
-22107 -1
-54609 -1
-64522 -2
-84905 2
-4850 -2
-2480 1
-62731 2
-63536 -2
-3480 2
-6616 2
36747 -1
43882 -2
-97317 1
6145 2
-81043 1
-67076 -2
-95375 -2
-31781 1
-95456 1
-25583 2
-20279 2
-45649 2
41549 -2
-30868 2
47283 -2
-6682 2
-41168 1
3820 -1
30937 -2
-67456 1
-14343 -2
-50378 2
16552 -1
27605 1
-23089 -2
15612 -2
29875 -1
28352 -2
-78311 -2
13110 1
550 -2
-17276 -1
-20298 -1
5032 2
-7136 -1
24410 2
-34204 1
-12336 1
-42541 -1
23330 -1
-23722 2
-22072 -1
5003 2
4579 1
-76988 2
-58297 -1
-67818 -2
-33699 -2
-32301 2
-81087 2
-37528 2
-18459 1
-37756 2
-88341 2
-35955 -2
-32512 -1
-17546 1
-24871 -2
34777 1
-7235 2
38127 -1
-15352 2
37015 -1
-72703 -2
-38878 -1
-54138 2
-1951 2
-64464 1
-59028 2
-29263 2
13394 1
-48872 -2
-46349 -1
-89446 2
-2156 1
-91768 -2
44250 2
-26653 2
-88091 1
-82788 1
37133 -2
11438 2
24804 -1
-68729 1
-20508 -2
-98350 -2
46370 1
-7667 1
-39083 -1
6517 -2
24960 2
-34349 2
-22758 -2
22723 2
31269 1
11099 -2
15058 -2
-6209 1
38636 -2
-31952 1
10605 -1
32372 1
-55910 -1
-93613 1
23426 -1
-70008 2
18395 -1
37272 -1
-86577 2
-58142 -2
-96570 2
33983 -2
25808 2
-65420 1
30817 -1
-43959 -1
9891 -2
44491 -2
-4651 -2
-26886 -1
-52585 2
-42259 -2
-92562 1
-65328 2
-22912 1
-49370 -1
-2836 2
17818 2
-56854 -1
19536 -1
-48893 2
-39639 -2
-41357 -2
-98001 1
-42046 1
2541 2
48849 1
-68351 2
-39350 -2
-42606 2
26857 2
-49045 1
-33232 2
-93361 -1
-39695 1
-44744 -1
24214 1
36323 1
-74226 -1
-86014 1
9866 1
-47273 2
32965 -2
-60600 2
-6820 -2
-99064 1
-38261 2
8277 1
-51388 -2
-83556 -2
-84480 1
5668 1
-44704 2
-63623 -2
-10432 2
-58699 2
-77699 -2
-6950 -2
-1494 2
-58876 -1
-46192 2
-61151 2
-47768 2
-13762 2
-52453 1
-19901 -2
21394 1
34878 -1
39255 -2
-6651 -2
5645 2
45837 -2
-50386 -1
46414 -2
-6555 -2
-96189 1
-15962 1
30169 -1
25317 -1
49634 2
-45912 1
28626 -1
-58343 1
-46519 -2
-49507 2
22052 -2
29156 1
-92828 1
-2502 1
-3268 -2
-12100 1
-31116 -2
49337 -1
47612 -2
-88434 -2
-95471 1
7249 2
-76326 1
3445 -1
46548 -1
-27974 -2
34541 1
8080 -2
11233 -2
2521 1
-64456 2
-13498 -2
-28531 2
-9390 1
-58144 -1
29527 1
-16568 -1
49795 2
-79526 1
17690 -1
-17970 -2
20268 -2
-57399 2
-15480 1
28897 2
-94773 -1
40989 2
-6113 1
-78015 1
-44716 -2
12185 -1
-20731 -2
-94850 -2
23558 -2
-45529 -2
17142 -2
-27103 -2
-10311 -1
4357 1
-7696 1
-46535 -1
-91816 -2
-31164 -2
-98107 1
-15928 -1
46107 1
-86114 -2
42734 -1
35961 1
6279 1
-43390 -2
-62994 -1
-96603 -2
-13283 2
-83466 1
15322 -1
-89952 2
-17900 -2
-55538 2
6563 1
-73864 2
23140 2
31792 1
49359 -2
-80456 1
16306 -1
-86806 1
-61317 2
-31254 -1
25990 -1
-88059 -2
14900 2
-78857 -2
47406 -1
47277 -2
-38964 -1
-42977 1
-44016 2
46250 -1
27075 1
-60321 -2
-78973 1
-18269 1
-58683 1
20811 -1
-27433 1
39425 1
40520 -1
-26879 2
-66881 1
-20860 -1
7578 2
-53748 1
-57961 2
-41297 2
16361 1
-84973 -1
-73231 -2
2553 -2
11201 -2
15920 -2
14877 -1
-4886 1
37627 2
-14272 -1
-84054 1
-59059 1
-96084 2
-95963 -2
-81310 2
-15250 1
-56193 2
-99279 2
-94367 -2
-10666 2
-49316 2
42801 2
-47678 2
38167 1
32980 -1
3104 -2
-14670 -1
-3545 2
-14549 -2
-52200 2
-92945 -2
-5441 -2
-32009 -2
-4060 -1
-89421 -1
-7997 -1
-79716 1
-6157 1
7710 -2
-61337 -1
3343 2
10925 1
19231 2
43389 2
38399 2
42399 -1
-22156 -2
28561 1
-97818 1
-34886 1
-27425 1
-10438 1
-88070 1
-93218 1
36955 2
28131 -2
30499 2
-59602 -1
-37684 1
-73359 1
-29755 -1
-56327 1
-86684 1
38223 1
47141 1
-57548 2
-311 1
-54375 1
906 2
-91435 -2
35282 -1
-20618 -2
22728 -2
9172 2
5472 -2
-7934 -2
-77634 -1
-14323 1
-83541 -1
-68048 -2
-2198 2
15183 2
36165 -1
-71389 1
-3355 1
43634 -1
-59580 -1
11049 -1
-3635 1
49908 1
-73238 -2
15478 -1
12115 -2
-41017 2
20705 -2
-38485 1
-97300 2
-22944 -1
-7747 1
22629 1
-80959 1
44270 -1
-97086 -1
-56703 2
-23022 -1
-33321 1
-63041 -2
28189 -2
-50769 1
17537 -2
-89950 2
-12943 -2
-45442 -2
-38172 -1
-77555 2
-70770 1
-86799 -2
-73476 1
-51429 2
-35107 -1
-60426 2
-66359 1
44811 1
26212 -1
37787 -2
-33349 -2
30862 -1
-20227 2
-72886 1
32562 2
-26596 1
17748 2
-85107 -1
-79326 2
-75182 -2
-94907 -2
-16869 -1
30588 2
-8968 -2
-65919 -2
-72674 1
34565 2
-11117 -1
-56164 -2
-69148 -1
-18043 -1
38077 1
-39816 2
831 -1
-70956 -1
-48343 -1
36857 1
-43842 2
41546 -1
-25688 -2
-29609 -2
-42602 -2
-33574 -1
-50484 2
-93840 1
-47900 -2
12043 -2
-17363 -1
-81999 2
3256 2
20171 1
8991 -1
-732 -2
-30820 1
-87136 1
-2573 -1
-16001 -2
3429 -2
-14830 1
41973 -2
-94498 -1
-14692 1
-33115 -2
32272 -1
-80760 1
17220 -2
28094 1
-55372 -1
-94014 -2
-12828 1
-2798 -2
-44862 -2
-34529 1
14662 1
-3595 -1
-39218 2
-30002 1
-58434 -1
-68396 2
-26649 2
-9262 -1
18098 -2
-65086 2
6313 2
31816 2
-37204 1
24153 2
28834 2
11203 1
-13829 2
16279 2
-33388 -1
35703 -1
-78777 2
-38786 -1
26843 -2
47621 1
-32625 -2
3498 2
-4644 1
-82465 -2
-52499 -2
-70975 1
-21640 -1
-96182 2
-89365 2
-54615 1
-92429 -2
-25385 -1
-37286 -2
-98959 2
-20603 -2
24409 2
22717 2
-26745 -1
-62621 -1
-24511 -2
-58577 1
-90144 -1
-9169 -2
-81398 2
5612 1
22511 2
-69483 1
16762 1
-40985 2
6559 1
21678 -2
46565 -2
-65112 2
-37235 -2
5658 -1
-63914 -2
25274 -1
-93165 1
-30835 2
17973 -2
-91579 1
7340 2
-96661 1
-83335 1
-48640 2
-47884 1
44869 1
-30069 -1
-92557 1
23123 2
-6306 -1
-60625 1
-31133 -1
-28333 2
16492 -1
-16439 -2
21402 1
-7193 1
-46048 -1
-13830 -2
27296 -1
5093 -2
-99962 -1
-14138 2
-14984 -1
-29970 -1
-89291 2
-62669 1
-26316 2
-88578 1
-78241 1
-11631 2
-22762 2
-36310 -1
-62784 2
11598 -1
19028 1
-49190 2
-97073 -1
-83381 1
-86020 -2
956 -1
26044 -2
-20342 2
-402 -2
-326 -1
-11265 -2
-91109 -1
21633 2
-86489 2
-51918 -1
40659 -2
-62412 2
-44763 -2
7763 -2
-21979 2
-77269 -1
-81759 -1
38420 -2
-2870 -1
29207 1
14213 1
-24276 -1
-85495 1
-54241 -1
18300 -2
-63496 1
21452 2
-25550 -2
-48631 -2
-1129 -1
11831 1
-33390 1
-77835 1
-64473 -1
-58600 2
21746 -1
4620 1
-9990 2
6335 1
-76937 -2
-5395 -2
20227 1
5867 2
-39795 -1
-54307 1
-92387 -1
-70203 1
22605 1
-45163 -2
37094 1
22215 -1
-71066 2
-86390 2
6826 2
-15960 2
-10796 1
34636 2
14589 -2
49656 1
10298 1
-1733 1
-6667 1
-50155 1
-14475 -1
21193 2
22568 1
45834 -1
-18063 -2
-16012 2
-77319 -1
13047 2
18621 -2
-42091 -2
23050 1
-27420 -1
-59925 -1
29742 -2
-15354 1
-7372 2
44105 -2
12090 -1
13998 -1
-61242 1
-95512 -1
14215 1
43155 -2
-56958 1
-8421 -1
3655 -1
-25959 -1
-19184 1
-38037 1
-91330 -1
-31536 1
-86565 2
-23924 -1
7092 -1
-17407 1
-97671 1
-26646 -2
-98369 1
-60957 -1
-53241 2
49719 2
-2430 -1
-73801 -1
-71767 1
-38275 -1
25854 -1
-81821 -1
17456 1
-86907 2
41641 1
-10381 -2
15760 2
-12808 -2
-23009 1
-59873 2
-87081 -2
-17710 -2
23005 2
-55669 -2
7825 2
-98827 1
10031 -2
-35514 -2
-64560 1
-62102 1
-98796 1
2489 -1
-30213 2
-82446 1
-2460 -1
-457 1
47806 2
-15884 -2
46477 2
2323 2
28892 -2
-32707 2
-89880 1
-50046 1
-26485 1
21767 1
-87976 -1
-30982 -2
-88821 1
25643 -2
42878 -2
40095 1
-50681 -2
31670 -2
-83127 1
-69258 -1
43357 -2
47848 -2
7277 1
13442 2
-50787 -1
47119 -1
-87148 2
49356 -2
-21569 -2
31933 -1
26116 1
-23074 -2
3266 -1
-99478 2
-31790 -2
-89586 -2
-96219 -1
-71166 2
-34280 -1
-57222 -2
-31585 -1
-14597 1
-55059 -2
-16416 2
-39759 2
2140 2
-88383 -1
-2001 1
1083 2
26235 1
-93638 -1
-26760 -1
25123 -1
-66976 1
-27792 -1
-98061 -2
38650 2
-45359 2
7248 1
-73434 -2
-46345 -1
39113 2
-74462 2
-50913 1
39408 2
-22118 2
-64299 2
-55579 2
-32076 -1
7205 -2
-37293 -1
-7885 -1
-84700 -1
40212 2
-29696 1
-12845 -2
20261 -1
37394 -1
-74581 1
-46220 -1
-20017 2
-12500 -2
-6658 -1
-97410 -2
-31729 2
-64594 1
-71563 -1
-21978 -1
-65947 2
41088 1
-72681 -2
-84008 -2
-72848 -1
49422 -2
-52852 1
30040 -1
-28343 -2
42648 -1
-76593 -1
-1312 -1
-10724 -1
-22889 1
-23236 -2
-39927 -2
-47246 1
-22096 2
-46364 -2
-58281 -2
41289 1
-19352 -2
-53769 -2
-41347 -1
-92046 2
20344 2
675 2
-11663 1
49811 -1
-48913 -2
4867 2
-20961 1
-17550 -2
-34618 1
-24259 -2
-4923 1
-34976 -1
-77089 2
19174 -2
-81953 1
49789 1
11070 -2
-8212 -2
-26534 2
-77261 -1
-97808 2
-18443 -1
1626 2
-49844 1
38461 1
-93057 2
-59182 -1
-43309 1
-3874 2
-29505 1
-15453 -2
-10483 2
-63044 -1
6642 -2
41008 -2
26956 -2
-60275 -1
-38335 -1
-47819 -1
16856 -1
-4034 -2
-56579 -1
-88474 -1
-69911 2
10618 2
-23990 -2
17598 1
34639 2
-50471 -2
-90226 1
17817 2
-2716 1
47547 1
-57957 2
17791 2
-70890 1
-30236 -1
-20435 2
-46615 2
-99419 -1
45375 1
19678 1
910 2
-44281 -1
-37495 -2
23127 1
5150 -1
-6540 -2
17730 -1
7913 2
1567 1
10258 1
-80725 -1
-68700 2
-58616 2
1616 1
-79527 -1
-81390 1
-99175 2
21765 2
-92623 2
-3774 -2
41279 2
-77205 -2
-48079 -1
17665 1
5143 -2
-2927 -2
-71221 -2
-80112 -2
-95848 -2
47823 1
-78435 1
-40169 -1
-97509 -1
-21597 1
-64347 -1
-24036 2
-6724 1
-2166 -1
-8258 -2
-7716 -2
-46277 1
38408 1
18873 1
-81778 1
-33949 1
-9879 2
-11684 -1
147 1
-93602 -1
-4412 1
-90741 -1
-55536 2
-34635 1
-44115 -1
-17758 -2
-44794 2
48652 1
47906 2
-42026 1
46715 1
29725 2
45235 1
-40019 -1
48668 2
-59198 2
-78553 1
24991 -2
-32676 2
31484 1
8238 2
-16316 -1
-50144 1
12723 -2
-33041 2
-59251 1
-59754 -2
11195 -2
-58666 -2
32019 -1
-55921 2
-1638 -2
-17433 -2
-98150 2
-25973 -1
20647 2
-28701 -1
-17914 1
-13806 2
23033 1
-73413 2
25694 2
5024 -2
-99411 1
-87823 -2
19445 -2
37482 -2
-77411 -2
-3944 2
-94176 1
-88996 2
-46518 1
17607 2
-58638 1
44409 -1
-22260 1
-49439 1
-957 2
-43834 -2
-36107 2
-25244 -1
3931 -2
-91625 2
14840 -1
-53243 1
23202 1
25243 -2
44356 -2
30845 -2
12644 2
-99410 1
9188 2
49251 1
-96363 -2
20249 -1
-95578 2
-15922 1
-4653 1
-71145 1
-5525 2
-13938 2
-67290 -2
-55833 -2
11834 -1
-21572 2
-4702 -1
-9716 -1
27309 -1
45912 1
-81265 2
-69117 2
-48703 2
-55980 -2
-98136 -1
46010 -2
-16195 -2
-86397 2
-16255 -1
22061 2
31721 1
-15492 -2
-45314 1
-39567 2
12977 1
39831 2
19307 -1
-6336 -1
46895 2
14467 -1
18431 -2
-39646 2
-54032 -1
-64132 -1
-93676 -2
-75553 2
24198 -2
27664 -1
-50156 -2
-32259 1
-79368 2
945 2
-56499 -2
-31578 2
-68385 -2
-21839 -2
28059 -1
-77979 -1
-80005 1
-86602 -1
5654 1
36876 -2
2570 -2
13053 -1
-92034 -1
49900 1
33966 -2
14045 -2
-85672 2
-47317 1
28916 -1
-83245 -2
-15781 -2
45573 2
-55133 -1
21320 1
-23843 2
13365 -1
-23100 2
48663 -1
-98048 1
-3063 -1
15554 -2
-41945 1
26803 -2
-11842 -1
-16413 -1
-57980 -2
-57595 1
-59456 2
22853 2
-42592 -2
-46366 1
-44336 -2
-97023 -1
-67608 2
-30664 -1
-43998 1
18927 2
-34990 2
21192 -2
-71696 -1
-50482 2
-65487 2
28427 1
-70332 -1
-21922 -2
-94525 -2
-22682 1
-71296 -2
-28208 2
37236 -1
-53606 -1
-8826 -1
22301 -2
8782 2
-64729 -2
-83123 -1
-46464 1
-7718 1
-48532 1
-99732 -1
7012 -2
-92071 1
-59170 -1
-64109 2
-35594 2
-39561 -2
-40559 1
-53992 2
-79499 -1
-37116 2
12085 -2
-66519 -1
5761 1
26939 -1
-12622 2
32152 2
6492 -2
-26601 -1
-59157 1
-89169 -1
-52721 1
42918 1
16511 2
-90321 -1
48384 -2
-93496 1
-60976 -1
35442 -2
-43555 -2
-68 1
-93813 -2
18039 -1
-64517 -1
-32229 -2
7801 2
-90486 1
-43167 -2
-46065 2
-32936 -2
-95834 -2
39203 1
-42837 1
7581 -2
-9401 -1
-70025 -2
-76926 -1
-74563 2
-15129 1
32521 -2
-40366 1
-3068 2
-89402 2
41905 1
-25324 -2
-88589 -2
34361 -2
-89354 -1
-69123 2
-33459 2
-29562 1
-83410 -1
12711 -1
-48897 -2
-36538 -2
-65593 2
24455 1
-6891 -1
34445 -2
-79700 1
47363 -2
-47746 1
-56610 -2
32820 -2
-65852 -1
-89881 1
36749 1
2758 -2
-18007 -2
-58672 2
46985 -2
10345 2
-96256 -1
-72857 -1
-51228 1
-55841 -1
-30425 -2
-80253 2
13122 1
-98203 2
40906 -1
37266 -2
-79568 -1
-22276 -2
32055 -1
-55252 1
27231 -2
-50343 -1
-92050 2
20486 -2
-16741 -2
-98293 -2
-46024 1
28577 -1
-60477 -1
-55581 2
-54186 2
-44407 -2
-37449 1
38471 -2
-4754 -2
-78336 -1
-55990 -1
-55958 1
39931 -1
-18724 2
16422 -2
-14321 -1
-7291 -1
-46107 -2
-29021 1
46177 1
-76343 -1
-70038 -1
12494 -1
-21907 2
-74078 2
-2139 -2
16837 -2
-132 -1
-49276 -2
36192 -2
-87062 -2
46422 -1
17803 -1
-181 -2
32435 1
-24023 -2
44316 1
6315 1
22772 1
-60885 -1
-27086 -1
-8577 -1
-16975 2
-70609 2
-83614 -2
-59267 -2
-64650 2
24414 -1
-64483 2
-85795 -1
-55052 2
40244 1
-42972 2
-27490 1
-15986 -2
-44276 2
-47212 1
-24312 1
12275 -2
28519 -2
-14839 -2
-12942 2
5796 -1
-19173 -1
-75496 2
-5567 1
4537 1
-82808 1
13990 -2
41321 2
34838 -1
-71328 -1
33293 2
-40433 -2
45306 -2
33352 1
-37779 -1
-72654 2
-14557 2
-32251 2
-7552 2
-84232 -1
-46959 -1
-98996 -1
-43911 2
17795 1
-80220 2
29994 1
-90885 -1
25470 2
24634 -1
-69339 -2
23380 2
-90807 2
49818 -1
-27005 -2
-16524 -1
-2643 -2
-81719 -1
-9298 -2
-44180 -1
-56442 -2
-65111 1
12266 1
-79860 1
-27684 1
-39969 2
9132 -2
31066 -1
-52176 -2
-71278 -2
25690 2
-82614 -1
-60439 1
41401 -1
-49471 1
32923 -1
-41483 1
-32013 -1
42281 1
13087 -2
-70751 -1
-80002 -1
-76314 2
-96290 -2
-57115 1
-34200 1
-73648 1
-51044 -2
-9711 -2
45723 -1
3048 -2
27706 -2
-14720 2
25154 -1
-86375 -1
-36316 -1
-45016 -2
-95567 -1
-34259 1
-93001 -2
-19876 1
-99197 -2
24789 -2
-3680 2
24430 1
-68543 2
-11072 -1
-20763 2
-21391 1
-70406 -2
-48951 1
21666 2
-30128 1
48476 2
35267 1
-96537 -2
-9119 -1
14770 -1
-15358 -1
-74443 2
-85360 -1
-21577 1
6182 2
-32810 1
-3818 1
13643 2
-15610 2
-47422 -2
-85064 1
-70995 2
30946 -2
-63420 2
-64547 -2
-83790 -2
-79625 -1
1251 -2
-19154 -1
5764 -1
-89098 -2
7650 -1
-34480 1
5363 -1
-92948 2
5485 1
42273 -1
-99293 -1
-68496 1
-33194 -2
-5217 -2
46983 -2
-4603 -1
8839 1
-4927 2
-99320 -1
-43269 -2
38210 2
-74690 -2
-9468 -1
-86931 -1
45432 -2
-61320 2
-87240 2
42736 -1
45136 1
-7341 1
-49801 2
35377 1
-75346 -1
-7822 -2
-85383 -1
20288 -2
-34967 1
-56925 -1
-65087 -2
-59894 2
-78811 1
29203 1
16642 2
-82344 -1
10712 2
-40385 -1
22357 2
9439 1
-59141 -2
38338 -1
-52363 -1
45727 -1
44562 -1
-42871 2
-4022 -1
17714 -1
-53858 -2
-67537 -1
711 1
-74400 -1
-11078 1
2189 -2
-54773 -2
-85735 1
-78969 1
12544 2
32978 -2
1872 -2
13255 -2
-71621 -1
34671 2
-88869 1
-14093 2
-29276 -1
-27836 -2
19257 1
46629 2
-64933 -2
-71282 -1
-31904 2
-58496 1
1552 1
-28938 -1
1202 1
20965 1
-44836 -2
-36158 -2
42240 -2
11159 -2
-17894 2
15342 -2
29839 -1
2037 -1
-96950 1
20760 2
-35157 1
-85731 -1
-72493 -2
28492 -2
26219 1
22287 2
-68826 -1
-8774 -1
-45267 2
30526 2
-86070 -2
-75768 -1
-91312 2
-75789 -1
44824 -1
-3273 -2
-17973 -2
-58754 -1
-90131 1
-63992 -1
-39617 2
44613 2
-53172 2
-13397 -2
48917 1
-3103 -2
-77254 1
-4706 1
-19976 1
-49653 -1
-69718 -2
-62254 -2
-23265 1
20649 2
-85614 2
31645 2
39441 2
18476 1
42926 -2
-39428 -1
22753 -2
-25356 1
-54012 -2
42828 2
-59911 2
-17539 2
-69277 -1
12696 1
-68517 1
42387 2
23328 -2
-7380 1
14702 -1
25501 1
-77859 1
35301 -2
-61495 -1
-70095 2
43884 -1
-53897 -1
12807 2
9515 2
-46675 2
-30242 2
7547 -1
23439 -1
5929 2
-72816 -1
-66464 2
29799 -2
31141 -1
39980 -1
-77190 -2
-59571 2
-12204 1
-14723 -2
43211 1
-51363 2
-88627 -2
-37864 2
-86176 1
24941 -2
-41038 -2
-37663 -2
8549 2
-31990 -2
-56544 -2
46560 -1
-68906 -1
-81263 -2
-75581 1
-19046 -1
46117 2
32246 2
-41071 2
42002 -1
22590 2
16310 -2
-80628 1
34084 -1
40396 -2
-33987 1
-28238 -2
-41605 -2
45447 -1
19762 -1
-63022 -2
48217 1
-19343 1
438 1
42928 -2
-41203 -1
-80283 -2
46762 2
-96636 2
24573 -1
12547 2
19499 2
-44279 2
-54931 1
12068 -2
49296 -1
-11234 2
-32037 -1
33435 -2
-68410 1
-42141 -2
-22820 2
23442 2
10531 1
-46688 1
-43033 2
-65331 -1
-86132 -2
21352 -1
4653 -2
-94869 -1
1010 1
3096 -2
-97462 -2
-5902 -1
-76874 -1
-71715 1
-25515 -1
23075 -2
34526 -1
23556 -1
-7994 -2
-42751 1
-37613 2
-93175 -1
-66952 -1
-52116 -2
-8302 1
-48757 1
-61448 2
-83349 2
2502 2
-94404 -1
-45108 1
-21284 -2
-76392 2
-80692 2
-84438 -2
-34603 2
-65392 -1
-76603 1
34949 2
6843 -1
-7098 -1
-74332 -1
35393 2
-25304 2
-66460 2
-97997 1
-45657 -2
-15593 2
-78200 1
14934 2
28754 -2
-92244 -2
-91002 2
-67288 1
6719 -2
-11342 -2
34834 -1
-968 -2
-50843 1
49760 1
-53649 1
25023 2
15871 -2
-46541 2
-37645 2
-78681 2
-35172 2
-27531 -2
-38182 1
-85794 2
-77256 2
15495 -1
-40905 2
-90675 2
-94381 -2
44364 -1
-40816 2
43773 -2
22268 1
-32800 -2
-93131 -2
-66724 1
-45751 2
39358 -1
-16377 -1
-54645 2
-43431 -1
-15926 -2
-23093 1
-90201 2
-78206 1
-74020 -2
26684 1
-11080 2
10386 -1
8210 1
-47645 -2
-31944 2
-80225 1
8222 -2
-44443 1
20721 1
-57614 -1
21964 1
8206 2
-437 2
-80824 2
-9626 -1
-4845 2
-91895 2
-37681 2
-18280 2
-12450 1
-27769 1
30254 2
-46378 -2
42204 2
-82276 1
-87493 2
-86257 2
6668 2
-72377 1
-2097 -1
917 2
-79560 1
-39862 -1
3547 1
13310 2
-47944 2
-10402 -2
-63443 -1
24845 2
20736 -2
-19510 -2
-82992 -1
-70277 2
-16509 1
-45906 2
39485 -2
-3224 2
-11977 -2
3398 2
6095 2
10714 1
-25964 1
24234 2
-68386 -2
-60985 -2
18916 2
25031 2
-51943 1
-59724 1
-83385 2
-82311 2
-88300 -2
-6153 1
-56801 2
-18657 -1
-87083 1
-71515 -1
-51649 1
-74198 2
8792 2
35235 -2
45372 2
-62144 2
48482 -1
-50996 2
-69400 1
-88409 -2
48089 -1
-89590 2
-28324 -2
29423 -1
7177 1
35709 -2
-93355 -2
-72194 -1
-2703 -1
-84776 -1
115 2
-73336 -2
-54715 -2
8967 -2
-29829 1
-4275 2
-33714 1
-52730 1
26216 1
-97502 -1
11879 -1
-60301 2
45397 2
13866 1
-31756 -2
-89854 -2
-68644 2
-68465 2
-56446 1
22911 2
13000 2
-32960 1
35740 -1
-64466 2
-94657 1
4860 -2
34106 2
-5421 1
-32364 2
-60048 -2
10840 -2
38789 -1
-12283 -2
-69527 -1
35806 2
-19535 1
-83690 -2
-26468 -2
-87074 -2
-31959 2
-88180 -2
33093 1
-88928 1
-71211 1
17413 1
-87552 2
37337 2
17314 1
-23715 -1
-73376 -1
-97539 1
-67534 -2
22125 -2
-92118 1
-87653 1
-783 -2
40400 1
-1035 1
22976 -2
30283 1
-29127 -1
-33120 2
-39323 2
17501 1
-68778 -1
22681 -2
10701 -2
47857 -1
27433 -1
-32305 2
-87956 1
28086 -1
26700 2
-70352 -1
-25347 -1
-26325 -1
1493 -2
-38236 -2
-16760 2
9175 2
-49891 -1
-32366 -1
-13570 2
9955 2
-11689 2
-17230 2
-38701 -1
-70612 2
19409 1
42105 -2
38462 2
-24665 -2
-70196 -1
-13705 1
-89199 1
-39195 -1
-74171 -1
31546 -1
-8995 -2
-99805 2
-7927 -1
-10627 1
27196 2
21813 2
-45209 -1
-5200 -2
14685 2
42547 2
-79103 -2
-69054 -2
-523 1
11169 2
-70477 2
-61998 2
30341 -2
-87467 -1
-21677 -1
-67897 1
-57900 -2
43636 -2
-93562 -2
-29018 1
-53921 -1
-17009 -2
-70053 -1
-98240 -2
6262 -2
-23317 -2
-30212 1
37601 2
4329 -2
-11886 1
-57327 2
-39160 1
-44212 2
-10256 2
20846 -2
-67226 2
-8126 1
12525 -1
-55967 -1
-93928 2
-75693 2
-38650 1
-15002 2
-17680 -1
-19042 -1
31923 2
19298 -1
-61704 -2
-58573 -1
-3438 2
-890 1
12917 -2
-91547 1
-17037 -1
-41199 2
-4643 2
-28017 2
-93982 -1
-29239 -2
-43521 2
-91516 2
36639 2
22083 1
-35428 -2
-70178 2
28633 -1
-75516 1
22130 1
2287 2
24366 1
-73271 1
-21824 1
-37652 1
-30427 2
-12157 -1
-23352 -1
-69792 -2
32001 -1
-54108 -1
-86775 -1
26384 -2
-34843 1
44990 1
-19466 -2
-61015 2
19736 1
-68456 1
-45056 1
-95541 -1
22431 -2
-91996 -2
-43089 1
-30061 -1
43297 -1
-98939 2
-29730 1
48589 -2
4122 -1
-71152 -2
344 2
-10606 -2
43218 -2
-34089 -2
-14083 1
-9894 -2
5990 1
-49280 2
-38081 -1
-57493 2
8243 1
-98479 -2
27279 -2
45157 2
12303 2
30124 -1
39148 -2
8416 2
41139 -2
-9238 2
-72062 -1
4633 -2
-59162 1
-77173 1
28974 -2
19011 1
-37863 -1
-67379 1
43067 1
27045 2
12489 1
36958 1
-85787 -2
-47966 2
-47307 -1
-52756 -1
-96059 -1
25828 2
-1954 2
16579 2
35380 -1
-81095 -1
-92679 -2
48781 -2
-7703 1
-35422 -1
-85284 -1
-502 -1
-84266 2
-44987 -2
-43896 1
-43935 2
-2837 -2
-2985 -1
49686 2
-61111 -2
-1908 -2
6987 -2
-90167 2
-33482 -2
-34434 -1
34027 -1
-52833 2
-54312 2
24587 2
-9898 2
9739 -1
17837 -1
-36483 1
-64694 -2
-59058 -2
28914 -2
23825 -2
32791 -2
29515 2
-81863 2
-50986 -2
-78972 -2
-27778 2
16042 -2
-2029 -2
-5006 1
143 2
22473 2
-93964 -2
-75468 1
-39631 -2
-72906 -2
-97800 2
13896 -1
-39016 -2
-50917 -2
20988 1
13599 -1
41505 1
-27228 -2
-10324 1
-44728 2
-73881 -2
11316 2
-23549 1
-93622 -1
-69312 -1
-80406 -2
47056 -2
-82275 -1
-82266 -2
15958 2
8942 2
-6045 1
45395 -1
-97091 -1
-53115 -1
-97618 -1
-87577 1
-46694 1
-68387 1
-10131 2
-58575 -1
-92610 2
-93444 -2
-82916 -2
14220 -2
-73949 1
-46088 -2
-70744 1
20719 -1
-96934 2
-94937 -2
6267 -1
-35728 1
-32471 2
-29202 -2
36560 1
30847 -1
-21621 -1
-15694 -1
-67100 1
-47027 -1
-38919 -1
-12491 -2
38204 1
-9033 -2
-96550 -1
-16196 1
-77916 -2
-87507 1
36583 -1
-61902 -2
-15195 1
-29639 -1
-40820 2
-64772 1
-66706 1
34951 1
-60070 -1
35192 -1
-43589 -2
23088 1
42620 1
-72643 2
-75673 -1
31096 -1
-11465 1
-49214 -1
10614 -1
46790 1
49373 -1
-24909 2
15922 -1
-20531 -2
-20516 2
14154 1
-27838 -2
-19836 -1
36159 2
4076 -2
-72450 -2
23729 -1
-21147 2
9786 -2
-96565 2
3379 1
-14488 -1
45762 -1
-25369 2
20681 1
-38354 1
-63122 1
-81769 1
-37556 -2
-95893 2
11314 1
-68917 -1
-45133 2
-582 -2
-65698 1
-376 1
-59593 -1
8459 -1
47564 -1
-34722 1
28595 2
16839 1
-13205 -2
-54130 -2
-27483 -1
29554 -1
-24967 -1
-55064 2
25639 2
-37626 -1
46372 2
-86631 -2
-83274 -2
2295 -1
44589 2
-66399 2
35445 1
-57035 2
-77814 -2
-17901 2
-94372 1
-44832 2
18264 1
-48538 -2
37080 2
2646 1
18506 1
-38372 -2
-76352 1
-39847 2
9149 -1
-2230 1
13966 1
47790 -2
-35482 -1
-90329 1
-6619 -2
-36878 1
-83267 -1
-78434 1
-17302 -1
-25375 -1
-25077 2
-88958 2
29279 1
-91407 -2
48042 1
-11950 1
-61311 1
36049 2
13211 1
25358 -2
-85728 2
-65349 -1
-97360 -1
-55428 -2
-46834 2
24440 -2
44045 1
-22030 -2
-4027 1
11175 1
-96174 -2
-13107 1
-92048 2
-14348 -1
-11780 -1
-96317 -1
-9417 -2
9004 1
-76599 -1
41909 -1
7141 2
-46549 1
9340 1
-71909 -2
-10222 -1
34736 -2
13947 -2
-63179 1
-54866 1
-67252 1
35952 -2
-36542 -1
-63905 -1
-97340 2
-16737 2
45423 2
-26453 1
3694 -1
-29444 -1
-66911 1
32630 2
-52637 -1
8996 -2
34391 2
-64419 -1
47980 1
-97931 -1
44671 2
19647 2
37892 1
24893 1
15987 1
15080 -2
-63120 -1
-79725 1
25790 -2
34153 -2
-70585 -1
-45161 -1
-42515 -2
21905 2
-69982 2
-26896 1
-49879 -1
-79449 2
-78773 1
-75769 2
-35071 -2
-4159 1
5228 2
-77759 -2
-75362 -2
-89897 1
-39205 -2
1510 -1
-71271 2
-44445 1
-24866 -2
-67354 1
-628 -1
-64584 -2
-86920 -2
30496 2
-24502 2
-67022 -1
-69568 -1
-57192 -2
-85264 -2
14170 1
-39581 -2
-59187 -1
-78554 -2
19026 2
-94374 1
-24677 2
30838 1
-16547 2
-4225 1
-39530 1
-23544 -2
33231 2
-24783 -2
15111 -1
25920 -2
40913 -2
-16746 -2
12792 -1
7668 -2
-79909 1
-50310 -2
-81637 -1
33693 2
-61093 1
-10367 -2
-39376 -1
-67291 -1
-68924 1
19323 1
-33680 -1
-65966 1
-85797 -1
1137 -2
22089 1
7103 2
25484 -1
-35803 -1
7618 -1
-48404 -1
-30177 -2
5972 1
-46263 1
20685 2
33065 -1
36059 -2
39688 -2
-9819 -2
-7473 1
38814 -2
22635 -2
-56238 1
-98678 -1
-97295 2
36070 2
37594 -2
-80829 1
26292 1
-28296 1
-36796 -2
-59649 -1
-99705 2
45445 -1
-70510 -2
-49665 -1
49005 -1
-44676 2
12722 1
48499 -2
18465 -1
12503 -1
-108 1
43885 -2
46505 -2
-7489 2
-3900 1
-54677 1
-38596 -2
-65410 -2
33240 1
-18580 1
-17181 -1
-25956 -1
11008 -1
-57587 1
19335 -1
31037 -1
-81522 2
14506 -1
-9792 1
-37847 1
-62834 -2
-80309 -2
-89015 -2
43665 -2
29252 -2
-47583 1
-74227 -1
-8922 -1
47299 -1
-85666 2
-65895 1
-40035 -2
-33180 2
-31236 2
-32274 2
-19921 -2
-1022 2
10131 -2
1188 -2
5877 2
-53150 -1
-33012 -1
-26242 2
-22704 -2
-76153 -2
19488 -1
12284 -1
-76513 -1
5688 1
-58159 1
45292 -1
-71169 1
-64963 1
-1163 2
16600 -2
-74792 1
-79255 -2
28254 -1
-67014 -1
38701 1
46054 1
41707 1
-78026 -1
-54943 -2
-28489 1
-96735 -2
-54463 -1
-69017 1
14235 -2
-67279 -1
33405 -2
-41023 1
-42902 -2
8693 -2
22462 -1
-83851 1
-2924 2
-77738 -2
-85537 1
44668 1
-73230 -1
-62413 1
38336 1
-35657 -1
5634 2
-79669 1
-20351 -2
20462 -1
3474 1
35523 -2
19457 -1
-39327 1
-67143 1
-65156 1
-65537 1
-70492 -2
-62200 1
21241 -2
-16560 -2
-35553 1
-60224 -1
-10148 -2
17461 -2
-37360 -1
-92331 -1
-48632 1
-62113 2
32758 2
-89127 -2
13545 -1
-68605 -2
47955 1
-69365 -2
-48572 2
33494 -1
-59549 2
-66777 1
-78995 -1
-83154 -1
13587 -2
-88298 -2
-46190 1
-43905 -2
-22033 -1
-93149 -2
2336 -2
27848 2
-61892 2
-96997 -1
-17249 2
26793 -1
-23750 -2
-29707 1
-32764 -2
34038 -1
25630 -2
-86846 1
41132 2
-21524 2
-47036 2
-98388 1
-87707 -1
40626 1
30611 2
-61105 -2
-42283 -2
-76493 1
39333 2
46664 -2
-34314 1
-34145 2
-81520 -1
44318 2
-66782 1
-97712 -2
-97375 2
-61069 1
-75790 -1
-20317 2
-94547 -2
-1860 2
-97598 -2
-22179 2
36360 2
-78942 2
-82988 1
4254 2
-95865 -2
5045 -1
37438 2
-3400 1
24367 2
-66528 2
-71650 -2
-70279 2
-20586 1
31766 -1
30011 -1
-7978 1
-46020 -1
-33898 -2
-57352 1
-56449 -1
-94 -1
-83741 2
21848 -2
2518 1
-88194 -1
9126 1
-30141 -2
-53689 -2
-25809 2
49195 2
-20449 2
-28013 -2
-53930 -1
45621 -1
19657 -2
19534 -2
-77632 -2
-57053 2
-39015 2
-52331 -2
26834 2
-49036 -2
-35047 -2
-28646 1
-22426 2
19378 -1
8393 1
10216 2
-1830 2
-7126 -1
-86152 1
-49607 -2
-31646 1
-97578 2
-36298 -2
34352 -1
46007 1
33924 1
32618 2
31008 -1
26455 2
38516 2
16099 -2
-61174 -2
10132 2
-35655 -2
-69650 -2
37233 -2
-39526 -2
26000 1
-11833 1
-22293 -1
-31207 -2
3716 2
-12175 -1
-90216 -1
-35918 2
-47067 -1
-35168 1
-11271 2
-45503 -2
-79660 -2
-32263 2
-30079 -2
-72175 -2
-45744 -1
13977 -2
28498 2
-59390 -1
10005 1
-10507 -2
-99543 2
-35828 2
-29313 -2
27817 -1
22587 -1
49499 2
32993 1
30468 -2
-65473 2
-42000 -1
-42926 -2
30681 2
-61083 1
14043 1
-54426 -1
17755 2
-48242 1
15826 2
-68198 -2
-34847 -2
16321 2
-13906 2
-28147 -1
6174 -1
-46582 -2
-62242 -2
2577 1
26466 1
-48254 -2
27617 1
37553 -2
-44686 2
-61373 -1
-74483 2
-55164 1
-42305 1
-68356 -2
-96832 -1
-19493 2
20777 -2
10238 2
-39414 -1
-69897 -2
35497 -1
37887 -1
30216 -2
-26885 -1
-90177 1
-43816 2
-5616 -2
-10318 2
23217 -1
-38973 1
48402 -2
-19101 -1
6708 2
-92174 2
-1858 1
-36545 1
-20338 -2
-73763 2
19994 -2
-50635 1
1555 1
12078 2
45843 1
-96233 -1
-52552 -2
30085 -2
-3128 2
-22508 1
31867 1
-31716 2
20886 2
-20294 -1
28839 -1
35269 -2
-42852 1
-31552 2
-57078 2
44147 2
4157 -1
-27323 -1
-4867 1
-63598 -2
-53855 2
-43301 -2
12374 -2
-94485 2
-59342 2
-54118 -1
-78525 2
-33265 2
-59003 -2
-95603 -1
-99752 1
-12958 -1
-79731 -2
-22987 -2
-20677 -2
-59325 -2
-76506 2
-76648 -1
-37300 -1
8801 2
26643 -2
-72948 2
-57220 2
-37068 2
-5281 1
-1480 -2
-9048 1
23224 -2
43847 1
15614 -1
-30328 1
16347 1
-476 -1
42636 -1
-67515 1
-21997 -1
22467 -1
-52784 1
24831 2
-69860 -1
3056 1
-57801 1
41501 -2
-12049 2
-94379 -2
-41379 1
-15393 -2
-38660 -1
26494 1
-71899 1
-19519 -1
-23152 2
-20984 -2
-62968 -2
3259 2
6932 -1
44223 -1
-35240 -1
-63630 1
48522 2
40017 -2
-54337 2
-48916 -1
8447 -1
21736 2
2416 1
-14637 2
-90056 -1
-90091 1
-919 -2
-54016 1
-29195 -2
-56208 1
29996 -1
11372 2
-759 1
-59135 1
-88222 -1
8580 -2
14773 2
27351 2
-25743 2
31587 -1
-79938 -2
-48998 -1
-46899 1
-67834 2
-34673 -2
-54019 2
-32850 -1
16433 1
-80844 1
-97278 2
-49684 -1
48447 1
-34756 1
-33683 2
-97984 -2
-28728 1
-50895 1
-49084 -2
45887 1
29880 2
10528 2
19977 -1
23852 1
-91282 2
-28661 1
-415 1
-13543 1
-71303 -2
-25799 -1
43241 -1
-90168 1
40754 2
-86067 1
-99355 -1
-60534 1
-96359 -1
21451 1
-79398 2
-32172 2
-25977 2
-78101 -1
-76666 -2
33874 -2
-34027 -1
-36064 1
45797 1
-13840 -1
9346 -2
-54054 -1
16212 1
-5649 -1
-29256 1
9185 2
-64878 -1
45772 2
-40634 2
48555 2
-58648 1
8798 1
-69543 -2
-53472 -1
-46173 -2
-69044 -1
-49178 -1
-69780 2
-25549 -1
35440 -1
-66391 -1
3758 -1
-20388 -1
-72346 2
-54733 2
2084 -2
-98400 -1
-58814 2
-28581 -2
4748 1
-22896 2
35047 2
-72986 -2
-91853 -2
-44555 1
-27219 -1
-71987 -2
-35784 2
46594 1
-82087 -2
15749 -1
14508 -1
-88054 2
-26741 -1
-15299 -1
-85274 -2
16022 -1
33801 -2
-17787 -1
-89212 -1
7873 1
18470 2
6176 -2
38253 1
-8946 1
12999 1
-49323 1
-72400 -1
17391 -1
8143 -1
38549 -1
12393 1
-92203 -2
-93521 -2
5979 -2
14347 -1
-39664 -1
-52799 -1
1163 -1
-73534 2
-42575 -2
37472 1
24958 2
-10782 -2
17290 -1
-28671 2
42515 -1
-42185 2
-89599 1
-5974 -1
-86951 1
-12134 -1
-8392 1
-42955 -2
27411 -1
-41502 2
-12148 1
-16669 1
32957 -1
-1972 -2
-2821 -2
-8245 -2
-71444 -1
13030 2
-20999 2
-80390 -1
-43213 -2
-5635 -2
-96846 -2
-19383 -2
36643 -1
-4666 -2
-71841 1
-55392 2
-31399 -2
-77438 2
-34839 -2
-43795 -2
-19019 2
-2337 2
-24033 -2
38209 -2
-7004 2
14931 -1
-26570 2
11657 1
-59066 1
-50136 -1
-5992 -1
-47874 1
-14683 1
28611 1
-11597 -1
16358 -2
22674 1
-46530 -1
45229 -2
-81616 -1
43128 1
-14406 -2
-54346 1
9214 -2
-13389 -1
11996 -1
-97068 -2
-10847 1
43195 2
-10030 2
-73683 -2
34516 1
36959 2
23816 -1
-35684 -2
47917 -1
-8841 -2
-78133 -1
-17697 -1
17984 -1
-62837 -1
-56275 -2
-20414 2
-72353 1
-11269 1
4343 2
13233 2
-12843 2
32607 1
-23029 2
-66253 -1
-2121 1
37483 -2
-9965 -2
-85871 -1
22325 -1
-33886 2
34538 2
-62205 -1
-67378 -1
-3561 -2
-55045 -1
4469 2
-68843 1
-1826 -1
40061 1
-66769 -1
-34535 -1
-77832 -1
-4986 1
-75536 2
-49270 1
-56480 -2
-98504 -1
-37266 -1
-5547 1
-93276 -2
31419 1
-5411 2
-68377 -2
-33019 -2
-38531 -1
-57420 2
9821 -2
-55243 -1
-15207 -2
30188 -1
-23179 1
-93931 1
13272 1
13894 -2
33270 2
5120 2
-85078 -1
-16315 2
-39412 -1
24725 -2
-89135 -1
39329 1
-55255 2
-18274 -2
-27633 2
1041 1
-35041 2
-95605 -1
-82819 -1
-18023 2
-23632 -1
-52215 -1
-70489 -2
607 2
30584 1
-86136 2
-75557 -1
28409 -1
-70933 1
-58200 2
-46406 2
-47220 -1
-56759 2
-87259 -1
-66893 -2
-36648 1
-13226 -1
38504 1
-28305 -1
-24784 1
-20158 2
-78755 2
31383 1
43605 -1
30209 2
-35391 -2
-94701 1
12616 -1
-86017 1
1974 1
9697 1
15859 -2
-44511 1
-1925 -2
-46133 1
40065 -1
42007 1
4259 -1
13902 1
5851 1
-61624 1
-20510 2
-50382 2
-26066 2
-4865 2
-82483 -1
-8354 -2
-10471 -1
-62545 2
-29905 2
-10591 2
15787 2
44477 -1
-7329 2
-34706 -1
6716 1
-92599 -1
-27630 -2
-97264 2
15551 -2
-97553 1
-12791 -1
-92889 -1
-80353 1
14361 -2
-48414 -2
-22126 1
-47752 -1
14749 2
-87335 1
12418 1
-96754 2
15139 1
23070 -2
29857 2
34720 1
-16846 -2
-91170 1
23103 -1
46896 -2
9656 -1
-62329 -2
-10379 2
-56826 1
-84950 -1
26784 -2
-42823 2
-90161 -2
2252 -2
44440 -2
23357 -1
44100 1
34433 1
-89153 1
-50003 -1
33213 2
36670 1
-80617 2
-77484 -2
-14942 1
33124 2
-74831 1
30791 -2
9616 2
-79240 -2
-30260 2
12699 2
-84557 1
-98095 2
-61984 1
44643 -2
-79817 -1
-81903 -2
-1462 1
7039 1
-75253 1
35972 2
12332 -1
-36218 -2
380 -1
-94857 1
39189 2
-74181 -1
14987 -1
-23382 2
49870 2
-82212 1
-83565 -1
-49154 -1
-60818 1
39961 -2
-1242 1
-22160 -1
14682 -2
-27978 2
-65060 -1
-49725 1
-62220 2
16847 1
-45049 -2
-56678 1
-12975 -1
-88085 -2
-58407 -2
-25299 2
49591 2
-10907 -1
-14386 -1
22647 -2
-99597 1
-15640 1
17915 -1
-38848 1
-44509 -1
-67258 2
-83584 2
-57910 1
-3465 -1
4031 -1
16258 2
-77446 2
-20087 -1
27690 -2
-6739 -2
30408 -1
26524 -2
-95006 2
-38893 2
1257 2
-41830 -1
-78209 -2
29396 -2
16504 -2
40498 2
-99970 -2
-52156 1
24654 2
-62599 -2
-63026 2
47494 2
37331 2
47786 2
-21478 1
38744 1
-2466 2
-33309 2
-19210 1
24930 1
-35654 2
-48620 -1
-24541 -1
7265 -1
-5746 -2
-30326 2
-91334 -1
-79269 -1
12272 1
-63745 -2
-73267 -2
-2803 -2
-21480 -1
22001 -1
-42034 1
-87219 -1
-47650 -1
24611 1
8115 1
-26357 1
-8447 -2
-39503 -1
-69077 -1
-10607 2
-32770 -2
-56266 2
-64045 -2
-57230 -1
-20404 -2
-98170 2
16318 -2
-74066 -2
-75418 -2
-18640 -1
-61322 1
-96613 1
-35889 1
-24702 2
4381 2
-74104 -1
-94307 1
-45694 2
-61538 2
32182 -1
-71470 -1
-64776 2
31051 -2
3239 1
9070 2
49617 -1
-6035 -2
-1160 -2
-91229 -1
-83913 2
-68136 -1
-64417 1
-11522 -2
21136 1
18040 -1
-41980 1
-24074 1
-97480 -2
-37688 2
-75234 -1
-54959 -1
1388 1
-99276 1
31605 -2
-95198 -2
-1544 -2
12156 2
8859 2
29437 -1
-60566 1
28521 -2
-69890 -1
-53651 1
-38222 2
22982 -1
-64618 -1
-80351 2
-88003 1
-78533 -1
-70439 2
-41027 -1
1173 2
40474 1
-67613 -1
-59327 -2
-21176 -2
-61114 -2
-1730 2
-99376 -2
-93253 2
-19612 -1
-78828 2
22104 -1
-2765 -2
-41230 1
32416 -2
-43929 1
-33363 1
17087 -1
36681 1
-13051 -1
27294 1
11991 -2
24447 1
-93169 -2
-13782 1
-75715 2
-93333 -2
-86657 1
30745 -1
-77486 -1
-25004 -1
-12005 -2
-70814 -1
-22646 -1
-94831 1
-95323 -2
47730 -1
-10094 -1
7576 -2
-59114 2
-7930 1
-21329 -2
-58714 -2
-74366 -1
-49208 -2
25754 2
-64143 2
-77232 2
-3159 -2
-7178 -1
-5147 1
10520 -2
-41764 1
-4206 1
39745 -2
-89 2
-16223 1
37141 2
-63645 2
-52420 2
-24804 2
-56346 2
-39669 2
-55182 1
-72365 -1
-28286 1
-75623 2
-34400 1
33960 1
39379 -1
-26403 2
20376 -1
-22968 -2
-82682 1
-60916 -2
-60902 -2
-72090 1
-64179 -2
34833 1
15676 2
-61835 -2
-17488 2
44002 -2
-2925 2
32254 1
43816 1
-23168 -1
11940 1
-58986 -1
-75919 -2
-77434 -1
-66228 -1
-27657 -1
26339 -2
-26574 -1
-94512 2
-72555 -2
1349 -1
-39941 -2
-8487 -1
-75937 -1
-99442 -1
41537 2
42086 1
-20253 2
-69801 -1
38998 1
-9082 2
-46036 2
40841 1
-4353 -1
-33468 2
-81800 -2
-27124 1
33754 2
-54056 -1
48945 -2
-25607 -2
48027 -2
-97154 -1
-90342 -2
24172 2
-35301 1
-21403 1
-83176 -2
-2133 1
-16947 -1
44633 -1
25858 -1
47086 2
-80612 1
-92238 -2
-50176 -2
-22290 -1
-97525 -1
-52228 1
-1406 -1
13931 -1
-7153 2
668 1
-73907 -2
-83507 1
27436 -1
35284 1
-92487 -2
5586 -2
34410 -1
28735 -1
-48468 1
-57715 -2
9772 -1
-82195 -2
-28837 2
-5989 2
6490 1
44859 -2
-70742 -2
14500 2
-60172 2
43089 -1
-44542 1
37096 -2
-23525 -2
-93573 2
-34300 1
-25003 -2
-8628 -2
-35686 1
-81301 2
-27243 -2
-75849 -1
34589 2
-47697 2
-74775 1
23172 2
1819 -2
-52713 -1
28731 -2
-89466 2
40768 1
-28804 -1
40094 -1
-23625 -2
12203 1
-11908 1
5123 -2
-45778 -2
-63423 1
-37656 -1
-84265 2
-26911 2
-62719 -1
-68687 -2
24509 -2
24281 -1
-2035 2
-74692 -1
24977 -2
-69618 2
-77012 2
30985 1
34437 1
-15673 2
-32228 -2
-98919 1
-14586 -1
-62158 -1
-16583 -2
-90521 -2
25598 2
-99832 -1
-2505 2
-10652 -1
-94933 1
24708 -1
40140 -1
16342 -1
7380 2
-97286 -2
-81036 -1
28236 -2
40928 2
-57008 1
19538 1
-75995 1
26672 1
-46067 2
4885 -1
-74267 1
35123 2
40057 -2
-71367 2
34447 -2
-122 -1
-6757 2
-29681 2
-93006 -2
-48431 1
-90192 2
-56401 1
-95383 2
-18609 1
-75538 -2
-51613 -2
-77365 2
-23053 1
-59213 -2
-73296 -1
-13524 -1
47977 1
-22359 1
-83037 1
-84083 2
42615 1
-67881 -2
49272 1
-77139 -1
-51087 -2
-35870 -1
-38960 1
10222 -1
17065 -2
37078 1
-24970 -1
-41366 1
-58135 -1
36845 1
-40376 -2
23298 2
-34312 2
-69891 1
-57627 2
24148 -1
-18228 2
-37368 2
26221 1
-44181 1
-62179 2
18904 -2
14872 -2
-47343 -2
44068 1
42560 -1
9147 1
-66701 2
-97178 -1
-33503 -2
-17602 1
-57117 -1
-59704 -1
-18359 -2
14149 -2
-37011 2
-35993 -2
-16821 2
45045 -1
-22062 1
37313 2
-4209 1
-9003 -1
-9471 -1
-8065 1
38195 1
-21289 2
16869 2
-48543 -2
-79863 -1
-41331 1
-40610 2
26810 -2
-75015 1
-58833 -2
-73719 -2
-43632 1
40472 2
23244 -1
-58184 -2
40109 -1
-23720 -1
-49821 -2
18991 -1
-83511 -2
4178 -1
-73578 -1
-39130 -1
-75457 -1
-28245 2
47782 2
-38534 -2
18215 1
-89355 -1
-64574 1
-86626 -1
-95379 2
-89894 1
-59836 2
-32089 -2
-60194 -2
-52427 -2
-75527 2
48923 1
-18051 1
47024 2
31897 2
-80289 1
-8189 2
-41970 2
-83720 2
23905 1
-64452 -1
-49945 -1
14600 -1
-55450 -1
-553 -1
-13488 -2
-59038 2
33454 1
43393 1
-83595 2
-35465 -2
48883 1
-34677 2
-50467 -2
35698 -2
-71313 2
-23891 -2
-76622 -1
-30497 -1
-7101 1
-66616 -2
-91765 -1
-91141 -1
-1889 1
-14535 -2
-6059 -1
-31409 2
33129 1
-49050 1
-34880 2
-54608 1
-94053 1
22005 -1
-65533 2
-92906 -1
1464 -1
-49560 -2
-24558 -2
684 2
5009 -2
-84784 -2
-75739 -2
-7210 -1
14153 2
-86984 2
-1488 -1
36707 2
-98713 2
-37275 2
42943 2
-5539 2
-89010 1
31321 -1
-46344 2
-1882 -2
-57031 2
19115 -2
10111 -2
23614 -2
15743 -1
-47990 2
47506 -2
27307 -1
-13984 -1
24191 -1
-38951 2
-56655 1
-25785 -1
-73630 -1
45207 2
47671 -1
-69565 -1
-9210 1
33689 2
80 2
-28243 -2
-61928 -2
-93831 1
406 1
23581 -1
-36058 -1
-85972 -2
-9126 2
-59595 1
18698 -2
-57850 -1
-20632 -1
-37651 2
-20812 1
-99951 1
-90041 1
-64856 -2
-77377 -1
39741 -1
47642 2
1065 -2
38018 1
-32335 1
19244 -2
-63050 1
33327 -2
-8740 1
-51383 -1
-4439 1
-95225 -2
-53462 1
-99502 -1
-4587 -1
-7276 1
45028 2
-91767 -1
18881 2
-71829 1
-33492 -2
-17597 -2
45776 -1
-65382 -1
-78404 -1
47281 -2
-58483 -2
31870 -2
-10100 1
-10120 -2
-84923 -1
-93281 -2
-35554 2
40192 2
-56439 -1
-55787 1
-47710 -1
19510 2
-25458 -2
1969 2
35665 -1
15751 -1
-6824 1
-24931 -1
-69959 -2
17089 -1
19191 -2
-73890 2
-41207 -2
912 -2
-95738 -1
-1333 -1
27578 -2
-47760 2
-79832 -1
14952 1
19513 1
45644 2
-55442 2
15526 1
-69978 -2
-42155 2
34495 -2
-21470 -1
-45748 2
35570 2
-78239 2
-64762 -1
-81515 1
-78581 2
38852 -1
-53027 -2
-79109 2
-61167 2
34718 2
-76976 1
-53368 -1
-8017 2
-86186 1
-9619 -2
-29288 1
-53663 2
-83987 2
38347 1
-13887 1
-18197 -2
-39584 -1
621 -1
-59444 2
-27818 -1
-73613 -2
-21006 1
-20072 1
-85739 1
-14769 -1
-25630 1
29117 -2
-15984 -2
-1552 2
-39912 -1
17647 2
-18089 1
17291 1
-19430 -2
-70451 -2
-65890 -1
17133 1
-5371 1
-62486 2
-35628 2
-66730 -2
-20156 1
43602 -2
-97940 1
-22923 1
-2762 1
46351 2
-35720 -2
-80517 -2
-23607 2
27422 1
33616 -2
982 1
13109 2
-49218 2
-50230 1
41129 1
44079 1
-62037 2
6189 1
36961 -2
-74973 1
44086 -1
-52538 2
-12887 -2
-57557 -2
-97202 -2
-75627 1
-64444 1
20158 2
-26162 -2
-28608 2
-67804 1
-62960 -2
-34571 2
46586 -1
-43506 2
-82649 -1
5617 -2
11633 1
48845 2
-33690 -1
14074 -1
-83333 1
-86202 -1
32644 -2
20597 -2
-24148 2
-6886 2
8473 1
-90639 -2
-13896 -2
-64816 -1
-82726 -1
-20146 1
48535 -1
-57741 -1
-3664 2
-98895 2
-88787 1
-15188 2
5686 -1
-76539 -1
-99287 -2
17674 -2
-2662 1
-51718 2
36941 -2
-96824 -2
-3978 -2
-28255 -2
-27120 -2
44773 -2
-7652 1
-64018 -1
-61626 1
-34644 1
6640 2
-93345 -1
-3265 -1
-24404 2
6819 2
-51118 -1
-75034 1
-27189 -1
-43264 1
-38979 2
-24059 -1
-41890 -1
-50539 2
-55632 2
35921 1
18254 2
-23909 1
-13708 2
-61517 2
-82728 2
-78485 -2
-46908 2
-24874 1
39241 -2
-27498 -2
36964 2
48317 -2
-84245 -1
-13030 -1
-55577 -1
-66845 1
-33491 1
2351 2
-73053 -1
-23312 -1
9720 2
-13108 1
-75389 1
-8289 2
45756 -1
2662 2
-81518 -1
23756 2
-28558 1
-74687 -1
44653 1
23073 1
-40674 -2
16962 -1
17442 1
-6066 -2
39087 2
-77774 1
-13136 -2
-46814 -1
-66421 1
-54065 2
42037 -1
-46539 -2
-22240 -2
-91322 1
-31509 -2
-43530 2
-94614 -1
-44269 -2
-53713 -2
-90572 -1
33010 1
39990 -1
-1408 2
29094 2
-9404 -1
-10741 -2
27448 -1
-67439 -2
-94964 -1
26447 -1
33310 2
-47843 2
-91004 1
-60058 -1
-57024 -2
-54429 -2
-4247 -2
41801 -2
30232 1
42482 1
-54414 -1
23772 1
-30534 -2
-43985 -1
33823 2
32017 -2
19818 -1
-49255 2
27387 1
-97823 1
48120 -1
29917 -1
-80157 1
-60619 1
-76130 2
-33827 -1
20782 2
-64320 -1
-52447 -1
-46837 1
-25686 1
-32458 1
45204 1
-1769 -2
-18132 -2
18111 1
-28639 2
43419 -2
-71745 -2
493 -1
26599 2
-62393 -2
913 -1
47130 2
33112 2
7314 1
-43850 2
3500 -2
25817 2
-64448 -2
-77404 1
-18848 -1
-68265 2
-39066 -1
-73889 -2
-11760 1
-12387 -2
-81550 -1
-33451 -2
12291 -2
-48372 -2
-48442 -1
-94536 -2
-91451 2
34732 1
-98891 2
-27875 1
-4232 2
-39088 -2
-33410 1
-53518 -1
13381 -2
19745 2
-42149 1
-598 -2
-4855 2
14033 1
28115 2
-98022 1
-20994 -2
15489 1
-93024 1
3257 1
-83497 -2
21151 -1
-92060 -2
-13650 -1
-23647 -2
-79082 -2
-53720 -2
-90666 2
6669 -1
32474 1
-45561 -2
16744 -1
-79501 -2
43793 -1
-65855 2
-51312 2
44120 2
-40901 -1
-86113 1
-89591 1
48989 -1
8727 2
-93745 -2
-82835 -2
-73293 -2
-38360 1
12629 2
-62098 1
-71277 2
-9469 -1
37149 -2
-426 1
-72597 2
-58826 1
24462 -1
-92137 1
-36993 2
-2279 -1
21738 -2
36837 -1
22971 -1
-84129 -1
-76654 2
34842 -2
-16386 -2
-20802 1
-50919 -1
-66156 2
42065 2
-81465 2
47763 -2
-9223 1
36897 2
-13513 1
-85094 -1
-29888 2
-625 -1
-84552 2
-23956 2
-96809 1
-38087 -1
42745 1
10159 -2
14189 1
37803 -2
-26499 1
-12670 1
-48363 1
-59841 1
24551 -1
43149 -2
-97620 2
-11869 1
-81632 1
-90213 1
-2677 1
-77475 -1
-8007 2
-12934 -2
-57727 1
-70360 -2
-32368 -1
-41065 -1
23964 -2
-98248 -2
-21526 1
-80049 -2
-47829 2
-73500 -2
-16198 -2
26743 1
-45861 -1
-41569 1
26345 -1
-21041 2
-71609 1
-49098 -2
-4758 -2
-72714 -1
37772 1
28863 -2
-72088 2
-95018 1
-58735 2
-1476 2
-86689 1
368 2
958 -1
-74322 1
-5066 -2
25157 -1
-30892 2
-14577 2
2437 -1
34492 -2
-36448 2
-91246 -1
-35037 -1
-90772 -2
-19578 1
39729 2
29040 -2
-82428 -2
-35538 -2
-2090 -2
-23289 -1
-5677 1
-59646 -1
36846 -2
-34386 2
22614 1
-73900 2
-75868 -1
-14748 -1
36663 -1
-76355 2
8600 -2
-55754 -1
6950 1
15180 -2
-8718 -1
-92054 2
-79313 2
19681 -1
38487 -1
19893 -1
3744 1
-85805 2
-61136 -1
1290 -1
-99034 -2
-75102 -1
-71156 -1
-10482 -1
-81850 1
48965 -1
33096 1
37522 -1
42335 1
2816 -2
-84213 2
-46046 2
-40154 -2
-79805 -2
22378 -1
-1012 -2
-96663 -1
40840 -2
-47449 -2
9115 1
-10480 -2
-94476 2
-48214 1
-84329 -2
-54276 -1
12793 -1
16596 -1
-38639 1
-76368 -2
-27068 1
16405 -1
11582 -2
-73821 -1
-94787 -1
7641 1
-9441 -1
29285 -2
45378 -2
-92890 -2
-99053 2
-56081 -2
37812 -1
-4341 -2
-24335 -2
-74494 1
-85390 -1
-90789 1
49541 1
11207 -1
-87295 1
27559 -2
-47171 -1
-74651 -2
15960 -1
-13916 -2
8664 2
-75495 2
15622 -2
30761 2
-62073 1
16690 1
-95751 2
-83400 -2
-99934 1
-65707 -1
237 2
-21190 2
-82809 2
17855 2
49472 1
-40180 2
-77508 -2
-22628 -1
48598 -1
836 1
26824 1
11183 -2
-49242 1
30517 -1
-14817 1
12306 2
-4013 2
-56184 2
349 -1
38520 -2
-55067 2
-52746 2
-19138 -1
6362 -2
19437 1
-95801 1
-83823 -2
-93503 -2
-81168 -2
4163 -1
16871 1
-72907 -2
-29455 1
-25030 -2
18258 -1
-28878 -2
-6061 1
-9803 -2
-24536 -1
-36392 -2
-1412 -2
-41510 -2
-4982 -1
-36660 -2
-12079 1
8304 -1
-507 1
-89110 -1
-66317 1
-96072 2
-51636 -2
42776 -1
-55699 1
-91750 2
-83284 2
17707 2
-49252 -1
5468 1
-90468 -2
25308 2
-51242 -2
9788 2
29235 -2
-81045 2
-85575 1
-89597 2
-48149 1
-60124 1
-46832 -2
7029 -2
-17415 -2
-57470 2
-11605 2
36250 -2
-27117 -2
-6796 -2
29308 -2
-22717 -1
-61146 1
-86612 2
-12625 -1
-22497 -1
-69728 1
22047 2
-39881 2
-93041 1
-31991 -1
-72645 -1
-45908 1
43776 2
-10133 -1
-70032 1
29945 -2
-82300 1
-32092 -2
-91700 -2
13452 1
-67774 2
37110 -2
-13636 -1
-92817 2
-5659 1
-78711 2
-69469 2
49320 -1
-25958 -1
8389 2
-82982 -1
-25874 1
26210 -1
-66746 1
9114 2
-70703 -2
-1561 2
39449 -2
-3479 2
-49751 1
-22292 -1
31274 -1
-41158 -2
-130 1
-47960 2
-78889 1
-81298 1
14969 1
-51756 1
-31691 -2
-75618 -2
-75565 2
-17274 -1
-52383 -2
-9602 2
-82874 2
-17408 2
-96828 2
-26808 -2
-84626 2
-45536 -2
-57156 2
-48693 -1
-45071 2
-93413 -1
-1987 2
-58470 1
15885 -2
-74820 -1
38897 2
-81255 -2
11631 1
-17608 -2
-69670 -2
-21276 1
-4897 1
-34856 -1
15542 -1
48872 -1
-16016 -1
-13740 -1
-19496 -1
26315 1
22915 -2
-10751 -1
-22953 -1
-84282 -2
14608 -2
-27691 2
-34307 -1
-70132 2
-45417 -2
-95224 1
-77296 2
11219 -2
18200 2
-26717 -1
4138 -2
-6541 -2
-1564 2
-73825 1
-13615 -1
-13758 1
-39807 -1
38054 -2
32335 -1
-50236 -2
-36207 1
31785 1
43883 -1
5046 -1
32653 1
19578 2
-56236 -1
-28079 2
4005 -1
8504 -2
5539 1
-911 1
-14303 1
32344 2
-86437 2
-49639 -1
-10362 2
-29885 1
33605 -2
-39253 -1
-93505 1
-30830 -1
-48411 -1
16956 2
-24868 1
-92520 1
-24004 -1
-35459 2
-57204 1
-77733 2
-60411 -1
-18998 1
-65259 -1
737 2
-93527 2
-80689 -1
-54682 -1
42443 1
26285 2
15296 2
-74318 -1
32833 2
-1702 -2
-72082 1
-94949 1
-10768 2
19492 2
-41095 2
41257 -1
-22434 1
9396 2
-32032 -1
-9186 -2
32308 -2
17335 2
2967 -1
-17385 -1
5888 -2
17789 1
18458 -1
-28253 1
41449 1
-79441 2
-66428 -2
-64176 1
-7250 2
21629 -2
15405 -2
-62904 -2
-87970 2
-90917 -1
20374 2
13041 1
-96831 2
-25432 -2
3240 -1
43135 1
-35898 1
-57784 -2
-10713 -2
45214 -1
-32996 2
40034 -1
-59997 2
-84341 -1
-23836 1
18152 -2
53 2
-72887 -1
22406 2
-68247 -2
16695 -2
37560 -1
9173 -2
-17520 -2
16947 -1
-70460 2
9233 1
-22455 1
-428 2
10940 -2
-1218 -2
-9095 1
33383 2
-59504 -1
-89917 -2
20911 2
-7563 1
28848 1
1130 -2
40446 1
-53224 2
-35344 -1
-49645 1
37842 2
31039 -1
-53057 -2
-43262 2
-57334 -1
-36663 1
-83236 2
48903 1
21119 1
43785 1
26001 -1
-26121 1
-73489 -1
-15067 2
-23129 2
-81727 -2
-74460 1
42811 -1
-82624 1
-12816 -1
33951 -1
-72095 -2
29325 -1
-58925 -2
19867 -2
33795 -2
-46094 -2
-38635 -2
753 2
-49512 1
-57314 -2
-83836 1
47202 1
-41155 2
-70820 -1
-23527 1
-91400 -2
11679 -2
43162 -2
-16770 -2
-32283 -1
83 1
7528 2
-19251 1
3939 -2
-89071 -1
-31265 -2
44838 -2
19317 2
-374 1
-59230 -1
-89850 2
8330 2
32128 2
17624 -1
-57428 1
-14922 2
-57602 1
15334 -2
-60638 1
46736 1
-45817 2
2581 2
-66142 -1
-87042 2
-3838 -1
24156 1
-65687 -1
-23599 1
-47290 -1
-44821 2
33790 -1
-10248 -1
-53046 -1
-41323 -2
-89034 1
11944 -1
18812 1
-78674 -1
-85712 -2
-2729 1
-21847 -2
-573 2
1899 1
22302 -1
-54395 -1
-49167 -2
-88832 -2
-8803 -1
17648 1
4842 2
-10664 -1
-12357 -2
11243 1
-71076 1
47005 -2
-7675 1
-98406 -2
6587 1
-23747 -2
-66760 2
-70450 2
-91046 -2
18502 2
-75137 2
32345 1
-66 1
9774 -2
-71410 -2
-66055 2
-86238 -2
-35681 -2
-64322 -1
24316 -2
-76350 -1
27546 1
-11706 2
-8754 -1
11536 -1
31862 -1
-2553 1
47739 -2
-74349 2
-47447 1
-37343 -1
42529 1
-81269 2
-53036 -1
-56013 -2
-71793 2
-57097 -1
-81430 -2
38061 -2
-94970 -1
-90722 2
-29739 -1
-83202 -1
-78651 2
-84325 2
-40239 1
2692 2
15804 1
26905 2
39195 -1
20966 1
-48417 2
-83430 -1
30549 2
-21242 -1
44981 2
49748 2
-61599 -1
-86550 -1
26757 2
-94433 1
-28340 -1
49454 2
33190 -1
-72239 2
-3105 -2
-85755 -1
20534 -1
-65224 2
32647 2
-81847 -1
-90323 -2
-20953 1
-41712 2
48533 -2
-60123 -2
-59317 2
-3935 2
-90270 1
27702 2
13498 2
-27190 1
6087 1
37037 -1
-18155 -1
-64588 -1
-88425 2
-88470 -1
11818 2
-524 -1
36334 2
-22550 2
27771 1
36768 -2
23181 -2
-10442 1
-65272 2
6940 -1
-6185 -1
39618 -2
-20440 -2
31738 -2
-21833 2
-73883 1
7837 2
21059 -1
-13265 -1
-66219 2
-20914 2
-84512 2
-3897 1
-99194 2
-45515 -2
12368 -2
4732 -2
-73244 2
8455 2
13330 -1
7126 2
5157 -1
-97236 -2
49966 1
-62509 -1
-79014 1
-43504 -1
-51964 -2
-95229 1
-73499 2
23040 -1
-87982 -1
-22992 2
-48974 2
-71196 1
-76011 2
8443 -2
19368 -2
24963 2
12680 -1
-97805 2
-37623 -2
-56997 2
-24569 2
34152 -1
-82942 1
17255 1
-87334 2
2749 -2
-79453 -1
-5252 -2
-10817 -1
-68612 2
35430 -1
16285 1
-89245 -1
-49022 1
-33655 -2
39578 -1
9740 2
-96439 1
-58009 2
34714 2
-31876 1
6188 -1
-30776 -2
-33726 2
-19851 -2
8358 2
-50967 2
2260 2
29035 1
-55433 2
5625 2
24678 2
-80493 -2
-35755 2
-28508 -2
-37955 2
18213 -1
-39606 1
4233 2
-87974 -2
-69055 -2
-20872 -1
5326 -1
-28181 2
-88792 2
22433 -2
-32216 1
34425 2
-66175 2
-17870 -2
-72950 2
34170 1
10870 1
-3446 -2
-80408 1
-86055 -2
4763 -1
-66109 -2
-35924 1
7847 -2
-83239 -2
28213 -2
-25152 -2
32686 2
7653 -2
-95975 -1
-48288 1
15197 2
-17257 -1
34800 1
9516 -2
4610 -2
-53120 1
35270 -1
-38066 2
-79096 -1
4697 1
9892 -1
-85059 -1
-18461 -1
47942 2
-66044 1
-95750 1
-6349 2
12405 2
-72432 -1
-52889 2
3262 1
-67857 -1
-36139 -2
-31083 -1
-72604 2
-3780 1
-55108 -2
-91934 -2
32643 -1
-78446 -1
35640 1
49237 1
-76006 -2
-49912 -1
-62594 1
-3532 1
-11794 1
-89460 -1
21299 1
4722 1
37883 -1
-56768 1
-21662 2
-21293 1
46345 2
-60010 -2
9991 2
-74860 -1
27534 -1
1039 -1
12565 -1
32359 -2
-41252 -2
17318 2
-69233 2
47490 -1
-43335 2
-38524 -1
-58920 2
-89530 2
6342 -2
42750 -2
20751 1
-36308 -2
36111 1
-83582 2
11165 -1
-5214 2
18792 -2
-36253 -1
-3202 1
17841 2
49392 2
-44816 2
-91272 -2
-7067 -1
15889 -1
30161 1
-38068 2
16873 -2
39937 2
-14268 2
-94965 -2
-16781 -1
-5507 -1
-87266 1
-13452 -1
-73716 -1
35125 1
-76876 -2
-49530 -1
-8560 -1
-33219 2
-74749 2
-75973 1
-71288 -2
30882 2
-5193 -1
-60702 -1
15162 -1
-60285 1
-89115 -1
-48686 -2
-70673 -2
-50928 -2
-68527 -2
13692 1
36838 2
-77057 1
-47894 2
37379 1
31232 -1
5177 1
-11787 -2
37427 -1
-85163 1
-52559 -1
-91404 -1
-7186 -1
-97354 -2
-87023 2
42924 2
-94110 1
-16482 -2
-2935 -1
-23154 -2
4235 2
-85042 -2
-66543 1
-99654 -2
-69154 2
-58889 -2
-35688 -2
-22582 1
7326 2
43463 1
-21481 -2
-43218 2
25657 1
-26798 -2
21412 1
-16702 2
-22810 -2
24594 -2
-14000 -1
39750 1
30301 -1
9631 2
-19172 1
-1727 -1
23639 -1
-18854 2
-94957 -1
-5372 -1
20667 1
28102 2
-71766 -1
19591 -1
-86749 1
-16312 -2
39598 -1
15253 -2
32299 -2
-43424 -2
-49967 1
27635 1
39798 2
-25577 2
-21945 -2
37433 2
-17449 -2
-83653 -1
-48367 -2
-77031 1
-51915 1
-31676 -2
43431 -2
46137 1
-4995 1
-24325 1
-59994 -1
-3472 -2
-75943 2
-90093 1
-85853 -2
27718 1
23786 2
-15562 1
-83654 -1
-31624 -2
-76204 -1
-70767 2
48625 1
-25600 2
-79561 -2
-720 -2
13375 2
14114 -1
-30919 -2
-76541 2
-17445 1
-66798 1
13444 -1
31258 -1
-75145 -1
19416 1
-41900 -2
41673 -1
-26421 -1
-74796 -1
-2883 -1
14822 2
8971 -1
16489 2
-94170 -2
-83421 -1
-19957 2
46820 -1
-78592 2
-86050 -2
20352 1
-4802 1
-84332 -2
-24567 -2
-84367 -1
-88907 1
-11332 1
-34961 -2
-8573 2
44687 1
-45680 -1
20210 2
-8443 2
3070 1
-23642 -2
22182 -1
-6604 2
8374 -2
-47611 -2
-32664 -1
-99078 2
-42465 -1
29898 -2
-97408 1
2097 2
14918 2
-69026 -1
-64958 1
-12611 2
-24889 2
-3175 2
-94288 -2
17511 2
-31144 -2
-60745 2
-18173 1
-45030 1
3050 2
20800 2
-42875 2
16311 -2
-11467 2
11380 -2
-79502 1
-80481 -1
1176 -1
-22256 -2
39475 2
3166 2
-86770 -2
-15237 -1
-8299 1
-20584 -2
44923 1
3504 2
-57824 2
-76636 -1
-64748 -1
14519 -2
-1886 2
-13738 -1
-17819 2
-36559 -2
12705 1
23705 -1
1519 -1
32169 -1
10353 1
-15661 1
-27400 1
-4109 1
-47953 -1
34139 1
31839 2
13435 -1
-99386 -1
12440 -1
-77941 -1
-26249 -2
4899 -2
12415 1
-68848 1
-8516 1
-72913 1
-1672 1
18848 -1
-70778 2
44396 -2
-17355 -2
-56157 -2
-9771 1
-65716 2
24861 1
-2209 -1
-30479 -2
-22565 -1
40224 -1
-14353 -2
36371 -2
-11337 2
-30733 1
-10276 -2
1326 1
-27887 1
-91472 -1
14095 1
-49366 1
-82055 1
-56915 2
6230 -1
-84149 -1
49309 -2
-29968 1
-94988 -2
-32511 -1
-94798 -2
17938 -2
38339 -2
-46654 2
-504 2
-98534 1
11638 2
-79514 2
-16083 -1
-53887 -2
-96163 -2
-62058 -2
23764 -2
-46815 2
-81318 -1
-62163 1
-13445 -2
32622 -2
-83706 2
20266 2
-27449 -2
-93664 -2
-31793 2
-74230 1
-7260 -2
-21220 1
-66099 1
-36507 -1
25266 1
-63343 -1
-73861 2
-26664 -1
27929 -2
-47524 -2
-80947 1
-88401 -2
-90575 2
5443 -1
39674 -2
-14958 2
21640 -1
24134 -1
45742 2
-24544 2
21997 2
-172 -2
30023 -2
9964 1
-43618 2
-72835 2
-33560 2
13531 -1
-76975 -2
-90108 -2
-95705 2
6910 1
-46916 -1
-20666 -1
6080 -2
16446 1
-22730 1
17970 1
-43832 2
-90000 1
579 2
30545 2
-85448 -2
-25061 -1
35469 1
-68755 -2
-92466 -2
-62679 2
-54963 -2
-46703 -2
-46075 -1
17993 -1
-31864 -1
37778 1
-98881 -2
3965 -1
36752 -1
14791 -2
-32874 1
-44887 -1
-45253 -2
-42056 2
-31369 2
-856 -1
-69388 2
-9140 2
-97018 -1
-21072 -2
-40280 -2
-49165 2
-81879 2
-98453 -2
-64651 -1
19748 -2
12408 1
-52041 2
-51620 -2
-70463 -2
38947 1
-55011 -1
-49513 1
-97859 -2
-36165 2
28081 -1
702 1
42439 1
-33513 1
-31140 -2
-92969 2
19524 2
-79065 2
-2726 1
-30036 -1
-29645 2
-32781 1
17978 2
14292 -2
-99556 1
-17942 -1
-64814 2
42866 -1
-31379 2
-17995 2
26336 2
45186 -1
-87389 -2
-96654 2
-7444 1
-54922 2
-92198 -1
-22296 -1
-82172 -2
4768 1
46714 2
15492 1
21822 -1
-29461 -2
-62173 2
-31350 -1
-44173 -2
31725 -2
-36044 -2
-35994 2
-55176 1
6494 2
-79503 1
-60632 1
-61017 -2
28423 1
6634 -2
-88867 -1
-68310 1
-11687 1
-97514 1
-62939 2
10872 2
-89656 2
-49737 -2
-3750 -1
-50441 -1
-73282 2
-92859 2
-63257 1
19656 -1
-9540 -2
37981 1
-22074 -1
9252 -2
-30144 2
-36481 2
9559 2
-84770 -2
41542 -1
8516 2
-11612 -2
-3671 2
-23816 2
19988 -1
17950 1
-58299 -2
-27927 1
-6637 1
5746 -1
39427 -1
38596 -1
13859 -2
-8214 2
-23580 -2
46289 2
17485 2
-44521 -1
-48073 2
4532 1
-73645 -1
35716 -1
-81091 2
47248 -2
-45168 -1
39123 -1
11023 2
-85701 1
40250 2
25726 2
-53440 2
-28247 -1
16958 -2
-9184 1
15908 -1
-5816 -2
-48825 2
39932 -1
-35880 -2
-51320 -1
-12443 -1
-62323 2
-15956 1
35582 -2
-41921 2
-7711 -2
-71000 -1
1345 2
-35819 -1
-11444 1
-21886 1
47081 2
-32124 -2
-96380 -2
5189 1
-30152 1
-11905 1
-84778 2
41346 -1
-57755 -2
5646 -2
-40839 -1
-34815 1
38590 1
-66184 -1
-84401 2
-69038 -1
-64662 -1
-62826 -2
21752 -2
9650 -1
-7710 1
5590 1
-86504 1
-1370 2
35227 1
948 -1
-44500 -2
-26122 -2
-1868 -2
-9301 -1
23659 -2
2157 -1
-58366 -2
10374 -2
-76425 2
-53123 -2
8796 1
5995 1
-94217 1
-46428 -1
-80876 -2
-54643 1
-99759 1
-12592 1
-85676 2
-84687 1
-47680 -2
-74270 2
-65989 2
-23433 1
-87501 1
-64038 1
-19959 2
-1767 -1
-291 -2
-70552 1
-73206 1
-93845 -1
-45439 -2
-90114 -1
-2694 1
738 1
-7112 -2
7526 -1
18766 -2
-8192 -1
-4862 -1
-11123 2
-89107 2
-15149 1
-39489 2
28777 -2
870 1
-42054 1
-45703 1
-79913 -1
-88944 2
40620 -2
-87437 1
-26299 1
863 2
90 1
-92116 2
-24477 2
26249 -1
23995 1
29004 -2
-53204 2
-11873 2
-28114 -1
11694 -2
-3786 2
-20805 -2
-9423 1
-80129 2
-58236 1
-7265 1
-5096 -2
37617 -1
-73133 -2
44094 2
-8944 2
32987 2
-50921 -1
30263 2
43835 -1
-53097 -2
4252 1
-63186 -2
-3261 2
47973 -2
-38253 -2
-84815 2
503 -2
-5057 -1
-5934 1
-59642 2
-83713 -1
-53067 -2
-57407 2
12273 2
14711 2
20320 1
-56228 2
25473 2
-56147 1
-14960 2
-46602 -1
14375 -2
-56835 -1
34626 -1
18338 -1
-71385 2
-45622 -1
43976 -1
-38452 -2
-72251 -2
-88922 2
-51773 -2
45316 1
-39629 -2
-42208 -2
-82305 -1
-6987 -2
-58983 1
-23643 1
-78756 1
47324 1
-53177 -1
5565 -1
43495 1
-39930 2
-34958 2
-91954 -2
-65998 2
6936 2
16418 1
-22338 -2
32268 1
-3484 -2
-10172 1
-43413 -2
15230 2
41592 2
-2509 -2
23760 2
-79886 -1
1491 -2
-13623 2
5911 1
42679 2
-88115 1
827 -2
-11094 2
-66169 -1
-83701 1
-97516 1
-60565 2
-47750 2
-19607 1
-91378 -2
-82364 1
3254 -1
2310 -2
-20362 2
-83814 1
33110 -1
-53909 -1
-87150 2
-214 1
-79012 -2
-21153 1
-29355 -1
-802 1
-21014 2
-60966 2
-15783 1
23527 -2
31751 -1
978 2
23951 -2
-22317 -2
-13181 1
-97133 -2
-14208 -1
-16107 -2
-89735 -1
-87213 2
-97957 -1
-83320 -1
33450 -2
-66673 -1
-93026 2
-72092 1
20229 1
2699 1
43478 -1
-16362 -1
-52938 1
-90273 2
45638 -1
-32250 -1
-41049 -2
-43066 -1
-76704 2
39202 -2
-86032 2
-30156 -1
-36279 -2
-31603 -1
-13813 -2
-87625 1
-44325 1
-57482 -1
13132 -1
44522 1
-28981 -1
42461 1
-46271 -1
-24302 1
-24257 -1
-5110 1
-6712 2
-13656 -2
-1452 1
-58738 1
-85378 2
-20787 -2
-50726 -1
-80501 -1
-66919 1
-78988 -2
-72115 1
9248 -1
44576 -1
-94387 -1
10104 -2
21176 -2
-74329 1
38261 1
-74419 2
-14507 2
920 -1
-51609 -2
-9774 -1
-96203 -2
33509 1
-52003 1
-94002 -2
39533 2
-20101 1
5359 1
-5885 -2
-23369 2
-52597 -1
20105 -2
17535 2
-43240 2
-26846 -2
34487 -1
-21961 -2
-27595 1
-18289 2
-19125 -2
-75286 2
33552 1
35866 1
23934 -2
-14186 2
24794 2
37436 1
-90940 -2
18159 1
-94272 -1
29284 1
-95533 1
14534 2
18961 1
22667 1
29806 -2
-42525 2
37850 -1
10270 -1
-78288 -2
13216 -2
-6832 2
-70231 -1
-88079 1
-65244 2
-3716 1
8490 -2
-25309 2
-48177 -1
-41908 1
29222 -1
-76029 -2
-85187 1
44866 -2
-42194 -2
-82186 1
-99508 1
-98741 2
-78791 -1
49223 2
-86526 -2
47328 2
19124 1
-48438 -2
-23958 1
-99632 -1
11402 -2
3399 -2
-78878 -2
43819 2
-75717 -1
-52077 -2
45068 -2
8270 1
20445 2
11907 -2
-5734 2
8544 -2
13486 -2
-95688 -2
-73196 -2
-38423 1
-96591 2
-48801 -1
-65439 1
44532 1
-13174 1
17414 -2
-21661 2
-6742 1
41179 -1
-5829 1
-60268 1
-30619 1
-34633 -1
-61713 2
-17700 -1
623 -1
-23713 -2
7505 -2
-70865 1
49057 1
-89229 -1
-24553 2
-58779 -1
-66096 -2
-34849 2
-53738 1
39962 -2
35811 -1
48371 -1
-53174 -2
-63392 1
-21333 1
-41198 -1
31780 -1
9194 -1
-95000 1
-78483 -2
-5283 -1
30918 2
38720 -1
-74613 -1
-15077 -1
-51507 2
-76690 1
-88779 1
-22551 -1
31323 2
-68076 1
-41423 -1
-83217 -2
-74333 -1
48789 -2
26960 -1
-49819 1
-34490 2
-1153 1
1836 1
-75690 -1
15309 -1
-92940 -2
-26194 1
-23887 -2
-19689 1
39801 -2
-11435 -2
-20274 1
12016 2
-39460 -2
-48877 1
34312 -1
-33633 -1
-56134 -2
-90076 -1
-64433 2
-12089 -1
-29431 2
29354 -2
17186 1
-77787 -1
-45006 -1
14921 -1
15935 2
-96440 -2
-50541 -1
-2017 -2
17341 -1
-84196 2
46248 2
-34415 1
14781 1
30997 1
-698 1
10369 2
47477 2
-93227 -2
-59993 2
-13924 2
23412 -1
6695 1
10632 -2
-97021 -2
-3247 2
36491 -2
-4147 -1
-61128 2
-28872 -1
-62494 2
-14106 -1
-11386 2
-37471 2
-29376 -2
-33843 2
-24048 -2
24104 1
-73483 -2
-62103 1
-81636 -2
-67188 1
16842 1
-63517 2
18730 -1
-50124 1
-1861 -2
1662 -2
33845 1
-2065 -1
-23185 2
-9670 1
-82888 2
-98644 1
-1968 2
-31360 2
20771 2
9926 2
-42773 2
-41864 2
-39500 1
23208 1
22045 -2
-71493 -2
39631 -2
41940 1
-16794 -2
-65433 -1
-59139 -2
21302 2
-33354 -2
25458 2
27552 -1
-81366 -2
-34822 -2
-4088 1
-71520 -2
43487 2
-27963 -2
35044 1
-66038 2
-5123 2
-22383 -1
29394 -2
-23475 -2
-94274 1
31161 -2
5477 -2
-70480 -1
-65541 2
-1372 -1
29931 -2
-58766 -2
37858 -1
-34105 -2
-9679 -2
-24245 -2
-16086 2
24390 1
-73457 -1
-37642 -2
-70752 1
-40778 -1
-48046 -1
-88153 -2
23577 -1
23920 1
34147 -2
-5067 -2
-49429 -2
45815 -1
14694 1
18593 -1
-83868 2
2906 1
-11919 -2
-50932 1
11752 2
-16963 1
10641 1
47186 -1
-42138 -2
-69864 -2
-75131 1
-31392 1
34882 -2
-25852 2
12659 2
20549 2
12667 -2
20100 1
34354 -2
37597 2
-20304 2
3020 1
-41564 1
-54002 -1
-18175 -1
41204 -2
-22778 -1
-76150 -2
-25392 1
-2561 -1
7512 -2
-12097 2
43791 -2
46982 1
-92287 -2
4018 2
-30972 1
-90898 2
38493 -2
12880 2
-10769 -1
-76600 2
43780 1
-81210 -1
43223 -2
-90577 2
-33499 1
24706 -2
-20446 2
-33509 1
-55235 2
2318 -1
-18419 2
-14603 1
34578 1
-45950 -1
33064 -2
-85253 2
11947 1
46698 2
-20442 -2
-50271 2
-55551 -1
-43705 2
-77355 -1
-87498 2
-93202 2
-74487 2
47541 1
26701 1
19619 -2
30432 1
106 -1
-42337 -1
-91459 2
-34951 -1
-16475 1
-81418 -1
-13800 2
37948 -2
33578 -1
-38044 2
-81678 -1
47952 -1
40338 -2
-36510 2
45130 2
-48440 -1
48141 2
-14613 1
-49857 2
-24727 2
-33100 -2
10348 -1
14029 2
46882 -1
-42320 -2
-58023 -2
-16325 -2
-81014 2
-64940 -2
-11310 -2
-47841 -2
31732 1
-54673 1
-43892 2
-1816 2
36454 -1
-22482 -1
-75757 -1
-11699 -1
-85738 1
14256 -1
35032 1
22879 1
42175 -1
49823 1
14242 1
-14726 -2
12845 1
-78117 -2
27445 2
-2993 -2
-18013 2
29220 1
12612 -1
21414 -2
-36000 1
-41218 1
-69390 -1
-55117 1
-45943 1
-66443 -2
-73789 2
-21227 -1
-25155 1
-5731 -1
-78640 2
-60853 1
35463 -2
41597 2
-36088 2
-90792 -2
-69305 -1
-23709 2
-61668 2
-73955 1
-99610 2
26488 1
-74381 -2
18989 2
-46600 -2
-92821 1
-37148 -1
37585 2
-2397 1
-21654 2
-20688 2
30300 -2
5657 -1
-45951 2
10350 2
29838 1
49469 1
-70520 1
-41953 -1
28904 -1
-57390 2
-91069 -2
-25940 2
-35197 2
49555 2
-65434 -1
29256 1
31678 -1
-10386 -2
-33780 -1
10184 -1
28312 -1
-59432 1
-2721 2
41645 2
21916 1
22348 -2
-51370 2
-60288 1
-64621 -2
31741 1
-46292 -2
-12445 1
40781 -1
5072 2
-26999 2
-45361 -2
-14144 1
36903 -1
-37884 1
-63448 1
2832 -1
-74551 -1
48047 -1
15771 2
-5627 -2
42116 -1
-30957 -1
16431 1
38702 1
-54282 -2
-85286 -1
-12415 -2
-17617 2
-80046 -1
-48649 2
-43777 2
-38679 -1
-84792 -2
46331 2
9579 1
-46918 -2
32367 1
-64615 -1
-66914 -1
37333 -2
-62027 -1
-93556 -1
-35716 2
-53863 2
1985 -1
-75719 -2
11997 -1
-6135 -1
-5501 1
-79238 1
-12927 2
43811 -1
1 -2
-25927 -2
-88323 2
7585 1
-45072 1
-94789 -1
2797 2
28125 2
-76613 2
-11198 2
-7243 -1
-52243 -1
26876 2
-92099 -1
49276 -2
17367 -1
-71438 -2
13470 1
6687 -2
40584 -1
33915 2
6459 -1
-86805 1
-46737 -1
39585 -1
-33365 2
-60143 1
-55258 -1
-37984 2
-68365 2
-34584 -1
23110 -2
-85992 2
4792 -1
-37749 -1
-62934 -2
-70937 -1
14944 2
-39270 1
12371 -2
-33420 2
-90862 1
-32170 2
22691 -2
-92102 1
10819 -2
-53917 2
-68683 -1
-19157 1
13844 -2
-41431 -2
-28142 2
-72776 1
-66602 -1
47001 1
-26392 -2
12117 2
-3461 1
9216 1
30935 -1
-61056 -2
16698 -1
-47457 -1
-75230 -2
-56810 -2
49345 -1
2591 1
-95253 -2
47586 2
-42723 1
29934 -2
33039 -2
-19963 1
-35349 -1
-76581 -1
-81938 -1
-22361 -2
-76855 -1
-10003 -1
-40416 -2
1562 2
-60830 2
6653 2
-45734 -1
19697 -1
-29657 1
-77406 1
-87221 1
-68734 -2
-71023 -1
18521 -2
-74970 -2
38300 2
45995 -2
-15050 2
23468 1
-60951 -1
18762 -2
-35970 -1
-97866 1
-59119 -2
-67885 1
-2010 1
-37215 1
-6369 1
-2845 2
12831 2
45972 2
-514 2
-22932 -2
-23844 -2
-83784 1
35733 1
-12892 -1
-18613 1
7790 -1
31373 -1
-97727 1
36537 1
-1230 -2
12183 -1
30242 -1
-47023 2
26018 1
1078 -1
-8838 1
-34298 -2
-36336 -2
-51173 -2
42854 -2
-29137 -2
-68431 2
20427 -2
-3548 -2
-24128 2
-84550 1
-25103 -2
10192 -2
17531 1
31705 2
-66398 2
-57007 1
-4675 2
-18381 -2
38171 1
-89052 2
-80284 -1
-56955 -1
37656 2
-76202 2
24419 -2
-75044 -1
48244 -1
34119 -1
27522 2
2818 1
-16407 1
43671 -1
-63975 -2
-2347 1
31541 2
-48099 2
20107 -1
-21149 2
43538 1
-94639 -2
-1492 -1
-4616 1
21423 -2
-27604 -2
-76448 -2
7059 1
25951 2
-58690 2
8855 -1
21036 1
-35339 -2
-56436 2
49576 -1
-72552 -2
-84230 1
36542 2
-92604 -1
24042 -2
1806 -2
31259 2
-53685 -1
-76956 2
-89285 -1
-75837 -1
-21992 -1
-38932 -1
-4934 -2
-52239 -2
-46328 1
-79786 -2
-34510 2
-58006 -1
-16935 2
22987 2
5318 -2
42308 1
-74370 -1
-12068 1
-52517 1
-65373 -2
41939 -2
11020 -2
-74806 -2
-26540 -1
-69214 -2
-52085 1
-88607 2
-44757 -2
-31171 2
-82106 -1
-39388 1
-72471 -2
9142 1
-76708 1
18026 -2
-64397 2
-54306 1
46596 2
-59949 2
-88743 -2
34159 2
-13228 2
41453 2
-53229 -2
12331 -1
5202 2
-14938 -1
3866 1
7984 -2
-78150 -1
-93909 2
-52515 -1
-37823 -1
-85298 -1
17626 -1
33424 -2
-70716 -2
-58265 -2
-30193 -2
-37406 1
-99188 -1
7544 -2
12627 -1
26070 -2
34276 1
-45596 2
-76262 1
-12126 1
-1808 -1
-63883 2
-18528 2
-54921 -2
31633 1
-66917 2
-86474 1
-9521 2
28918 -2
-87538 2
-87008 2
-15655 1
47279 -1
-78039 -2
-68304 -1
-88885 -1
-33809 -2
15599 1
8482 1
-85929 1
-31227 -2
13260 2
20559 2
6150 1
-1171 1
-38624 -2
16176 -1
-52247 -2
-15399 -2
-5333 -1
-89986 2
-25205 -2
3941 -1
-20170 -1
-41709 -2
-95590 2
21683 -1
-71762 2
-86618 1
-3162 -2
-54057 -1
3635 1
-89378 1
-43864 1
-48993 1
16074 -1
-27855 2
-27143 -2
-1960 -1
-59959 1
30371 -1
-1571 -2
-15863 -2
-43362 -2
-78254 -1
26620 -1
-77599 -2
-99329 -1
-53138 -1
16981 -2
-84736 -1
42555 -1
-19756 -2
-75815 -2
1005 1
37608 -2
-21794 -1
-5464 1
-10235 -1
581 -1
-42645 2
8129 -1
-63685 1
-35999 1
-71348 -2
-51758 2
-39520 -1
-60138 1
-22295 2
-61466 -1
-87040 -1
-64136 -1
-15272 -1
-47444 -2
25180 -1
-36243 2
-81771 -1
-53516 -1
24601 -2
-96696 -1
8458 -2
-4917 1
-11445 1
-45457 -2
-32753 -2
32984 -2
-42417 -1
-6691 -1
-88529 -1
7116 2
-45611 1
34213 -2
-39438 2
41996 -1
-87609 1
13496 -2
-27146 -1
-21331 1
-52776 -1
19738 2
48174 -2
30044 1
40197 -2
-73628 2
-6181 1
27668 -1
-8276 1
-27398 2
-99854 1
31811 -2
41765 2
-92798 -2
-7630 -2
36152 -1
24220 -2
49737 -1
-93852 1
6664 2
47049 1
-6079 1
-89750 -2
-83602 2
4823 -1
-32544 -1
-20670 -1
27585 2
-25528 2
-66364 -1
-76085 1
-41375 -1
-89932 2
25508 2
-22447 -2
-38560 1
20472 -1
-15899 2
-61427 1
-94929 2
-96221 2
-51618 -2
-37584 1
-67621 -2
-15603 2
-34352 1
-84067 2
-24984 1
-78629 2
-975 1
-84644 2
-4716 2
-6187 2
-58161 2
-52007 -2
-40525 -1
-95725 -2
-91553 1
5709 2
-36874 -1
-41144 2
-61606 1
-26291 -1
-19933 -2
-30299 -1
-89928 -2
-73355 -1
18086 -2
24239 -1
-83229 -1
-22849 -2
-47597 -1
-24409 1
-51265 -1
-22892 2
-95409 -1
-7303 1
3462 -1
37409 -1
-37395 2
-84393 1
-26285 -2
49700 -1
-93843 1
-46166 -2
-64961 -2
-37111 -1
-3663 -1
-24639 -1
1570 1
-34851 -1
16497 2
-44436 -2
-48107 -2
11064 -2
-55010 -1
-4216 -1
-56026 2
-29631 2
-31167 -2
-11616 1
39818 -2
1966 -2
19573 -2
-78546 -1
-395 -2
-3961 1
10363 2
-43078 -1
-61737 -1
-92004 -1
-1949 -2
14334 -1
-3806 2
40318 1
-26101 2
21493 1
-52694 2
-1209 -1
-77783 2
2412 -1
-111 1
14783 1
-77360 -2
-46063 2
23295 -2
22554 -1
35049 1
-53284 -1
-37189 1
-82719 -2
-17386 1
43530 -1
-88602 1
12606 2
41971 -1
-33380 -2
-93098 2
-58068 -2
-2937 1
-23313 -1
-40211 -1
-80252 -1
-81001 -2
6832 -2
34780 2
-42687 1
-43232 -1
-88902 1
-29926 1
-31725 2
16541 -1
-53564 -1
-17568 2
-55171 2
-3846 2
-2188 2
-68590 2
-93669 1
-90186 1
35797 2
-71040 1
25802 2
25769 -1
38162 -1
-13522 -1
-1054 -1
-66805 -1
-90376 -1
12897 -1
-62636 -2
27660 1
-68149 2
-8878 2
-4638 1
5074 -1
16244 2
11881 -2
-28313 -2
-89867 -1
-3656 -1
-72283 -2
44244 2
-78805 1
39634 -1
44750 -2
-60572 2
-25201 1
6731 -2
40292 -2
-84225 2
-8949 2
-47219 1
-62052 2
-61939 -2
-66164 1
-29607 2
-99202 1
38079 -1
11565 2
15081 -1
-97938 -2
43264 2
16992 2
-27411 2
-92291 1
21926 1
22991 -2
-8119 -2
-77693 -2
36297 -2
-43438 1
-33742 -2
-64544 -1
-28718 2
32995 -1
1617 -2
-85154 2
-37340 1
-96242 2
-66934 -1
25043 1
33472 -2
-64412 -2
48886 -1
-21063 -1
-98234 2
39023 -1
-89360 -1
-82194 2
37071 1
-62746 1
-68228 2
-2922 1
-77765 2
43437 -2
-25046 -2
-41078 -2
8986 -1
-88213 2
-84462 -2
39179 -2
47029 1
-65837 -2
11904 2
19557 -2
32053 -1
49974 -2
-25681 2
43575 2
-74909 2
22594 2
22744 -1
49584 -1
-41757 -2
-99739 1
-59446 1
-35403 -1
318 1
-17361 -1
-91721 -1
-40130 -1
15351 1
-18732 1
25204 -1
20319 -2
26252 2
11968 2
-2176 -2
20923 -1
-20597 1
29558 2
-1981 2
46992 1
31735 2
-59374 1
14616 -2
-22842 1
-21514 1
-92753 -1
36898 1
-97782 -1
-34552 1
-74999 1
-33950 -2
7043 -1
34596 2
-40103 1
-32731 2
26557 1
17183 -1
-85291 2
-50527 2
-70097 -1
-7218 -2
-39315 2
47146 2
-74492 -2
32260 -2
37318 2
17042 1
46449 -1
-68155 -2
-98528 -1
-32333 -2
-63703 -2
-46931 1
-91090 2
-60406 1
5466 -1
7901 2
7402 -1
-10034 -1
-40199 -1
44281 1
27094 -2
3219 -1
-29803 -1
-20203 -2
-796 2
-19126 2
42980 -1
-86833 1
-94034 -1
-86008 -1
-39822 -2
-16768 1
-74810 -1
-55363 1
-99888 1
-78460 -1
-55294 -2
-40558 -2
46376 1
-21092 1
-23964 -1
-71380 -2
-72850 1
-55917 -1
-99529 -2
46869 -1
-4960 2
-91317 1
30909 -1
-8175 2
-44818 -2
38798 -1
-11714 -1
-10348 1
-38706 -1
8343 2
-4788 -2
-84163 1
-23885 -1
-89528 2
-73240 1
-84929 2
-14377 1
-97845 -2
-5750 2
-43460 -1
-76887 -2
-62861 2
-77606 -2
47566 -1
-8994 2
-24679 -2
-11088 -1
-62286 1
8273 -2
-86502 -2
30090 1
-74805 1
31017 -2
-46869 1
-14189 -1
-11941 -1
8969 -2
-59023 -2
-87973 -1
-61372 -1
47258 -2
-33601 2
-43668 -2
-78060 -1
4079 -1
-83022 1
-85969 1
-79506 -1
-28126 -1
18323 1
30502 -1
-40491 -1
48372 -2
-96702 -2
-37020 1
-40337 -1
6871 2
46651 -2
-14445 -1
8054 -1
19961 2
-32357 -2
13503 -1
-20141 1
-1014 1
-78385 -1
-17719 -2
-93321 -2
5537 2
48525 -2
36824 1
-43380 1
-10165 2
49653 1
-2092 -1
-23691 -1
-93858 2
-55020 1
47749 2
40833 -2
26370 -1
46361 2
-44872 2
-56787 -1
1044 -1
-46131 2
-73746 2
-52000 2
-43360 -1
21955 -2
33410 -2
44230 2
813 -2
-84956 2
-81392 -2
-99518 2
-45675 -1
29716 1
30590 -1
-66315 1
-49681 1
-83734 1
32170 -2
36484 -2
42231 1
-7438 2
-28171 -2
-38013 -2
-34124 1
-67499 -2
39323 2
49289 -2
-62596 -2
-50821 2
9136 -1
45938 -2
45064 1
-70852 -1
-54686 -1
-26757 -2
-54321 2
8540 -2
-83947 1
43286 1
-46895 1
-9534 -1
-52400 -1
18953 2
-99873 -2
30070 -2
13199 -2
-74479 -1
-59200 1
-35328 2
-25294 -2
43367 2
-31663 1
25559 -2
-31572 1
-73082 -1
6134 -2
26350 1
10832 -1
48428 -1
-7564 -2
-48395 -1
-66353 -1
44723 -2
19131 -1
-60393 -2
-38091 -1
-40703 2
21551 -2
-86074 2
30936 -1
19405 -2
37805 1
-32560 -1
12736 1
-82329 -2
-32469 -2
-91182 -2
26206 -2
-76371 1
2385 2
27234 1
29498 2
-43545 -1
-93479 -1
43329 1
-41310 -1
35264 -2
-47778 -1
-63896 -1
-7964 -2
-85357 -1
-75935 -2
44018 -1
-69300 1
20312 1
-40563 2
-68326 -1
1825 1
-51850 1
24119 1
-93517 2
-16412 -1
-62686 1
-51139 2
4773 1
-11290 2
-44739 -2
-56673 -1
-53598 -2
-46977 -1
-74779 1
-27067 2
-25757 1
-29949 1
-55411 -2
36859 1
-23711 -2
-18782 1
-18286 -2
-61381 2
-37834 -2
-75426 1
-73327 -2
-37073 1
-61803 2
-87569 2
-72791 -1
13291 -1
-29981 2
-17319 -2
-35824 -1
-51107 2
11688 -1
-68081 1
-30024 -2
-93559 2
24125 -1
-71047 -1
-63468 2
49386 -1
-89472 -2
39446 -1
-99795 -1
42987 1
-75336 1
-65681 -2
-44356 2
-93035 2
35699 -1
-24415 1
13380 2
7601 2
-99697 -1
11320 -2
8568 -1
-5017 2
-35165 -2
2990 1
-9218 1
26143 -2
9262 1
-13871 1
44490 2
-46098 -2
-75491 2
-46260 -1
-8134 2
-59624 2
-12472 -2
-71970 -2
-89871 -2
42503 -1
-43110 1
21586 -1
33438 1
-25498 -1
-65565 1
40953 -2
6408 2
-49510 -2
4128 -1
-15218 1
-86849 -1
-81958 -1
-27505 -1
43688 -1
-8396 2
-84475 -1
-97933 -1
-74256 2
30928 1
42995 -2
-48126 -1
34643 -2
-97116 1
32657 -2
-74854 2
39295 -2
-33947 2
-2970 -1
-88623 2
-63520 -2
5854 1
32172 -2
23933 1
-52062 -2
40067 -2
-98396 -2
-85518 1
-68933 1
-767 1
-47815 -2
48082 -2
-87088 -2
-57655 -1
-38018 1
-71723 -2
7361 1
36714 -1
32388 -2
-78661 -1
-69846 -2
-78912 -2
26642 -1
-70873 -2
-12398 -2
-46309 -1
6618 2
-54513 -1
2136 -1
36675 -2
-65512 -2
-68220 2
22763 -2
-35218 -1
23733 -2
-33150 -1
-35303 -2
40540 1
-3939 -1
38325 1
3848 -1
38468 1
-63828 -2
-7859 1
46603 -1
-99110 2
-32734 1
-21411 1
5266 -1
-40312 2
14031 -2
-22122 -2
17250 1
33844 1
-75847 1
-21311 2
-36072 -2
18390 -2
-58809 1
45388 2
-66284 -2
-88366 -2
-94292 2
-32877 -1
-76127 2
20734 -2
-91237 -2
-93022 -2
-94478 -2
-67317 1
-86449 -2
-12305 2
25416 -2
39690 -1
37508 -2
22986 -1
-22013 -1
-31065 1
9019 -1
-42618 -2
-69497 2
-22893 2
-40539 1
-26190 1
-92379 -1
-89144 2
10304 -1
34888 -2
-72616 1
-74975 -2
-54142 -2
41812 -2
15028 -2
-38938 2
22839 -2
13287 1
19347 1
-11836 -1
-46441 2
38412 -2
-32313 2
33222 -1
-80928 2
-62407 1
-58720 -1
-14474 1
-19913 -2
-64371 1
-3698 2
42885 -2
5234 -1
22520 2
-53341 1
-2843 -1
-59449 1
-27866 -1
10916 -2
29989 1
-48255 2
-20249 -2
46309 1
-58033 2
-53485 2
-67187 -2
-10105 2
49435 2
6390 2
-94383 -1
-76015 1
42649 -2
41031 1
407 2
-56357 -2
-71959 1
-86188 -2
-98729 2
1069 -2
37009 2
-60995 -1
-72498 1
30390 1
18629 1
10384 1
-38120 2
13515 -1
16973 2
-14351 -1
-23748 1
41277 -1
16670 -1
-94636 -1
-20411 1
-34661 -2
-92104 2
-49427 2
36624 -1
-54633 1
29769 -2
-90237 -2
-63972 -1
1194 -1
35003 -2
-9204 -1
13263 2
-49872 2
-90346 2
-60148 1
24646 2
-88342 -2
-41268 -2
39878 2
28654 2
30793 2
20835 1
19467 -1
-60561 2
-25974 -1
-41286 1
-81706 -2
-81185 -1
-37409 1
7209 1
-86912 1
-45273 1
41428 2
5767 2
-78869 1
7625 2
-74351 -2
44578 1
-59623 -2
29169 -2
-81885 -1
-31880 -1
3143 -1
-21022 1
-13990 -2
-24841 -1
11014 -2
-62185 1
-95729 1
-68332 1
-69131 1
-49453 1
-18989 -2
6466 2
-63931 1
950 1
-85713 -2
-71143 -2
4214 1
-90523 2
-83086 1
-46135 1
-78635 -2
-94415 -2
-13329 1
-23387 -2
-21557 2
-44155 2
-7055 1
-61211 -2
-4042 2
42307 2
-47132 1
16875 2
-52897 -1
-4598 1
23944 -1
48315 2
-16940 2
-95538 -1
-4368 -1
-95482 -2
-30898 -1
-34148 1
-27725 -1
-87431 2
-88876 2
-25227 2
-3496 -1
-38419 -1
-28197 -1
39118 1
-42911 -1
-32806 -1
-17235 -1
26825 2
39733 -1
13836 1
-61159 1
-80579 2
42578 1
22900 -1
45382 -1
41373 -1
-79672 -2
12159 -2
38354 1
22115 -2
34342 2
4683 -2
-98030 -2
-33844 2
15662 1
33054 -2
-86161 1
48004 -2
3225 2
-8414 -1
-8698 -1
43069 -1
43637 -2
-47633 2
-64175 1
2710 -1
36727 2
-98617 2
48840 2
-89552 1
28420 2
-53681 -2
-24650 1
-7373 2
-71264 -2
23601 -1
-1964 -1
20568 2
-41668 2
35931 2
34052 2
20817 1
-50556 1
47115 2
-98129 -2
-93509 -1
-78274 -1
-19778 -2
-4476 -2
-39113 -2
29476 -2
5212 -1
26178 2
3719 -2
-4390 1
31837 1
31327 -2
-95329 2
-9434 -2
-98694 2
-44425 -2
-61716 -2
10220 2
46750 -2
-70766 2
-22737 2
-36913 1
-99639 1
3153 2
-87302 -1
-44193 -1
-21408 -1
-10855 2
24529 1
-20270 -1
-62483 2
-48071 -2
-3638 -2
-43163 1
-54447 2
497 -2
16128 1
-74882 -2
-40757 -2
14141 -1
-60879 -1
-87354 1
-34753 1
36650 1
-85112 -1
-4875 2
-98015 -1
-13106 2
-88995 1
31709 1
-24040 -1
46687 -1
-16830 -1
-93763 -1
-24830 1
26121 1
-65347 1
-46380 2
38081 -2
-33753 1
-76173 2
-71516 -1
3652 2
44498 2
-27961 1
-76705 1
-27665 -2
-3883 -1
-60947 1
-51280 1
5618 1
-47299 -1
45030 1
-17401 -1
-92982 1
41826 2
-62833 1
-99231 1
-31926 1
-24186 -2
-83177 1
-42010 1
-54248 1
-10361 2
-54477 -1
20040 1
-18495 2
23220 1
35646 1
-61954 2
4514 2
18205 2
26505 2
-23974 -2
-27994 -1
26166 2
-94500 -1
-6295 1
-52761 -2
-11469 1
-72193 -2
-80 -1
-17031 2
-10845 2
-34021 1
-24497 -1
-40114 1
-78716 -1
-65489 -1
-65027 1
41560 1
28902 -2
400 -1
-99467 2
35202 -2
7256 2
-17853 -2
-50033 -2
5103 -1
33969 -2
40469 2
-39801 -2
-29221 1
-79003 2
-94911 -1
-71454 1
39715 2
-18254 2
13064 -2
-47194 -1
20064 1
29439 -2
-29266 -2
-7849 -2
-97150 1
-64918 -1
-28102 2
-87294 1
13633 -1
-34641 -2
-25818 -2
-59617 2
38620 -1
-64638 1
26973 -1
-27889 2
-92413 2
-90683 -1
49651 2
-85182 -2
34992 -1
-44021 1
-3852 1
-92699 -2
5726 -2
-67470 -2
-79518 -2
-11424 2
-83324 -2
-64924 -1
-43274 2
-44350 -1
-68459 -1
-82336 -1
-4077 -1
36004 -1
-64608 1
-79781 2
-51781 2
-15401 -2
3919 -1
-15935 -1
-97565 2
9022 2
-43944 2
3768 -1
28204 1
-78666 -1
-57176 1
21133 1
-27336 -1
-11917 2
-57952 1
22706 -1
-32508 -2
9355 -1
34058 2
-89361 -2
-77842 1
-44137 1
-60993 -2
-51484 -1
-34637 1
-43813 -2
-5904 -2
23591 -2
31768 1
34333 1
-12052 -1
-56094 2
43303 -2
29272 -2
39483 -1
-29439 -2
23259 2
-45118 2
-21777 -2
32488 -2
-77451 2
-32026 -2
-89707 -1
-93451 1
12304 -1
-30096 -2
-48023 1
-59877 -1
-3125 -1
16937 -1
-50455 1
-92618 -2
38411 1
36573 1
-969 -2
-67427 -2
10788 2
8866 -1
-97439 -1
-9392 -2
-27470 -2
-785 2
-39716 -1
-35487 -1
-58716 2
-79277 2
-36985 1
41540 -1
-2742 2
-22629 -1
10246 -1
-96372 1
-1696 -1
-83668 2
37415 -1
-24463 2
-25135 2
37548 -2
-63340 2
44966 1
-78064 1
-22443 1
-3957 1
-44946 -1
31345 2
36180 1
-30968 1
-30990 -1
-43595 2
-29472 -2
-57668 -1
-945 2
-68399 -2
-42876 2
-39461 2
-64394 -2
35605 1
40297 2
19056 2
-52645 1
-88909 -1
42494 2
-75821 -1
-61263 1
-90072 -1
-51356 -1
-82241 -1
-66569 2
-67304 2
-88577 1
-48767 -1
-16540 1
-80248 1
-58286 -2
-32318 -1
-37916 2
-18392 2
15291 2
-37828 1
26928 2
-15664 1
34989 2
-41005 1
-84114 1
-48019 -1
49253 2
11701 2
19821 2
1258 -2
-39374 -1
-55776 1
19673 2
12317 -1
-81068 -2
-75268 1
-57469 1
-15036 1
-95747 -1
-21547 -1
38409 1
-42436 1
-79893 1
-53409 -2
31344 -2
-87588 -1
-20497 1
-19830 -2
-78742 -2
36528 2
-26928 -1
-70146 -2
-75729 -2
-58772 2
-44580 2
-56390 2
-67444 2
-95248 2
-50379 2
21625 -1
-35353 1
47712 1
19379 -1
49301 1
-2676 -2
-61982 2
-80503 1
-15867 -1
-54473 -2
-70402 1
-10866 2
2693 -2
-76018 2
-95902 2
-66091 -2
-59272 -1
-60854 1
-35626 1
40491 2
17204 -1
-93753 1
-49592 1
-61574 2
-94520 2
46678 -1
-27407 2
-57682 -2
-25679 2
4932 1
44817 -2
-48089 -1
-31168 -2
23406 -1
6155 2
15222 -1
-78089 1
-34721 -2
-85196 1
22899 -2
37907 -1
-45227 2
12712 -1
-66584 -1
40137 2
-35182 1
14991 -2
-96347 2
-67083 2
-27535 2
-34193 -2
-60685 -2
-60030 2
-10401 -2
-46392 2
-13173 -1
-32683 -2
-12390 -2
-23491 -1
40779 2
-96400 2
-74202 2
16854 1
-90891 2
-75841 -2
-84034 2
-45747 -2
14797 1
38855 2
-54101 2
-82044 1
-15546 -2
-27877 1
-89469 -1
-39852 -1
-90154 2
-93841 2
12121 2
27395 2
-24383 2
7112 2
-71729 2
-74338 2
45856 -1
-9528 1
-11357 -2
-6285 -1
-58039 2
-73438 2
-94132 -1
-86079 1
-43296 2
-33157 1
39500 -2
-23215 -2
45659 -1
12650 -1
-22913 -2
3532 -1
26580 1
16784 2
11029 -1
-46117 1
11784 1
-60767 1
-81130 -1
11313 1
-37772 -1
-46476 -1
12100 1
21585 -2
-55876 -1
-47866 1
-39626 1
-9117 -1
15051 -2
-18917 -2
-75667 -1
34025 1
47933 2
-15857 1
-90044 -1
15247 -2
37699 -1
45050 -1
-76767 -2
-44444 -2
-17846 -2
-67966 1
40637 -1
-72437 -1
-56793 2
-73696 -1
42112 2
17374 -1
-19393 -2
-42387 1
42324 1
-99791 2
9702 2
23122 1
-5672 -2
-29553 -1
-76476 2
-51829 -1
-56763 -2
38342 1
-98511 -2
-70457 1
13347 1
-62569 2
-65479 -1
-32115 2
32443 -1
-64649 2
-89183 -2
-7973 -1
-70302 1
-40545 -2
-40750 2
-78706 2
20208 -2
-67431 1
-67235 1
3970 -2
-9226 1
-44813 2
-52948 -2
-63219 -1
-1846 2
-63089 -2
27193 -2
-23567 -2
-33421 1
7153 -2
-16627 -1
-41369 1
29429 1
-22287 2
-66793 1
-84844 -1
18523 -2
24891 2
-70601 1
-75118 2
-24980 2
-24806 1
-32387 -1
44504 -2
-25297 1
-26031 -2
-86843 2
-33552 -2
24711 2
-17476 1
10117 2
-67381 -2
-61665 -2
-92546 -2
-24263 -1
-22345 2
-88226 2
46911 2
38107 2
10693 2
-32851 1
-45469 -1
6834 2
-12874 2
-93881 2
32000 1
-4723 -1
-64664 1
44734 -1
44645 -2
13016 1
-90464 1
-29275 1
-39621 -1
-95361 1
-14012 -1
-1140 -2
-53214 -2
-72507 2
-29735 1
-82872 2
-25403 -2
19387 2
-25570 -2
40985 1
-74458 -1
-50848 -1
40614 1
-84746 -1
-18032 2
-2366 -1
-18743 -1
-81970 -1
-76071 2
5648 1
-84110 2
34284 -2
-8801 -1
-20682 1
12320 2
-54901 -1
-83364 -2
-45630 -1
-13058 2
-53575 -2
-22624 1
25102 -2
-16219 1
-8429 -1
-1046 -1
43955 -2
-27848 -1
12648 -2
-3142 -2
-91571 1
-61706 2
-62578 2
-99080 1
-222 -1
46253 -1
24248 2
-21132 -2
19223 2
-17824 -2
-63348 2
-22956 2
-89395 -1
9917 2
-49814 2
-74323 -2
-37028 1
-90768 -2
-38631 -2
-41962 2
12124 2
-17629 -2
8166 -2
-49398 1
-31810 -1
2524 2
-44735 1
-11356 -1
-88273 2
-69104 2
-95572 -1
31245 2
-31310 1
-67875 -1
-91683 -1
-83585 -2
-53588 -1
29270 2
-40803 2
15141 1
-279 -1
-38522 -2
7263 -1
23960 -2
29987 -1
-93335 -1
-80992 -1
-97692 1
46455 2
15212 -1
6097 -2
-87032 2
-44080 -1
36294 1
36645 1
31788 -2
37274 -1
-80854 -2
38803 1
-21849 2
-25720 -1
-25185 1
5309 -1
-52952 -1
26186 2
5463 1
-64156 2
-35131 2
30743 -1
-21511 -2
8966 -1
-10117 -2
-93215 -2
47888 -1
-63395 -2
-64872 -1
-72931 -1
1295 -2
47474 2
-77049 1
41294 -1
44514 -2
-99258 2
33768 2
-46004 2
-57505 -1
-46755 1
-13848 2
19990 2
-69242 -1
-18148 -1
-15284 -2
-78417 2
-54809 2
-64715 -2
-66388 -1
21264 -1
-52760 -1
-37102 2
-70915 -2
12922 1
-26227 -2
-47065 -2
41258 2
-2071 2
-99157 1
-4212 -2
-18807 1
-722 -1
1008 2
-55066 1
-28468 2
19729 2
-34680 -1
-1600 2
24952 1
-9081 1
-7755 2
-85860 -2
-35608 -1
-33045 -1
23819 -2
22861 2
-57131 2
-53944 -1
-5271 2
-93029 1
-25545 -2
20363 1
17903 2
-50217 2
37429 1
-50770 -2
-40203 -1
31566 2
35058 1
39346 -2
-19315 1
-98333 1
-18496 -1
-80586 1
-34261 2
45230 2
-89723 -1
-80029 -2
-35265 -1
1269 -1
26484 -2
26747 -2
18808 2
-92329 -1
8585 1
-14182 1
7478 1
16634 -2
-99830 2
33591 -2
-89180 -1
-59761 -2
18844 2
31749 1
-83688 1
-35324 2
-91772 2
-61957 1
6140 -2
-94163 -2
-85209 -1
-36293 2
39747 -2
24974 2
-26070 -2
-51515 1
-42352 1
48654 -2
27953 1
25850 1
2036 -1
-89512 2
-15356 2
-65711 1
23045 -2
-31978 1
-89310 -1
35625 -1
26912 1
32672 -1
13583 -1
-52583 -2
-80189 2
-97532 -1
-18646 1
31872 1
-52439 1
-84268 -2
29782 2
-77583 1
-7288 2
7525 2
-25172 -1
-94223 -2
-37905 1
28155 1
-94961 -2
-56732 -1
-47978 2
19256 -1
-83363 2
-94175 -2
9642 1
-16896 -2
-11874 -2
29685 -1
-9605 -1
-93241 -2
32865 2
-1736 2
-75251 -1
-3683 2
-5788 -2
7488 -2
-94994 2
44089 -2
29003 -1
-55404 2
46406 2
13007 2
-86548 2
-82935 -1
-91029 2
5312 1
-62419 2
38936 2
-53484 -2
-54123 2
3130 1
-97956 -2
-80490 -1
15427 1
-88681 2
-99285 1
15872 1
-61079 1
-55323 2
-16913 2
3681 2
18877 1
-38094 -2
-31946 2
2484 1
-28921 -2
45079 2
-46410 -2
-3271 2
49358 -2
42348 1
33863 2
-8748 2
-81896 -1
-5995 1
-11291 1
22342 -1
-45807 -2
-10457 1
9269 1
18315 2
-36518 -1
-79824 1
19636 1
-65480 1
-1506 1
362 -1
-64698 -2
12135 1
47337 2
-70209 1
-83708 -2
-54586 -2
-72499 -2
15509 2
-89338 -2
-6809 2
-19939 -2
-19161 -2
-33673 -1
-82810 -2
45581 -1
-11001 -1
-92336 1
-97535 -1
27001 -1
-27282 -1
-93767 2
40028 2
-31890 -1
-55674 -1
-91686 -1
15942 2
-25150 -2
-32596 2
-83346 1
-15995 -1
32624 2
32173 1
22409 -2
45317 -1
-56622 -1
31627 2
-54621 2
-40719 1
-29105 1
-75494 2
-2474 2
26754 -1
-77950 2
-76384 2
28831 1
-72256 -2
4825 -1
34555 -1
-16942 2
-37313 1
-52924 1
20485 2
-43358 -2
-68545 -1
-75344 -2
-39643 -1
32332 -2
-97393 2
-13724 -1
-45741 -1
-43900 -1
-16231 1
-90734 1
21855 -1
-69317 2
2607 2
-77553 -1
-34791 -1
-4195 -1
-53993 -1
-93698 1
-81827 -2
23817 -1
-94000 -1
-42215 -1
-6876 -1
49829 2
-25814 -1
26991 1
-84369 -1
-75706 -1
-40746 2
-41877 1
-32580 -1
-23183 -2
-20552 1
-17789 1
34869 -2
-22176 2
-83522 2
-37767 -2
-27244 2
-10974 -2
22343 -1
-47245 -2
-22284 2
-19191 2
-15584 -2
17196 2
37765 -1
42992 -1
45714 -1
17357 -2
-54713 1
20438 1
-90255 1
-34556 1
21153 1
-99763 1
18807 1
-24633 -2
-72418 2
-10493 -2
-44287 -2
41123 -1
34614 1
43804 2
-66681 -2
-60266 2
33840 -1
41893 -1
-51856 1
-85583 -1
27123 1
-56301 -1
-27328 -1
-68175 1
-84738 1
-18939 1
-53374 -1
-24821 1
-53810 2
-67611 -2
-42713 -2
35556 -1
33251 -2
-27309 -1
-23834 2
-67560 1
15648 -1
-33189 1
32079 -2
7720 -2
-16051 -1
49076 -1
10186 2
-84641 -2
36949 -1
-56730 -2
-31929 -1
15464 -1
32788 1
-53534 2
-12418 -1
5630 -2
-1118 2
-50220 2
21357 -1
-8679 -2
22190 -2
37017 -2
-6032 2
1262 -1
-4657 1
27428 -1
-62611 2
-93838 2
-15359 -1
14610 -2
-15696 1
-60177 1
4847 2
15985 -2
-46906 -1
-90970 2
9463 1
37291 -1
-86078 1
16278 -2
10288 2
23583 2
-96928 -2
-76574 -1
-81053 2
-52237 2
41611 2
29085 -1
35297 1
1485 -1
38716 2
-49861 2
-83231 1
563 -1
12337 2
48045 -1
9005 1
-10858 2
23445 1
36703 1
-19946 2
-96625 -1
-62370 -1
-75876 2
25174 -2
-19010 -1
7069 -2
40329 1
-28773 1
7833 1
33917 -2
-83394 2
-91998 1
-63145 -2
-19364 -2
4622 -1
-76725 -2
27314 1
-34684 -2
-40323 1
-31704 1
-69748 -2
-50299 1
-79410 1
15817 2
-88737 1
-24952 2
-19673 -2
-49581 -1
-26013 -1
-61085 2
-62180 -1
-30421 2
-82185 2
-8055 2
-67921 -2
12523 -2
-65982 -1
-98229 -1
-18210 1
-81320 2
6513 2
-24143 1
45975 -1
-10843 1
-25987 -1
-29524 1
-1653 -1
-97695 -2
-61164 -1
11283 1
-36506 1
46061 -2
-43563 2
-70819 1
26665 -1
997 2
-73450 -2
-26883 2
31629 -2
-47493 -1
-37491 2
-98281 2
-68084 -2
-24482 1
-22965 2
-9241 1
38410 1
-15726 -2
-51025 2
-24306 1
28676 -1
-63649 2
-66795 -2
-88706 2
-57932 1
-2792 1
43528 2
-11585 -1
-39094 -1
40054 2
-98243 -2
-28011 2
24426 2
-22518 2
-82573 2
-53982 1
-71054 1
48005 1
3204 2
-62761 2
-33698 -1
-80641 2
-76938 -1
48627 2
34858 1
-22211 -2
-41363 -2
-80319 -1
-67778 2
18891 2
-48489 -1
37944 1
-96138 1
-46121 2
-80085 1
-80296 1
-7360 1
-99865 2
-10370 -1
-321 1
-44911 -2
-83496 -1
40277 2
33176 -1
19129 -2
-47719 2
-69715 1
34594 -1
13326 -2
-66884 1
31104 -2
-33717 -2
-89651 2
-99512 2
-74589 -2
31575 2
-19471 -2
-14588 -1
38247 -2
35063 -1
-19725 2
37520 -1
30213 -2
-90797 1
-4314 -1
-44890 -2
-94956 2
47415 1
22615 2
27792 -2
47995 1
-12277 1
30608 -1
-5429 2
-43726 2
-92809 2
-30750 1
-41888 2
-95973 2
49037 1
-82467 -2
-38572 2
7323 1
3850 2
-28071 1
2815 1
-11724 -1
-74179 2
-79928 -2
-45547 2
-67207 -1
-17851 -2
35895 1
-39697 2
-83308 1
-27606 1
-21160 1
47144 1
-93463 -1
33619 -1
30565 2
27049 -2
-31504 -1
41062 1
-74757 -1
-44065 2
-70515 -2
45665 -1
-99849 -1
19333 1
-54729 2
6228 -2
-13929 -2
15941 -1
30456 1
24489 -1
11057 1
-51995 -1
36551 1
-72170 2
-11778 1
-96972 2
35352 -2
-397 1
-58905 -1
-84839 2
3164 1
-22219 1
14862 -2
-48299 -1
6540 2
11807 2
-89893 -2
-77522 -2
-71208 2
-55950 -1
41098 1
34137 1
16065 -1
-87687 -1
49586 2
-91149 2
-45178 2
-39770 -1
-53142 -1
-98249 1
-85670 2
39521 1
-9996 -2
35807 1
24660 1
-28060 1
-8721 1
39857 -2
-74809 1
3790 1
-55790 -2
28069 -2
-14141 1
3922 -1
-27495 1
-70897 2
20051 2
-61236 -2
5277 -2
14133 2
-25285 2
-26182 -1
33679 1
-7017 2
17895 -1
18888 2
-67730 -2
-59773 1
-16390 -1
-30498 2
18229 1
-69368 1
-68507 -1
-93213 -2
-48513 -1
-41195 -1
-61354 -2
-24378 -1
16537 1
11390 1
-92990 1
-81097 -2
-48140 2
2346 -1
-84606 1
-48797 1
-72829 -2
-7057 -2
24023 -2
-74017 1
-19870 -2
-74451 2
-74122 1
27908 1
-92614 2
-23605 1
-46857 1
-20281 2
-21154 -1
10377 -1
-26426 -2
-29013 1
-90282 -1
-70546 -1
-24057 1
-48971 -2
-17278 -2
-47738 -2
-89142 -2
-49080 -1
39382 -2
22515 2
13819 1
2403 -2
-98025 2
41263 -2
-68362 -1
-17112 1
-57636 -1
40325 1
-51882 1
-42394 -1
-63545 -1
-79959 -2
-1391 -1
8758 1
-82142 -2
-12458 2
-6196 2
43005 1
35111 1
8828 -1
-76827 1
-96798 -1
-8914 -2
29539 -2
-25311 -2
-21949 1
31988 -1
-36589 -1
13095 2
-65510 2
47261 2
-55343 -1
-72846 1
31931 1
7745 2
-78047 -1
8518 2
-37308 -2
34940 -1
43116 1
-5900 2
-68695 -2
-57460 -1
-87309 1
-94921 1
-1182 2
25240 1
11422 2
-56877 -2
-61894 2
47771 2
8034 -1
-29773 2
31505 2
3415 -1
-6750 1
-8608 -1
35472 2
-71537 -2
-86371 1
-95589 1
-2704 -1
-72119 -1
-86919 -2
-50667 -1
28124 2
-92022 1
-82494 -2
222 1
36145 1
34143 -2
-75082 -1
-40935 1
-94667 -2
-89918 1
969 2
31949 2
-33501 -1
-10597 -2
-56689 -2
-42289 1
-55661 1
-58360 1
-67386 1
7795 -1
-66642 -1
-73983 -2
18284 2
-37740 1
-83878 -2
-75858 -2
-48157 1
5356 2
17258 1
3877 -2
-71749 -1
39041 2
30872 2
-17130 2
-65399 -2
-53622 2
-41180 1
11147 -2
-44166 2
-2740 -1
-78724 1
-54681 1
-26510 1
26998 1
-70378 1
-74347 1
-11083 -2
-6855 -2
-30807 -1
46738 -2
8805 1
-91779 1
-38490 -1
33816 -1
6775 1
-73809 2
-40273 -2
-16562 -1
4910 -2
-18734 -1
-7795 -1
41206 1
46261 -1
-49804 -2
-55857 -1
-33252 -1
-41815 1
26039 -1
-55023 1
49907 -2
43992 -2
-54582 -1
-49998 2
-97665 -1
28590 -2
-32881 1
-30314 2
-14149 1
-95442 -1
-1959 -1
-90016 -1
44278 2
-79107 -1
12506 -2
29796 -2
-32200 -2
48095 2
46418 2
-27572 -1
-2255 -1
2262 2
18045 -1
46645 -2
-43120 1
-55431 1
-86683 2
-4609 -2
-27168 2
-10496 -2
5454 1
32982 1
-6165 -1
45810 -1
-51857 1
-11647 2
46230 2
-21183 1
29657 1
25552 1
-66572 -1
47473 2
34540 -2
-46158 -1
-77285 -2
-30254 2
18608 -1
-9705 1
-16105 -1
-60987 1
-24103 -2
-44789 1
32180 -2
-69789 -2
-58364 -1
-91587 1
43231 -2
24024 1
23616 1
2947 -1
-25870 1
-6746 -1
-23034 -1
24273 -1
-13467 1
40387 1
2724 1
-85244 -2
-35683 2
-60249 -2
-74500 -1
-25864 2
28028 -2
-10839 -1
-20571 -1
-68269 -1
17709 1
-40517 -2
-61024 -2
-89761 2
46717 1
-25982 1
-67481 -1
-32823 2
-24880 1
-36082 2
44435 2
48836 -2
3024 -1
-5059 1
18347 -1
19665 -2
-70938 -1
3441 2
6244 -1
-26183 1
-21262 1
-79246 1
43077 -1
-33781 -2
-50510 1
-4772 2
-55625 1
-53033 -1
-30378 1
-66369 -1
-43458 1
47512 -1
-99267 2
-10555 2
-82747 2
-73210 -2
-88657 2
-70061 -1
-97759 -2
-19926 2
-80281 1
-97884 -2
-45152 1
-5595 1
33927 -2
49282 2
18923 -2
-70952 -1
-57524 2
14465 -1
-25147 2
-80869 1
28075 1
40264 -2
22789 -1
39115 2
-74216 -2
25336 -1
49476 -1
26518 -1
33395 1
-4669 -1
-99076 2
23307 2
-48327 -1
-75399 2
-23421 -2
23204 1
-99184 2
-98305 1
36255 -1
-34067 1
-30130 -2
43421 -2
-4139 1
-85003 1
-1824 -2
37449 2
-61046 -1
-15710 2
-77754 2
-30842 1
-13443 2
31280 1
-58118 2
-68041 -1
-64034 -1
-36688 1
-44725 -1
-17333 -1
37476 -2
-85939 2
-23016 1
-70828 -2
43033 -2
-40475 -1
-86722 -2
-95653 -1
-5136 -1
-5548 -1
-31763 1
-48869 -2
12478 1
1112 1
37946 -2
-71662 2
-37187 2
28209 -1
-70124 -1
33117 2
-79400 2
8954 2
-37464 2
6337 2
2220 1
42183 -1
-4125 2
-755 -2
3568 -1
-8715 -2
44659 1
38431 1
-61338 -1
-85975 -1
-14231 2
7188 2
-53282 1
-92264 1
5711 -2
-76305 -2
-62035 1
-24019 2
29699 1
-34792 -1
-78978 -2
-55523 2
-88637 -2
17575 1
-97250 2
-62572 -1
-40916 2
-94255 -2
29187 2
-46303 -2
-1380 1
17462 1
-12868 -1
25064 2
13624 -2
-68339 2
-97333 2
-37358 -2
-72977 1
-48519 1
-67176 -2
-79777 -2
-36553 2
-19665 1
-47758 2
-44449 2
-15122 -2
-68939 2
5402 -1
-56047 -2
-75904 1
42174 -2
34676 -1
48931 -2
-62152 2
-29555 -1
-29036 1
-32237 -1
21188 -1
-75368 2
-99456 2
42721 -2
-97648 2
8683 -2
49941 -2
13995 1
-64361 2
-10990 2
6856 -2
-30006 -2
-13124 1
37464 2
-86148 -2
30703 -2
-72212 2
9393 2
-57757 2
30830 -2
7051 -2
-93990 -2
-96337 -2
-55188 2
-46417 -1
35046 2
-18275 -2
-87619 1
-18118 -2
15753 1
-67903 -1
43551 2
45420 -2
-90299 2
-9919 -1
-93114 2
-46386 -1
-4114 -2
-16764 1
-19856 -1
-92873 1
-62139 -1
34250 -2
-74098 -1
-82038 1
-88149 -1
-94347 2
-5379 2
-18670 -1
1745 -2
-67597 -2
-36277 -1
-64266 1
-73677 -1
-21560 -1
39410 -2
29912 1
-62975 2
38831 -1
-32219 2
6224 2
48397 2
-87618 2
-42406 1
46832 2
-97501 -1
-69560 1
-37397 -1
-50413 1
44023 -1
-65105 -1
-47129 1
-70044 -1
28287 -1
33047 1
-55608 1
-2225 -1
19811 -1
-91535 1
-33619 2
29301 2
-39325 -1
-72390 2
-13260 2
-60741 2
26162 1
-32314 2
-43324 -1
829 -2
17195 -1
-67631 1
-2817 1
-8625 2
-5279 -1
43200 2
36184 2
-32166 -2
32392 1
45900 -1
-78602 -2
-37778 1
-17615 -2
-93017 -2
-62429 -2
-36083 -2
3539 -1
1679 -1
-52267 -2
-39654 -2
-9357 2
-96726 2
37640 -1
12677 -2
-96995 -2
-32024 -2
-8300 -1
-46923 2
41064 1
48307 -1
-1817 -2
-23226 2
5512 1
1371 1
49168 -2
-23578 2
-83156 -1
17718 1
-3741 -1
-57718 1
-27280 2
504 -1
-41476 1
9477 1
-27862 2
-20178 1
-89158 -2
-66835 1
-55902 -1
-23896 2
-32554 -2
-69597 2
-81133 -1
32153 -2
15992 1
-73550 1
-95534 1
4997 -2
48464 -1
-13484 -1
-37101 1
-95426 -1
-91370 -1
-66582 1
-71463 2
3573 -2
-65813 -1
-86426 1
-87847 -1
-84555 2
-30112 -1
-25961 2
-73173 -2
-13222 -1
-72333 -1
-17948 -1
-34063 2
4454 -2
24538 -1
42321 2
28166 -1
40952 -2
-80365 -2
-32988 -2
16655 -2
-4238 -2
-33226 1
-38565 2
-89239 -2
-59258 2
-97691 2
-65063 -1
-61260 -2
-10472 1
-96620 2
36515 -2
-62490 -2
-71304 1
-90241 1
-57962 1
17198 -2
22713 1
-8343 1
-69626 -2
45341 -2
47386 2
-18107 2
-57891 -1
-47020 2
-33530 -2
8451 -2
-53502 -1
-39937 1
-81122 -2
-59879 2
-99209 2
-91414 -2
-56286 -1
-95782 -1
39344 1
-74184 1
-53255 -2
11468 -1
24966 -1
15792 2
4265 1
-62886 -1
-25859 2
-34605 -2
-94284 -2
-39700 1
-87243 2
-58992 1
-99509 -2
-2248 -1
45409 -2
47121 -2
15383 -1
-35294 -1
9770 1
-22782 -1
-87284 -1
-73190 -2
48341 2
-5026 1
-56003 2
1633 -1
-66455 1
15261 2
-79562 -2
-66514 -1
-80499 2
-48585 -2
256 2
6241 -2
-85741 1
-23127 -2
1116 1
-28449 -1
28978 1
-10531 1
43588 -2
-84286 -1
-34702 2
-3478 -2
-49202 2
-33895 2
19327 1
-72825 1
22671 -2
4257 -1
-26670 1
-11841 -1
-33253 -1
-70442 -2
-27388 -2
-15081 -2
17469 -2
-68129 1
46527 2
4614 -1
-96873 2
26515 -1
-694 1
1049 1
-10634 2
-444 -1
-24591 2
-73604 2
-97145 -2
6200 2
-39186 1
-586 1
5343 2
-70002 1
-50693 -2
25196 -2
5599 1
10523 1
38622 1
-22813 2
37620 -2
18409 2
16031 -2
-7916 -2
-53148 1
-63177 1
-42831 2
-37671 -2
-391 1
838 -1
19726 2
19880 2
-94799 1
-17145 -2
-37958 1
29635 2
-74577 2
37014 2
-7019 -2
-31842 -1
-25189 -2
17053 2
-61278 2
24558 -2
-81279 1
-64357 2
28454 -2
-20765 -2
-31939 -2
-78502 1
-31689 -1
-6322 -2
-12627 -1
30409 -2
42989 -1
11453 -1
-69852 -2
-60466 1
39846 -1
24721 -2
25565 2
-56965 -2
49666 -1
-58974 -2
9251 2
-67539 1
46754 -2
9344 2
-86546 -2
-33712 -1
-55892 1
38727 2
-17531 2
-73012 -1
-14461 -2
43820 -2
-9310 2
9380 -1
34483 2
17152 -1
26305 2
-96309 1
29732 -1
7023 -2
20976 -2
-52056 -2
-13737 2
-27844 1
-43505 -1
33580 1
-79544 2
19695 1
618 -1
-48814 -2
-65963 -2
-61140 -1
-44854 1
-68781 1
8581 -2
17418 -1
8605 -2
-2711 2
-73943 2
11721 -1
-38849 1
-66823 -1
-61275 -1
-57047 -1
-61497 -1
-98046 -2
-1383 1
-14223 1
-34580 2
-86845 2
-44848 -1
-54058 -2
29053 1
42111 1
11838 -2
-43423 -2
-45039 -2
-94097 -2
-48819 -1
-64492 -1
17359 2
-29343 -1
20773 2
-73625 1
-50724 1
-43250 2
2562 -2
-29138 -1
-30434 -2
-6653 1
-44585 -1
7426 -1
33008 -2
-67824 -1
-3600 2
-82318 -1
40489 1
35298 -1
-67355 2
46947 -2
-65804 2
-51936 -1
-19362 -2
-67294 -2
10282 -1
-77200 -1
-93 -1
-50190 2
21811 1
44874 -1
-49597 2
-66508 -2
-98593 -1
-18851 1
44357 -2
-6563 -2
-95711 -1
-20711 1
-5249 -2
41403 1
9587 -2
-64922 -2
-31313 2
-71172 -1
-20386 1
-60446 1
14923 2
-67287 -1
1484 2
32707 1
-76929 -2
-6772 1
-21818 -2
-6808 -1
-90651 -2
-37347 2
28657 -1
45702 2
38273 -2
-55756 -2
-25815 -1
-14808 1
-51491 -2
-49702 -1
-14987 1
-46704 -2
-94165 -1
11696 1
18903 -1
-77988 2
-13302 1
-89278 2
26498 -1
-38469 1
-45921 -1
48087 -2
-49126 -1
34900 1
14611 -2
-23802 2
-6104 -2
-23066 1
37168 -1
-37965 -1
-49413 2
11215 -2
-53712 1
-33604 2
36143 -2
-95554 2
-18530 1
-93885 2
-57153 -2
12333 -2
-15309 2
-77178 1
-71789 -1
43720 -1
-94728 -1
-85658 2
-3827 2
23530 -1
17905 -2
-89160 -1
-6458 -2
-83748 -2
44317 2
-77928 -1
30609 1
-70711 -1
-57477 -2
-38576 -1
-78993 -1
44624 -1
-60837 -2
41552 -2
-34088 -1
-49906 -1
-69289 2
-80169 2
10414 1
-95546 -1
37053 1
-16363 2
-89163 -2
49551 1
-96274 2
-26918 2
-27869 -2
-12769 2
28372 -2
-40857 -1
29830 1
-27926 -1
17932 -1
-78578 1
27946 1
779 -2
-32137 -1
-86247 -1
-45283 -2
32050 -1
49030 2
-95627 -1
-90798 1
-41240 -2
-60053 -1
-78056 2
16832 -1
24560 -1
-13356 1
10375 -1
-44125 2
-58625 1
-7072 -1
26391 2
-90552 -1
48010 -2
23233 2
1233 -1
-71712 -1
29925 -1
-53972 -1
-96303 -1
-80906 1
32910 -1
-77868 -2
-22561 -1
-7844 1
-70182 1
23197 -2
-42760 2
32537 1
-450 -2
40947 1
6920 2
40001 1
-44570 1
-68073 2
38931 -1
49558 2
-55350 -2
-92935 1
9489 2
27404 1
-91071 1
34050 1
-62519 -2
12878 -1
-68785 -2
11686 1
-25911 -1
247 -2
-80087 -2
39242 2
18936 -2
-40758 -2
-44853 -1
17460 1
6528 -2
-79153 2
-24289 1
-86604 2
-27543 -1
8920 -1
-1185 -2
-11988 -2
4345 -1
-49015 -1
-42585 2
-95986 1
-38143 2
-93204 -2
35728 2
-79265 -1
-4038 -2
-3350 -1
-40773 -1
-52231 2
-29679 -1
-73141 1
-84470 1
22705 2
-30126 2
8556 -1
-28441 -1
-29006 1
-37723 1
-29464 -1
-36540 1
41802 1
-75751 -2
-96770 -2
-19706 -2
-85025 2
-60831 -1
2585 2
39635 -1
2983 1
-13730 1
47117 1
-84944 -2
-18684 -1
-23207 1
20926 -2
-79803 2
-39192 1
31068 1
26741 -1
-42408 2
14874 -2
-75473 -1
-16812 -2
-5632 1
38959 2
2197 1
-77111 2
-63997 1
-57897 1
-58824 2
-81464 2
-28064 -1
165 2
-9011 1
-13414 -1
-1109 -1
22975 2
24716 -1
-21332 2
-34074 1
24576 -2
-30067 -1
-90626 -2
-85385 1
28609 1
909 1
8306 2
-24367 -1
-20132 2
-20908 2
-58943 -1
40518 2
-40626 2
-8535 -1
-26788 -2
-18947 1
-82260 -1
-55269 -1
-48575 -1
-34610 2
-56585 2
-76968 2
-97329 1
-25644 -2
45598 -2
21982 -1
-17330 2
-19528 2
42208 2
18360 -2
-79488 1
31552 1
-40412 2
-83293 -1
-65241 2
8187 2
-12727 1
-34267 2
-49859 -2
-18465 2
-48360 1
-52353 -2
-9755 -1
-94250 1
-9320 1
-71077 1
-14633 2
-94947 -1
33686 2
47382 -1
-39154 1
-55331 -2
-58369 2
-17817 1
-50790 1
9445 1
-86073 -2
-48744 2
32133 -1
-64500 -1
14787 1
-35503 -1
-46951 -1
-3677 1
-5367 2
-47748 -1
5969 -1
-95733 2
92 2
-72421 2
21654 2
-62921 -1
-88875 -1
-43614 2
25246 -2
-80855 2
-6517 2
-659 -2
-15295 -2
-71781 -2
18617 1
33154 2
-64468 1
-46641 -2
-14433 1
-49014 1
-42740 -2
-73273 -1
35653 -1
46778 -2
-24766 2
45709 -1
-15740 1
-1872 -2
-47099 1
41650 2
20439 1
-14437 2
42139 1
-63459 -1
-40048 -1
36343 2
-84351 2
-63886 -2
-98533 -2
-13676 -1
-37172 1
-82356 2
43617 -1
-99927 -2
-63560 -2
41299 -2
26652 -2
6251 2
-61736 2
15693 -1
-47749 1
38039 -2
-40958 -2
-20184 -1
-19620 2
-40876 2
36041 -1
-19380 1
35725 1
-92658 -2
18657 2
-23419 2
-38168 1
37931 -2
-24642 -2
-11273 1
5585 1
29902 1
-26904 2
-12317 -2
-50119 1
-79969 -1
-31743 2
-47668 -1
36410 -2
27341 -1
-91561 1
17819 2
-73408 2
-74915 1
-74572 -1
-35207 2
-3510 -1
-8095 -2
37606 2
-16786 -1
-30595 2
-98645 1
8182 1
-37986 -1
-57357 2
-66638 -2
-3304 1
-41577 -2
-99063 1
-96836 1
-77778 2
-44746 1
-22331 2
-32540 -2
21296 -2
-20176 2
-80734 2
-69251 1
-24042 -2
17369 1
-70190 1
46770 1
-59491 -1
-42313 2
5898 -2
33527 2
-37128 2
-81309 -1
10326 -1
-88352 -1
-36800 -2
15550 1
-82420 2
19903 -1
2163 2
43828 2
-31996 -1
-53479 -2
1243 -1
-86859 1
-77083 2
-50438 2
8367 1
-84919 2
3985 -1
6101 2
33959 2
-8346 2
-54329 1
-97230 -1
32742 1
27638 -1
-12841 -2
17514 -2
-65438 -1
18732 -1
25652 1
-83288 -2
-19067 -2
27470 1
-52271 -1
-62147 -2
-38157 -1
-91390 2
-80543 -2
-18418 2
-16343 -2
-25310 2
20503 2
-86944 -2
-32958 2
-8313 -1
11336 -2
-26644 2
-38845 -1
-77891 -2
26805 2
-96993 1
-80320 -2
-93511 -2
-70799 1
-33272 -1
-28536 1
-18323 2
-62781 2
36415 1
28491 -1
-29206 -1
-63668 2
-73678 -1
-41414 1
-21837 -2
2923 -2
-99844 -2
-55556 -1
-43516 1
21355 2
12681 -1
15249 1
-78472 2
-88899 2
21563 1
-25656 2
-13403 -2
-47084 -2
8871 2
-10919 -2
-60808 -2
-51138 -2
-26287 -2
46233 -1
-86818 1
12698 -1
-65236 -2
-30633 -1
-12632 2
-54174 2
-46868 1
-42311 -2
38736 1
-17965 -1
11107 1
-76187 -2
-68153 2
26630 -1
47634 -2
20059 -1
-42934 1
21274 1
-7883 1
-42453 1
-67660 -1
28955 -1
-43288 1
-7305 2
-63718 2
-48891 2
11771 -2
-20373 -1
6137 -1
-5857 -1
-5199 -2
-87251 -1
-53321 2
-61172 -1
-63273 2
-12000 2
-49852 2
-7401 -2
28794 2
-13756 1
-46361 -1
23778 1
-35394 1
15544 -1
-34351 2
-39905 -1
-26321 2
26272 2
-69457 -2
-61941 2
-74156 1
29055 -2
11081 -1
-7348 1
34923 -2
-52692 -1
-69504 -1
29614 -1
27601 -1
-87646 -2
-65823 2
6560 1
49349 2
13823 -1
-87408 -1
-1870 -1
-5387 -1
-46416 -2
-10323 1
22908 2
-35951 -1
-89195 -2
-48889 2
41107 -2
-69075 -1
16397 2
-73030 2
14428 2
-24432 1
-11140 1
32918 -2
-99777 2
21491 1
-38501 2
-16565 -1
-36482 2
-5002 2
-49231 -2
33574 -1
41778 -2
-3277 -1
-27865 -1
-88361 2
-78470 2
-54701 2
-91249 1
-16047 2
-25510 -2
-62289 -2
-12180 2
-8382 2
-98889 1
-42983 1
46326 -1
-90838 -2
-23913 -1
-61888 2
-49616 1
-51658 1
18344 -1
-96402 -1
-6705 -2
-38158 -2
28263 -2
30332 -2
-14548 -2
-18827 1
29196 -2
20368 1
-45899 1
-67175 1
-46430 -2
28755 1
6762 -1
-47156 2
16084 2
-96471 1
-67283 2
35382 -2
47734 -1
45401 2
32314 2
29416 2
40069 1
48128 -2
-88554 -1
-45738 2
-78270 1
-16666 2
-2852 -2
45351 2
-49649 2
-27517 -1
-77534 -2
-27247 2
-70605 -2
31442 2
-71231 2
-69190 1
-73673 1
-91335 -2
-9455 -1
-93750 1
2715 1
-7810 -1
-64703 1
499 1
-99438 2
37064 2
48756 -2
-71033 -2
-80489 2
-52426 -1
-80055 1
-21637 -2
-2909 2
-36337 -1
41328 1
45872 2
-70373 -1
-45076 2
-86819 2
-71046 -2
12349 2
-10297 2
16718 -2
-63115 -1
-78504 2
749 -1
6890 2
-77714 -1
-287 -1
-53062 -1
3405 -1
-19204 2
-28388 1
-13251 1
14313 -2
-3543 2
-86160 -1
39670 -1
1335 -2
-70472 -2
-10096 1
-14233 -1
-14176 -2
-9314 1
-77857 -1
30796 2
-62434 2
-86244 2
-32485 2
-77512 1
-22580 1
-25980 2
-55533 2
-50393 2
16068 1
4670 -2
42618 -2
-54068 2
2089 2
-37248 -1
-67809 -1
-38535 -1
-31081 2
-41774 1
-98451 1
-60365 1
-99349 -2
-14103 1
-46485 -1
-47616 -2
34825 1
-87343 1
-29400 1
-99284 -1
-91139 -2
-54531 -2
-30645 -2
-80206 -2
-49454 -2
-57202 2
793 2
-98955 2
-42578 -1
-86908 1
-19853 -2
-4475 2
-62162 -1
48359 -1
-26550 2
-52625 2
-96554 -1
314 -2
11337 2
41577 -1
-32350 1
-38840 -1
-17025 2
-47899 -1
-75228 2
-87380 2
-9464 -2
-76439 1
-63586 -1
-9046 1
-13086 1
31216 2
-41142 -2
-56904 2
-94039 -2
42326 1
11021 -1
42577 2
-34130 2
39587 -2
-97802 1
-60930 -1
-41232 -1
-92537 2
-86341 -2
-32365 2
-5133 1
47392 2
46746 -1
19701 2
-86374 2
-84399 -1
34293 -2
-74958 -1
5567 2
-65940 1
11725 2
-68786 1
48515 2
8139 1
-22645 1
-27354 2
-6436 2
-77410 -2
37462 -1
3229 -2
-54848 2
-73159 -1
-86591 1
37178 -1
-99424 1
-42649 2
-90005 1
565 1
-83269 1
17340 -1
-95207 1
9208 -2
-62066 -2
-51338 1
21568 1
-64527 1
-17460 -1
29726 1
-14774 1
-7841 -2
43626 -1
39418 1
49173 -2
28812 2
-35360 1
41353 1
-52461 2
-43695 1
39796 -1
-69807 1
33075 2
150 2
3741 2
44225 -2
26861 1
-38257 -2
-80719 2
-72818 -1
45989 1
-87201 -2
23891 -2
28046 1
-81285 -1
-77655 1
-50093 1
-38875 -2
20193 -1
-82033 1
-16402 2
-23728 2
46941 -2
20906 -1
-81919 -1
-86710 -2
-25397 -2
39034 -1
18914 -1
-96971 -2
-6255 2
-19385 -1
28358 2
-50827 -1
-32790 2
-85704 -1
-46553 1
48880 -1
-42672 -1
-82897 1
-94632 1
-56624 -2
-77189 -1
-71719 1
45558 -2
-19111 2
-49235 -2
-83965 -2
-86192 -1
-73912 -2
-82796 -1
-46211 2
-72774 -2
-80476 1
-3976 -1
-56256 -1
36709 1
-55811 2
6206 2
-81643 1
-4313 2
30017 -1
-27474 1
-80818 2
-67234 2
-3193 -1
-63012 -2
-26427 2
-26690 -2
-44742 -2
-25826 1
4294 2
39658 -2
7278 -1
-87138 -1
-65311 -1
-32526 -2
-87225 1
-3618 -1
-55835 2
-13068 -1
-31309 -1
38950 -1
19790 -1
-80035 -1
-90530 -1
-12004 2
-60998 -1
-69692 1
-3055 2
-6791 1
-60339 2
-12349 -2
-80394 -2
-29844 -2
-7806 -2
-9134 1
-8416 -2
-10834 -2
-27828 2
29386 -2
37384 1
-80291 1
39139 1
-33245 1
-40465 1
-77687 -2
26981 2
48764 2
-21811 -1
-43581 1
-57418 -1
8392 2
-86023 1
31975 -1
-57995 2
41698 -2
-22494 2
-10163 -2
45083 -1
-82790 2
-17188 1
-65617 -2
-34540 -1
-16773 1
-47451 -1
-66084 -2
-2373 1
-92583 -2
-52684 1
-96369 -2
-6240 -1
-67547 -2
9643 -2
-27292 2
-95044 1
-88216 -2
22195 1
-25251 2
40116 2
-6326 -2
-83680 2
49190 2
-54883 1
-91096 1
-72560 -1
-68833 -2
12801 -1
4634 1
-15800 -1
-12403 -2
45549 1
-82316 2
44713 -2
10894 -2
-79141 1
-90009 2
-65250 -2
32538 -2
15368 -2
-31442 1
39317 2
-73597 -2
49516 1
-70822 -2
-94897 -1
-18931 -1
-37497 2
-17863 2
-45961 1
-28777 2
-26301 -1
36075 2
42118 -1
-76152 -1
45422 2
-96146 -2
-43986 1
13099 2
-84212 2
7010 1
4838 -2
-72058 -1
-59898 1
-71772 -2
-25633 -1
-24693 -2
-26567 -2
-41925 -1
-44758 -2
-50267 -1
38243 -2
27242 2
-71546 -1
-29164 -1
33423 -1
-55315 2
-61502 -2
4355 -1
-77640 -1
-9683 -1
-36307 1
-82060 1
28406 -1
41559 -2
-66721 -2
-4188 -1
-10672 -2
-41652 -2
-85052 1
-6753 -2
-52159 -1
10847 2
-36619 -2
19353 2
-14864 1
7114 1
-30310 -1
37983 -1
-43772 1
-27097 -1
-47055 1
-12337 -1
38270 1
-90123 -2
-59110 2
-44272 1
-1574 -2
-31759 2
29575 2
9543 -2
-16245 1
-79615 -1
-74931 2
-71934 2
47465 -2
37341 -1
-49183 -2
-51920 -1
-92398 -2
-43116 1
-20647 -2
-84611 1
-42960 -1
-34003 2
-99973 -1
24069 -1
20772 2
11368 1
17240 -2
-54 2
21538 2
-26435 2
-50360 1
-90497 1
-15977 -1
-3721 2
-8544 2
-79769 -1
-23538 2
-21271 1
-56260 -1
-15055 2
-69458 2
-66895 2
-3491 2
9257 -1
-68491 -1
33905 -2
-41955 -2
19448 -1
-84099 2
-49019 2
-66639 2
-39177 -1
-30386 1
25936 -1
-23165 1
-73786 2
-58717 2
-41635 1
10950 2
-8442 2
-41284 1
-94975 2
40300 2
-86296 -1
-17428 -2
36598 -1
-80533 -2
-54479 1
-64305 -2
-72096 2
-66155 1
48305 -2
25806 1
-79780 1
8465 -2
17964 1
-54023 -2
283 -1
21803 -2
-71679 1
-49075 -1
49655 2
-23541 -1
-60023 -2
-30909 2
-7006 -1
-70803 1
12858 2
32271 1
-43455 1
49537 -1
-7830 1
14948 2
-77117 2
-72293 1
-30293 -1
24424 -2
-32537 -1
-63261 -1
18868 -2
-9571 -1
-76002 2
32422 2
-80067 -2
31896 -2
-79402 1
-21118 1
-70902 1
-61411 1
-23344 2
-92451 2
27031 2
13573 -2
-48878 -2
5737 -2
-18377 2
-55057 -1
-57713 1
-79554 -1
45094 2
3966 1
-89925 -2
35731 -2
-37812 1
46514 -2
23139 1
-5680 1
37241 2
25722 -1
47376 2
42485 -2
-72506 1
31112 -2
10695 -2
-71907 1
-75120 1
1230 1
-8115 -1
-88675 2
-68932 1
-55995 1
28425 -2
-92453 1
-56102 -2
-41272 2
14082 1
-44334 -1
24895 -2
-43316 -1
23473 -2
15776 -1
40399 1
-99337 2
16408 -1
-10604 -2
41740 -1
-31838 1
-23280 -2
-51622 1
25668 2
-66208 -1
12748 2
-35726 -1
-3007 -1
-67985 2
13348 1
-2270 -1
-43612 2
48805 -2
-2026 1
17820 -2
9578 -1
-10467 1
-37195 2
-21958 -1
-90777 1
39983 1
-53207 -1
-96248 -1
-62726 -1
-51662 -2
26837 1
32196 2
-56504 2
8233 1
-57343 -2
-11744 2
-91261 1
-39948 -2
-19116 -2
-68631 -2
-80234 2
-72138 2
44604 2
-45211 1
47393 -2
36405 1
44544 1
-4442 1
-277 2
46584 -2
14060 -1
25194 -2
-92593 -2
-42163 2
35306 1
16951 -2
12772 -2
-47029 2
49887 -1
-41582 -1
-64722 -1
-86197 -2
-71497 -1
-81506 2
31193 1
1784 1
-98041 1
-54146 -2
12672 -2
-58972 1
-65276 1
-53912 -1
10381 -1
21715 2
-98084 -2
-37058 -1
-1402 -1
47665 1
-46822 -2
-87697 -2
-46775 2
6909 2
-30472 2
-58049 1
23008 2
23055 2
-44805 -2
-28346 1
-38205 1
-8232 1
46597 -2
23454 1
16021 -1
-91016 1
2522 -2
-43763 1
-12692 -1
-44196 1
-14884 2
37161 1
27741 -2
-69541 1
-93792 1
-89140 -2
-84317 2
14268 2
31608 -2
-6698 2
35627 -2
46711 -1
-25169 2
32921 2
-57051 -1
-47886 -1
39479 -2
-69164 -1
-22367 2
-83961 -2
-33464 1
-48188 1
3015 2
22022 -1
-16850 -1
22076 2
-99548 -2
34382 1
25714 1
-77387 1
-48194 2
-13919 -1
-72199 -1
49314 -1
-96129 2
40602 1
-49387 -1
-17052 1
-56138 1
-92441 2
25019 -2
42233 1
-27809 -2
-2471 -1
-91287 2
21484 1
28740 2
36688 2
38771 -1
-43142 2
38090 1
5662 2
23911 -1
28042 -1
8636 1
-95871 1
29108 1
-14367 2
6426 -1
-8700 2
-92915 -2
-97899 -2
-12384 -2
2490 -2
4006 -2
-1659 -2
-57199 1
940 -1
-82654 -1
11734 2
-68614 1
-84892 -1
-96719 -1
36311 1
34814 2
-84106 -1
33302 -2
-28051 -2
-42266 1
-37895 1
-95523 -1
-33883 -2
-1098 2
-16116 1
-85498 -2
-7346 1
7948 2
-73633 -1
30900 -1
-53294 1
-18337 -1
854 2
8773 1
-89146 -2
48952 -2
-7497 -2
33151 2
17300 -2
-4084 2
13753 -2
27808 -1
-72759 -2
-62822 1
-86658 1
48614 2
-97435 -1
-14271 -2
-94976 -1
-467 -1
15417 -1
-54198 -2
41499 -1
-36947 1
-33231 -1
-73542 -2
-11344 2
-81883 -1
31929 1
-82392 -2
7119 -1
18626 -2
-19843 1
-89833 -2
-70304 1
-25997 2
46864 -1
-45699 -1
-60562 -2
12592 -2
-95407 -2
26836 2
1053 1
14247 -1
-29792 2
31057 1
-8087 -2
-56154 -2
-16333 1
26271 -2
-75953 -1
26761 -2
13207 -1
16505 1
26885 1
-35672 -1
-84395 2
-29272 2
25168 2
-75546 2
-35690 1
-18090 2
-28885 2
-16771 -2
-73270 2
-24084 1
33563 -1
29951 -2
-17849 -1
13502 -1
-16434 2
-75185 1
-79551 -2
-36759 1
36237 -1
-90415 -1
-10026 1
-42587 -2
-50613 -2
-90251 -2
-26078 1
-21603 2
29619 -1
-5587 1
-41506 -2
-86111 -1
-77160 -1
-53965 -2
-10142 1
16482 -1
-21192 1
-1569 2
-26378 -1
-95401 -2
-63929 2
46625 2
-24224 -1
13423 2
7410 1
42895 -2
-17240 2
-33049 1
11110 -1
-83618 -2
-30419 2
-7983 1
-34316 -1
-75676 -1
-15893 -2
48462 -2
-44027 -1
10024 -2
37392 -1
-91927 1
-59013 1
-87035 2
19895 -1
-4892 1
28682 -2
-8633 -2
11849 -1
18620 2
-92579 2
45916 1
40038 1
-24991 2
-22151 2
26085 -2
-33326 2
-38249 2
-71178 1
-80208 -2
27743 -2
-30639 -2
-58213 -2
-77382 -2
-97362 1
-73228 -2
18851 -2
-46760 -1
-25916 2
-45242 1
-93794 -2
-63231 1
22091 -2
-71449 2
-36693 -1
-91864 1
-16153 1
-2889 -2
34823 -2
2244 1
-78424 1
23636 1
26422 -1
-7077 -1
12000 -1
-42068 -2
39989 -1
-75347 -1
14262 -2
-92625 -2
39792 -1
-89227 1
-82430 2
-88446 -2
-91112 1
-12571 1
-92931 -2
-37871 1
21338 1
-50987 -2
-52832 2
38083 -1
-16752 -2
-44026 1
27873 2
29176 -2
-98052 2
42733 1
-81480 -2
998 2
21965 2
49554 -2
-72930 1
-49351 -2
-53665 1
13817 2
-80373 2
-8155 2
-49572 -1
-77070 2
15637 -2
-72625 -1
-48658 -2
-74002 -2
-64142 -1
-42067 1
-6363 -1
-15733 -1
-17864 1
-69111 1
27597 -1
18145 -1
-22735 1
-56646 1
-72666 1
3220 1
17280 2
6255 1
-87964 -1
15206 1
27528 1
2505 -2
2320 -1
45734 1
-30824 -2
-11299 -1
-56870 2
-88069 1
-31637 2
-50851 -1
-31439 -1
-58516 -2
37131 2
3227 -2
-8183 1
32979 1
-61734 -1
-1587 -1
-14758 2
-17184 -1
45261 2
11062 -1
-61049 1
-76992 -1
33483 2
1144 2
-66541 1
-9536 2
19758 2
-5171 2
-24963 2
48769 1
26089 -1
39612 2
27563 2
-63096 -2
-43042 1
-49390 2
-987 2
-87394 2
20384 2
-14390 2
-2979 -1
-14868 -2
24619 -1
-66302 -1
8598 2
-34121 2
-41625 -1
-10265 -1
-78303 2
-64836 -2
22917 1
-40721 -1
36915 1
25275 -2
-73977 2
-14462 1
-12879 -2
-73526 -1
-29170 2
48963 2
36269 1
7589 -2
22540 1
-94138 -1
-63263 2
-95856 -1
-50133 1
-84201 -1
-92025 2
1315 1
25631 -1
-24547 -2
17320 -2
-79819 2
-92989 -1
-52136 -1
-24753 -2
-61748 -1
-49501 1
-81713 -1
32063 -1
1475 2
30367 -1
-41496 1
10229 -1
-45927 2
4480 2
3244 1
13707 -1
-44954 1
-60237 2
37512 -1
-28664 1
19836 1
-42031 -2
8136 -1
6947 2
-89094 -1
11300 -1
-90926 2
26304 -1
32771 -2
-41384 -2
-24009 1
-42583 1
33882 2
7076 2
-14881 -1
-94784 -2
-88926 1
33972 -2
-78320 2
30230 -2
-5309 1
43275 2
-65207 -2
-43731 -2
14012 -2
-62967 1
10401 2
-49061 1
39253 2
-62115 1
28315 2
34547 1
-7238 1
49125 -1
34067 1
-31173 1
-81580 2
-75377 -2
-25921 -1
-53076 -1
-31829 1
-37359 -2
-42885 2
-34005 2
16050 -2
-48298 1
1034 1
-68405 2
8888 1
-63907 2
-3533 -1
-23243 2
-53826 -1
-63974 -1
41143 -1
34163 -1
-44499 1
-6805 2
33712 2
-70978 2
-31 2
8907 -2
-89748 -1
-58242 -1
-63190 1
-51880 -1
-22761 -2
35347 2
-6132 2
-89975 2
48300 -2
-59193 -2
-46423 1
-78457 -1
9982 2
-30367 2
-37424 1
-2601 1
25343 2
-82956 -1
-27858 -1
-18621 -1
-31091 -2
-12788 2
-82389 2
24637 -1
-62558 -2
46421 -1
46683 -1
10791 2
-51116 2
-90919 -2
-39427 -1
-21698 -1
14722 2
-39038 1
-45159 2
-36191 -1
-30462 -2
-43861 1
-84355 -1
-93670 2
36662 2
-30625 1
-64208 1
-12628 -2
45282 1
-80058 2
13957 2
-85280 2
-91755 -2
-57974 2
-61382 -2
-84660 2
-50818 1
-43643 1
45555 -2
35245 -1
-15052 -1
31940 -1
-48615 -1
-93010 1
-53082 -1
2769 -2
-76703 -1
-39894 2
-9935 -1
-21056 -1
-98870 -2
5413 1
4601 2
-71831 -2
33468 -1
-22227 1
29679 -2
-31898 -1
-13893 -1
-13473 -1
-9614 1
34111 -2
-81859 -2
5440 2
-5566 -2
-21620 -2
30250 -1
-71518 2
-15763 2
21693 -2
11152 2
-9121 2
-62555 1
-81135 2
-63672 -2
32874 -2
4495 -2
-59214 -1
22659 -2
17810 -2
-99826 2
-14026 2
12909 2
-71242 1
14397 1
-66558 -2
-81335 -2
14564 -2
-95432 -2
-53620 2
-43647 2
-77104 -1
28549 1
6450 2
19101 -2
21130 -2
36834 2
-8910 2
-14561 -2
-83944 -2
-75827 -2
2975 -2
-3670 -1
13404 2
-97821 -1
-89606 -1
25193 2
4520 2
-78750 2
-62775 2
-84818 1
-79792 -2
-4382 -2
-71623 -2
8059 1
43268 -1
-50431 -2
-48152 2
41725 2
-72306 -2
-72462 -1
-11329 -2
-24705 -2
15123 2
-87842 -2
5501 2
-64160 -1
-28750 -1
43212 1
15462 2
7535 -1
-89678 -1
-90755 1
-10578 2
-67568 2
39301 -2
-47486 -2
-74731 -2
-61416 2
-19357 2
-66401 1
33400 1
3889 1
47447 1
7899 1
-39475 1
-76670 -2
-28401 2
-12512 2
-37391 -1
-44354 2
21238 -2
-79272 2
-28191 -1
-11442 2
32048 2
-11676 -1
41055 -1
-86929 2
7098 -2
-79224 -2
-86185 1
-94962 -2
-2847 -1
-17307 2
48032 -2
9158 2
-3598 2
-67228 -1
-63860 1
12129 -1
-66204 1
-15200 -2
-51591 -1
-90211 1
-10863 -1
-67655 -2
-490 -1
-75018 2
49712 -1
-44396 1
7916 -2
-75378 -2
-87968 -2
16534 -1
-37985 1
-49841 -1
-86310 1
-17024 -1
-77833 2
-87575 1
-89671 -2
12889 2
-7812 1
8404 -1
-42098 1
-18733 1
-34940 -1
-78899 -2
-25503 -1
-45084 -2
13578 1
9846 -1
-82166 -1
25735 1
7491 2
-63462 -1
-33823 -1
-74629 2
-77487 2
-11387 -1
-23595 -1
-86380 -2
7293 1
43524 1
-58759 1
-3402 1
17792 1
17228 -1
-44994 -2
-78881 1
-17197 1
-71610 1
-65808 2
-43297 2
-71027 2
30443 1
-44168 2
11379 -1
-83211 -2
40052 1
-26482 2
-37087 -2
18118 1
37844 -2
-25712 -2
3598 1
-56699 -2
47451 -2
-31413 1
799 1
-98992 -1
-22604 2
-21971 2
-60816 1
30546 -2
-80563 -2
-85412 -2
-50498 1
-66218 -1
-68839 -1
40849 1
-53021 -1
-22399 1
25506 1
-17427 -1
-12949 -2
-70200 -1
-59507 -2
-62856 1
-97717 -1
-45098 2
-55664 1
-37378 1
-20857 2
-53286 -1
-23612 1
35320 2
-83468 -1
3368 2
-78296 2
-53522 1
-62456 -1
47971 -2
11461 1
11934 -2
-86745 2
-30555 -1
-57738 1
11436 1
-38834 2
-50141 -2
13815 -1
19069 1
-83634 1
-25807 -1
-26836 -1
-34904 1
-44568 2
-84346 -1
-83026 -1
-74428 2
29366 2
-49212 2
-42650 -2
-45853 2
-71698 1
-12588 1
-48193 2
28340 1
23118 2
-49916 -2
30835 1
34174 -2
-79693 -2
-52324 2
26870 -1
15788 -2
-72064 -2
8833 -1
12842 1
-65639 -2
-39056 -2
-13509 -2
19718 -1
-25641 1
10899 -2
-73080 1
19041 -2
34669 1
-56876 1
-77192 1
-50394 2
17023 -1
-93021 -1
-14203 1
-52487 -1
-84097 -2
12379 1
47426 1
-17047 -1
40304 1
-48210 1
-2568 -2
-40340 2
11690 2
20838 1
-26637 -2
-66646 -2
-19281 2
37689 1
-54416 2
18990 -2
2165 -1
-95695 1
-40931 2
45337 2
-35697 -2
25556 -2
-8836 2
-6319 -1
-3230 1
8144 -1
-68998 -1
38437 2
11629 2
30130 2
24719 1
-10079 -2
-29238 -2
-88289 -2
14385 -2
-11308 1
-97626 -1
-81452 -2
-25471 1
-2330 1
-38417 -2
45359 2
-63056 -1
-3791 2
17472 2
-72200 1
-29434 2
48153 -1
-97341 -2
-22401 -2
16468 -1
39716 2
-59241 -2
-96985 -2
-36973 -1
-21203 -2
-2199 2
42793 2
49976 1
46718 1
17085 2
49841 -1
5838 -1
-2761 -2
-65068 -2
-60384 -1
-89369 1
-76987 -1
-20370 2
-98469 2
10598 -1
27493 -1
42584 -2
27869 -2
-72965 1
-28634 -2
-59578 2
-10691 1
-22732 1
-21264 2
-51533 -1
-78357 1
-97456 -2
44676 1
-85371 1
-30646 -2
-18245 1
-25075 1
-50345 1
-56221 -1
-29543 2
-88614 -1
-47287 1
35950 -1
37401 -2
-31247 2
20688 -2
15030 -1
24771 2
-41820 -1
-88850 2
14423 -2
-76780 -1
-17180 1
-33829 -1
-73089 1
-63166 -1
-16457 1
-53230 2
11447 -2
-12732 1
-85511 -1
-40971 -2
-48265 -1
-47753 -1
-26319 2
-50804 1
26724 -2
-26009 -1
-47414 -2
22385 1
-57043 -1
-20950 -1
-59335 1
47150 2
-5919 -1
-44301 1
-56537 1
-19560 2
33024 -2
42498 1
-44921 1
8202 2
-31229 -2
-68044 1
-70996 -1
-68140 -1
-55900 -1
17187 2
-50292 -2
-60570 -1
-97872 2
-91627 -1
14156 -1
41706 -1
-997 2
-54885 -1
5971 1
-51723 2
38100 2
-42706 -1
18530 -2
-8980 -2
-79301 -1
-27238 -2
11922 -1
49397 1
-65758 2
-86305 1
-63212 -1
-91618 1
-86423 1
2062 -2
2636 1
-72811 -1
32327 2
-83225 -1
-23904 -2
46124 -1
-83070 -2
-47456 2
-92621 1
-45309 -2
9254 2
-44913 1
-29015 -2
-4915 2
-87795 1
46208 1
-44045 2
-70590 2
42880 -2
-77828 2
-69425 1
-23006 -2
-70560 1
-97928 2
44918 -2
14757 1
-52099 1
-7180 1
28634 -1
-38220 2
-23167 -2
-65996 2
-53616 -2
-58455 2
28457 -2
16129 2
-83651 -2
17118 -1
-71116 2
-52877 1
-90367 -1
39453 -1
34796 1
-26862 -2
-19073 -1
-89508 -1
-85337 -1
-43630 1
-66713 2
35970 -2
16960 1
-6877 -2
-89376 -1
20300 -2
-7878 1
-79572 -1
-60307 -2
7694 1
13830 -2
-99295 2
-21829 1
-6482 2
40675 -1
18451 1
9611 1
-30506 2
-92080 -1
39596 1
-44471 -1
-25951 2
2525 1
-52669 1
-6852 -1
6130 -1
-35034 2
-8266 2
-45876 1
-14768 1
-79653 -2
36151 2
-41759 2
15145 1
-49279 2
13488 2
25453 -1
36900 2
-18605 -1
-34343 -1
-66506 1
-10332 2
-5007 -1
27933 2
-21163 2
19764 1
-20540 -2
-42443 2
-10463 2
-80170 -1
40653 1
-83805 -2
-34448 -2
-97331 -1
-21642 -2
-70936 -2
-61944 1
-89505 -2
-57834 -2
-54423 -2
-35223 -2
-17571 1
-29284 1
-85572 1
-10519 -2
-24131 -2
-13229 -2
-70003 -1
-16534 1
-70314 -1
7238 -2
-94365 -2
-11515 1
-7225 2
-79687 -1
-8150 -1
14264 -2
-30119 -2
-29618 -2
519 1
-5442 1
22206 -1
-71042 2
-9891 1
33077 -2
-15040 1
-63903 1
44071 1
-82644 -2
-38606 -1
-22878 -1
24484 1
49782 2
-41208 2
-84742 1
-30153 1
-36376 -1
-98276 -1
20732 1
-96965 -2
-48223 2
-6462 1
-35125 -1
-15919 -2
-90533 1
-82928 -1
-88125 -2
41041 2
-91337 -2
-80932 2
-90327 -2
-88683 2
-30745 -2
-73927 1
43672 -1
-38043 1
-67870 2
-61490 -2
-84584 -1
-13446 -1
41362 -2
-29576 1
-57640 2
-2431 1
-90896 -2
18404 -2
-20581 -2
-20945 -1
16834 -1
31758 2
44135 -1
-34152 -2
13970 -1
-95439 -1
-63712 -1
-24595 2
-60415 1
40214 2
-9239 -1
-60884 -2
-2565 2
-66667 1
-35656 -1
46663 2
-72146 1
-19982 2
-64278 2
47038 -2
38573 -2
-11559 1
33142 1
20765 -1
-59666 2
-59479 1
-4288 -2
24351 -2
-18222 2
-61396 -1
-5590 1
-59439 -1
-86854 -1
-52504 -1
-91969 -1
-52173 2
-34381 -2
26707 -1
-20717 -2
27824 2
27530 -1
44060 2
-98392 -1
-98804 1
-26175 -1
-99598 -2
30959 2
31977 -1
-5761 -1
-14654 -2
-87631 -1
29550 1
37485 1
-28939 -1
-29661 -2
-40504 2
40993 1
-54939 2
-79606 1
-87691 -2
14557 1
-42376 -1
-64356 -1
-512 1
-59964 2
-19771 1
43134 1
-57797 -2
-41672 -2
14713 -2
15165 -2
-77997 1
-82249 -2
34205 2
-29147 1
-99814 -2
34874 2
-12908 2
25698 -2
14756 1
29604 1
-29486 2
1590 1
-94134 1
-66222 -1
-99882 -2
-25197 -1
-74925 -1
-70171 2
-49314 1
-23463 1
-91559 -1
-47496 2
-71439 -2
13809 2
12928 -1
-31558 -1
-88802 2
-13936 2
-21320 -2
15277 2
-89477 -1
-99775 -2
-43045 -2
-9645 1
-72222 -2
24632 -2
26829 2
-80663 -1
12105 -1
-40198 2
31787 -2
-52326 -2
25048 -2
-33128 2
-59527 2
-10488 -1
-89413 -2
-41191 1
47087 -1
-3512 2
-73262 -1
-44956 2
-43793 2
-75885 2
28764 -2
-37950 -2
-90634 1
-43204 1
-28046 1
-3847 -2
-45583 2
-20451 2
-45966 -1
-73424 2
22276 -1
19497 1
19088 2
-27299 1
-93916 2
-57405 2
-84215 -2
-63216 -1
42421 -1
-39021 -1
-12953 1
-5494 -1
-84337 -2
-57446 2
-43145 2
-5973 2
46729 2
-59283 -1
-75060 1
29567 2
39420 2
-1953 2
-27617 2
-80851 1
-61556 1
-33419 -2
-52483 -2
8656 2
-48143 -1
24535 1
40307 -1
-7914 1
21025 2
-98287 2
42338 1
20919 -2
-10779 -1
-74456 -2
-37182 -2
-70587 1
-68176 2
-61816 1
-58276 -2
30146 1
-22639 -1
-59333 2
-40569 -2
-25098 -1
-61226 1
841 2
-56733 -1
-2512 2
-75179 -1
-65421 -2
13775 2
-24582 -2
-2614 2
-16861 -1
-56055 -1
-90845 2
-47848 1
49330 1
17780 1
-21555 1
-31169 -2
-84492 1
-4018 -1
24688 -2
-75949 -2
-92292 -1
-77218 2
41134 -1
22299 -1
1287 -1
9896 2
-39233 -2
26953 2
-30638 1
-68666 2
-27984 -2
-30711 2
26486 -2
-82771 -2
-16355 -1
-61853 1
-56601 1
-74206 -2
46251 1
46951 1
13128 1
-98237 1
-28579 -2
9848 2
-3474 2
-85416 -1
-37044 -2
-81238 -2
1235 -1
-61485 2
-89940 2
19314 -1
6778 1
-82629 -1
-13264 2
-77840 -2
-91408 2
-3742 -2
-66720 -2
3687 -2
-16636 -1
32963 -1
9263 2
25860 2
-62526 1
-60448 -1
-57371 2
1882 -2
-52715 1
31149 1
-664 1
-64400 2
-66427 -2
9298 -1
9976 2
-1517 2
3083 -2
-17173 1
38386 -2
44665 -2
-15109 1
-22547 2
23302 -2
-3870 -2
-63856 2
-68886 -2
43624 -2
44496 1
-30599 -2
-21802 1
-43388 1
-98815 1
-440 -2
-23004 2
-24373 2
6015 1
-27801 1
35169 2
-57560 -2
4427 -2
-79379 1
-21512 -2
48090 -1
-34861 -2
-59067 -2
2981 1
-65577 -2
-44802 1
-89639 -2
33868 -2
-6257 2
-91982 -2
43647 2
30249 1
11262 -2
-39511 -2
-44959 1
-10397 1
-76681 -1
1271 -2
-13340 2
49964 1
19367 -2
39243 1
-50550 -2
32310 2
-74498 2
46637 -2
4907 -2
16261 1
31075 -1
-28115 2
-48401 2
-13654 1
-98662 1
-29757 2
-87991 1
-32862 -2
-74676 1
-7694 -1
-20873 1
45560 -2
598 2
-49885 -1
-21093 2
-53309 -1
-86174 2
-18559 2
38675 2
36849 -2
-14815 1
-87325 -1
-24250 -2
-24731 -2
-11785 -1
19092 1
19514 2
-54889 -2
-64128 2
41990 -1
-47801 -1
-11343 2
-55891 -2
18187 -1
27956 2
-63074 2
-45105 2
-6623 2
-79087 2
-4599 -2
21056 -2
-13171 -1
-39454 -1
-57618 -2
-90452 1
2486 -2
-74452 2
-76329 -2
-24067 2
-48771 1
257 2
47132 1
49136 2
47014 -2
35090 1
-24827 -2
-33273 -2
-15210 1
45442 -1
-78887 1
-75762 2
35764 2
-44015 -2
-19055 -1
-26349 2
-53672 2
248 -2
-28366 1
-71618 -1
-70404 -1
1438 1
18398 -2
-90259 1
-91307 1
-41883 -2
-45620 2
-81976 -2
-84276 -1
-26142 -1
-22312 -2
-55091 2
22678 1
-64379 1
-21827 -2
-25266 2
-76263 -1
-55102 -1
-20592 2
39027 2
-11998 -1
39782 -1
-18124 2
12491 -1
-20232 -1
-63541 -1
5768 -2
42903 1
-42775 1
-7490 2
-60717 -2
-55016 2
-24718 1
-54833 -1
-18053 -2
1387 -2
-95291 -2
-12318 1
-74375 -1
-8890 -2
-95241 1
-81913 -1
29356 2
48473 1
41306 -1
-23030 -2
-77308 -1
-95004 -2
-795 2
-29850 1
-54978 -1
-31600 2
-70152 -1
-73128 2
-50073 2
25604 -2
10213 2
-17883 -2
41291 -1
-51378 -1
-64504 -2
41792 -1
44916 -2
-44475 -1
32149 2
-65375 1
46707 2
47391 -1
-92847 -1
-93327 2
-10240 1
-25831 2
-89049 2
-6238 2
-9841 -1
-86838 1
-22329 1
33603 -2
-18129 -1
23489 2
-86972 -1
-35791 -2
-42264 -2
-60682 -2
-51858 2
-25653 -1
-72124 2
11188 -1
-74285 -2
36969 1
-60014 1
28084 -1
-34634 1
-54674 -1
1149 -2
20888 -1
-97438 -1
-44514 2
30255 1
-1757 1
-7399 -1
-36871 2
19952 2
-70837 1
-20081 -2
17878 -1
-87087 -2
630 1
-62962 1
1690 2
44950 -1
-20293 2
-47355 -1
15421 -1
-91774 1
-57178 -1
3195 -2
-34276 2
28078 1
-73150 2
-16022 1
2054 -1
-41175 -2
-13400 -2
-70596 1
19394 -1
-14519 1
-37686 -2
-28679 -2
-99659 -1
25692 -2
-85124 1
-65769 1
32496 -1
2193 -2
-66372 -2
26826 -2
-57778 -1
36451 2
-76515 -1
23673 2
-74531 2
37132 -1
-24039 -2
-85839 -1
-87835 2
-63393 1
-70754 1
22255 -2
20791 1
-14719 -1
-38956 1
-94113 -2
-46607 -1
19515 2
-35579 2
-36931 1
-30084 2
8141 -1
-63015 -1
12576 1
14888 1
-13886 -1
48791 -1
-25134 2
36616 2
7467 -2
35718 2
44404 -1
-60322 2
25597 1
842 1
26511 -1
-60696 -2
2598 2
-69381 -2
-29124 -2
-27065 -2
-93277 -1
-87780 -2
-38056 1
-87614 -1
-38428 -1
-49287 -1
-45567 -1
-48030 -2
-74473 1
-42877 2
-83209 -1
-49330 -2
4299 1
-82423 1
14372 1
-75596 2
-35544 -1
-8746 1
9795 -1
-84828 1
38508 1
-67564 1
-40585 2
-44981 1
-34339 -1
48238 1
5632 -2
-25110 1
-85188 1
-21399 -1
-85850 -2
24388 -1
-33063 -1
-54027 -2
-24628 2
-74061 1
-17997 -1
-46055 -1
3782 1
-70917 1
-12421 1
5576 1
-68983 1
5422 -1
-63796 -2
-9801 -1
-8734 -1
17288 2
-31062 -2
-97911 -2
-37539 -1
-71530 -1
-35745 1
-40775 -1
38995 -1
-54864 1
-84340 1
-18558 -1
-33202 1
34561 -2
-39976 1
34264 2
-43518 -2
3600 -1
12828 2
-61730 -2
24555 2
-31294 2
-1029 -2
-50707 1
-93501 1
-52298 -2
-50819 -1
-73741 2
-47833 2
-28466 2
-68616 1
-97710 1
-77526 -1
-14779 2
30571 2
49161 1
-32954 -1
33965 -2
-79964 -1
26590 1
-65082 -1
-53703 -1
-19543 -1
-96954 -1
-83243 1
-29042 -2
-10542 -1
-80630 -2
-14381 -1
28162 2
-41846 -2
20821 -1
43914 -2
-41262 2
-35968 -2
-98561 -2
-41278 2
48460 -2
-42084 1
-12946 -2
3606 1
-56967 -1
-31358 -1
38037 2
-62473 -2
-70714 -2
10166 -1
35037 -1
-92250 2
-45842 1
-42832 -1
-80841 -2
-99491 -1
-64780 1
-11801 1
-42410 -2
-76170 1
2222 -2
16582 -1
22748 1
-77043 2
21573 -1
-59470 -2
-73506 -2
-4585 1
-40354 1
-54877 2
-18235 -2
-7051 -1
-98632 -2
16197 2
-50729 2
-94980 -2
7780 1
5016 2
11591 -2
-89210 -1
-56323 2
-62395 -1
-44376 -2
-74623 2
-34313 -2
-46903 2
9939 2
-51587 -2
-10154 1
-96669 -1
-68949 2
-28391 -2
-50629 -2
-84024 1
33876 1
18369 -2
-2732 2
-521 1
-49946 -1
40075 -1
44483 -1
-30888 -1
-70817 2
28581 -2
-86372 1
-46750 1
-13017 1
12187 -2
-36781 2
39538 -1
5469 1
-82469 1
-40396 1
31376 -2
-6234 -1
29746 -2
-83213 -1
-80369 1
-67462 2
-31961 -2
30307 2
-47105 2
-4790 -2
-32860 2
-57088 -1
-72899 2
-14777 1
22628 2
-68138 2
26900 -1
-40454 1
16013 -2
-72794 1
-65548 2
-8978 -2
-11055 1
-47803 -1
-1775 2
17486 -2
-78173 -2
-76050 -1
-99707 1
33057 -2
18364 1
-48385 1
-27592 2
-84621 2
-68673 -2
-36098 -2
-49739 -2
-37237 -1
-84637 -1
39684 1
-91570 2
-14447 -1
-36499 -1
-69160 2
-32998 2
-24988 -1
8111 -1
-4276 2
-952 -1
-59392 1
-62453 2
-48051 1
-38646 -1
-57292 -2
-56146 -1
-57708 -2
-60059 -2
49587 -2
-35782 1
-26940 -1
-14918 -2
34145 -2
-38766 -2
-19782 -2
-50525 -1
5976 -1
38977 -1
24954 2
-7286 -2
-32919 2
-71864 -2
10543 2
-78506 2
2493 -2
48177 -1
-8985 1
-52984 1
-21797 1
-48129 -2
-34764 2
5523 1
16940 -2
-96518 -1
-42514 2
-4797 -2
-4024 1
28430 -1
-77668 2
-54560 -2
-36030 -1
-66655 -1
35087 1
-42937 1
-8153 -2
3018 1
-40449 1
5801 -1
-61615 2
-89493 2
21703 1
4197 2
13602 -1
-59786 -1
-24499 -1
2488 1
-40611 2
4098 -2
-8921 -2
-68851 1
-62384 1
-63474 -2
-46948 -1
48197 2
42198 -1
38217 -2
49177 1
37859 -1
-65149 1
-29449 1
49316 1
-39343 -1
-97151 1
-38822 2
-42717 -2
31978 -1
-26668 1
-99941 -2
-91192 2
-41986 -1
23723 2
13463 -1
-333 1
47435 -1
3043 1
-46680 -1
19858 1
-2148 1
-94454 1
-30546 -2
-13621 -2
-42797 1
-4896 -2
-72623 1
-26364 -1
16384 1
-33804 -2
-35845 -1
11006 1
22714 -1
44211 -2
-25059 2
13138 2
-6406 1
22746 2
-86150 -2
13189 -2
-75983 1
-92266 -2
45705 2
-41043 2
-45122 2
29074 -2
37217 -1
-37960 2
-4372 1
-99596 1
15939 -2
-5543 -2
-47945 -1
-62800 -1
-61244 -1
-38981 -2
-48419 2
-67407 -1
-65791 -1
-48758 2
12558 -1
16036 -1
-16681 2
11229 2
-54588 1
-80538 1
25686 -2
-28620 2
-60537 -1
-15206 -1
-11263 -2
-86491 -2
-38180 1
43355 -2
20539 -2
-94829 -2
27446 -2
-51133 1
-12710 1
-16938 -2
-17987 1
-24198 2
-39115 2
-33905 -2
-24317 -1
-83705 2
-90848 -1
-74952 -2
8177 1
31920 1
24521 -1
-4474 -1
-89344 2
-315 -1
-24537 -1
-69227 -1
46246 -2
-38131 -2
36015 -1
-1018 1
-4325 -1
38197 1
-77444 -2
-60313 -1
3704 2
-79710 1
-78734 -1
25847 -1
42598 1
-60299 -1
-31860 -1
-85646 -2
-75385 1
-76501 1
-8621 2
25662 -1
-11624 -2
-9668 -2
2837 -1
30894 2
-52421 -1
-25394 2
-62757 1
9930 1
-93058 2
40895 -2
16414 -2
14619 2
-15745 -2
-24278 -2
-1690 1
-51121 -1
-28410 1
30871 1
-83731 -2
-66502 2
-77064 2
-20131 2
12637 -1
-40936 1
44695 -2
-84437 1
-6797 2
-12771 2
35762 1
-94342 2
44757 -2
-94112 2
-12824 2
-57892 -2
38007 -1
-86640 -1
20786 -1
25833 1
13275 1
-9647 -2
-12800 2
-4678 2
8901 -1
-72098 2
34554 -1
25426 -2
-10392 -2
-33769 -1
-76243 2
-98176 -2
-98609 2
-87119 -1
-31215 -1
17123 -1
-4991 1
23296 -1
20952 1
8845 -2
-71663 1
2314 1
20338 2
-60580 1
-35467 -2
-35312 -1
12734 -2
-44670 2
8593 -1
-41382 2
9183 1
28436 -1
-63019 -1
-77671 2
-48098 -2
-45759 1
-40015 -2
28381 1
23618 2
-4329 -2
-71210 -1
-33621 -2
-21439 -2
-8365 1
-36383 1
-53308 2
12524 1
48432 2
-19134 1
-50025 2
-15681 1
18987 2
-74273 2
-2223 1
49711 -2
42775 2
43895 1
-4236 -2
-62236 1
-28033 -2
3369 -1
38056 -2
-23926 2
17822 2
-6685 2
4470 2
-42741 2
-22879 -2
39031 -2
45502 2
28460 -2
33318 2
-27363 -1
-2631 1
-31492 -1
29105 1
-56873 2
-97044 -1
-36857 -1
16964 2
18854 1
-42630 1
33051 -2
-43088 2
-66757 -2
-27403 -2
-11237 1
11806 -2
-23933 2
-76707 2
15856 2
-69037 -2
-98878 -2
-90739 -1
33006 2
-6137 1
-68118 1
-52110 -1
47939 -1
-52124 2
-67489 -1
12782 2
-80832 2
-8763 2
9174 1
9265 -2
-8509 -1
3706 2
-14824 2
19721 -2
-40574 -1
-75707 -1
-65450 2
-37334 -1
-8306 1
-32992 -1
-34953 -2
-74894 -1
-38198 1
-90602 1
-54069 -2
-87065 -1
12527 2
-83384 -2
-45720 -2
21691 -1
-65669 1
-87478 2
-18629 1
41522 -1
3393 -1
-60498 2
38773 1
-61738 -1
39080 2
-83144 1
6739 2
11677 -2
-81382 -1
-58940 -1
-12459 -2
-32743 -1
-18913 1
47478 -1
1535 1
-89698 -1
-21906 -2
-3052 2
-74799 -1
-10615 2
10957 -2
39740 1
24184 -2
-57580 1
-33819 -2
-73543 2
-24461 -1
-38935 -1
-34116 -2
-81929 1
-59098 1
-17248 1
6074 1
43232 1
26958 -2
-99786 -2
-65432 2
11985 -2
24824 -2
-2155 2
-505 2
27745 2
-99154 -1
-96594 1
-3905 -2
-20777 1
-49010 1
-39481 -1
-45634 -1
9498 2
12671 1
8684 -2
6793 1
36600 -1
19225 -1
30804 -1
10310 1
6742 -2
4289 -1
-99897 1
36348 -1
-87129 -1
35017 -1
-63580 -1
-80144 -1
-70607 -2
-26241 -2
-46696 1
39640 1
-75218 -2
-73783 2
-26740 -1
-16877 1
8638 -2
22660 -1
-17996 -2
37087 -2
-19003 -2
-91044 2
-28997 2
-50856 1
479 2
-11981 2
-46663 -1
35684 2
-16899 -1
-59838 -2
-64172 -2
-30342 1
-54364 2
-9757 -1
26077 -1
30246 1
-39861 -2
-27593 2
-15449 -2
-63927 1
4808 2
-81358 1
507 -2
-52682 -1
-92393 2
-97825 -1
-21953 -2
10251 -1
9544 1
-74895 2
-62673 2
-98111 -1
19023 1
-15390 -2
-74850 2
33670 -1
-17233 2
-15608 -1
-87094 -1
-55288 -2
32415 2
18634 -2
-29767 2
-28880 1
31334 -2
6593 -1
17094 2
-6064 1
-76961 2
22569 -2
3226 2
20599 -2
-37367 2
-10754 -1
42304 -1
21227 -2
-55163 -2
-30058 -1
10001 -2
3432 -2
46396 -1
48567 -2
-30658 2
-13410 1
-44923 -1
16276 1
-15570 1
-83316 1
-86218 -2
-3011 2
-43523 -2
-69363 -2
13097 -1
-79911 -1
-65413 -2
-85259 2
-7641 1
-79576 -2
17722 -1
-51630 1
-47104 2
35148 -2
587 2
26030 1
25567 2
393 2
-43899 2
4396 2
38445 -1
-55890 1
-53420 2
-35807 1
-77649 -1
-66606 -1
772 -2
-75721 -1
-14460 -1
-99365 2
-14743 1
446 1
-87204 2
3126 -2
-36877 1
35691 2
-25932 -1
43690 -2
3172 2
-59975 1
-97238 -1
1815 1
14727 2
-58035 2
-96199 -1
-9228 2
-99757 2
6970 1
27841 -1
-72898 -1
-47600 -2
-28846 -2
22785 1
-48313 2
20397 2
-17905 -1
34935 1
-30060 2
-81018 -1
-86726 -1
-2916 2
-78045 -2
42893 -1
35146 -2
-26561 1
-53610 1
-39236 2
-66077 -2
6812 2
-9628 -1
-24580 -1
-74867 -1
-202 1
-47398 2
-77663 -1
40295 -2
-72232 2
-24663 2
214 1
-724 2
-42935 1
-8272 1
-26945 1
-60095 -2
-16303 -1
-45365 1
-92435 -2
42411 -1
-78053 -2
-83657 1
-4899 -2
-57328 -1
44898 -1
33171 -2
43167 -2
-32981 -1
-89710 2
-77556 -1
-44718 1
24799 -1
-10243 2
-5263 2
-33135 2
-46840 -1
-12564 1
-94304 -1
-65805 2
-68452 1
-87489 1
-72136 2
6602 -2
-62872 1
-38497 2
-85675 1
-1429 -1
37534 -1
12375 2
11942 -2
18479 1
-21497 2
-2004 -1
-66978 2
-8866 1
-31127 2
-58560 1
11216 2
-82571 2
-16207 -1
-47867 2
-87987 -2
-23754 2
-87769 -1
38134 1
10966 2
46269 2
-30013 1
-27704 1
-6432 -2
-98756 1
-18293 1
-52279 2
-52361 1
-3163 -2
-18831 -1
44788 -2
-10966 -1
-35297 -2
44361 -2
31002 -1
-51065 1
-17533 -2
-25418 2
-89855 -2
37211 2
22727 -1
32623 -1
-25168 2
-34328 2
-41783 2
-65595 1
-41792 2
-64807 -2
-45186 1
-90222 -1
29721 2
16723 -1
-64566 -2
-89629 -1
15447 -1
34402 -2
-23793 2
-85459 -1
-10394 -2
-14554 -1
-11280 -2
-14681 2
21466 2
-22247 2
-31910 1
-38161 1
-79461 2
-77616 2
2470 1
-85996 1
-69711 1
-7448 2
32304 1
-60653 -1
-85486 1
20071 1
-24724 -2
-95615 -2
30827 1
-40230 -1
-90674 2
5529 -2
-61566 -2
15621 1
-18828 -1
-95370 -2
-65608 1
22452 2
-28443 1
-91713 2
-19715 1
-13007 -1
7924 1
-4548 2
-34888 1
-8869 -2
6153 -1
12319 2
-60511 -1
-71591 1
-79642 -1
-41091 -1
-38567 -1
-97681 2
-60989 2
763 2
-90554 1
-14628 -2
-56908 -1
-36883 1
-79546 -2
-12274 2
-46914 -1
-77925 -2
-21714 1
36182 1
-77560 1
33684 -1
-99998 -1
47265 -1
-30856 -2
-63238 2
-47111 2
-40195 -1
-29816 -1
12539 -1
-40656 -1
17768 2
6787 1
-10322 -2
-51959 2
-56633 -2
475 -1
7933 1
-83984 -1
-94833 -2
-56676 1
-77863 -2
-24094 2
-18099 -2
-61916 -1
-95649 -1
-9741 -1
-30038 -2
-60374 2
-59713 1
-17365 1
31961 2
28698 -1
-2128 -1
8107 -1
-77758 -1
22487 -1
-35978 2
-9092 2
13855 2
-54576 2
35236 1
-57278 1
18174 -1
-26803 -2
-51833 -1
-89624 1
-98312 -2
-39780 -1
-82656 -1
-92970 1
-32617 -2
-55177 2
-17536 2
39322 -1
-51804 2
5280 -1
37261 1
38656 1
-57838 -2
7970 -1
-76369 -1
43046 2
34427 -1
-79468 1
-60704 -1
-43308 2
15119 2
39157 1
-74822 -2
9570 1
-50872 1
-53567 2
-47834 -1
38168 -1
-92751 -1
13776 -2
13106 -1
-71555 -2
-96475 -2
-19206 2
-43656 -1
-46851 2
-18225 1
23265 1
-14708 -1
-54047 -2
6402 2
3316 -2
8719 2
-30590 -1
-95192 -2
36029 2
-47494 2
-27741 -1
36646 1
-4712 -2
21970 2
-955 -2
26276 1
-41928 1
-2277 -1
43641 -1
-61441 2
-48418 -1
-49876 1
-9684 -1
-5651 2
-98688 -2
-93987 -2
-44945 -2
-40400 1
455 -1
-28765 2
716 1
-50254 2
32889 -2
-32279 2
22328 -2
-74059 2
45814 -2
-69252 -1
21326 -2
-76260 2
-73281 -2
9956 1
16469 1
17125 -1
-95131 -1
-50896 -1
-5118 -1
-51455 2
-73705 1
-8772 -1
-65394 -2
-37615 -2
41470 2
43548 2
-7987 -2
-62547 2
-17498 1
-18062 1
-67936 1
-92613 -2
41378 -2
-66387 2
-12163 2
28677 -2
-84889 -2
32003 1
-3931 2
24677 -1
1932 -2
-95288 -2
41526 1
35564 1
-52687 1
-91554 1
-33334 1
39277 2
33635 -1
30111 -1
-488 -1
19345 2
-65879 -1
-21793 -2
7181 1
-6289 1
28985 1
20303 1
-88757 1
-58371 2
-47592 -1
2936 -2
41716 2
43584 2
-46071 -1
-56273 2
-33932 2
-84077 -2
-3636 -1
-32584 -2
3478 -2
3612 1
-16765 -1
-43375 -2
11267 2
-56406 -2
-13263 -1
-49927 2
-72937 2
-89237 -1
30836 2
3925 2
-45119 1
25411 -1
-56841 -2
17741 2
-92314 -2
-22280 2
-46242 2
-80836 2
-11547 -1
33923 2
-24485 1
4708 2
-98124 1
-20090 -2
-80652 1
-23216 -1
-87810 -2
-31277 2
-40822 1
8626 -2
32080 -2
-67466 2
-3365 2
-3856 2
-38294 -1
38024 -1
27712 2
-92252 1
-14994 -2
-77702 -1
-8562 1
41923 -2
-98194 1
2917 -1
-27745 -2
-47605 1
47802 1
-7190 -2
47179 -1
-57879 2
-16704 1
-35835 -1
-62515 -1
-30259 -1
-70509 1
4332 -1
-60491 1
-26229 -2
-27501 -1
45667 -1
6131 1
-84875 2
-91150 2
-80257 -2
-81468 -1
19604 -2
-98499 -2
-61045 1
-66376 -2
49335 -1
37545 -1
-89581 2
12949 -2
-4703 -1
-62479 -2
-2045 1
-72879 -2
13605 2
-82584 1
-35261 2
-34864 1
45554 1
-39148 -1
-74761 -1
-68181 1
49835 1
-48179 -1
-128 -1
-97379 -2
18949 1
9878 2
37934 2
-90479 -1
-78062 2
-95995 -1
-48007 -1
28032 -2
-77698 2
-86601 -1
-66753 -1
-5786 -1
-22379 1
-29980 -2
-71817 -2
19081 2
-94839 -1
449 -1
-18128 -1
-83753 2
40735 -1
-72711 1
-54954 1
-23451 1
-35074 -1
-68244 -1
4661 2
39491 -2
-78918 2
-22660 1
-31165 1
20686 1
-32953 -2
-17306 1
-18229 -2
-67329 -1
-11679 1
-17083 2
24899 2
-39329 -2
-5080 -1
-31177 1
36100 2
40220 2
23057 -1
34580 -1
-85268 1
-19919 1
-94033 -1
-13492 -1
-14065 -2
-42412 -2
-33666 -2
-50543 1
-5422 -1
-21967 -1
-50605 -1
-44715 1
1027 -1
-78066 1
-24069 1
-74032 2
-63762 -1
-18178 2
-82940 1
-67375 2
-26971 2
17494 1
22747 1
-8515 1
-25567 2
2415 1
-23113 -1
4741 2
-28785 -1
-69787 2
-85171 -2
22270 -2
-18397 -2
-8493 1
-66311 -1
-7275 1
-94368 -2
2183 2
25819 2
22868 2
2223 2
-27982 1
36591 -2
-37062 1
-47796 1
-63519 2
-40222 -1
-15217 -1
-59044 -2
3103 2
33554 -1
-89972 -2
-13154 2
2539 1
27252 2
-57373 2
31761 2
-28712 -1
5414 -1
28106 -1
-1844 2
-28763 1
-58681 1
-32240 1
-70250 -2
11618 2
44808 2
-78759 1
-20779 1
-21875 -2
-65204 -2
43587 -1
-923 -1
-72837 -1
-88552 -2
39114 2
-44572 2
-60730 -2
-13159 1
-99030 -1
-44207 -2
40373 -2
-93388 1
-42140 1
-31779 1
-7553 -2
35973 -2
-92339 2
-32759 1
-17470 2
14380 2
-19328 -1
-35809 1
-50022 2
-11242 -2
27189 -1
41728 1
25592 -2
-21612 -2
-82203 2
44970 1
17329 -2
20659 -2
-68080 -1
-58250 1
41852 -1
44274 1
-90779 -1
-46636 -2
-88020 2
-58126 -1
-5582 -1
-42731 2
-16487 -2
-75647 2
48337 1
35176 1
-58338 -1
-66214 -2
-47316 -2
-87372 1
7785 -2
-32492 1
-89178 -2
-21566 -2
-59516 -2
-16 2
25659 2
20382 -1
41336 2
34255 1
-83392 1
-49335 2
-5427 1
-95020 -1
-43716 2
-18663 2
-1874 2
-77455 2
40456 -2
12811 -2
-31980 -1
-27826 1
-96963 1
49038 -2
-788 1
46032 1
-60074 2
-55251 1
-47190 -2
-92539 -2
-71490 2
-20454 -1
-54183 2
-53427 1
-32268 -1
-30626 -1
-50290 2
-84846 -2
-39445 -2
-56944 1
-13665 1
33932 2
-82324 1
5841 2
-20007 -2
-33859 -1
-88914 1
18050 -1
-1710 1
-35866 -1
-212 -2
21283 1
28245 2
28982 -2
38522 -2
-75805 1
28121 -1
-49447 -1
11363 2
-46671 -1
-82922 -1
-78422 -2
-72806 -1
45367 -1
26171 -2
-56572 -2
16863 1
-82851 2
-52005 -2
-78943 -1
-24370 1
-93338 -1
19218 1
-94523 -1
13403 1
-35589 1
46255 -1
4458 -2
34945 -1
-84409 2
-68754 1
-74777 2
-43303 -2
41529 2
-89818 1
-79409 -1
-63152 -1
-52803 -1
11520 -2
-84673 -1
-47988 -1
21356 1
-46348 -2
42715 -1
-26483 2
-65641 -2
10953 -1
-66160 -2
-10280 1
-63852 1
-78180 -1
-42422 2
-6203 -1
-9752 1
-74341 -2
13402 -2
-81462 -2
-86447 1
10895 -1
-55056 2
25465 -2
-31328 -2
-13859 -2
46853 -1
-41793 1
-47860 -2
-20721 2
-53820 2
-16185 2
-77380 1
34006 -2
-63180 -2
-63433 -2
8224 -1
-2698 -2
26887 -2
18406 -1
-52255 2
-87559 2
-41069 2
-91544 1
-33025 2
-52535 -1
-85333 -2
-19841 -1
-74486 2
-74610 -2
-56956 -2
-5184 -2
-91156 2
-28886 1
-3792 2
-96050 2
2977 1
-21617 1
-28280 1
-95886 1
48628 -1
-3764 -2
42226 -1
13036 -1
18549 -1
22715 2
-72478 -1
29290 -1
1798 1
-98456 -1
17833 -2
-67242 1
-76072 -1
-52968 2
13008 -2
-76009 -2
-20120 2
48226 2
11559 -2
-50577 -1
-75480 -2
14457 -1
10963 -2
-95405 2
-93403 -1
25721 -2
-82071 1
44595 2
25977 -2
-44712 1
-94073 -1
43018 1
-62437 1
-742 -2
-97288 1
-6842 -1
-90731 -2
23012 -2
43283 1
-11059 2
4498 -1
-47484 -2
-85058 -2
-8196 -1
-25415 -2
36001 1
-34186 1
44558 1
-61222 1
-37258 -1
2254 2
-64683 -1
-28959 -2
22516 2
35052 -1
-51624 -1
7821 -1
-8785 -2
-42146 -1
14332 1
-41791 -1
-6938 2
39077 2
-92384 2
46129 1
-46621 2
-53380 2
-61005 2
38311 -1
-58794 2
-58231 2
-70524 1
-1754 -2
-84220 2
-67366 2
-71598 -1
-51541 2
-71137 1
44030 -1
-78426 -2
-62458 -1
27809 -1
-23174 1
-88140 2
40072 -2
-63692 1
-11931 -1
-80313 -1
7574 1
1281 -2
-13375 1
-75466 1
-98540 2
-53339 1
20957 -2
-7846 -1
-54843 1
19577 2
-88411 -2
-53961 1
-27642 -1
45109 -1
-28663 -2
23689 -1
-23020 2
1810 2
-934 -2
41874 2
41274 -1
-47269 1
34503 -1
-38612 -2
49224 2
-65806 2
-60328 1
-86096 2
20491 2
-98102 2
-96948 -2
-90692 2
-32452 1
41408 -1
-18560 -2
11612 1
8112 -2
-90339 2
818 -2
19590 -2
-45706 2
-3187 2
-50269 -2
-31897 1
-24938 -2
-39635 2
-43613 -2
-99993 1
39523 2
-62881 2
-80575 2
-13733 2
14562 -1
47105 -1
-52584 2
-3091 -2
6280 -1
6186 2
-55706 -2
5508 2
-7870 1
-70306 -1
-76106 2
-45565 2
-38282 1
-84062 2
-3645 -1
-72751 -2
10566 -2
-67361 -1
-45693 2
-9904 1
35008 -1
-31616 -1
-27627 1
49017 2
-4926 -2
-85185 2
9509 -2
-77115 -2
1983 -2
-5327 -2
-35905 1
8804 2
-19874 -1
42164 2
9032 2
17129 -2
-18127 2
4431 1
-78679 1
-28105 2
-64482 -2
-547 2
-78530 1
-18450 -2
38669 -1
-43828 -1
-87174 -2
-94431 1
2684 -1
-9474 1
-9177 1
-72340 -1
-48246 1
-82041 -1
-29713 -2
-16865 -1
33547 1
-84647 2
16364 -2
-95657 -2
21718 1
-88513 -2
-54240 -2
-64053 2
-5023 1
35568 2
-15395 -2
-43919 2
-3501 -2
-39857 -2
-14471 2
10772 -2
-84743 -1
49867 -2
17373 1
-5000 1
30915 -2
-1198 -2
-81141 -2
-52923 1
-92904 -2
-17644 1
-58639 -1
-89959 -2
27266 2
-89121 -1
-69137 2
35502 2
6180 -1
12401 -2
9880 2
16201 -1
15450 -2
32542 2
-54523 -2
-23795 -1
-38991 2
-28478 -2
-64526 -1
-57530 2
32816 1
-3420 -1
33275 -1
-39939 2
-23546 -1
13788 -1
10888 -2
36716 -2
-94899 2
-21136 2
36785 1
28553 -1
-70761 -1
-94107 -1
16442 1
-13483 2
43999 1
-82269 1
-69351 2
-9216 1
48036 2
14006 2
-15279 -1
30632 -1
33149 2
-20003 1
-92380 2
-23962 2
-10517 -2
-54468 1
-32528 -1
-14415 -2
-38764 1
-51100 -1
-38111 -2
-77704 -1
-72810 -1
-64424 2
10576 1
-43080 1
-12961 -1
-4435 2
22937 2
37918 2
-79027 -2
-55847 -2
472 1
-16371 -1
10601 2
-67950 -1
6428 2
-43584 1
29210 -1
-14033 -2
-42732 1
-46904 1
46151 -1
43344 2
-20621 -2
-78091 -1
-65822 -1
18996 1
-63109 2
-77551 2
-58137 -2
-25187 -1
-89159 -2
29778 1
-34808 1
-84580 -2
40665 1
-60494 -2
4909 1
24331 1
-50915 2
-99245 2
-88629 1
-69826 -2
-16501 2
-89822 1
-91701 -2
-6119 -2
-27029 -2
-7284 -2
47610 -1
-79144 1
-9796 2
49601 -1
-70029 2
-48789 -1
49794 -2
-86578 1
-81022 1
43312 -2
-77097 2
33633 1
-28652 1
-76798 -2
-55087 1
-74440 -1
-28657 -2
-61197 1
-42052 -1
-89405 -2
-35956 -2
25315 -1
-8862 1
-46060 -2
25505 -2
12879 -2
-36474 -2
-61767 1
-23095 2
-41919 -1
-11924 -1
-65183 -1
-13843 1
41003 2
-68549 2
-23889 -2
-32626 -1
5383 1
7106 1
-79868 1
19780 1
-91814 -2
23009 -1
27856 2
-18650 1
-59104 -1
-10021 2
2583 1
-50147 -1
7072 2
13971 -2
-81380 -2
3108 -1
-706 2
-53106 -1
-57566 1
-77078 1
23553 2
12951 1
-19572 1
43284 2
19424 -2
30730 1
-32607 2
-16238 1
-60725 -2
20939 -1
21796 2
-83286 -1
-26655 -1
-79334 -1
-36670 2
20475 -1
-4080 -2
3124 1
-82532 -1
-7271 2
1442 2
-99103 -1
-45874 -1
-39488 2
23102 2
-55264 1
-65742 -1
31375 1
-34986 2
-89300 1
18782 -1
29112 -1
-78844 -2
38753 1
40639 2
-67500 -2
-49568 -2
-62497 2
-95249 -1
-55198 -2
-67722 2
8526 -2
-13476 -1
20761 -1
-90298 -2
-84588 -1
31474 2
-75630 -1
30299 1
47867 -2
31256 1
-76275 -1
-68235 -2
-15923 1
42632 2
-76047 1
-40647 2
-97817 -2
-59890 -2
5316 -2
-62288 -2
-31055 1
-3412 -2
-97694 1
22970 2
-12183 -2
-66136 2
-2242 1
-3633 1
-72151 1
49548 2
36815 -1
-60056 -2
-89979 1
7332 -2
-70823 1
-26923 -2
-31205 1
-19492 -2
-76223 -1
22277 1
-38464 -1
11692 1
-82296 -1
-21838 -2
-58367 1
35776 -1
-95806 -1
-3208 -2
-83837 2
-77952 -1
-68250 -1
-75639 -1
-61179 -2
-9397 1
-43974 -1
-15875 2
-52971 1
-319 2
-22416 1
25137 2
-61325 -1
22571 -1
-82314 -1
39110 1
15234 2
-63818 -1
-22856 -1
26975 -2
-30393 2
-25254 -2
-17221 -2
37269 2
-31512 -2
42269 1
15562 2
49687 -1
-62327 -1
-5155 -2
-76787 -1
-82867 -1
-53260 1
16160 1
-46374 -1
-5126 2
39259 -2
1941 2
-673 -2
35818 2
49763 -1
33720 1
-8844 -1
-66213 -2
-29083 2
40713 -1
39039 1
-87475 -1
-20965 1
26353 -2
9333 2
-44992 -1
-24577 1
36009 -1
-18549 2
45528 1
-84194 -2
25844 -2
20514 1
16584 1
43559 1
-37321 -2
-88363 -2
-67713 1
-94491 -1
35984 2
29060 1
43220 2
-43610 1
-85321 1
-31050 2
10003 -2
-22763 2
-1669 -1
-39776 -1
49003 1
32811 -1
-6118 -2
-39720 -1
47421 1
2196 -1
-86997 1
7061 1
-69550 -2
-72537 1
-22785 2
-7797 -2
-13471 -2
-43841 -2
-7676 -1
-81039 2
-25709 1
-28439 -1
-45519 2
3981 -2
-35701 -2
-86180 1
-34057 -2
-85897 -1
-23262 2
-35098 1
45268 -1
-74719 2
-73517 -2
-75662 1
35623 -1
-63916 2
35461 -1
-83085 2
-20367 2
29638 -2
-61774 1
-65459 -1
-40142 -1
-41661 -2
-78907 2
43727 1
-57302 -2
-30333 2
-91980 2
-83408 2
35913 1
17352 2
10121 -1
-16598 -2
7996 -1
-61845 -1
36064 2
-12286 1
20844 -2
-46308 -2
-75637 -2
9406 -2
-34899 2
-63526 2
-79565 1
-59254 2
-37209 -2
-52366 1
-77093 -2
-58489 2
-54976 -1
-67793 1
-93952 -2
-18139 -1
-33627 -1
38119 -1
-19735 -2
-51581 1
-39243 2
-14404 1
14421 -1
19258 2
-21873 -1
-28781 1
32340 2
22960 -2
-45749 1
35053 2
-40547 -1
-10963 -1
-58971 2
-25036 -2
-67589 2
-31345 -1
23417 -1
-45979 -1
-92482 1
-37689 -2
-27710 1
10757 2
-38528 2
40864 2
-28649 1
-89251 -2
46368 -1
43359 -1
-10939 2
730 1
-58927 1
-88838 -1
38571 -2
-56031 1
15448 1
25574 -2
-85997 -1
-25161 2
41113 2
-90388 -1
-57775 -1
49403 2
-70017 2
-12484 2
31357 2
-81830 -2
-94654 1
-6466 2
32002 -2
33532 1
22240 1
-25016 -1
-36041 -1
-54853 2
-99810 2
-23201 -2
1920 -1
-21074 2
20396 -2
-91178 -1
-657 -2
48448 2
-50823 1
30966 2
9432 -2
-62950 2
-39357 -1
14406 -2
18124 -1
40039 -1
15061 2
47010 -2
-2800 2
7563 2
-27409 -2
-2826 1
-41516 -2
-59316 2
-3335 1
-51334 -1
-44112 -1
-58422 -2
-96967 2
25998 -2
-23290 -2
-14293 -2
-56455 1
46550 -2
-3299 2
-37509 -2
36471 -2
18421 -1
-18330 -1
-96725 1
15192 1
17581 1
-35156 -1
-12073 2
-90947 1
-3379 -2
-87263 2
-28219 2
-616 -2
-5459 -2
-22304 2
10554 -1
-93746 1
19263 -2
-64666 2
-93877 -2
-19468 1
-79730 1
-56864 -2
-68709 -1
2389 -1
-22275 2
14169 2
-68302 2
-89536 -2
-37690 2
-4102 1
-17077 -1
-26695 1
-21066 1
29300 2
34305 1
-38255 -2
-1363 2
-34097 1
-81559 -2
-25729 2
-33764 2
45885 -1
-92259 -2
-49211 -2
39835 1
47935 -1
-86946 -1
-85215 -1
-26599 -2
4702 -2
-85205 2
-87775 -1
-11626 -2
15971 -1
-73836 -2
20404 1
25679 -2
-4665 -1
31015 -1
-34887 1
-95550 -1
-68677 -1
-70786 1
-65101 -2
16137 2
-46119 1
22981 -2
-32191 -1
-6894 2
48220 2
-3906 1
-44901 -1
-46411 -2
48490 -2
-97916 -1
8453 -1
-68360 2
-98589 -2
-51345 1
32666 -1
32996 -2
-5222 -1
-73330 1
-25238 2
-25793 1
-82052 2
-68721 1
-76321 1
-65866 -1
36244 -2
-54849 2
-45771 -1
-58703 1
-65353 -2
39916 1
-97992 -2
-34770 -2
-66936 2
-10640 -2
-72357 1
-63383 2
-809 2
-84774 2
-54891 2
5173 1
-99836 -1
22118 2
-56466 -2
-77529 2
-1278 -2
43335 1
-27680 2
-5277 -2
-52218 2
-15524 2
-4509 2
-74154 -2
14978 2
7081 -1
-95273 -1
17137 -1
-32017 -2
27646 2
-16151 -2
7313 -1
32447 -1
28547 -1
13391 -1
-87826 2
-40608 2
1458 -1
-32712 -1
9217 -2
-76754 -1
-39370 -1
-37966 -1
1394 -1
-34714 2
-14046 1
-1241 -1
33417 -1
35128 2
-50270 -1
-30767 2
-75685 -1
-15544 2
-68655 -2
10611 -2
-90039 1
-51188 2
-25738 2
-55617 1
-27558 -2
11576 -2
-79537 2
-38319 -1
13741 -2
-54483 -2
-31024 1
-72121 2
-75175 -1
-36880 -2
-36339 -2
-93837 -1
9637 2
-1007 1
13317 -1
1701 -2
-8284 -1
10328 2
-24091 -1
-53288 1
-67135 2
-37331 1
20828 1
-12136 2
-10336 1
-44952 1
-35614 1
1539 1
-14408 2
-36918 -1
-28329 2
-88169 2
12537 -2
-91167 1
-26096 -2
-43020 -1
-30207 1
49643 -2
22322 -1
-35433 -2
-51216 -2
-37536 2
-76572 1
27280 1
-35439 -2
-64206 -1
-81926 2
18895 -2
-12060 -2
16313 -1
48193 2
-25734 -1
-27732 2
-4239 -2
-47452 -1
2883 2
-65368 2
-65973 -1
-64740 2
-69661 -1
-39140 -2
-87280 1
-6415 1
-24928 1
-48760 -2
4879 -2
-19850 -1
-54254 -1
-16750 -1
8282 1
-90979 -1
-86195 -2
-54807 -1
-13001 -2
27672 1
20222 2
-21315 -1
-48204 2
-85328 1
32728 -1
-89397 2
6952 -1
14800 -2
-63538 1
-64939 2
-78165 -1
-16848 2
32598 -1
-78387 -1
-13412 -2
-25001 1
28602 -1
38775 -2
-55875 2
-28476 -2
-84755 -2
-51259 2
10616 1
-98558 -2
-7985 -1
-12876 -1
-18189 2
28351 -1
21790 -2
-89838 2
-90252 -1
11060 -1
-55587 2
35727 1
-21121 -1
-54192 1
-78105 -1
-46643 -1
-41450 2
39896 -1
-77570 -2
5636 1
-26784 1
-20977 -2
-70334 -2
-10736 2
-20503 -1
-54603 2
-32122 1
32391 -1
-10426 1
3210 -2
-17641 -2
-73670 -2
-52986 2
-37877 1
-65443 -2
-46321 1
3580 -1
-65587 -1
-27082 -1
-38467 1
-75752 -2
4638 -1
-64048 1
-65324 -1
-84311 1
-65222 -1
-23002 2
-13036 1
-13862 -1
-89333 1
49209 2
-3424 -2
-76993 -2
19552 -1
-91028 2
-54962 -2
25092 1
2448 1
-1910 -2
-5071 1
46456 -2
-12112 2
-71170 2
-30397 -2
21976 -1
-20680 -2
-31022 1
-5435 -1
43635 1
-31043 -2
-69585 2
-68296 2
-37374 1
-98371 2
34670 2
-5240 2
-16863 2
-47507 2
-99576 -2
-89444 2
-58328 -1
2020 1
-2498 -1
18366 1
-80393 2
-22169 -2
12597 -2
-19395 -2
24734 -2
13158 2
30669 -2
11369 -2
-574 -2
-22325 -1
-17592 2
-74521 2
-24861 2
-90809 -1
4557 2
43321 -1
-22341 1
-92168 -2
25724 1
37993 -2
-34484 1
23978 -1
-22952 -1
35360 -2
-57805 -1
-29843 2
-16119 -2
-95290 -1
-13727 -2
-90078 2
23078 1
-50662 -2
29566 1
18558 -2
28001 -1
-44648 -1
31980 -1
-16385 -2
29248 2
-50036 1
-49658 1
17881 2
-37641 -2
-9564 -2
-41687 -2
-62556 -1
-47849 -1
-51129 -1
-63746 2
-1530 -1
-72911 -1
-20220 2
-77477 -1
-30836 -2
-5232 1
35144 -2
-89260 -2
-24359 -2
-4625 -2
-3185 2
-54300 -2
-5604 1
24325 -2
-12967 -1
48818 -1
-37252 -2
9996 1
-40894 2
-14059 2
-48240 2
11741 -2
14089 1
36974 -2
-41226 1
-41872 2
15556 -1
-83183 -1
-29866 1
-55346 -2
40363 -1
24921 1
-11880 -1
22204 -1
-35842 -2
21701 -2
-72573 -2
-18866 -1
-89845 -1
-92682 -1
-89829 -2
2229 -2
-24823 1
-79209 -2
6951 1
4674 2
22059 1
-38103 2
38526 -2
2745 -1
-85016 -1
-42696 2
-70375 -2
-98957 -2
-98824 -1
13852 1
-8611 1
-50865 2
-31791 2
-52162 2
-72743 -2
19599 -1
30052 1
32691 2
-96262 1
36631 2
-1788 -1
-65545 -1
-25252 -1
-61272 -1
-29613 -2
33871 -2
-73817 1
47396 -2
-55895 -2
20560 -1
26442 1
-55729 1
-86498 -1
-70459 -2
-50145 -2
23845 2
16606 1
6041 -2
-96813 -2
-62118 1
-29592 -1
-48894 -2
-38658 -1
7172 2
9760 1
-32611 1
-74783 -1
-4883 -1
-30822 2
9387 1
-20433 2
6276 1
-43831 1
-50989 1
16182 1
-43975 -2
-69783 1
-76789 -2
63 1
-25426 1
-80740 -2
-4858 -2
-39121 1
45448 -2
-48720 1
49241 -1
-80729 2
35515 -1
-45037 1
46122 1
-81253 1
19620 -1
-8954 1
-74163 2
-4541 1
-9125 2
-4261 -2
-42223 2
-14996 -1
-39060 2
11343 1
49462 2
-70031 1
18859 -2
15633 -1
-57344 -1
-9132 -1
-19789 2
40012 -1
-83344 1
-65252 -2
-82431 -2
4314 2
-62401 2
-48292 -2
-24337 -2
-49226 -2
32144 1
-48785 1
-1417 -1
-24926 -2
-22504 1
-27182 1
-79428 -2
13370 -1
-26661 2
-53585 -2
-80562 2
-55973 2
-44254 -1
-70741 -1
31495 -2
-49630 -2
-51093 2
27476 2
23309 -1
47524 1
36545 1
-93802 1
-36404 1
-68231 -1
-82083 2
-95127 1
-5083 2
-61209 -2
6020 2
-52416 -1
-92010 -1
-19361 -2
11514 1
10527 1
23148 -1
40888 -2
34267 -1
-25836 -1
48237 2
26584 -2
34060 -1
-10202 2
-58536 -1
-74272 1
-92279 1
-47602 1
-17678 2
-334 2
-6723 -2
49103 1
-90120 2
25546 -1
-95017 1
-89741 2
35370 1
-16656 2
-32398 -2
42074 1
-1918 2
-3131 1
-18014 -2
16929 -2
7035 1
38488 -1
26433 -1
-15749 -1
-24978 -2
-77627 1
-90717 -1
35875 2
-52465 -1
-51479 1
-40455 2
-53793 1
47757 -2
6449 -1
5868 -2
3089 2
-32381 -2
-47864 -2
-21224 -2
24765 1
-55682 -2
-81137 2
-92778 -1
45054 -2
32240 -1
-81246 -2
-77280 -1
-70623 2
-20447 -2
-54756 -2
-56170 -2
-53130 -2
-51889 1
12960 1
29391 -2
20380 -1
-55546 1
-56344 -1
35250 2
-28775 -2
-58133 2
-67200 -2
-671 1
-78726 -2
-34902 -2
36627 2
-51517 -1
34865 -2
4510 -1
2970 -1
6735 1
41221 -1
27997 2
40826 2
35540 2
29779 2
-16798 -2
6816 2
-94697 -2
20969 2
-15516 -1
-75048 -1
-10443 1
-13151 -2
-92861 -1
31968 1
-55281 -1
35351 -2
-83063 1
-97563 2
-23257 -1
36913 -2
-18858 1
-33243 -2
-71466 2
-15274 1
-31320 -2
-12711 2
-9369 -1
-53307 -2
-54030 -1
16222 1
-54782 1
-58290 -2
-33608 1
-78607 -2
31952 2
-59323 1
-5712 -1
-60584 -1
22485 -2
-44846 2
-58197 1
-41110 2
-62505 1
22687 2
-972 -2
-33303 -1
-98934 2
-26193 -2
-70646 1
36907 1
23053 1
40045 -1
-86988 1
46748 -2
20366 2
-69997 -2
-10304 -2
-90855 2
-94739 2
-26376 1
-63794 2
-46976 -1
18424 1
42104 1
-35412 2
47576 -2
13124 2
32860 1
13266 1
-41951 1
21505 1
-59276 2
-82702 2
-67519 2
35183 2
-36285 -2
45669 -2
-52908 1
-1776 -1
-12214 -2
23917 -1
45456 -2
39350 2
-38601 -2
-21552 -2
36611 1
2965 2
-32656 -1
-85950 -2
-44024 -1
-86193 1
41796 -2
-88808 -1
-30303 1
-73113 1
-14980 1
-47791 1
-66475 2
-4404 -1
37448 2
-72541 2
-92416 1
-85520 -1
-57724 2
18826 1
44654 2
-66326 -1
48104 -1
35861 -1
-60064 -2
-40097 -2
-8430 1
-1664 1
-85194 2
-77004 -1
5794 2
-75157 2
-92306 -1
19433 2
22472 -2
-32151 2
-47535 2
-14117 -2
-80147 -1
-9827 -1
29923 -2
34102 1
42970 -1
-59289 2
-61561 2
-63893 -2
-53276 2
-2442 2
-64747 1
-97445 2
-30977 2
26310 2
29010 1
-53116 1
-18710 2
-36666 -1
-18004 -2
33265 -2
-62350 -2
-11168 1
-58183 1
-36238 -1
-56705 1
11897 -1
-34896 2
-19182 -2
-74509 2
16506 2
25684 2
23433 -1
-30384 1
-2885 1
21440 -2
2168 -2
12278 -2
-73876 -1
293 -2
-57474 -1
18175 2
23036 -1
-78536 -1
45550 1
-35498 -2
-84821 1
25985 -1
-38657 1
-4727 -2
-91000 1
-51848 2
30095 -1
-54705 2
15026 -2
-46444 2
47007 -2
20654 -2
-24524 2
31700 2
10710 -2
43413 1
-12436 -2
-42913 -1
34769 2
-81075 2
-67185 -1
-5876 2
5155 -2
27884 -1
47285 2
-56531 -2
-94339 -1
-12707 -2
-51114 -1
20402 -1
32675 -2
42070 -2
-27325 2
-19742 1
-27737 -1
-40440 2
30351 2
-99114 -1
-34505 -1
26465 -2
6580 1
-61006 -1
-26144 1
-83698 1
20632 -1
-88241 1
21843 2
42671 1
10399 1
36065 2
-32837 -2
3464 -1
-10038 -1
-45659 -1
-52660 -2
48517 2
-2493 -1
-15249 2
-50759 2
-45945 1
-17271 -1
-423 2
-25120 2
-48345 2
29733 2
-88572 2
27778 2
-32913 -2
-86507 2
-56070 1
-42598 1
-92430 -2
-98421 -2
40897 -2
21279 2
33798 -2
18088 1
-59073 -1
21290 -2
12668 1
3677 -2
45469 1
48929 -1
-46104 -2
30399 1
-936 1
-94538 1
-23314 -2
-2362 -1
-82079 1
-76870 -2
-11288 -1
-58508 1
-99299 2
-12722 1
-50081 2
3093 -1
-94549 2
-23461 2
-57030 -1
-61780 -1
6334 1
-3288 -1
-49251 1
-33519 -2
-29131 -1
-91820 -2
-61826 -2
-57224 2
-65884 2
-63396 -1
-61331 -1
-19096 1
-69624 -1
-12673 1
-54017 -2
-51607 1
11651 2
24091 1
9162 2
-28484 2
14703 1
-32067 2
1739 2
-2326 -1
48388 -2
-54527 -2
-50997 2
-53551 -2
-54535 1
-99894 2
11346 1
20237 -2
-6697 2
-44037 2
-18474 -1
-4851 2
12548 -1
35138 -2
40282 -2
-97914 1
8027 -2
40301 -1
24369 -1
-9248 -1
-24138 -1
-26598 -1
20181 -1
17364 2
21798 -1
45298 2
40130 -2
32252 1
27688 1
-80873 2
-97952 -2
43117 -1
-7573 1
26463 -1
-2201 1
17555 1
-18405 -1
-47590 -2
-14396 2
5366 -2
-45865 -1
23716 1
-49442 2
48972 2
-4025 2
-53843 2
-38374 -1
30710 -1
24252 2
28810 2
35531 -2
43113 2
-44071 -2
-94759 -2
44882 -1
21787 1
-9084 -1
20588 -1
-31151 2
-89682 -2
-71191 -1
1827 1
-61952 2
2907 1
-95942 1
-39228 -2
-29649 -2
-72672 2
-20973 2
-9998 -1
-43751 -1
-13458 -1
40938 2
-60202 1
-92883 -1
-78391 2
1635 -2
-8875 2
-58199 1
37642 -2
-38067 -2
-73420 2
21345 -1
31569 1
45746 1
-50857 2
-30087 -2
41584 -2
-44297 -2
22962 2
28297 2
-49884 2
40702 2
41797 2
-44309 1
-37477 1
-99106 1
-76179 -1
49844 2
31479 1
-25388 -1
-26795 -2
28322 2
3496 -1
-19155 -1
-64877 2
-82383 2
-38814 -1
-21184 -1
-70091 -1
-8658 2
32006 2
-10050 -1
-492 1
-29383 -1
-80183 -1
6046 2
12341 -2
-98328 -2
-22686 -1
-6766 1
-43955 -1
-52690 -2
-10168 -1
18840 1
-5161 2
11010 -2
18019 2
-7544 2
-86273 -1
-38258 2
-12030 2
-90419 2
-39407 -2
-52449 2
-9496 -1
24034 1
-75531 -2
14059 -2
-67081 -2
19230 1
-46151 2
26777 2
-14477 -1
-82199 2
8372 1
26120 2
-98811 -2
17874 -1
23954 -2
40115 2
-61088 -1
-64537 1
-98353 1
-61930 -2
-7669 2
-47968 -1
-87599 1
-49336 1
-52574 -1
43716 -1
-57550 -2
33227 -2
-84832 -1
-30787 1
-22612 -2
-20780 -2
-20237 -2
-32149 -2
16059 1
16043 -2
-85129 -2
-27170 1
-20574 -1
-84724 1
17640 -2
1114 2
34026 1
-75138 2
11323 -1
19804 1
-60939 1
-233 1
5861 1
-87596 1
49334 1
-37419 1
-63352 1
-8374 -2
-34509 2
-43846 1
-33039 -1
-5226 -2
34846 -1
-10198 1
9903 -1
-17590 1
-42182 1
36021 2
-97965 2
-79290 -2
-61829 -1
-94420 1
-26195 -2
2273 -2
35819 -2
7631 2
-87092 -1
-3021 1
-77514 -1
-64660 2
-96497 -2
35705 2
-58994 -2
10349 1
-60216 2
-12907 2
-31965 2
-87237 1
19845 1
-64115 2
-21600 -2
19213 2
-84726 -2
-68319 -2
-89358 -1
38389 1
35976 1
-99493 1
49351 -2
-3328 -2
-49820 2
-91148 -2
44182 -1
-56437 -2
-11658 -2
-73852 1
-62997 2
-18994 2
-65515 -2
246 -1
-8024 -1
26602 -2
-18979 -2
12208 2
-91552 -2
-33277 1
-64863 -1
-90585 -2
-32393 1
10119 2
-34302 -2
-62389 -1
-54791 1
45015 -2
44994 -1
-67503 -2
-46556 -2
34603 -1
-3028 -1
43254 1
-43027 2
-73357 -2
14285 1
-67607 -1
-7367 -2
-76871 1
-37698 1
-30343 1
-37741 -1
32244 1
14411 2
31053 1
-76057 -1
-52959 2
-83311 -1
37820 2
-22702 2
-85172 1
-89551 1
-59674 -1
-66674 -2
-26528 -1
-93942 -1
-27234 -1
-40388 1
15505 1
8728 -1
-48455 -1
-91600 1
8841 -1
12163 1
9679 -2
-5535 -2
-52339 2
-45996 2
-81640 -1
-86482 -1
-23859 -2
-28491 2
46207 2
38066 1
25623 -2
-12866 1
-5034 2
-12836 -1
22897 -2
-68164 -1
-72463 1
14692 -2
-82576 -2
2237 2
-41224 1
-23883 1
-23960 -2
-29432 2
8075 1
-53392 2
-94517 -1
-17524 -1
20570 2
2618 2
8744 -2
10559 -2
-98485 -1
-4920 -2
-54604 -2
-23652 1
-89416 2
-52910 2
-10832 1
32661 1
35637 -2
-64508 -2
41581 1
-60942 1
-99265 2
-22456 -2
35348 1
-54751 -1
-35364 -2
-79861 -1
-4176 -2
33486 -1
18838 -1
-72885 2
-9962 2
-10083 -1
-53976 1
-75440 -1
-13881 -1
16387 -1
-8551 -2
-8211 2
39187 2
-12477 -2
-95363 2
-83142 2
14661 2
-89559 -2
-62028 -1
-87937 1
-81004 2
-26833 -1
13581 -1
-85763 -2
-303 2
-64221 2
37494 -2
26675 -1
-78840 1
-57010 2
-53334 1
43472 -2
-21064 2
-34845 2
-71834 -2
-7571 2
-71931 -1
26839 2
4182 -1
-60390 -1
9169 -2
32056 -1
-51274 1
-33952 -2
2277 2
-81332 -2
-97685 -1
-41404 -2
-7890 -1
-17425 -2
-58203 -1
-22611 2
19281 2
-1572 -1
-60503 -2
-21535 2
-31016 -1
-98621 1
-83916 -1
-52054 1
-32448 -1
39169 -1
-67946 -2
-76594 2
-21061 2
-83299 -1
21370 2
10127 2
-31435 1
-64570 2
-60453 1
7560 -1
-32573 2
3437 1
20600 -2
-56459 2
-68937 -2
-15153 1
24308 2
-56233 1
-84823 -1
-48816 2
-82140 -2
40253 -2
-75831 2
33219 -2
1608 -2
-69217 -1
-74103 1
-77199 2
30970 -1
-54610 2
31688 -2
-37518 2
-34336 -2
8052 -2
17562 2
-61091 -1
17663 -2
-51739 -2
-36424 1
27846 -1
-31135 2
28873 1
-50105 1
-78807 -2
23125 2
8700 -2
-15858 2
-1809 2
-54832 -1
26230 1
-99714 -1
39081 1
-68742 2
-64044 1
17378 -2
10980 -1
27083 1
-67157 -1
14445 1
-68856 1
-98858 -2
-29993 2
-13343 -1
5734 1
15930 1
-39597 2
-31060 1
-88721 2
1072 -1
-11150 -1
30884 2
-62366 2
-72022 -1
-32873 2
-80355 -2
16569 -2
13491 2
-53527 1
-79180 -1
-44103 1
39763 -2
-41776 2
-34308 2
-18384 2
-94628 -1
11748 -2
-38722 -1
-63319 -2
-39958 2
-98117 2
-4757 -1
-43884 -2
-48408 -2
-71572 2
34375 1
47233 1
47323 -2
6113 -1
14552 1
-73986 2
-57257 1
31693 -2
-66123 -2
20191 -2
-48394 -1
-65155 -1
-19293 -2
-76478 -2
-71082 -1
-13014 2
-42559 1
-59108 2
-89587 1
19005 2
49153 -2
27081 1
45090 2
-49843 -2
-32253 2
2508 -2
-55438 -2
-39065 2
-88274 -1
-48563 -2
-63098 1
-73174 2
49141 2
35167 -2
-39292 1
-70448 -2
-49149 1
-92005 -2
10352 -1
31099 -1
-43049 2
-70634 1
-19650 -1
-87705 -1
48683 -2
-37784 -2
6043 -2
-90716 1
-51035 2
-60013 -2
-28590 2
6656 -1
15167 -2
9626 2
-91581 2
-13747 -1
-50341 -1
49382 2
-54876 2
-16866 -1
-76823 -1
14390 1
-63163 2
-31569 -1
-29122 -2
-90525 -2
-3647 -1
-65658 -1
-14073 2
-25764 1
-59591 -2
24713 -2
-74890 2
9034 -1
-17328 -1
-43767 -2
-48295 -1
-66107 1
-54381 1
-20830 2
37636 2
-92514 -2
20094 2
11428 1
-77610 1
-48582 2
-12417 -1
-57309 2
-2018 -1
-12559 -1
-41808 1
-28362 -1
-55584 -2
-78456 -2
-59160 1
21934 2
-71447 -2
11407 2
26093 -2
-75304 -2
43561 2
35720 2
-82514 -2
44152 1
45853 1
-82168 -1
-52871 2
44642 -2
-5803 -1
-54096 1
-21290 2
-8847 2
-3918 -2
-30337 -2
32250 1
-98325 2
-33961 1
-71506 2
-48845 -2
-6068 -1
-28421 1
-83793 1
16185 -2
-32272 2
30624 -1
-11821 2
44205 2
-79540 1
-40018 -1
-15573 -2
-5287 1
-43294 -2
-65827 2
-10437 -1
-19195 -1
-48067 1
40819 -1
-17798 2
-82268 1
-54955 2
-39818 -2
47788 -1
-22149 2
-50923 1
19003 -1
22194 -2
-54664 -2
-15439 2
-74793 -2
35226 -2
37093 2
12771 -2
-91018 -2
-28766 -2
16594 -1
-15136 1
-96514 -2
-63463 2
-44806 -2
45957 2
-92615 -2
-80079 2
-56802 -2
-25340 -2
-38611 -2
27721 2
-5473 -2
22854 1
19332 1
-74526 1
-14171 -2
-44085 1
-14689 -2
1544 2
48523 2
9971 2
-94455 -2
-67302 1
-94652 1
-60923 2
-44604 1
16984 2
-51400 2
-6012 -1
10438 1
-49964 1
-10478 -1
-30698 -2
-17210 1
-96990 1
37806 -2
42313 2
-67169 -2
49123 1
-45202 -1
18062 -1
-68718 -2
-49719 -2
-99916 1
-80632 -2
-25571 1
45570 2
37088 -2
-69222 1
-46558 -2
-98805 -1
14041 -2
-24751 -1
-21669 1
-54355 1
-12301 -2
-58431 2
-58850 -2
-17634 1
-9933 1
-88338 2
25456 1
-55464 -1
30234 -1
-90485 2
-83281 -2
-17620 -2
43186 2
-97109 -2
-40398 -2
295 1
-65248 1
47573 2
1782 -1
-31451 -1
-79885 -2
6045 2
35231 -2
-7502 -2
43440 2
-84108 2
29465 2
15287 2
31405 -1
12877 -1
-75366 -2
-66837 -2
-34279 -1
-82235 2
-78481 1
34490 -1
14127 1
-53676 2
-76351 2
-23172 -2
-48879 1
-78375 2
-77448 1
-29721 -1
-69449 2
-7763 -1
-84671 2
8624 -1
-98673 2
8311 1
-46283 1
-27796 -1
-82374 1
-29285 1
-85940 2
-16721 -1
-97025 2
-72211 2
-42232 -2
11945 2
28302 -2
227 1
31092 -2
-52052 -1
19616 1
-32904 2
-67759 1
-18349 2
-72291 1
-94414 -2
-37889 -1
-22307 -2
-78290 -2
-77797 1
-71954 -2
-41557 1
26525 -2
-69848 -2
-86525 2
14917 1
-3833 1
-4629 -2
26628 -1
-57444 2
25144 2
-30451 2
2073 -1
-76504 -1
16340 -2
47835 -2
35374 1
-59820 2
-76391 -1
-18240 -1
-45977 -2
-23496 -2
-74373 2
-430 1
-13968 -1
2878 1
-73079 -2
38813 2
-11544 -2
40150 1
-3637 -1
-89576 -2
-48260 -2
13541 1
-63101 1
-10871 1
47068 -1
8973 -1
9861 -1
46475 -2
47342 2
37089 1
-93084 1
-44590 -2
-76450 1
-41870 2
-86170 -1
-75001 1
-21787 -1
2435 -2
35829 -1
-17635 2
-56685 -2
-47830 -1
-83509 1
43643 -2
-40139 -1
-9354 1
-56954 -1
-62684 2
-39840 -1
39737 2
-81052 -1
-84981 1
-47588 1
-77792 -2
14752 2
7787 2
42275 1
-64069 -2
-68953 -2
49119 1
-21995 -2
-78191 -2
-66461 1
-54196 2
-30184 2
-36627 -1
18981 1
-43561 1
-78186 -1
9462 2
-17029 -2
-54323 -1
-6219 1
5126 -2
-56040 1
-87224 2
-36196 -2
-16297 -1
-65174 1
-15944 1
-81005 2
27450 -2
13267 -1
46860 -2
-57706 -1
-74982 -2
-52965 -2
32343 1
-45916 -2
-70183 2
-46163 1
-46470 2
16773 2
-10028 -1
-12331 -2
20457 -1
-4971 -2
14360 2
6948 2
-33888 -2
17801 -2
15755 1
-38230 -1
27705 1
-81786 -1
-47809 -2
-86484 -2
-27060 2
-75766 -1
30906 -1
9488 -1
-21688 -2
-94198 -2
40612 -2
1695 -1
-11948 -1
-14803 -1
-4733 2
3505 1
-14943 -1
-17646 2
10495 -1
-85332 -2
8399 -2
12979 -1
-92981 1
20555 -1
15264 -1
-80698 1
-98902 -2
37762 -2
-47005 -1
-14624 1
-32641 -2
35355 -2
-40470 1
41968 2
-41445 -1
33741 -1
-80417 1
40980 -1
24304 2
4837 1
-86793 -1
14515 2
33116 -2
-3587 1
-65539 -1
-88432 -1
41103 -2
-80412 -2
-82326 -1
-61505 2
-66944 2
-56114 2
-9881 1
-62424 -1
-89423 2
-67808 2
43537 2
23052 -2
30004 2
-95701 -2
20443 1
-21148 -1
-5551 -1
-93710 1
-82736 1
4411 -2
-97557 2
-26189 2
11783 1
-55620 -1
-64577 -1
-80653 -2
-36248 -1
-59459 2
-60825 -1
-95178 -1
-15079 -2
34955 -1
-1893 -1
-76060 1
20450 -1
-21308 -1
-46265 -2
-82180 -1
-5323 1
-59322 1
40379 -2
-29191 -1
-70991 2
-79320 1
-43657 1
-94457 -1
-36863 -2
32406 -1
-99497 -2
-41972 1
-36005 1
-30724 1
-9930 1
-11723 -1
-29517 1
45415 -1
39811 2
11189 1
-73773 2
-15691 -2
-82192 -1
44273 -2
37990 -2
35923 -2
-80270 -1
-65056 -2
9842 2
40403 1
27885 -2
22053 -2
30707 -1
-30190 -1
2771 -1
15696 -1
-6717 1
-73510 -2
28543 2
45921 2
45653 1
40375 -1
-22699 -1
-27564 -2
-14914 -1
16954 -2
-37325 1
-70764 -1
-92501 -2
40608 2
16867 1
-20673 2
6259 -1
-76516 2
24742 -1
-7802 1
28224 -1
-26460 1
-98238 -2
-75116 -1
24751 -2
-24937 1
-41843 1
-90997 -1
-88266 -1
-19141 1
-39850 2
-28298 2
-52926 -2
-98144 -2
36689 -1
32007 -1
-14672 2
-32176 -2
7841 1
-32690 -1
-21161 -2
30807 1
-69531 2
-3338 1
-51211 -1
2210 2
-10128 1
-44834 1
-17178 -2
42071 2
-16755 1
-99476 2
-37075 -1
5992 -1
-37856 2
11214 2
5970 2
-51255 1
-40213 2
-76287 -2
-34758 -2
39171 -1
33325 2
-40432 1
-22162 -2
28342 2
1073 -2
33255 2
-29522 1
-50656 1
18564 -1
-26929 1
31602 1
-96891 1
-88536 -1
-51457 1
-69751 -1
-46006 2
-63222 -1
26566 -1
-97656 2
21632 1
-5661 2
25835 -1
42708 2
-77081 -1
-43574 -2
-5015 -1
-1515 1
31393 2
13575 -1
22619 1
-94023 -1
-47034 2
-42504 -1
17897 1
-99459 -1
-40071 -2
-42234 1
-33999 -1
-83870 1
-49360 1
-31865 1
-68988 2
-49938 1
13841 -1
-96311 -1
22781 -1
-94467 -1
25153 2
-70556 -1
-4661 1
21384 1
-36192 2
-62266 -2
-27185 -1
-34131 1
-98335 -2
-11103 -1
-80713 2
26017 2
10153 2
-45040 1
-12616 2
29623 1
-24121 -1
-30999 2
-26716 2
-44018 2
-67166 -2
-84023 -2
-42442 2
-63281 -2
41466 1
-32675 2
3041 -2
-38823 -1
-52887 2
28646 1
-66942 2
-24563 -1
-87268 -2
25562 1
-39061 -1
-48104 1
-25733 2
-60959 -1
-68620 2
4772 -1
21098 -2
-42834 1
46091 1
9998 -2
-33554 1
-86956 -1
-4532 2
-4617 1
-10208 -1
37259 -1
28757 2
-59064 -1
-74686 -2
-43759 2
23674 -1
-69436 1
-77855 2
-9152 -1
-76857 2
-9688 2
-81287 -1
-3668 -2
-19549 2
-56481 2
-27064 -1
-88224 1
22429 1
8289 2
14843 -1
-46848 -2
-97882 2
-13908 -2
-41613 2
-434 2
36 -1
-52726 -2
27043 -2
536 1
-57830 1
-93068 -2
-39842 -1
-20606 1
-47925 -1
-69853 1
-4655 1
-8479 1
1919 -2
-51910 2
-39146 -1
-1293 2
35514 1
32836 -1
-54726 -1
-25072 2
-83379 -1
29365 -2
-57490 1
-54508 -1
-56318 -2
-68964 2
-19551 1
-27450 2
-55366 1
9038 2
-87862 1
22153 1
-29049 -2
-69484 2
32082 2
-56609 -1
-6189 -1
-6057 -1
-89258 2
16735 -1
-32864 1
-45456 2
-87770 -2
-45421 2
36732 1
-92792 -2
-15589 -2
25216 2
-23210 -1
-31486 2
-98065 -1
-50711 2
-42702 -2
33187 -1
-32681 -2
-3422 1
4549 1
-98319 1
-24176 1
-9923 1
49796 1
1462 1
-23626 1
14003 -1
-58936 -1
21309 -1
-38033 1
-8710 1
-39366 1
-76017 2
-59852 1
-7475 -2
11001 1
-99062 -1
-31338 -1
-76757 1
-83033 1
9909 2
-22804 -1
-65578 2
19953 -1
-87019 2
-64633 1
-72741 1
-35065 -1
-21167 -2
5116 2
45323 -2
-17616 -1
-23540 -1
-41952 1
-42125 1
29168 -1
-8646 -2
-90365 2
-31666 2
-6914 -2
-24476 -1
-55843 -1
6340 1
49566 2
39374 2
-89608 1
-1875 -2
19127 1
-69326 -1
-30762 2
-53957 1
-80738 1
-64812 2
26311 1
39785 -1
-20898 1
-18230 1
-93473 -2
-15254 1
-56478 -1
-64839 -1
34770 -2
-91546 2
-59807 2
21740 -1
-99867 2
48621 2
-36667 -2
22095 -2
-4449 -2
-69909 1
39457 1
-44845 -2
-79842 1
26950 2
-77990 2
-17291 1
11251 2
20905 1
-51950 -1
-61548 -1
-55314 1
-20452 2
-43533 -2
-27713 -2
-84836 1
-77363 2
-69758 2
-40655 2
-52222 -2
-99623 -2
29606 -2
47114 -1
34528 -1
1841 -2
4052 1
-48684 1
-45498 2
-15793 2
9240 -2
-68475 2
-64222 -2
-1247 1
-15099 1
-51751 -1
-41458 -1
31038 -2
-73410 -1
19094 -1
26004 2
31342 2
-58376 -1
-16353 -2
25903 2
40111 1
27093 -1
15519 1
-78715 1
-12172 -2
-32567 1
23658 -1
45654 2
-53975 1
-38984 -1
49154 -2
-83030 -1
-68661 -2
-44230 -2
27004 -2
-26230 -2
27616 -1
12996 -1
-90611 2
-58843 -1
-28568 2
-23874 -2
-59523 2
-88388 -1
-5714 1
29306 2
-17132 -2
-88565 -2
1364 -1
26508 -1
38851 1
-50214 -1
-75756 -1
2994 -2
-25635 2
-92219 -1
49808 -2
-12629 1
-22559 -1
-68167 -1
32047 -1
13664 -2
20713 -2
-82589 1
-19745 2
-32889 -1
-57795 -1
-56307 -2
9291 1
34395 -1
20393 -2
33839 -1
-61393 2
-31808 -1
-62184 2
-50149 -1
-49777 -2
29341 -1
-73123 -2
19062 -2
-7050 -2
36125 -1
-26882 1
-61733 -2
9039 -2
-60933 -1
-53984 -2
-93401 1
12453 -2
-77548 -1
-69876 -1
15483 2
27116 2
3590 -1
-20807 -1
-14556 2
-2105 2
-80437 -1
-5044 1
-68122 2
-54078 -2
-43473 1
40624 2
32849 -2
27920 2
27419 2
1478 -1
-67080 -1
2442 -1
10930 -1
33204 1
-2286 2
17909 1
-4395 2
-47435 -1
-92780 2
-74331 2
-69786 -2
19475 1
-82029 -1
-9651 1
-8228 -2
-59590 -1
-97310 -2
-21769 -2
-405 2
22265 1
-58356 -2
-91453 -1
-97946 2
-99400 1
24550 -2
-57630 -1
-31052 -2
-62632 -2
-44382 -1
-53110 -2
33940 -1
-65956 1
-80898 -2
-81113 1
-18565 1
-33576 -1
-16744 -1
1425 -2
-32004 2
-75942 -2
-59552 1
-46134 -1
-88888 1
-75277 1
-12900 1
10859 -2
15307 -2
-97615 2
-40421 2
-52497 -1
-84501 1
-65979 -1
-2375 1
18714 1
-78655 2
-41429 2
-48780 -1
39520 2
-1619 -1
-41407 2
42774 1
-10872 1
-92090 -1
-52964 1
23832 1
-42996 1
-92515 -1
-56906 2
-88104 -1
-10596 -1
47516 2
-9967 -1
-6977 2
5696 1
-91597 1
43545 2
-9942 2
32645 -2
-43046 1
-60140 1
-56683 2
-90314 1
-77966 -1
24911 2
6791 -1
-17920 -1
29633 2
-67073 2
-2941 -1
-92109 1
41773 -2
-80332 2
43685 -2
-96783 -1
13334 -1
3628 -1
-45244 2
-6 2
44563 -2
-60018 2
40723 -1
48338 -2
-10692 -1
-1980 -1
-72337 1
-31114 1
15037 1
-54250 2
22484 1
24596 -2
29683 2
-70328 -1
-50598 -1
-62187 -2
-27290 2
-760 1
-38737 -1
-24268 -2
28193 2
-45289 -2
18008 -2
-67253 -1
-3095 2
-40975 -1
-2923 2
16023 2
-80941 2
-54616 -2
-50751 -2
5336 2
33904 2
-69572 1
21908 1
28095 2
49706 -2
15564 -2
-56180 2
-90003 -2
-46307 -2
-11021 1
24460 -1
4359 2
-19505 -1
47892 1
-80715 2
-17020 2
40959 -1
38533 1
14474 -2
44759 -2
-94702 1
-51442 -2
-40410 -2
-72060 1
48731 1
251 -2
-9460 -2
7831 1
-35177 -2
-36762 -1
-61685 1
-37931 1
23873 1
-3003 -2
-81974 1
11182 2
-28821 1
-87238 1
-91126 1
-66478 -1
-93495 -1
24011 1
-75603 2
14211 1
44165 1
-2567 2
-22193 -1
-28667 -1
20933 2
-51600 -1
16817 2
-8057 -1
-34662 -1
-19719 1
-34842 -2
8106 -1
-66054 -1
-94046 -2
-98393 -1
-63510 -1
-36633 1
-80597 2
40011 -1
-91265 -1
-77970 -2
-345 2
-62860 1
-38917 -1
7190 -1
47073 -1
-16397 1
44976 -1
-80124 1
-39736 1
-5328 2
-6492 -2
8791 -2
491 2
-85700 -2
-70600 -1
5597 -1
24139 -1
-14029 -2
-53583 -2
-59195 2
6530 1
34350 2
10812 -1
21615 -1
-35256 2
-86592 -2
13493 2
-94682 -1
27417 2
-97491 -1
-65234 -1
-23005 -1
-29125 2
-12715 -2
39919 -2
18886 -1
-36671 1
-62241 1
-43847 2
-49833 1
24166 1
-97012 -1
-26775 -2
-37255 -1
7697 2
-87299 -2
46612 -2
-11447 2
-96168 1
45686 -1
32336 -2
-77953 -1
28995 2
21186 -2
7911 2
-38241 2
-57878 2
-82543 -2
-54589 2
6784 2
-64118 -1
-6689 -2
-4054 -2
15105 2
-67848 1
26489 2
-37776 -2
33687 -2
28195 -1
-53919 1
6344 2
45058 2
-74694 -1
-17576 1
48033 1
-98461 1
-73469 1
30989 -1
-13192 2
-2903 -1
-49200 -2
-96192 2
-40949 2
-29496 2
10850 1
22829 2
-3537 -1
-80435 -1
26539 1
-93376 2
-36846 1
-83974 1
-30872 1
-66001 -2
-38842 -2
-63670 -1
-15032 2
-7843 -1
-31823 -2
-81872 1
-92017 -1
-68030 -1
-348 -1
26314 -2
-87546 2
12990 1
24174 -2
-99137 1
-44823 1
-67075 -2
-24613 -1
30691 2
-48235 -1
-19852 -1
10205 2
2655 1
7485 -1
-13405 -2
24110 -1
40460 1
30441 -1
-25199 -2
-35194 -1
2519 -2
-22991 -2
-18860 2
8045 2
43455 -2
-43247 -1
-57144 -1
-83377 2
23948 -2
16142 1
35881 -1
-88261 2
-53178 -1
-26754 1
-49877 -1
-84263 -1
-98700 -2
-35359 2
34558 -1
49878 1
-22937 -2
-59337 1
878 2
40048 1
-64704 1
4573 -1
25055 1
-65796 -2
4775 -2
-58671 -2
-87999 -2
5616 2
-35669 1
-29058 2
-56974 -2
-2965 2
-79074 -1
10012 -2
-86785 -2
-76996 -2
38537 1
-44429 2
26659 -2
-82643 2
2466 -1
34199 -2
43653 -2
-66597 -1
7812 1
-9212 -2
-82887 2
14081 -1
-25795 1
-24308 1
4618 -2
-3727 2
-76068 -2
12655 2
-18035 -1
-96355 1
38920 -2
-31557 -1
-48550 2
21583 -1
23709 2
-85241 -2
14967 1
-23651 1
-36768 -1
28408 2
-18314 1
37355 -1
-29922 2
-35996 -1
-24208 -2
15746 2
-67910 -2
16425 2
42053 2
-47742 -1
44902 -1
-8783 -2
-42507 2
27016 2
-86925 -2
-23495 2
-67982 1
-11427 -2
43680 1
809 -2
-47669 -2
35309 -1
-3282 -1
15934 -2
10390 2
-71431 -2
1505 -2
-62961 -1
-29514 -1
-93631 -1
-55022 -2
-16955 -1
-81585 -1
-30007 -2
3134 -1
-77744 -1
11949 2
10698 -1
-24056 -2
-95497 -1
-47569 1
-58418 -2
15894 -2
21937 -1
-89076 -2
-57673 1
-80177 2
-62304 2
-77348 1
-29898 -1
-7433 2
-95648 -1
4071 2
-53393 1
-37216 -1
-69899 -2
-8403 2
-8176 -1
10234 -2
-28104 2
-91694 1
7994 -2
-94451 1
6082 2
30680 1
-24902 1
18963 1
-73939 2
-66518 2
-4524 -2
-73363 -1
12103 -1
-9744 -1
-24281 1
43271 1
-24400 2
-87761 2
-66866 -2
-11705 1
-55475 2
-42851 -2
-81849 2
-83941 -2
-89364 2
-41959 2
-3731 -2
-80549 1
5917 -1
-79329 -2
-69106 2
7696 1
-95690 -2
27029 -1
30091 2
10782 -1
-52035 1
-47619 -1
-21791 -1
-21385 -2
-13077 -1
-61617 -2
-13189 2
-11832 1
-26209 2
-59688 1
-6455 -2
26994 -1
32357 1
-45074 1
42609 2
-18092 2
-18928 -2
-86638 -2
-58719 -1
-26780 -1
-19132 -2
-78031 -2
-16023 -2
-35309 -2
16830 -2
-37356 2
-86549 2
-29457 -1
6841 -2
-91943 1
7375 -1
-9761 1
-81932 2
-24349 1
-1627 2
36577 1
-906 -2
48054 -1
-85266 1
-84857 1
-12287 -2
-21957 -1
-83375 1
-20916 1
-10540 1
7644 1
-39622 -2
-4280 -2
40623 2
-9567 -2
-92454 2
23889 2
-93265 1
-5831 -1
11227 2
-75529 1
-30240 -2
-4161 -2
-97731 1
-7568 1
-77572 1
-74284 -1
32520 -1
36761 -2
-98036 -2
-63505 -1
-93275 -2
-22111 1
-79213 2
39214 -1
-17907 -2
-10430 2
-50568 1
-13632 -2
-15777 -2
-22773 -1
-72395 -2
-71727 -2
-50350 2
2731 1
-10813 -2
-56288 -1
-42776 -2
-85908 1
29274 -2
-20824 -1
-45825 1
-68641 -1
19399 2
44520 1
-76774 -2
45736 1
22926 1
-21606 2
-75619 -2
-54272 1
6162 -2
-57064 -2
45804 2
5128 -2
-1047 -2
-55226 1
27517 -1
-83095 -2
-56240 2
-670 2
-23425 -2
47052 -1
-5009 2
-74100 2
-62171 2
37263 -2
20270 -1
-83732 1
9246 -1
-25552 -2
-56786 1
-61081 2
-75632 2
-69712 2
10717 -2
8148 -1
-48697 2
-4002 1
-59550 2
-25064 -1
-91393 2
34663 -2
-71513 2
3804 -1
17454 2
43339 2
-66400 -2
-78549 1
3233 1
-50462 2
-34334 -1
-44363 -2
-91492 -2
-57362 1
39695 -2
8651 -2
-90605 1
-34858 -1
-47139 2
3351 2
-7375 1
-17561 -1
7412 -1
11551 1
-56852 2
-59566 1
32318 1
21503 -2
-99149 -1
-94447 2
-94543 -2
14602 -2
41472 1
10324 -2
9764 -2
49730 -1
-32668 -2
23047 1
32840 2
8314 2
33457 -1
-3728 1
-95501 1
-14944 -2
-53089 -2
18141 2
-42434 1
-55470 1
-80857 -1
35229 1
-66264 2
-44557 -2
-70863 2
9235 -1
-7995 2
10809 -2
-69441 1
38626 2
-70678 -2
-47052 1
-68425 -1
-74529 2
-32042 -1
15377 2
14993 2
-50062 -2
-26407 1
3300 -1
-66658 -2
-45462 2
6823 2
-4650 -2
-26673 -2
29345 1
-13093 2
-50408 1
-2294 1
49608 2
-70494 -2
-19828 -2
-85866 1
-16260 2
-48324 -1
-31041 -2
28734 1
-33259 2
-93083 -1
-38001 -2
-28010 2
-11100 1
-29224 2
25583 -2
43767 1
-752 2
-33317 1
11571 1
-51732 1
-5967 -1
-84200 -2
28514 1
46407 -2
-65906 1
-30423 -2
21312 -1
-75434 1
42814 -2
-67293 -2
-52158 -2
-87101 1
-90887 2
-77277 -1
-30202 1
-36775 -1
-543 -2
31969 2
-9129 2
-85443 -2
-64726 -2
-87901 -2
-67991 -1
-82152 -2
-84403 1
24088 -2
-52659 2
43161 -2
-13832 -2
-80485 1
45412 -2
-21892 2
-87020 -2
-30916 2
-88131 -1
46976 1
20461 -1
-11804 -1
-37550 -1
21445 -2
-13753 -1
-88076 -2
-90502 2
-14105 -1
-14422 2
-59021 -1
-79688 1
-25354 -2
-52717 -1
-77879 -1
-70548 -2
36722 1
-42933 1
-48325 1
-70114 2
-22578 -1
31806 -2
-53401 -2
-33562 2
-11063 -2
-57687 1
-55114 1
19030 2
-73029 1
35327 -2
28896 -1
13355 1
-53785 -2
29142 1
-38517 -1
902 1
-33427 -1
-9021 -1
-83165 2
8938 -1
-28854 1
-13371 1
42762 2
-75162 2
-70950 -2
46535 2
-85364 -2
-42568 1
-41881 -2
619 -2
-16804 -2
-94449 2
-50809 2
-62362 -1
-46237 -2
-48245 2
40504 1
-32427 1
-19255 -2
-60541 -1
-14301 -2
-95622 1
-62954 -2
-32910 -2
-3579 -1
23684 -2
-58582 2
29310 1
-91256 -1
2233 2
-7130 -1
44509 2
23841 -2
40910 1
-23371 -2
22953 -2
3074 2
-63453 1
-9264 -2
11124 -1
39205 -1
-45918 -2
-52862 -2
-76772 -2
-89982 2
-42243 1
-91620 2
-56951 2
-41816 1
-17586 2
-82135 -1
23797 -2
-7267 -2
-99647 1
32399 2
-4360 1
-49034 -2
24226 2
-81870 -1
31294 -1
39760 -2
-39340 1
14363 1
28736 1
-97395 2
-78668 -1
-46625 -2
-98357 1
-29070 -2
22993 2
-27582 -1
34165 1
-38343 2
-72838 2
-91347 2
4126 1
-973 -1
31818 1
17920 2
1929 1
-17669 -2
23610 1
-35539 -2
28256 -1
-95659 2
-28209 1
-77706 2
46838 -2
-32608 -1
-15577 1
20646 1
-77305 -2
-99423 -2
-93124 2
21467 -2
-3394 1
-35609 -1
-10330 -1
49380 1
-92237 1
44366 -2
-1640 -1
-19215 -2
-56476 2
48960 -2
1529 2
-46779 -1
-27803 1
8057 1
-68014 -2
-95741 2
-49824 -1
-1744 1
-88158 1
37148 -2
-59481 -1
-28912 2
-35606 1
-86836 2
-15463 -1
-17823 2
19009 -2
-48354 1
25028 -1
-5738 2
-2783 -1
-99006 1
-77098 1
-81352 -2
1751 1
-81334 -2
-53343 -1
-15942 -2
-26413 -1
-7877 -1
-92746 1
47624 -2
-50293 2
12012 -2
-98702 -1
-55214 1
-26220 1
-65295 1
-72968 -1
-87701 -1
-32950 -2
-69697 2
36444 -2
39679 -2
16100 -2
-8059 -2
-89744 -2
-10228 2
-46370 -1
-88004 -1
-86258 1
-38644 2
-13290 -2
-82028 -1
-96540 -2
-86950 2
32679 -2
-96549 1
29813 -2
-54784 1
34310 2
-95231 -1
-3301 2
-30617 2
-50622 -2
-74919 -2
-36249 2
-94161 2
-17081 1
-39032 -2
25328 1
-63401 1
-98173 -1
19044 2
-20948 2
-50396 1
-28498 -1
-69186 -2
40332 -2
-80460 2
14224 1
-52936 1
-16783 1
-22708 -1
-82848 -1
1717 -1
-31913 2
-66269 1
-42053 -1
-37897 -2
-93650 2
-89215 -1
-29244 1
-24460 -1
45275 2
-25367 2
-359 2
31022 1
36337 2
-600 2
-54222 -2
-92173 2
-35659 1
-62450 -1
-76361 -1
-42565 2
-52337 1
11205 2
3582 2
-13678 -1
1298 1
-31524 1
-27358 2
40709 1
-85026 -2
14956 1
16238 -1
-216 1
-55998 1
-25328 -1
36575 -2
10861 1
-87889 -2
-74710 1
-49526 1
41297 -2
18349 -2
-48776 -1
-38285 2
-62956 1
39804 -1
-44149 -2
16038 -1
-79508 -2
-8445 -2
31080 1
26168 -1
10921 1
43919 2
-57410 2
20490 2
3027 2
43032 -2
-26370 2
16480 2
-69646 -1
26633 -2
-92411 1
32349 2
48454 -1
37891 2
-41639 2
-4913 1
-66394 -1
11596 2
26368 2
20391 -1
-43379 -1
-15138 2
-10226 1
-14567 1
-20979 -2
-61755 1
20931 1
39954 1
45376 1
21707 -2
38872 -2
-3023 -2
-8899 -2
42296 -1
9521 2
-73257 -1
-41015 2
-74192 1
-79510 -1
-20627 -1
-24450 2
-89815 -2
-89497 1
-32306 -2
-85246 -2
-14872 1
9567 2
37845 -2
-6050 -1
-40270 -2
5884 1
-68512 2
29517 2
-14804 2
-69246 -2
47228 1
-50926 1
-86476 -1
-66256 2
-32719 -1
-1785 2
32565 -2
18377 -1
-12189 -1
-86250 -2
10315 -2
-80887 1
-51775 -2
-75267 1
-82163 -1
-26736 -1
-76677 2
2381 1
4247 -2
33971 -2
47590 1
-72673 1
12973 -1
45879 2
-76769 -1
8477 1
-45598 -2
-10758 1
-77312 -1
-69633 -1
8928 -2
-60311 -2
-26452 -1
-99140 1
-43471 2
6949 -2
-12830 -2
12181 2
36826 -1
-13276 -1
-87412 1
17832 1
-55407 -2
-20155 2
20799 -1
-17936 1
24075 1
-93524 -2
-69547 1
-20748 2
-44201 -1
-31233 2
41720 1
-10610 1
-49379 1
-84609 -2
-79292 1
-88138 -1
-88800 -2
15038 -1
-25866 2
-80344 -1
-73870 1
-71774 -2
-78367 -1
20175 2
-10355 -2
-26824 1
-49006 -2
41369 1
22859 1
49714 1
-26478 2
7500 1
-35389 2
11625 1
15215 -1
-7923 -2
-11122 -2
-79009 -1
-28749 -1
-36441 -1
-8936 2
-8552 2
-24474 1
-95959 -1
-4061 -1
15684 -1
-59286 -2
21422 -2
46424 -2
34647 -2
973 2
-60060 -2
-57686 -2
-41267 -2
-7961 -2
26443 2
-95381 -2
-55080 -2
-88994 -1
-897 -1
-63081 2
-60522 1
-1525 2
-34245 -2
-64557 1
-74254 1
-84112 2
19773 2
-20757 2
-18856 -2
-64914 -1
10330 2
17610 1
17113 2
28537 -2
-23462 1
34334 1
-95251 -1
25221 -2
-81723 -1
-25341 2
2268 1
-42839 -1
15607 -1
-75664 2
7075 1
28977 2
-29490 2
-43755 -2
6372 -1
45350 -1
-87759 -2
-21541 -2
-20107 2
-53373 -2
-38119 2
34562 2
-27783 -1
-32275 -1
-36740 2
22208 2
-16143 -1
-6073 2
-61478 -2
-56773 1
-88398 1
-50909 -2
-41236 2
-9809 -1
-30389 -2
25658 -1
13985 1
-21229 -2
-25291 2
-7968 2
42974 2
-90913 -1
-36978 1
9029 -1
-30944 1
16220 -2
-54166 -2
17473 -2
-64906 -2
-36703 2
19165 -1
-31919 -1
49882 1
-78197 1
-23285 2
-64810 1
-59179 1
-5585 1
-36387 1
4415 1
-56512 -1
-58549 -2
-80892 -1
35035 -1
-47881 2
18090 1
-32351 1
-47169 -2
17363 -2
-28341 -2
-20661 -2
-12839 -2
-33864 2
41903 1
-10219 -1
10164 1
-29900 -1
9128 -1
2779 1
5722 1
16456 -1
-7148 2
12826 1
10491 -2
31512 2
28313 -2
-13039 2
-30063 -2
-46547 -2
-53236 -2
8710 1
-10978 2
-6011 2
-52411 -2
-32500 1
35486 -1
24840 -1
-50540 1
21694 -1
13159 2
-88329 1
-78938 -1
31363 2
-7863 1
-50181 -1
-97754 -1
-60042 2
-62300 1
-44856 -1
-76910 1
-84175 2
-83275 -1
-9561 -1
1080 -1
-85048 -1
-33623 2
11723 -2
-48080 1
-7252 2
28360 -1
-88204 -1
29261 1
-9766 1
-88733 -1
-65802 2
-25768 -2
-55254 -2
-773 2
-1994 1
-85429 -1
-73682 -2
-42092 -2
-72639 -2
-71358 2
-54390 1
-32964 -1
-98018 -1
-27860 -2
-54819 2
5268 -2
38801 2
9402 -1
-73115 -2
-85931 2
-48505 1
-39872 1
-53791 2
-56590 -2
-93680 -2
-9176 1
10097 1
46187 -2
28049 2
5909 -2
48892 2
-80201 -1
-50010 2
-35400 -2
42327 2
30073 -2
13464 2
24502 2
-41293 -2
7245 2
-30390 2
-75313 1
6845 1
-55089 -1
-52012 1
-53297 1
-39735 -2
-55996 -1
-64073 1
-27717 1
-65724 -2
-7704 2
-58374 1
-29778 -1
-90546 -1
-87597 2
31444 1
-99142 -2
-32898 2
-3367 -2
-71451 -2
-5815 -2
-5936 2
-52748 2
41916 1
-85647 2
45656 1
16302 -2
20295 2
29759 2
-113 2
-95877 -1
-60532 2
36327 2
-42479 -2
-11245 2
39461 -1
-57870 2
-86596 -2
45778 -2
-83976 2
-35724 1
-69115 -2
-71037 2
-33169 2
-30604 2
19018 -2
-78413 -1
-22320 -2
46776 -2
-58910 2
-13918 -1
-17313 1
-40943 -1
22490 1
25463 -2
46079 -1
-14515 -1
-46399 -2
-86116 -1
35510 -2
-76386 1
-49788 2
-63503 -2
-98722 2
-99843 -2
-32636 -1
20128 -2
34864 2
40213 -2
-17872 -2
32442 -2
-4776 -2
-26617 -2
-32239 -2
3333 -2
22345 -2
-32948 2
-99413 1
-55676 2
-63065 2
2203 -1
49480 1
17999 -1
29384 -2
-38276 -1
-55881 1
-80978 2
-25273 -2
49798 1
-56434 -1
-75508 2
-12107 -1
41837 -2
5783 2
271 1
-47624 -2
-97941 2
-60590 -1
37506 -2
-33000 -1
-79322 2
-77923 2
-93054 -2
28861 2
14054 2
-80709 -1
-94847 -1
-62532 -1
-71539 -2
44219 -1
-15569 -2
10651 -2
23386 -1
-96047 -1
-27562 1
-35129 -1
-38570 -1
-18201 -1
-93878 2
-96429 2
-55708 -1
41956 -2
-98429 1
-36644 1
-137 1
-5552 -2
-6253 2
11488 1
-59290 -2
-42290 1
-18635 -2
-14003 -1
-23336 -2
-34291 -1
16107 -2
-37280 -1
12150 -2
21569 -1
17219 -1
-11239 -2
34952 2
-63119 2
-65768 2
-75191 1
-4145 1
40148 -1
-3390 -2
-81620 -2
-95399 2
-10632 1
-7013 -1
-1576 1
-20542 2
31997 1
-47862 1
5719 -2
-89772 2
-35248 2
-75939 1
-83054 -2
-78527 2
-27753 2
41671 -2
-35184 -2
-79196 1
-19888 2
4386 1
-91604 -1
38428 -1
-23640 2
3330 -1
-41827 -1
-90538 2
7919 2
-64671 1
-13187 -1
-80602 -2
-53837 -1
-15027 2
-59435 1
-74672 2
-6107 -2
-40657 2
-19093 -1
-83028 -1
-43591 -2
-1603 1
-57661 2
-4966 -1
-36805 -1
30469 -2
39686 2
26409 -1
-47686 -2
29918 1
13011 1
43169 -2
-19239 -1
-83996 -1
-56618 1
2339 1
33589 2
-95016 2
21029 -2
-95731 -2
32988 -1
-36443 2
40943 -2
-87262 1
10176 -2
-81677 -2
-19635 2
-68876 1
15466 1
-41105 -1
-35705 2
-95025 -1
-48544 1
-9400 -1
31212 -2
-98538 -1
-91690 -1
-56781 -2
34898 2
-71422 1
16943 2
17929 -2
30818 1
-526 2
24083 2
-59929 -1
-58764 -2
40485 -2
13887 -1
-18668 -2
14298 -2
37728 -1
-2357 -1
18426 2
-8163 -2
-71807 1
34553 -2
-7350 1
-23878 1
36652 -2
-35381 1
-37383 -2
-42708 -2
-73785 2
27726 -2
7288 -2
-61821 -1
-99067 1
-3329 -2
603 -2
-85021 -1
-77956 1
40860 -1
-15053 2
-93940 -1
-60547 -2
-39014 1
-40168 -2
-61602 2
44304 2
-39711 -2
-63766 -1
-98390 2
19962 -1
24776 -1
-88417 2
44384 2
3138 -2
-75043 1
34768 -2
-57500 -2
-41467 -2
-61525 1
-95756 -1
14538 1
533 1
32928 1
-72379 1
6050 1
-19994 -1
-22218 -1
-98291 2
-72456 2
-23135 -1
38514 2
5400 2
-4730 -1
-50264 2
-40023 1
-65426 -2
-97806 -2
-1194 -2
46231 1
-28746 2
-98522 -2
-47642 1
-85473 -1
29664 -1
45509 1
43279 1
-97733 2
-56130 -2
-59380 -2
7891 1
-87954 1
-94398 -2
-65638 -1
34227 2
17014 2
-54169 1
48168 -1
41332 2
-17487 1
-82375 2
-62077 2
34913 2
-18563 -1
-56614 -1
-87002 -2
-54779 -1
-15101 -1
9951 -2
-43673 -1
-20976 1
-8733 -1
-61878 1
-22037 1
-90886 -1
-46566 1
-58643 1
-1484 -2
23715 -2
-96000 -1
4559 1
-62546 -2
30487 -2
-64890 -1
-53490 2
-31547 -1
4999 -1
38367 -2
45491 -2
-63937 -2
4011 -2
-41723 -2
-61722 2
11518 1
-4742 -2
-62996 1
-3096 -2
39213 -2
-29804 -1
-4984 1
4181 2
-96195 -2
-54992 -2
29009 2
25816 -2
38180 2
-50669 1
-24184 2
-16900 2
3008 -2
32459 -2
-24622 -2
19637 2
42467 2
-22670 -2
-7510 -2
-9220 1
-35876 -1
-64242 -2
-62033 -1
-28096 -1
-8570 -2
-8053 -1
-95938 2
-29787 -2
-39450 1
-39046 -2
28299 -2
-55943 -1
-6792 -1
-83971 -1
-98222 -1
-79498 2
47587 2
1323 2
-50351 -2
37579 -2
-28790 1
-50620 -1
-25705 1
-6356 -1
41491 -2
18864 2
-8761 2
42354 -1
-36815 2
-87818 2
-41996 1
35790 -2
2226 1
-35893 -1
-12160 2
-83912 1
-73003 -1
659 -2
6064 1
-91844 1
-15324 2
10666 -1
20865 1
-5563 2
-81414 1
-18159 -2
39930 2
33647 -2
-76315 1
17549 -2
47914 2
23158 1
2649 2
44206 1
-79763 -1
3672 2
-35310 1
35589 -2
-33788 1
46639 1
19153 2
-31773 -1
-95449 -2
-58951 -2
-81699 2
-91908 -1
-23664 2
24334 2
-74842 1
-44997 -1
-72813 1
14641 -1
-92021 1
-498 -1
2972 2
-79019 2
20247 -1
-82022 2
-74717 -1
46264 -2
-21491 -1
33296 2
28506 -2
15156 2
32065 2
-42736 2
-76892 -2
34347 -1
-59915 -1
-82211 2
-15827 2
47058 -1
-28641 1
-77371 -1
-84130 2
5360 -2
19874 -2
12411 -2
16173 -1
-72247 -2
-44938 -2
34222 1
-97762 -1
-59937 2
30676 -2
-73235 1
31539 -1
-53073 -1
-27037 2
-1249 -1
-17461 -2
-19070 2
-7141 -1
4903 2
46355 -1
-99919 2
-45577 -2
-71993 1
33191 1
10887 2
-34933 -1
-66477 1
17054 -2
15769 2
3535 2
-51864 -1
25591 2
29660 -1
-87434 1
-27039 -1
42186 2
-1445 -2
19183 1
23807 2
14142 -1
19934 1
-75030 2
1561 2
-70637 2
-38946 2
-34015 1
-26852 1
41954 1
5076 -1
6927 1
-60952 1
25090 1
32685 -2
-84376 1
-62745 2
-32985 1
-9065 -1
-35109 -1
-84235 1
1779 -1
-16581 1
-51033 2
4317 1
-19617 2
16630 1
-93288 -2
16717 -1
-27081 1
19185 1
-97688 1
-439 -2
-34289 -1
43176 -1
-35319 2
48158 2
-4903 1
-95139 -2
16502 -1
-59538 1
-52577 -2
-41374 -1
-7895 -1
10252 1
14690 -1
-2882 -1
-17610 -1
-88242 1
17765 1
-5598 2
39445 -2
46569 -2
-97885 1
-54154 1
-93134 1
-87257 -1
46551 1
38315 2
15807 2
-52973 2
-19606 1
31886 -1
48188 -2
14017 1
-7246 2
-40442 -2
11988 2
-35569 -1
-1436 -1
-2221 2
-51029 -2
-36251 2
-13635 -1
49081 2
-16883 -2
-97589 -1
4184 -2
-72926 -1
-98801 -1
20371 1
-27159 -2
33326 2
11711 -1
25259 -2
-61356 -1
-32718 -1
-82526 2
-30372 -2
-57998 1
-88296 2
-32291 -1
-34964 2
-32339 2
-55735 -1
-53825 -2
17446 2
-82783 -2
-1156 1
20565 -1
20691 2
-66694 -1
-69150 1
-38008 -2
-29177 -2
13632 2
-83972 -1
20530 -2
-78871 1
-66290 1
45633 -1
32013 -2
-99482 -2
35619 -2
-25923 -1
-41154 -1
-77366 2
12164 2
45007 1
-58259 -1
-41736 -1
-55116 -2
-93765 -1
11762 -1
-13362 -2
17667 2
38449 -2
-61590 -2
1494 2
-21590 -1
21218 -1
-52667 -2
-94069 -2
-13147 -1
-59320 2
25366 -2
-77644 1
-65334 -1
-98536 2
29275 1
45308 2
-16517 1
25510 2
-1591 -2
-4141 1
8032 1
-76536 1
-59137 1
-27187 -2
-95403 2
-20990 2
-61499 1
-40405 1
7734 -1
8780 2
-51987 1
-66734 1
-12904 1
48164 -1
-17581 1
-76400 2
-16710 -2
44011 -2
-67650 1
-40444 1
24115 -1
-3263 2
-3614 -1
47133 -2
-31599 2
-92841 1
-63268 1
48022 -2
-93834 2
36455 -2
-596 1
-97256 -1
28532 2
-941 -1
-70357 -1
-16638 2
-41767 -1
-47934 2
-51374 1
-36731 -1
-10598 1
-83230 -2
-60057 -2
-43748 2
-47244 1
27757 -1
-33056 1
-17285 -1
26296 1
-23042 -2
40502 -1
-36552 -1
45344 1
-58768 1
22012 -1
-93240 2
530 -1
21794 1
-82042 2
14404 1
24927 1
-12074 1
-98562 -2
19856 2
-80754 -2
27205 -1
-99855 1
-47617 -2
-53945 2
-68389 2
-247 1
-42354 -2
-39377 -2
6650 -2
-97660 1
-38340 -1
49489 -2
22379 -1
-17755 2
35482 2
-20631 2
-97397 -1
-25389 2
25956 2
-3370 -2
-83539 -1
34075 -1
-24953 1
42817 1
-11629 -2
4218 2
13269 2
-17440 1
-94802 1
33699 -1
-35900 -1
-47305 -2
-33470 1
-59947 -1
-4515 -2
-89865 -1
-10715 -2
43309 2
-71361 -1
29338 -2
-95718 1
3268 1
-47560 2
38740 1
700 -2
113 2
-11665 1
32523 2
-97473 2
-43414 -1
31196 -2
-28961 1
-87423 -2
-85115 2
-8294 2
-80582 -1
-84209 -2
-46159 -2
-5625 1
-98738 2
25480 -2
3932 -2
-28530 -2
-33463 -2
-86461 -1
9669 -1
-76716 2
25000 1
-47527 -2
-4482 -2
-53399 -1
46415 -2
-59302 -1
-37183 -2
-37171 1
-2262 -1
21588 -1
-61787 -2
13786 1
-43486 1
-51888 -1
-2758 -2
24561 2
-44976 1
8278 -1
-10363 -1
-63790 -1
-85774 1
10802 -2
28745 -2
-83361 2
-50644 2
-68449 1
10322 2
33975 1
-65722 2
15195 -1
-19347 2
47721 -1
3560 2
-62750 -1
-66598 2
-3352 1
812 -1
-98553 2
36488 1
39941 2
-27209 -1
-84803 1
-79024 -1
-20308 -1
46399 -1
-8934 -2
-42188 -1
34585 2
1087 -2
-6967 1
-15010 -2
15998 -2
-92503 -1
-84365 -1
-8845 1
34200 -2
-66481 1
25348 -2
-7343 -1
-87404 1
9139 -2
-3415 1
-39730 2
-94765 2
23741 -2
5461 -1
-78986 -1
35930 1
3154 -2
-69924 2
-69570 2
-75390 -1
40835 -2
-53762 2
-69858 -1
-19140 2
-87051 1
44630 -1
-40342 -2
-89207 -2
-64291 -1
32775 1
15292 -2
-26947 -1
-21890 -1
-44733 2
-5647 1
49865 -2
-67000 -2
-66470 1
-89627 -2
-540 1
13259 -1
-36988 -2
-31432 2
-55791 -2
-97024 -2
31973 -1
-80407 -2
26324 -2
19435 2
-98308 -2
-71111 1
1646 2
-90208 1
-41053 2
-45180 -1
-4686 -2
-25411 2
26334 2
-30735 -2
-95335 -2
-69782 -1
21888 2
-89314 1
-66259 1
-45600 -2
-29204 1
-50974 -2
-92473 -2
-39109 -2
-66902 1
-42461 1
-55260 -2
38361 -2
1803 2
-20028 1
-74304 1
18778 -2
-83998 1
-94351 -1
40950 2
-83649 1
-27424 -2
-78771 -2
25995 1
29382 2
-69203 -1
-51317 2
-12058 -2
18244 -1
-60657 -2
-76091 -1
-37724 -2
22311 2
-47086 -1
-52790 -1
-55986 2
46915 1
-90307 2
-18263 2
41734 1
-24195 2
-37498 2
-29399 -1
40973 2
-85687 -1
7974 -1
3578 -2
-26141 1
-71186 -1
-76564 2
-86729 2
37543 -2
-11086 1
-94131 -1
-22389 -1
1600 -1
-69006 -1
-49182 -1
-32487 -1
-68191 -2
21911 2
-41600 1
-5523 -1
-26739 2
-31546 -1
-86693 1
-87385 -1
35900 -1
-17562 2
20011 -1
-77060 -1
-57056 2
-4136 1
-56636 2
-20180 -1
39435 1
49482 1
-8049 2
-77603 -2
39261 -2
-74022 2
-72436 2
-64241 1
-41599 1
-68506 2
-87932 -1
-90511 2
14202 -2
3168 -1
4094 -1
32262 -1
-80991 -2
-35590 1
-90681 2
-23037 1
-28881 1
-51341 2
-41228 1
22514 2
-84122 2
11138 -1
17231 -1
48995 1
20018 -1
-94837 1
-12393 -2
-65790 -2
-56779 -2
-96802 2
1171 -2
-15836 -1
-83417 -1
-45725 1
49973 1
38957 2
47399 -2
-90869 1
48828 1
5284 2
9266 -2
-62571 2
-23259 2
25167 1
-30780 1
9785 1
-39779 -2
29198 -1
-32961 -1
-18108 -1
-55940 1
-27422 1
-30673 -2
22192 -2
-1890 -2
-39973 1
33866 2
-51906 -1
41203 1
-2034 2
-84013 1
18059 -2
26240 -2
41799 -2
23200 -1
-18182 1
-47512 2
13535 -2
16557 -1
-64220 -1
15853 -2
13032 -2
-7421 -2
-75215 -2
-85044 1
13231 -2
7273 2
-96173 -1
-18028 -2
-79090 1
-23471 1
-71511 -2
-91511 2
-36636 1
-44062 2
-91201 1
-57169 2
-8101 -1
-15904 1
-45293 -1
-86699 2
38157 -1
16304 1
37243 -1
-55615 -1
12943 -1
-5250 -2
-44898 1
45089 1
-7106 -1
-88480 2
-93047 2
-51570 -2
552 2
-41648 1
-677 2
-40434 1
-96460 -1
-47541 1
25676 -2
-4568 -1
-3373 2
-70630 -2
-91458 2
-13933 2
-95878 2
-39612 -1
-46240 2
48986 -2
-64290 2
-52467 -2
-56206 1
-19669 -2
28766 -1
48761 -2
13821 -2
-30806 -1
14351 -2
-65864 -2
-31340 -1
-80026 -2
44379 -2
-17619 -1
-25947 -2
-44055 -2
-72792 -1
-39922 -1
-67845 -2
5560 -2
-44362 -1
-69045 2
1036 -2
-95274 -2
38843 2
4378 -2
1548 -2
38419 1
4151 2
15733 -2
-64187 1
43158 2
46607 -1
-22061 -1
-73446 1
-97743 2
3980 1
-21443 -1
-35095 -1
31616 2
-70372 -2
-70083 2
-69220 1
28847 2
22943 -2
-59627 -1
-67315 -2
-8061 1
-57369 2
22807 -1
32902 1
-65800 1
-18267 2
7302 -1
-48831 1
-6568 1
-62820 -2
16908 2
-92391 2
31254 -1
-11753 2
-3362 -2
47869 -2
-56605 -1
-39678 2
-12938 -1
-65811 -2
46363 -1
38555 -1
-43091 -2
-87015 1
-74738 1
-35585 2
-44536 2
-42569 2
-76805 1
45037 -1
5146 -1
414 -2
-79521 -2
-66862 1
-11205 -1
-3205 -1
-2390 1
39552 -2
-80223 -2
-23601 1
8436 2
22642 1
-88750 -1
-77426 2
-53997 -2
-39848 2
39597 2
-70294 1
15805 2
-75375 1
38226 -2
-64774 -2
-86957 -1
-65405 -1
-97716 2
29291 -1
-78870 1
16192 2
9369 1
-81534 2
-97913 1
3434 -2
16789 -1
-22543 1
42246 -2
-56199 2
-78352 2
34729 -2
38395 -2
-35567 -1
4433 1
-34982 2
-1346 -2
-19990 -1
-19020 2
-35372 1
-48506 -1
-7491 -2
-13238 1
-16369 -1
49143 -2
34073 2
-96226 -1
26119 -2
-34432 -2
19482 2
612 2
-69879 -1
-48181 -2
-90455 -2
-10421 -2
4110 2
-69005 1
32800 2
18463 -2
31493 1
27501 -2
29245 1
-11429 1
-69516 1
-79361 2
-14250 1
29555 2
7251 -1
-41117 -2
34791 -2
-22261 2
-14283 1
-30164 1
-48986 2
42932 -2
37335 2
-81289 1
-88857 -1
-93045 -1
28710 2
-56360 -1
48154 2
-43977 -1
-50225 -2
-31739 2
26827 -2
2418 1
23069 1
-3300 -2
-97266 -2
40032 -1
-86903 -2
28566 2
46885 -2
-98164 -1
-38852 -1
-48804 -2
-68325 2
-35910 -1
40814 -2
15297 -2
33538 -1
-85643 -2
-45910 1
19349 -1
155 2
-22084 2
-27764 -1
-44675 -2
-6673 -2
-78477 -1
-48861 2
2481 2
-31397 -1
-71912 1
-55571 2
-70533 -1
15688 -1
-97128 1
-10461 -2
-47594 2
-45554 2
-7313 -2
-10042 2
-58935 -1
-26419 2
-52567 1
14731 2
-51659 -1
-64788 2
-48803 1
32897 1
39183 1
6520 1
-60550 1
41835 -1
-31760 -2
46435 -1
-20940 -1
-15277 -2
42739 -1
-81992 -2
-32708 -2
42693 -1
-36066 2
17140 -2
-91067 -2
47063 1
-10934 -2
-35874 2
-17842 -1
-47233 1
-89434 2
-32160 2
-54471 1
-29215 2
26946 2
-49389 2
-87913 2
-91289 -1
-32446 -2
-62398 -2
-34527 2
-75580 -1
46922 -2
-877 -1
-6793 2
-84752 -2
-78653 -2
-59411 1
48531 2
-96334 1
-67968 -1
-30222 -1
-38815 1
-13009 2
13388 -2
49612 1
12475 2
-10841 -1
-81048 -1
48136 -2
13912 1
-31184 -2
1621 1
-62674 2
33649 2
-90038 1
-31418 1
-71365 -1
-15021 1
17099 1
-78783 1
-96887 -1
14190 2
-38775 1
43963 -1
36592 1
-91305 -1
41786 1
-44767 -2
-43694 -2
5513 1
-71086 -1
21316 -1
-648 -1
-40110 1
-98568 -1
31290 1
39504 -1
-31464 -2
23793 2
-8470 -1
-76546 -2
-17503 2
-75505 1
-5931 2
-66579 -1
-4168 2
-68771 2
-38760 -1
347 -1
-92184 -1
8538 -1
-37928 -2
35844 -2
-76816 1
47874 -2
-81784 2
28246 -2
-40191 -1
-26807 1
-59988 2
-42509 2
27169 1
-17483 1
-33837 1
-74723 1
-3463 -2
1585 -2
-53332 -1
-60860 -1
-3382 -1
16702 1
-39798 2
17484 1
-74664 2
14496 1
34680 2
-63947 2
-62219 1
6733 -1
48698 -2
-87450 -1
-71280 1
-35275 1
6029 1
-24789 -2
-26626 1
-56796 1
-72683 1
-64389 -1
-69761 1
11876 -1
9558 2
-29507 2
-88550 -2
31306 1
-98616 -1
-76188 -1
38882 1
7757 -1
28787 1
-32854 1
-45784 2
-58870 2
-63825 2
-93647 -2
-18810 2
-65099 1
8009 2
33728 1
-88791 1
-72466 -1
18512 2
-73351 -1
44864 1
32815 -1
-42416 1
-42910 -1
1363 1
44856 -2
-16187 2
25983 -2
9658 -2
-42724 -2
49205 -2
4216 -1
-98261 -1
-81817 -1
-23996 1
-51603 -1
-21291 2
-73536 -1
-32265 2
48230 1
42803 -2
-54913 1
-81956 -1
-14776 -1
20650 2
-23832 -1
40710 2
33143 2
-6160 2
-57339 1
39128 -2
-26212 -2
14654 2
-40867 1
-24755 -2
1370 -2
37749 2
-11528 -2
-60089 1
34464 1
-64989 -2
28481 1
-94607 -2
21242 -1
-89995 1
-28800 1
-28330 1
17723 2
-10510 -1
48135 -1
-14930 -2
49139 2
-2971 1
6333 2
-27577 -2
-25690 2
26461 1
-59613 1
-79104 1
-57379 2
30116 -2
-2533 -2
-1148 -2
-81749 2
-17960 -1
-80518 2
6005 -1
-64941 2
-18183 -2
8173 -2
439 1
-48856 1
-33403 -2
-43993 1
-16600 2
-49282 2
-75312 2
-64087 -1
-72325 2
-72269 -2
25476 -2
-43114 1
-5499 1
12202 2
-74812 1
-64778 -1
-59676 2
-80357 2
-48926 2
-80670 -1
-96839 2
-61493 -2
-29261 2
-68802 -1
-7674 -2
23303 1
11352 2
-18891 -2
-52558 -1
-67635 1
-33599 2
-93356 -1
-45003 -1
26440 -1
-36766 -1
-1337 -2
45937 2
42431 -1
16224 2
46387 -1
-49122 -1
-83532 1
12095 2
-92789 1
205 1
-79680 -2
-20826 -1
-26693 -1
-97188 -1
-92465 -1
-63787 1
-1236 -1
-58423 1
-24355 2
11801 1
28750 1
-57495 -1
-62911 1
20298 -1
-49164 2
17851 1
39234 -2
16770 -2
32719 -1
48017 -1
-79190 1
1237 -1
-57919 -2
45335 1
-69035 2
-25005 -2
-62718 1
-85954 2
45232 -1
2740 -2
4037 1
-71798 2
-14715 -2
-54094 1
-80767 1
-30910 -2
-36601 1
-56009 1
-4835 1
-2322 -2
-52109 -1
19093 2
33504 -2
28272 1
4240 1
-27850 1
-5377 1
-48433 -2
8767 -1
49937 2
-70724 1
34484 1
-17108 -2
-38006 2
34206 -1
-91283 1
-45090 2
-90754 -2
25560 -1
-65441 -1
-20225 -2
28280 -1
37628 -2
-45671 -1
46409 2
9300 1
-90381 -1
11911 -1
-10054 -1
-6803 -1
7972 1
49777 2
-89359 2
-20198 -2
47570 2
33392 1
10147 2
16883 2
-71677 -1
-23636 -1
49460 -1
-37785 -1
42322 -1
16475 2
-91845 -1
-61095 2
-36396 1
44707 -2
-89556 -1
-32870 2
-22420 2
-56006 -1
47999 1
789 -2
-71601 1
3703 1
-69211 -2
-66585 -1
-72085 -2
-11910 -2
-5796 -2
-53405 -2
46699 2
-53723 2
-47240 -2
-5873 1
2534 2
46749 2
-46244 -2
33789 2
-70123 2
-84211 -1
38002 1
-46018 2
-5707 -1
-38005 -1
6026 2
864 -2
-97182 2
983 -1
-69814 -1
24375 1
14656 -1
-57273 -2
31740 -1
22393 -2
10652 2
-15380 -2
-704 1
-98844 1
16601 1
-23256 -1
-57227 1
-45376 -2
9287 2
28136 1
-19290 2
-40297 -2
34349 1
-13616 -1
-6701 -2
-16473 1
-11126 2
17753 2
-15370 -2
-71785 2
-69047 2
-11039 2
-80983 1
-12437 -2
-11373 2
-27692 -2
14389 -1
-13594 1
-14206 -2
-10747 1
-98386 2
18527 -1
-77888 -2
-71088 2
-6423 -2
2824 -2
-56497 -1
-52292 -1
-74359 2
25272 -2
-25051 -1
35683 -1
-83538 -2
-1092 2
39852 -2
-47042 -1
-76014 1
2536 -1
-59930 -2
8491 2
-21740 2
8883 2
-94305 -2
-40260 1
-45632 1
23186 1
10608 1
41167 1
-83829 -1
18959 -1
21458 -1
46531 2
25589 -2
-95336 -1
44561 -1
-12600 1
-94018 2
-45617 -1
-47947 -2
-67419 -1
6541 1
43040 -2
17164 2
-97372 2
-38825 -1
-49332 2
-76914 1
-99380 -1
-48503 -2
-73459 -2
-51435 -2
-24712 1
5246 1
-77042 1
-91836 1
-95104 -2
-94719 -1
33630 1
-78120 -2
32740 -2
-72350 2
694 -2
49522 -1
-94035 -1
-69065 -2
-5492 2
-82402 1
-20066 -2
34606 1
-9873 2
-70336 -1
-45264 1
-95039 -1
-14866 -1
28488 1
17553 1
-24162 2
-89026 -1
-64792 -2
-31972 -1
-25028 2
-48923 -1
-31628 -1
-54117 2
-97517 -2
5236 -1
-95519 -1
-40632 1
45111 1
-43366 2
-19313 1
-26605 1
35542 -2
-41719 1
-94411 1
14296 2
-15707 -2
-5185 -1
49873 1
42034 -2
-92146 2
37528 2
34224 2
21232 2
-85610 1
-18087 2
5300 2
43257 -1
-11820 -2
-56594 2
-59573 1
-43364 -2
42081 2
-8533 1
31874 -2
28270 -1
-93607 2
-43050 -2
-63431 1
-82923 2
17565 -2
25408 -2
-24756 2
-67106 -1
-75607 1
-22385 2
-53589 1
-95961 -2
-48791 1
-94941 1
5720 2
-91639 -2
-8462 -1
25421 -1
22374 2
19705 -1
658 1
-80454 -1
-3547 2
-51310 -2
-27307 -2
7792 -2
-87962 -2
-86675 -2
-67693 2
-75896 2
4483 1
-51059 -2
-54732 1
1054 -1
-36763 -1
19689 -2
-30729 1
8663 -2
22711 -1
-14694 -1
-84719 -1
-5909 -1
-92131 -2
-97747 2
9660 1
-97756 1
-51387 -2
20635 1
-445 1
11341 -1
-34292 -2
-10183 1
30536 1
-62551 2
-34667 1
-85966 1
13589 2
3918 2
-50746 -2
-96066 -1
33759 -2
-93535 1
4921 -1
-77561 -1
-58354 2
-38085 -1
-40979 1
39654 -2
-20701 -1
-74981 1
-80858 -1
-61249 2
-53065 -1
-46933 -2
36686 1
1183 2
-43497 2
-39173 -1
-96070 -2
5647 -1
-36756 -2
-67140 2
-28228 2
-57770 -1
20274 -2
-92595 -2
-24713 -2
-49920 -1
-72196 2
-28082 2
-94690 -1
-45137 1
-3322 -1
-5841 2
10020 -2
5558 -1
-70164 -1
-68108 1
-69341 2
-63087 -2
-61757 1
-67024 -1
-18721 -1
42413 -1
28821 1
-9770 2
3117 1
14039 -2
2897 2
27159 -1
-53770 -1
-48911 -2
-56929 2
-26651 -1
41745 2
33184 1
34319 1
7399 2
-84002 2
42964 -1
-1307 2
30479 1
3950 2
-76460 2
-99224 2
-56379 2
25342 -2
-37138 1
43298 2
25177 -2
-92307 2
41677 -1
8167 1
-1239 -2
-41107 -2
-82952 1
-47627 -2
-91839 2
-97605 -1
-66707 -1
-1072 -1
13257 -1
-80127 1
-30921 -2
-99637 1
9475 2
-17044 1
-11224 -1
32450 2
-52909 -2
23622 -1
-23013 2
10546 1
-10007 2
5897 2
-13275 1
-4881 -1
44291 2
-48818 -2
22634 2
11226 -2
6893 -1
-9661 -2
30892 -2
-49424 1
19083 1
2845 1
-20115 -1
-33183 2
-32506 1
-63455 2
-46863 1
36928 1
-62841 -2
-44030 1
-1203 1
44468 1
-11449 2
17480 -2
-99260 1
-53357 2
-27294 2
-20287 1
-52318 -1
-10704 -1
-3821 2
2200 1
-2403 2
48093 2
-45110 -2
-58392 2
21219 -1
18120 -2
-7165 2
-25508 -1
18102 -1
-97614 1
-69785 2
43712 -2
-13336 -2
22669 -1
33346 1
19328 -2
-67963 1
-51146 2
-14612 -1
-29367 -1
12822 1
-10877 -2
-56453 2
-15406 -2
-3012 -2
-79960 -2
-69581 -2
-82652 -2
44733 -1
43547 1
-64306 2
-38165 2
-85545 -1
-53954 2
-59599 -2
-57835 2
1446 2
-45405 -1
-66538 -2
-39719 -2
-12995 2
13973 2
-51027 1
-51148 -2
37526 -1
-41645 -1
29943 -2
-27435 2
-14710 2
-66273 2
-37946 2
-31522 -2
-21571 -2
25387 -1
30541 2
-83353 2
26464 1
-72581 -1
-7950 -2
-81349 -2
-45154 -1
-3286 -2
-93184 1
-88579 1
-42152 1
20903 -1
28307 -1
45076 2
-56547 1
-48761 1
-95907 -1
-83534 1
16643 1
-59695 1
-79759 -2
-78834 -1
26711 -1
-34033 2
-93507 2
-31678 -2
-54875 -1
38443 1
-42500 1
-32022 -2
-26524 1
-39498 -2
-56985 1
-75326 -1
8668 -1
8860 1
-34593 -1
-30249 2
-70586 1
40316 -1
-15805 -2
-55720 -2
-31627 -1
-9005 1
-93856 -1
-43372 1
-82625 1
-94030 -2
-90808 1
-49722 2
49681 -2
26375 -1
-23010 2
-57452 1
1516 1
10525 -2
46803 -2
13702 -1
37340 -1
-29193 -1
25615 2
-25082 -2
-10742 -2
21447 -2
-48555 2
41714 -1
-74117 -2
-34826 2
20750 -1
11452 1
-48661 1
-7982 2
2880 -2
28650 2
19769 -1
43543 -2
-36012 -1
18820 1
37400 -1
-6106 -2
44782 1
-33577 -1
-55122 -1
-68286 -2
33498 1
-11282 -2
-42116 2
38499 -2
41625 2
-61243 1
-65726 1
-22689 1
20574 -2
-83640 2
-63547 2
43911 -2
14502 -2
13765 -2
-44629 -1
34854 2
-2671 1
-42245 1
-99940 2
-69662 -2
13557 -1
-1005 1
-41948 1
25628 2
-76621 -1
-23841 2
40342 1
-10815 -2
-3173 -2
-87783 2
-16262 -2
-71941 -1
-37975 -2
9565 -2
25184 -2
-22321 -1
-37157 1
36178 2
40758 -1
-16469 2
13649 1
-40363 -2
-15034 -2
-84270 1
-96732 -1
-39610 -2
-96140 -2
-88325 2
-22548 -1
35085 2
11549 -2
-96200 -2
-81073 1
-66850 -1
-59205 1
33178 -2
-59742 -1
-78675 -1
-47406 -2
31730 2
26291 1
-77847 1
-98241 1
-4093 -1
31385 -1
-12495 -1
30598 2
3481 2
12657 2
-51008 2
-73031 2
25717 1
-62223 -2
4208 -1
-64103 -1
5084 -1
23568 -1
-67401 -2
-29830 2
-72823 -1
-6738 -1
-95075 -2
-22094 -2
-72760 1
-94923 -1
-12988 1
3862 -2
-83008 1
49367 -2
-50781 -1
-6483 1
18126 -2
47847 1
696 2
14077 -1
-31886 -1
26828 2
-17821 -2
-12174 1
-19414 1
44932 2
-90107 1
-5391 -1
45788 -1
-79903 -2
-34143 -1
-92656 -2
-52759 -2
-96818 1
-67789 -2
34630 -1
-86118 -1
-25548 -1
49459 -1
-60061 1
43475 -1
-79999 -1
34749 1
-27817 -2
34288 -2
-40409 1
16638 2
4733 1
-39425 -2
-95836 1
-26982 2
-46647 2
-6000 -1
-34876 1
-74077 -2
8858 1
-27367 -2
13432 1
-65075 -2
-1888 -2
34496 2
-92687 1
-23 2
-71740 -1
1546 2
24376 1
-76784 -2
-36431 1
-50238 -1
-90018 1
-11861 -1
22990 -1
-47579 1
23872 2
-33080 1
-63740 -1
48251 -2
25481 -2
49093 -2
-66300 2
-63784 -2
-70739 1
-30592 2
37068 -2
-92201 1
36654 2
-78851 2
18285 2
-9025 2
44952 -2
-30263 -2
-27272 2
35988 -2
-70052 2
-35751 2
17216 2
11760 -1
-55106 -2
-28195 -1
18890 -1
-33399 -1
-18400 1
22395 -2
-29415 1
-34035 -2
2361 1
-32858 -2
12755 -2
-75402 2
12255 2
-82133 -1
31832 1
-53904 -1
-17892 1
-97571 -2
-31969 1
4566 -2
7427 -1
-42363 -2
-51230 -2
-82964 -1
13699 -1
-2391 1
37362 1
-80330 2
14014 1
-41067 -1
-13202 2
-2547 -2
-56485 -2
-46761 -2
693 2
-59186 -1
-86446 -2
-91950 2
-55103 -2
6543 -2
-58634 -1
-70777 -2
-43812 -2
22653 2
-86320 2
43822 -2
-50649 1
-14600 2
28277 2
-92383 2
-5869 -2
-32224 -2
-98362 1
15898 -2
8460 -2
-13750 2
-43625 1
-45171 2
-53578 1
-15502 -2
46508 -2
12235 -1
15530 2
-95573 -2
-53270 1
-42790 1
16681 -2
32012 -2
-21487 -2
-67217 2
-61386 -2
-7100 -2
-34043 2
45650 -1
-99379 -1
-66467 -2
-52902 2
-91541 2
-60592 2
-71595 2
37090 2
10592 1
-8568 1
-84085 1
-3804 1
-47772 -1
-59078 2
21570 2
-98149 1
-24878 1
-20703 1
46097 -1
-60456 2
-21804 1
-96927 2
45631 -1
9082 1
-46101 2
24177 -1
43723 -2
-59979 -1
-49468 1
-80422 -2
-16835 -2
-60052 -1
-66536 -1
-52845 2
-92189 2
31278 -1
9186 2
-12463 -1
24994 1
-57039 -2
18171 -2
-11742 -2
-54765 2
-28461 -2
45368 1
46810 1
16563 -1
-44135 -1
-28423 1
-76256 -1
-87849 -1
-28475 2
-41725 -1
-85208 1
25404 1
3106 -1
31001 2
18929 2
-41878 -1
-5121 1
-84103 2
-25044 2
9044 1
-96487 -2
49839 2
14067 -1
-31830 1
6850 -2
-70923 -1
-94727 1
-18486 -1
-60145 2
-9080 2
-7179 -2
-42903 -2
-70274 2
47795 1
20618 -1
-28847 1
-91102 -1
-47764 2
-22087 2
-60204 1
-91418 -2
-90528 2
-97951 1
-96599 -1
-86681 -2
-86466 2
-92030 -2
-38070 1
16782 1
-39347 -2
-1867 -1
-58802 1
-75247 2
18329 1
27818 -2
19358 -2
-56353 -1
-109 -2
-57311 1
-78063 -1
-47603 1
42146 -2
-95709 1
12519 -2
-21757 2
-64568 2
-36686 1
40837 1
-35853 -2
-47562 -1
-49839 2
33031 2
-6536 -2
-67214 2
-84064 -1
27151 2
-33989 -1
35024 -2
40672 1
-94058 -1
2617 1
4306 2
34210 1
-3447 2
-54827 2
-91356 2
-58873 -2
-77762 1
-58123 -2
-19323 2
18636 -1
-71320 2
-59865 -1
45489 1
7977 -2
-8075 1
3396 2
-2096 1
-1928 2
-21812 -1
-77423 2
-28836 1
-67948 -1
27287 -2
21265 -1
-23473 -1
-17107 -1
-86018 -1
-95769 -2
-51207 2
-84753 -2
-30262 -2
-92924 1
38297 -1
15709 2
-70866 2
-83986 2
17815 1
34191 -2
16005 -1
-7208 2
37155 -2
-77461 -1
10063 -2
-81420 -2
-44608 -2
-67873 -2
24863 1
-89317 -1
41183 -1
25005 1
42332 1
21428 2
-41835 2
-11222 -2
48255 2
-78362 -1
-63873 -1
39926 2
-18966 -1
-59698 -2
-56179 -2
-85693 -2
-63124 -2
-91776 -2
-15141 -1
-40592 1
-74471 2
2105 2
30305 2
-94769 -2
-47109 -2
-85678 2
-20809 2
41782 2
-59950 -2
-929 2
25601 1
-8961 1
44107 2
47885 2
-67757 -2
38211 1
-35825 1
-9444 1
13660 1
47315 -1
-56075 -2
24686 -2
10991 -1
-64737 1
8506 1
-23340 -2
-572 2
14759 1
-52076 -2
-36923 1
32162 -1
-84478 -2
40737 -2
-50296 -1
8004 2
8420 1
19149 -1
-11628 2
-74320 1
3608 2
-63652 -2
32463 -2
17071 -1
-29386 1
-91474 -1
9839 2
-86965 -1
-43697 -1
-61644 1
48427 -1
-84210 -1
16289 -1
-77227 -2
43230 2
4983 -2
-46341 2
-77972 -1
46822 1
24829 1
-38953 2
-41085 1
-5300 -2
14027 2
-91624 -2
23293 2
-2692 -1
-90220 1
-13242 1
14000 -1
-23806 1
-96154 1
-10449 -1
-62936 1
7027 1
-38463 -2
-13714 2
-17750 -2
-59097 2
-17121 -2
43074 1
-69721 -2
-92671 1
-74715 -2
-37353 1
18483 -1
-28626 -1
-14156 1
25993 2
-18095 2
-33336 -2
-15384 -1
4426 -2
19477 2
14698 -2
3708 -2
39199 2
-2684 1
10805 -2
-52999 -2
-6734 1
-70265 -2
41878 2
4232 -1
-5322 1
-72745 2
-28131 1
-97771 2
49561 1
14708 2
-58202 2
-38287 1
48950 1
-22665 -1
-89565 -1
37304 2
-25511 -2
-89399 2
1284 1
14747 -1
18933 -2
921 1
-5568 -2
-66230 2
-41978 -2
-54934 -2
-22835 2
7220 2
40727 1
27647 -1
1305 -1
-82259 -1
-24237 2
-94594 -1
-68128 2
-69165 1
21512 -1
-14912 2
-23300 2
-85876 -2
20862 2
-78883 -2
30537 -2
42916 1
-49350 2
32446 -2
-19949 2
-24566 1
-95636 -1
-69254 2
-21426 -2
-9677 1
-79116 1
37532 2
1512 -2
33023 -1
49174 -1
31932 -1
20432 2
-7743 1
-84432 2
-96499 -1
-97767 1
-40054 -2
-77810 1
13051 1
-83415 2
-33542 2
-66152 1
3569 2
27438 -2
-56717 2
-6589 2
-27547 1
-80616 1
-48514 -2
-66127 -1
-55333 -2
-20398 2
-97164 1
17550 -1
-5447 2
-29308 2
-48392 -1
36054 1
-99326 -1
32270 -1
-26851 -2
46661 1
-64402 -2
-63613 2
-14158 -2
-55701 2
49155 1
-86333 -1
-58232 -2
-83674 2
-92300 2
38945 -1
-36823 -1
-15468 1
48346 -1
23644 1
-31544 2
-37719 -1
33620 -2
-37893 -1
-92268 1
40865 -2
-56697 1
-56550 1
9202 -1
-99253 1
48248 -2
-73768 -2
-45830 -2
-59732 -2
-84543 -2
-13585 1
-691 -1
-33322 -1
31187 1
-60891 -1
40020 2
-93411 1
-1955 1
23839 2
-63919 1
5953 1
-96681 1
-78059 1
-22609 -1
17716 1
-90212 2
-22202 2
32267 2
11265 -1
-74600 -1
8689 1
22688 -2
47640 2
15366 1
-25547 -1
-28397 -2
8786 -2
23803 -1
-54361 -2
30275 2
-17715 1
14970 -1
-86414 2
-66861 1
34115 -2
-87452 1
-47471 -2
-87757 2
-98073 1
6789 2
-93109 -2
43043 2
40123 -2
-63817 -2
26257 -1
-73381 1
10398 1
-13529 -1
-69306 -2
14328 2
-39993 -1
30051 2
-53102 -2
6689 -2
-10365 -1
-32963 -2
-48279 -2
23168 2
-97471 2
-9559 1
-56598 -1
36287 -2
-69598 2
-16441 1
-53173 -1
-59080 -2
-50108 -2
-8221 2
-81596 1
-92594 -1
1063 -2
8470 -2
47301 2
-76332 -2
24629 -1
-41136 -1
-82182 -2
-17982 -1
-44531 1
45779 -1
-98575 1
-77803 -1
-9731 -1
8570 2
-89154 -1
-76672 1
-65414 1
22966 -2
46158 1
41012 -1
-1052 -2
-76217 -1
9730 -1
-84269 2
45499 2
-4490 1
-28974 2
-53995 -2
-64932 2
-71381 -2
-26130 1
-5972 -1
-60827 -2
-54342 -2
-12405 2
9342 1
-62355 -1
-57412 1
45676 1
-4942 -2
45327 -1
44486 -2
-26705 2
-81873 -1
-86523 -2
13818 1
34130 -2
-1323 -2
48674 1
-44983 -2
-15192 -2
-30311 -1
-80842 1
-28610 1
-56283 1
-68125 -1
-75550 1
-2415 2
37119 2
28858 1
-79031 -1
-92450 -1
-48654 -2
-71547 -1
-65710 -1
-63977 2
-74921 2
-39832 -2
13610 1
-45964 2
-52529 1
-48905 2
3901 -2
-13145 -2
48191 2
-88527 2
-30786 -2
-92714 1
22623 -2
-39286 2
46899 2
-34915 2
14018 -2
-16613 2
38966 -1
17045 2
-79083 2
36855 2
-58207 -2
-4519 -2
-52511 -2
-7940 1
13619 -1
-4578 1
-77896 2
-50376 -2
-49411 -2
28261 -2
28266 -2
-21645 1
-76927 1
36421 2
-70966 2
9103 -1
5496 -2
11433 1
-99520 -1
-8642 -2
34304 -1
-35916 1
46484 2
-54392 2
-22286 -2
19924 -1
-75180 -1
-82635 -1
-17370 -1
13315 2
29016 2
-55204 -1
-27291 -2
14408 1
-79199 -2
-18102 2
29916 2
-70989 2
19561 -1
-17352 2
-53302 2
-17103 -1
4986 -2
40481 -1
-31014 2
41226 2
47968 1
-77293 -2
29908 1
-91026 1
-41965 2
48443 2
-94427 -1
42314 -1
-73466 1
13920 -1
-81743 1
-9824 -2
-36032 -1
11813 -2
47946 1
-90407 2
14252 -2
-78650 -1
48374 1
26280 2
-66446 -1
-77782 -1
-35461 2
28239 -2
14181 -2
25979 2
-44374 -1
34282 1
-51872 2
9471 1
-13532 1
-91959 1
17720 -1
-94920 -2
20616 1
-83546 2
-58125 -2
-57113 -2
7258 -2
-79703 2
-76290 -1
-59598 2
-87226 -1
18505 1
-58818 -2
1894 -1
-89487 1
-64742 -1
-18960 2
-81774 -1
46685 2
35734 -1
-33786 2
-11295 -2
26693 -2
-51655 -1
-34897 1
36644 1
-16484 2
38323 -1
-3368 -2
-31639 2
-3591 -1
42101 1
-4584 -1
-8473 -2
-80522 -2
-40797 -2
-59628 -1
-18862 2
-43164 1
-10316 -2
-30995 -1
-70583 1
6036 -1
-39432 2
-20143 1
-64929 2
41995 -2
49722 1
-13278 -2
-63559 -2
48410 -2
-9291 1
-25154 2
45696 -2
44411 2
29414 -1
-87290 1
39002 1
-94258 1
-90969 2
-36809 -2
-61343 2
36618 2
49525 -1
-76073 -2
-99227 1
-57136 -2
-29462 2
-62062 -1
36872 1
-63793 -2
-37899 1
22390 1
-67733 2
-42923 1
-13306 2
-25247 1
8567 2
-15985 -1
-11260 1
40461 1
-85077 1
2604 -1
-31848 -2
18306 -1
-96536 1
5252 1
13696 -1
33212 2
-14291 1
11773 -2
-49269 -1
-86934 -1
-70624 2
-33834 -2
16707 -1
-92564 2
47 -2
-41398 2
45800 2
-74758 2
33365 -1
-88967 -2
-69838 -2
2456 1
-65908 2
-52711 -1
-18659 1
-14847 -1
-57899 -2
-43495 1
-69265 2
-75439 -1
-47577 2
35043 2
-67976 -1
7279 2
20754 -2
44968 -1
-6267 2
-64852 -1
19813 1
2425 -1
-69920 2
34759 2
-70290 1
-3342 1
-64533 1
-12411 1
-79138 2
-29157 1
-50955 -2
-17739 2
17863 -2
-38741 -2
-83096 -2
-65474 -2
24652 -2
38136 1
-58373 2
30586 -1
-48820 1
-59559 1
15077 -1
-68152 1
-97904 -1
32330 -2
-91966 1
-86914 2
4492 -2
-53751 -2
-88709 -2
-53715 -1
-64275 1
-94555 -2
-4950 -2
-58192 -2
-61000 -2
-5265 -1
37435 1
-74534 1
25372 -1
31939 2
-91108 -2
-27343 -2
-70960 -2
-69903 -1
-86319 -1
-3554 2
-38542 -2
-77344 -1
-59787 -2
48711 1
-53660 1
-63940 -2
-16818 -2
-38888 1
-50834 1
-98038 -2
-19476 1
-98731 -2
11659 -1
-67680 2
-81683 1
-28386 2
1611 -1
-40041 2
-30690 2
-72169 2
38283 1
-97384 -1
-65865 -2
-62377 1
-82900 -2
-61452 1
-68974 2
-65240 -2
-19970 -2
16355 1
-39506 1
-63743 -2
46696 1
-71691 -1
33614 -1
17902 -2
44871 1
11356 1
-33411 2
-63472 -1
-99620 2
-15169 -2
4101 -2
-93416 2
-77823 1
-21095 2
-64572 -1
-34935 -2
-58630 1
-91384 2
-38838 2
-62945 -1
-85507 1
5452 -1
-4471 -1
-52135 -1
-22887 -2
-51299 1
-4072 1
40920 1
5095 -1
-56022 1
-41057 1
-26276 2
-18944 -1
-14279 1
-89911 -1
-50205 1
-34837 2
-49673 -1
18149 -1
-92620 -2
-82225 1
-50140 -2
17063 -2
-10200 -2
-4720 2
-12690 -2
-16317 -1
-24853 1
32338 1
-91092 1
49847 -2
18069 -1
-69385 -1
-17410 -2
32677 2
-382 2
44632 -1
-87839 -1
-1420 1
-50631 -2
-4115 1
-37781 -2
12136 -1
-39201 1
4947 1
45884 -2
-44543 1
-7588 1
24343 -1
-71976 1
-66513 -1
-88897 -1
-23061 2
18185 -2
-26004 1
-65916 2
-97922 -1
22765 2
-10051 -2
-36463 2
3150 -1
-34342 2
-76571 -1
5420 2
-44191 1
-82743 -1
-34748 2
-39150 -1
-67853 -2
14729 -2
-16689 -1
-35974 2
-89111 1
15407 -2
-51785 -2
-92123 1
-14764 2
-5948 2
-27413 -1
-33054 -2
29089 2
29820 1
-98931 -1
-46453 -1
32497 -2
-92559 2
-53242 1
-28257 2
-31651 2
6919 2
11867 2
-84618 -1
-96774 -1
6622 -1
38457 1
-58071 1
-31122 -1
-44791 2
-73233 1
16880 -2
-88686 1
-53210 1
24195 -2
-99042 2
39092 -1
-69179 2
-366 2
23630 2
-1397 -2
21273 -1
29895 -2
-10139 2
-63461 2
29319 2
-71324 -1
-25070 -1
-67694 1
36510 -2
-10419 1
-27013 2
-78514 2
-95918 2
-23701 -2
-82025 1
-11134 -2
-71162 -2
25356 1
-50503 -1
-95309 -1
-58697 2
10975 -2
33332 -2
-76248 1
-11776 -1
-79536 2
11329 -1
49624 2
-9662 -2
2567 1
-53525 2
25973 1
17315 -1
-37043 2
41666 -1
-30239 2
-11500 1
-35856 -2
-94297 1
17678 -2
-46169 -1
-63783 -2
-64524 1
-48521 2
41492 1
39003 -2
-56567 -2
26025 2
-47648 2
24998 2
-66383 -1
-73929 2
-67972 1
21772 1
4046 -1
-72430 1
3934 -2
26309 2
-79635 -1
-76348 2
-54060 -2
-10035 -2
-30025 -1
41074 -2
19829 -2
47238 1
-1714 -2
-72855 -1
-33846 -1
-63322 2
-25901 1
6771 -1
-88731 -1
-70758 -2
-53520 1
-91491 -2
-36849 -1
-26766 -2
2212 -1
32730 1
4761 2
-28030 -1
-52922 -1
-8257 -1
-47002 1
3868 -1
-55460 -2
-75036 -1
9889 2
11664 2
-41355 2
15441 -2
-65550 1
26899 2
-92061 2
-96582 -2
-4175 1
-45580 1
-96822 1
39042 2
-79630 -2
-37274 -1
-71948 -1
-29089 -2
42806 -2
36730 1
-86648 1
-60091 2
48785 -2
-60587 -2
-42511 -1
-20855 2
-25131 1
-5353 -1
-64184 2
-84079 -1
-69362 -2
-69946 -2
-72426 1
1970 -1
21835 2
-62496 2
2479 2
-4980 2
-88362 -2
-77050 -2
-39472 -1
-46450 -2
-80278 -1
-31932 1
-67216 2
14219 1
-36840 -2
-92158 1
-66828 1
-59131 -1
-34141 -1
-74064 -1
8764 -2
18041 -1
-75255 1
-18414 -2
20414 -1
219 -2
-1759 2
-91783 -1
-65926 1
49338 -1
-62099 1
30971 -1
41282 2
-80383 -1
44456 -1
-66045 -2
43085 1
31770 1
-51924 1
-56834 -1
-23298 2
-30429 -2
7523 2
-21626 2
-6456 1
-42812 -2
-32205 1
-26450 1
-47844 -1
-2594 -1
45924 -1
-80962 1
-57856 -2
-49285 2
11716 -2
-12422 -2
45606 -2
48834 2
39524 2
7237 2
-29845 2
37827 2
8958 2
20974 -2
45849 1
-65561 -1
-51358 -2
40893 -2
-87103 1
-85423 -1
-57174 1
-88504 1
-2076 -2
-2382 1
-90615 -2
10385 1
40667 -2
-89382 -1
751 -2
-13526 1
-70425 -2
-53573 -2
-38338 -1
-62387 2
9319 -2
-91078 -2
45242 -2
21229 -1
-81031 -2
-32623 2
-66181 -1
-46949 -1
-18101 1
-73277 -1
7866 2
-95444 -1
28545 2
-64436 2
37568 2
849 2
-24764 -1
12234 1
-87686 2
38000 -2
1051 -1
-11599 1
-91564 -2
-12067 -2
-11843 2
43049 -2
-56824 -1
24056 2
30495 1
32095 -2
-26976 2
41920 -2
-77910 2
4564 -2
-85118 1
42804 1
37623 -2
47508 -2
-98716 -1
-37239 -1
-95097 -1
8025 2
-38735 -2
-4785 -1
46993 2
-76363 -1
-99241 2
-82252 -2
-95317 1
-5294 -2
20163 -1
-26989 2
33903 -1
24477 1
8469 -2
-24363 -1
-72944 1
-69303 -1
21063 -1
22570 -2
-53647 1
-69095 -2
25964 -1
6085 -2
-37890 2
-32887 -1
-29405 1
476 1
-78461 2
-64529 1
45455 1
-56892 2
-8888 -2
4680 1
-65677 2
-3794 2
13056 1
40649 1
-2224 -2
-79982 -2
-70046 -2
-50619 -2
46561 -2
-13607 1
-21269 2
-47161 -1
-74814 2
-81231 2
-42449 -1
37777 1
-66404 1
-12595 2
7128 1
-13547 -2
23939 -2
-54404 -2
28817 -2
-99185 2
-78368 2
-13917 2
36702 1
-28802 -1
19343 -1
-52167 -1
-88658 -1
3287 2
-21085 2
28905 2
-30584 -2
-77800 -1
-62583 -2
427 -1
-47632 -2
-82904 2
18736 1
22524 1
-17993 -1
-81592 1
-10109 2
-95913 2
-71716 -2
43045 1
13415 2
-72112 -1
26020 1
-77107 2
40747 -2
38625 1
-61640 -2
-71736 1
-79380 -1
-50203 1
21858 2
19189 -2
-98836 2
-37341 2
-47216 -2
-13703 1
-87396 1
-58494 -2
12414 1
-24172 2
-21615 1
-65985 1
-98434 -1
-46172 1
-37267 -1
-56247 -2
18182 -2
-33058 -1
-9049 -1
42120 1
9797 -2
-60065 1
-80742 -1
-51439 -1
15011 -2
39582 -1
-1093 -1
47922 -1
21066 2
3960 1
-30714 1
-95395 -2
19522 2
-85010 1
-49240 2
-94169 2
-56080 2
-11768 -1
21477 1
26911 -2
-88092 1
-15553 1
-50825 -2
-93258 -2
42969 -1
46990 -2
-13080 -2
40956 1
-49203 1
-58830 1
-22298 1
-29619 2
49118 1
40229 -2
-85438 -2
-62619 -2
-9109 2
41441 -1
-27262 2
-47018 2
-76033 -1
-60575 -2
-20493 -2
35475 1
-97448 2
-93654 -1
-29690 -1
-96398 1
-75781 1
-5228 1
46989 2
-7680 -1
-44633 -1
21046 -2
-52868 -1
-39137 -2
-54680 2
-82581 -2
-64673 -2
-26161 -1
8934 1
-80808 -2
-82534 -1
18642 -1
-31612 2
42770 -2
-26011 -2
19553 1
-14546 1
-77216 2
-78162 2
-26099 2
-93914 2
-89910 1
47193 1
-48277 1
-66890 1
-34828 -1
31533 -2
26964 -1
-42488 2
-35283 -1
-65798 1
-59105 -2
-97434 -1
-88939 1
11976 2
-48557 2
49234 2
-6269 -1
-5602 1
-32299 -2
-34369 2
-75321 -2
30785 -1
-85293 1
9689 2
10155 2
-28459 -1
-74950 1
311 -2
-72765 -2
-41659 1
-81555 -1
11967 -2
-86006 2
-2009 2
-16928 -2
1792 -2
13151 2
34122 1
-84695 -2
15089 -2
37721 2
-87720 -2
-34978 2
32709 1
8125 -2
40189 1
15398 -1
-13203 -1
-60337 -1
-42427 1
-75520 -1
-57588 1
12777 2
-54648 -2
-8886 1
-88596 1
-49661 2
-70312 2
-60493 -1
-72523 1
33333 -1
9024 2
35982 -2
41037 -2
-89594 -2
-21138 1
26390 2
-3941 -2
19017 1
-67282 -1
25223 -2
15642 -2
-10237 -2
-95950 -2
-81353 2
-63716 2
-60158 1
-2775 2
18113 2
44926 1
-36049 2
-68437 1
-88393 2
-25448 2
-85452 -2
21223 -1
-86052 -1
-92200 2
-41264 1
12133 -2
17695 2
-11279 2
-49132 2
-10571 -2
-18753 1
46952 2
6968 -1
-38239 -1
-13134 -1
-68860 -2
-79215 2
-33377 2
-86493 -2
2903 -1
-96228 -2
46272 1
-97596 -1
8445 2
48081 -2
31190 1
-79347 -1
-33649 1
37008 1
-7682 2
-43624 -2
-35298 2
-6502 -1
47829 -2
-73168 -2
39863 -1
1619 2
-21247 -1
13217 1
-22769 1
33636 -1
25297 2
8494 -2
8228 2
-70259 2
-65397 -2
-48795 1
-42782 -2
-76482 -2
-97796 1
-40185 1
-82511 2
-87089 -2
23495 1
-90405 -2
18206 -1
-45385 -2
43087 1
-78597 -1
-11137 -1
-6693 -2
27779 2
-20350 -1
46559 -2
6288 -2
-26948 -1
33198 1
13772 2
-41416 1
-4162 -1
-60671 -1
49083 2
-39888 -1
10518 1
-94504 2
4328 2
35225 2
-92755 -1
-98219 1
-39269 -1
-89613 -2
-31349 1
-42805 2
-60179 -2
-92804 -1
26504 1
40022 2
-25696 -2
-80442 1
-33770 2
-92432 -2
-59284 2
-5997 -1
-79118 -1
34523 -2
28725 1
-41349 -1
32158 1
-39732 -2
-56218 2
-93943 1
42659 2
-68372 1
-94814 -1
46931 -2
16047 -1
14227 -1
-96069 1
-37149 2
-67017 -1
27409 2
45899 -2
-89077 -2
-35821 -1
-97263 2
-52631 -2
-84789 1
-55220 1
-41194 -1
12131 2
-72815 1
21953 -2
-25943 -2
3066 -1
2760 2
-57432 -2
21154 -1
-99931 2
-998 -2
36286 2
9742 1
-76860 1
-25025 2
1747 2
-24486 -2
-28709 -2
13520 2
-99929 2
-1601 2
-38615 2
39495 1
-46288 -1
-54370 -1
32131 -1
-99938 1
-75193 -1
-79205 1
-52724 1
39783 2
-62626 -1
-90495 -2
2574 2
645 -2
-82995 2
38875 1
-96951 1
36095 2
-17176 1
-94887 -2
-59125 1
36700 1
-59606 -2
-20365 2
-38904 -2
-56196 1
15626 2
26241 -2
-55484 2
-90232 -2
-20813 -2
-5754 2
-63113 1
38099 -1
21590 -2
-35479 -1
21751 2
575 -2
-88704 -2
-26569 1
-72443 1
20585 -2
-42496 -1
-97632 1
-13083 -2
-70921 2
-37758 2
12403 -2
14278 -2
-86345 2
-96834 2
-69249 1
-87693 -1
-81467 -1
-28983 2
-81116 1
-65933 -2
-11630 1
-76810 -2
-12750 1
5530 2
-53252 -1
-64719 1
-90600 2
-40823 -1
23013 2
-4229 1
-29841 -2
36828 -1
9993 -2
46073 2
-8588 -1
9879 1
23801 2
32580 -1
17853 -1
-45562 2
-30276 1
-64997 -2
-50117 2
-50968 -2
9145 -2
46819 1
-12878 2
-40022 -1
4435 -2
-96421 -1
16230 -2
-12496 2
6755 2
-39518 2
-52371 -1
30855 1
29531 -2
32600 2
-72052 -1
704 2
-33085 -1
-46937 -2
-44841 -2
-65600 -1
-67902 2
-28231 1
37561 2
42330 -1
2191 2
-83125 -1
-46350 1
-3266 2
-23389 -2
25969 1
-4507 1
7224 1
-87347 -2
-89430 1
-4274 -1
33079 -2
21039 2
-9987 1
44700 -2
39262 -1
-60904 -1
9877 -2
44850 1
-97173 -1
35076 2
-25551 -1
17585 1
-74095 1
-12315 2
-39122 -2
-42864 -1
-78673 -1
-14056 -2
18870 1
-79553 -1
-65167 2
42707 -2
-24796 1
-10383 -1
-58010 1
1154 2
-49011 -2
-38548 1
8441 2
48480 -2
-64315 1
-64067 2
-68610 -1
-38487 2
14850 -1
6245 -1
41388 -2
-18761 2
-71628 -2
-15974 -2
45001 2
31115 1
-69723 -2
-24992 -2
-98660 -2
42891 -2
-48060 -1
-90909 -2
42265 2
-90215 2
-9480 -1
-70263 -2
-43943 -1
-21189 1
-28435 1
-85696 -2
-38630 2
-7482 -1
33912 1
-66405 -1
-48026 -1
-63274 -1
-27174 2
41683 -1
-15877 -1
-59738 2
-33237 -1
-95278 -2
-44411 2
-45099 -2
-80816 1
-42164 1
-41654 2
48077 -1
43879 2
-9867 -2
-44771 -2
-97260 1
-91198 -2
-38700 -2
-58539 2
37279 2
37074 1
49955 1
15644 1
-81968 -1
-48058 2
-38587 1
-97015 -2
3285 1
-90334 2
-91315 -1
49120 -2
-76533 -2
28139 -1
-74626 -2
-93708 -2
-50733 1
10139 -2
-7133 -2
-54948 -2
-34379 2
-83197 1
7171 -1
-97045 -1
-87812 1
-83735 -2
-78146 1
48335 1
-42627 -1
-96277 1
-49135 1
-22198 1
17285 1
-51506 1
3362 -1
-18934 2
148 -2
-16003 -2
4613 -1
-61036 -1
12176 -1
-31147 -2
44042 -1
-28752 -1
-9643 1
-41247 -1
-28916 1
-96033 2
-24073 -2
23864 -1
-24917 -1
-18839 -2
30430 -1
-8751 1
-51251 2
-5942 2
9793 1
-8028 1
-63256 -1
-69444 1
49683 1
-34658 -2
12535 2
-8406 -2
8138 -1
-34639 -1
-30414 2
-56262 -1
21662 2
24880 -2
-63284 -1
-2629 -1
-94028 1
-89839 -1
-97550 -1
-18933 2
32629 -2
11998 2
-15248 1
-31971 -2
-46955 1
-83499 2
23276 -1
22233 -1
-54457 2
-8419 1
32620 1
-62016 1
-87124 1
-26075 2
24782 1
16161 2
-66211 1
-57165 1
-69057 -2
-13833 2
-27241 -2
35859 2
-57633 1
-20406 1
-41011 1
-3687 2
-65254 1
-16648 -2
-88797 2
-20536 1
49032 -2
-96682 -1
-79339 2
-45096 -2
47583 2
-30117 1
41960 1
-17909 1
18474 -2
21475 -2
-86480 2
35447 -1
-99747 1
-49422 -2
13967 -2
-42759 -2
36787 2
-18819 -2
-87763 2
-71238 -2
43083 -1
-98983 -2
-53704 2
-20564 1
-72780 -2
3122 1
-93373 -2
-96127 -1
37239 1
-45305 -1
-75350 -2
-92191 -1
-55448 1
-9329 1
-97649 -2
49539 -2
-97211 2
-67054 1
-51481 2
-3051 -1
13209 1
-17332 -1
41685 -1
-8745 -2
-18485 -2
-65495 -1
37126 -2
-2635 -1
23812 -2
-85514 -2
-96819 2
33359 1
19606 2
-83481 1
-21807 1
11040 -2
48390 1
-75677 2
-44058 1
26064 2
-61823 1
-87556 1
-52763 2
-94766 -2
8909 -2
3217 -2
-28566 -1
45487 2
-4806 -2
-42346 -1
-80985 1
23187 -2
-45828 1
5655 -1
-78182 1
27339 1
-93286 2
-91500 -2
-35547 1
-52118 1
22933 -1
-67953 1
278 -1
15428 2
-44610 -2
45436 -1
13332 1
24628 1
-67391 -1
-25382 -2
-89084 2
-49679 -2
-15189 1
43741 -2
-97366 -2
-19478 -2
-77090 2
-38278 -1
-44618 1
-22844 -2
-45527 1
29929 -2
-10699 1
-5607 -2
-47356 1
28599 -1
-75357 1
41594 -1
-73750 -1
-36460 -1
-89805 -1
-36819 -1
-66770 1
25235 -1
22327 2
-70909 -1
-80152 2
22887 -1
16017 -2
-47358 -1
26706 -2
-87639 2
-97306 2
34380 -2
-11899 1
-27524 -1
-83049 2
11720 1
21681 -1
-82674 2
46516 2
14598 -1
22833 1
-62271 1
43397 1
-74303 -2
36077 1
-28295 1
10796 1
-11935 1
-67037 2
-83562 -2
-41968 2
-84477 -1
18498 -2
-74124 -1
-67248 2
40832 -1
-33307 2
-4574 2
-634 2
-7615 1
37310 -2
-17478 2
7163 -2
-73060 1
39007 -1
-36060 1
2263 2
-99886 1
-65792 -2
14426 1
3449 -1
15570 1
-41823 -2
-18861 1
-66178 2
-40069 -2
30287 -2
-10590 -1
13860 2
43572 2
27788 1
22935 -1
-5810 -2
-76496 -1
-30077 1
2575 1
-47505 -1
-18360 1
-69465 1
9808 -2
16163 -1
35155 1
7429 2
20306 1
-80496 1
35150 -1
7804 2
-24929 -2
2565 1
5012 -2
43597 -1
-26801 1
-21562 2
-18077 -2
4199 -1
32130 2
924 2
-39132 -2
-36939 1
-48562 1
-67557 -1
6143 -1
5235 -2
-58506 1
17059 -1
-10066 2
29139 -2
-33359 -2
-13495 2
-27516 -1
-10942 1
-76122 2
-14857 1
10803 -2
41425 2
-38378 2
-45513 1
9863 -1
-43950 1
-37257 1
-20019 -1
-81156 1
44340 -2
44034 -1
29844 1
42993 2
-38652 1
-4763 -2
-80091 -2
31691 -1
-77822 2
-40553 1
-93773 1
44459 -1
-22672 2
-26743 -2
-77096 -2
36427 1
-14913 1
-77105 -2
-26202 -1
-49207 -1
31529 -2
-70685 -1
6980 1
10161 -2
-29680 -2
-29339 -1
34799 2
-45079 2
-56093 1
-20891 1
-51135 -1
22973 -2
-5544 -1
-35632 2
-48339 2
-53455 -2
-47615 -2
-54820 -2
34239 1
8117 -1
-24139 1
-70642 -1
-20751 2
-61578 -2
-54937 -2
4992 -1
-95488 -2
-29259 -2
3615 -1
-71034 1
-63724 -2
-25122 -2
36293 -2
-49032 1
-80944 1
20537 -1
26985 1
-83875 2
18313 1
-5880 2
4164 1
-66262 -2
-11474 1
-70984 -1
48718 -2
43196 1
44069 1
-22092 2
-60044 1
-84242 1
-93774 -1
-45883 -2
-28361 -1
-55076 2
-55845 -2
-79627 2
-76495 -2
-16478 2
33056 1
26268 2
-33452 1
-1261 -2
37970 -2
-23585 -1
-24311 -1
49742 -2
-2109 -1
-38691 1
28160 -1
-21185 -2
-50366 -1
-48176 1
13450 1
3411 -2
-13874 -2
-11440 2
-90835 1
-12002 -1
37451 2
-71403 -1
-67705 1
-94510 -2
37962 -2
-68945 -2
33944 1
-36945 2
-68019 -2
16328 2
3012 1
42287 2
38955 2
16640 1
-23855 -2
-56052 2
26236 -1
34497 1
-53192 2
-42485 -1
-35645 2
-41560 1
-19692 -2
-31708 -1
-79349 -2
27983 -2
49642 1
-3689 1
23344 1
-68284 1
-43076 -2
-15396 -2
-45432 1
-34165 -2
-26331 2
-36154 1
-70086 2
-14187 -1
44462 2
-75835 1
-60449 1
-90921 -2
-80789 1
-82301 1
-97811 -1
-22576 -1
2528 2
-99392 2
-72797 1
-2998 -1
-26343 -2
21823 -1
-94095 1
-34137 2
24488 -1
42603 -1
-78183 -1
-95071 -2
-99789 -1
33767 -1
-86094 -2
-36673 -2
-67029 1
-75219 -2
22442 -1
-30542 2
-22895 -1
-48146 1
-82310 -2
26971 -1
-88001 2
-25488 2
42051 1
-70291 -2
-34834 -1
-21650 1
-93809 2
6146 2
-28527 -2
13820 1
18837 -1
-28716 -2
-21009 -2
17326 -2
-60220 2
-6236 -1
-25479 2
-33575 -1
-96793 -2
36582 -2
4095 2
-36323 1
-13946 2
-84454 2
-87367 -2
-99625 2
-39521 -2
-60608 -1
-68006 -1
-30267 -2
-8868 -2
1569 1
-61166 -1
-54268 -2
6971 1
40328 2
-60409 -2
-15843 -1
-18740 1
49025 -1
-94735 1
-21649 2
-22244 -2
-81561 1
-78086 1
-17556 1
-26366 1
-39049 1
-30480 -1
21906 -2
-26057 -1
-3139 2
-48257 -1
-12506 2
-29278 1
9550 -2
21535 -1
36439 -1
-88391 1
-89704 -2
-34103 2
26158 -2
-99263 1
-8204 2
-90999 1
36069 1
-27698 1
1020 2
-44262 2
-75416 1
24285 2
-86413 1
46059 -1
23195 -2
24123 1
-38203 1
-5606 1
-29908 -2
-65648 2
48247 -2
31848 -2
-94321 -2
-15910 2
-12229 1
808 1
-17480 -2
35241 -1
-99203 2
-53829 -1
-99160 1
-6778 -1
49150 -2
-25833 -2
15910 -2
-63178 1
11351 1
11456 -2
-26583 -1
-85767 2
49885 -2
-25835 2
-63043 -1
-94056 -2
-81078 1
6875 1
-76801 -2
-36265 -2
-70886 -2
-27408 -2
16807 2
-10339 -1
-53193 2
4848 -2
37058 -2
-15303 2
-45726 -2
-99414 -2
6915 2
42288 -1
-10909 1
-71213 -2
-69635 1
-19733 2
-85813 -1
-83157 -2
25680 1
33072 -1
14451 -1
-21736 2
-60887 -2
-34278 -2
-10662 2
-9069 -1
16589 1
-85421 -2
-89197 2
42290 2
-17507 -1
-76954 1
-8833 1
-82660 -2
2856 -2
-1374 1
-27141 1
28887 -1
-24156 1
-88063 -1
896 -1
-85858 -2
-6872 2
-97019 -1
-5611 -2
-70677 2
-7519 1
-920 2
-46466 -1
-57886 1
-29365 -1
-49175 1
40164 -1
-97391 1
-6318 2
25382 -1
23856 2
18231 -1
-46787 -2
-3495 -1
-67771 -1
-1598 2
39246 2
-16079 2
-98477 -2
23922 2
22924 -1
15092 1
9569 -2
-48936 -2
-39034 -1
-50585 -1
-274 2
44738 -2
-65692 1
-3759 2
-6990 2
7558 1
5002 1
-38795 2
23361 -1
-6341 1
-16885 -2
-50180 1
-19074 2
-74336 2
-21516 -2
-67577 -1
-30732 -2
-21083 -2
-43399 1
-53840 1
18899 1
-20638 -2
48994 2
1068 2
18345 2
37635 -2
-39477 2
-83904 -1
13735 1
44851 1
10014 1
-60006 1
14521 -2
-98298 -1
-67707 1
29483 -1
-91984 1
34826 1
8835 -2
48921 2
-94212 1
-74802 -2
-15072 2
20120 2
-48202 2
3413 -1
-14192 2
13721 1
-88815 -2
-57375 2
-1435 1
-54985 -1
-28794 1
13134 1
-76795 -2
29208 1
4584 -2
5087 1
-22723 1
43219 1
45526 2
-36557 -1
10569 -2
-61064 1
-93266 2
19919 -2
7152 2
-32074 2
22802 -2
-42665 -1
-91907 2
29670 -2
-36558 -2
-27015 -1
-10224 -2
24417 2
-41114 -2
-96294 2
48723 2
1469 -1
-15257 -2
7108 2
-26092 -2
-47974 1
-53644 -1
42528 2
-41638 -2
-63406 -1
-26102 -2
-90972 -1
-49502 2
-53108 -2
-6760 1
-2118 -1
-79505 1
-69683 1
21483 -1
-74933 2
-72305 -1
-24377 -1
-98454 1
32920 2
-58064 1
-11952 -2
-1833 -2
2177 -1
-63136 -1
-91349 -2
-43287 1
-35988 1
-98937 1
25304 2
-27788 -1
25485 2
-65389 2
16772 -1
-66338 -1
-55604 -2
-14008 -1
43887 1
-67571 -1
-12166 -2
-44548 -2
-95313 1
-66408 1
-94680 1
13127 2
16803 -2
3954 -2
-71967 -1
-70440 2
-86809 -2
-37090 -2
-87144 -2
-26087 -2
-6004 2
-80735 -2
-93217 -2
16872 -1
-92327 2
-69053 1
-98768 2
-23134 2
-17316 -2
-34779 2
24243 2
-38677 -1
-29143 -1
4958 1
-4888 -1
-88043 1
-89809 1
-58198 -1
313 -2
-12524 -1
-1518 2
6855 -2
-57901 -2
30573 2
-51056 -1
-88972 -2
-35001 2
-35362 2
6999 1
35489 -2
12515 1
-73104 -1
33201 2
20563 -2
43764 -2
24224 2
-70347 -2
31471 2
-96616 1
18700 1
11848 2
-16907 -1
-56821 1
-88690 2
-29542 -1
-4558 2
-88655 -2
24655 -2
46176 -2
-69062 -2
-34488 2
-54247 -2
-65842 2
32936 -1
23980 -2
-10152 -2
27336 1
-85061 2
-84030 -1
-50511 -2
-45755 -1
-6215 2
25901 2
31416 2
20866 -2
-42799 -1
-45465 1
-47529 2
987 -1
-28149 -1
8634 -1
-51381 -2
-25669 -2
-20604 -1
-48085 -2
27548 -1
49816 1
-23274 -1
37740 -2
9929 2
-5255 2
-32575 2
-70382 -2
-80510 -1
-40244 1
-91146 -1
28884 -2
-11190 2
1757 -2
-75363 -1
-26546 -1
-68254 1
-32715 -1
-68689 -2
-51905 2
36712 2
-38521 1
-96529 1
8514 -1
-94311 2
-30951 2
40983 2
-98789 -1
5554 1
42728 1
-37606 1
-46372 1
18343 -2
33807 1
43562 -2
-10122 -1
-84603 -1
25120 -1
-76764 -2
40644 -2
45262 2
24588 -1
-89414 2
-48722 1
6677 -2
-78880 -1
-58400 2
25191 2
-5896 1
-82912 1
-59100 1
18652 -2
21314 -1
-15433 -2
10245 1
-1671 -2
-6577 1
-22268 -1
33733 2
-37988 -2
-74079 -1
-36764 2
33285 -1
5048 1
-66093 1
-37380 -1
18392 1
-15615 1
-53673 -1
-25695 -2
-18582 2
-50737 -2
-46223 -1
-60004 -2
-52744 -1
-70229 -1
-77171 1
6061 -2
-74595 1
-10915 2
-67841 -1
-58816 2
19984 -2
27065 1
43613 2
39424 -1
12762 -1
-21732 2
-5801 1
-76973 -2
-97307 2
-41120 1
-80513 -2
-1666 2
-92086 1
-25412 2
33511 -1
-90026 -1
19809 1
-22171 -1
-36385 -2
17861 -2
-81511 -2
7575 1
14907 1
42449 1
-9433 1
-64178 -2
9881 -2
-40597 2
-48212 1
-21179 1
30212 -2
35161 1
-58728 -1
-28358 1
-60227 -2
-7542 -1
-16630 2
-80863 2
-33587 -1
-58570 -1
-73655 -1
27550 -1
-43730 -2
-22397 2
-14685 -1
-78294 -2
-51302 -2
-95331 -1
-47613 -2
4508 2
29597 1
-75981 -1
-88336 2
-18846 2
21810 -1
-28555 2
-50035 2
-70931 2
-88781 -1
17773 -1
10126 -1
-87734 -2
-17182 -1
3895 1
-39047 2
-1379 2
29442 -1
-9491 -2
-74608 -2
-32933 -2
-87794 2
1559 1
-52828 1
-51410 -2
17346 -2
37582 -1
-2953 -2
-58037 2
-86733 1
-11212 -1
-45087 1
-45370 1
-32742 1
-43082 -1
15340 -1
-91890 2
-96016 1
-79513 2
-56137 -2
-3388 2
26780 2
34460 -1
-5159 1
-8161 1
-78328 1
15152 -1
-85650 -2
-32697 2
-83683 -2
-53469 -1
46048 1
-76624 1
42729 2
-71074 2
26715 -1
-95808 -2
39431 -1
-27115 -2
49342 2
-62305 -2
11635 2
45390 -1
-98087 -1
-3293 2
39068 2
-94605 2
-11992 2
-85402 1
46623 2
-36057 -1
-21610 -2
8702 -2
-46733 2
24683 2
-60192 1
-61506 -1
-10445 1
22755 2
-25811 1
12618 -1
-44577 -1
-62777 -1
-76606 -2
-8657 -2
8956 -2
-51415 -1
-70211 2
-87616 2
27510 2
-17772 1
37652 1
-85210 2
45802 2
32592 2
-29019 -1
-39505 -1
-4833 2
-35016 -1
6685 2
24323 1
-51955 -1
-90982 -2
16290 1
-49888 -2
48528 2
26275 -1
-60212 1
-54470 -1
26514 1
-61841 -2
22984 1
-46224 2
40647 1
-27868 1
-73928 2
16374 -2
44652 2
30226 -2
12617 -1
-20550 2
46001 1
37118 2
-23804 1
-67630 -1
-99864 -1
42199 2
2685 1
-86646 2
12939 2
-24920 2
-80934 1
17661 -2
-52827 1
-66780 1
-44526 -1
-34908 -2
-25127 2
-14456 2
26389 2
33172 -1
-18056 -1
-90963 -2
48608 -2
-63826 -2
-24733 2
39302 -2
34194 2
-44701 2
45880 -1
-3066 1
-23892 2
-84090 1
-70253 2
-68017 2
-39594 -1
-94037 2
-67038 -1
4391 1
5200 1
-48183 1
-22435 2
-67718 -1
370 -2
-19368 -2
42064 2
-19702 1
-12731 -2
-88595 2
-66783 1
-81271 -2
7623 2
-31219 2
-9595 -2
36352 2
23389 -2
-10485 -1
-88233 -2
-9355 1
-50359 -1
47322 1
-30630 2
-46289 -1
-5574 1
8235 1
20294 1
-65388 1
21756 -1
43063 -1
34212 2
-20789 -1
-442 2
42093 2
-72739 1
-47256 -1
-15145 -1
-26894 -2
-11508 1
-74123 -1
-81576 1
-61279 -2
-10372 -1
12632 2
-38234 1
37081 2
-20895 2
-58748 -2
-46682 2
-74881 -1
-15213 1
-17526 -1
-29396 2
40438 -2
-50886 1
-70900 1
-59344 2
-40074 -1
15638 2
-73487 1
-18776 -2
-88405 1
34819 -1
27020 -2
-49609 1
-99743 2
-82839 2
-44547 -2
-28726 -2
38091 -2
-716 2
43143 -2
-72068 2
-70300 1
-61909 1
-18504 -2
-79470 2
3278 -2
-84531 -1
-36722 2
-75404 1
-384 -1
-66008 2
27755 -2
-83694 -2
36890 -1
-80531 1
-98706 2
10075 2
46440 -2
39668 2
38289 -2
-43258 2
-66991 -2
-45093 -2
-55635 1
-20955 1
5864 2
25739 -1
-99280 -1
-79054 -2
30087 -2
-33461 2
32494 -2
2053 -1
13441 -2
-14251 1
-72191 -1
-90133 -1
-78746 -1
-25231 -2
-56173 -1
10261 2
-43923 1
-93532 2
-32086 -2
-84119 1
47016 -1
-52641 -1
28339 -1
-51802 -1
238 -2
-61284 -2
-38297 2
36970 1
-40026 -1
27181 -1
-2 -2
47601 1
15913 -1
34751 1
-94226 -1
-35316 1
33376 1
-71991 -1
-38218 -2
-9324 1
-17911 -1
45927 -2
-51273 -2
-44385 1
-17671 1
48321 -2
-21805 -1
-53337 1
-31006 1
2088 -2
15064 1
4538 -1
-15658 1
-34625 2
-18093 2
-42567 -1
-76994 -2
-88723 1
39900 -2
-34578 2
11990 2
18536 2
-8736 2
-47162 1
4810 2
3383 2
-27364 -2
1886 -2
29879 1
-43160 -2
4499 2
27104 2
-48038 -2
-56517 2
-57398 2
-27958 -1
-81251 1
-71347 -2
-61486 -2
39499 1
11259 -2
12985 -2
48056 -1
1821 -2
9378 1
-42472 1
48907 -2
-15940 -1
44985 -1
-59848 -2
9822 -2
-97841 1
-12514 2
20511 1
508 -1
44506 2
-96764 2
25323 -2
5707 1
-58531 -2
-37592 1
-26926 1
27462 2
-83222 1
-8352 -1
27140 1
12785 -1
-31709 1
-80669 -1
-68835 -1
35417 -1
-8450 1
-31633 1
-88083 -1
-74979 1
-91003 -1
-10537 -2
-52928 -1
-49341 -2
-36276 2
-24458 -1
-68104 -2
21116 -2
-84971 2
-58901 -2
12461 -2
-44366 1
-95596 -1
-16857 -2
-71084 1
47519 1
-29624 -1
-11393 2
26995 -1
19243 1
8351 2
-49636 -2
-8031 2
-96944 2
27603 -1
-8998 -2
-73606 -1
-44064 -2
-13266 1
-67508 -2
19992 -1
-80397 1
-2982 1
-17677 -2
12911 -2
-60269 2
-49715 2
-5687 -1
-27825 -2
29028 2
-88895 -2
-37616 2
28021 -2
16827 1
10344 2
6886 2
-80207 1
-36596 -1
32780 -1
40378 -1
5967 2
-25125 1
-27231 -2
-80043 2
25723 -1
-89150 -2
-38377 -2
-75272 2
28833 -2
-26380 -2
-47279 1
-83590 1
-98907 -2
23280 1
-21607 1
-28244 2
-81513 -2
42032 1
30447 1
-33734 -2
-18243 -1
-56255 1
-9925 1
-62430 1
-38527 -2
-75747 2
-85 -2
-95901 1
39207 -2
-8742 -2
-11987 -2
28991 2
16555 -2
-41733 -2
-20900 2
-43809 2
13495 -1
5039 -2
8147 2
-40295 2
36236 -2
31286 -1
-33775 -2
-20880 -2
-24179 2
-72086 -1
-32480 1
-90490 -2
-75454 2
-33130 -2
23061 1
38194 2
46340 2
-58896 2
32117 -2
46863 -1
-16170 -1
17644 1
-91607 2
29050 -2
-8102 -1
-41291 2
-59991 -1
-73486 -2
23886 -1
18275 1
-31483 2
-56812 2
-90481 -1
-24709 2
29510 2
17171 -1
-33795 -2
-54840 1
-53804 1
37965 2
-39358 2
35587 -1
-99000 1
27430 1
-87440 1
40597 -2
-74348 -1
15868 2
-81060 1
-90350 -1
39692 -2
33463 -2
-79478 -2
-31730 2
-82869 -2
-78925 1
-32194 2
-38874 -1
-76141 -2
-22852 -2
35906 -1
-62488 1
-69819 -1
-57067 1
25011 -1
-36753 -2
3345 -1
14853 -1
-79208 -2
38383 -2
-11036 1
-72490 -1
-70878 -2
34904 -2
-50515 2
7856 1
-38711 -2
-27042 1
-81440 -1
-4421 1
33586 2
28957 1
19427 1
32016 -2
46692 2
-74674 -1
10768 -1
43345 1
33590 -2
-79557 2
-46293 1
37175 -1
-42272 -2
31166 -1
-12635 1
-12699 -1
-30562 -2
-71467 1
-53048 -1
-1162 2
29299 -1
-45231 1
25525 -1
-19189 2
-94611 -2
27204 -1
43513 2
-29665 -1
37007 -2
-85691 2
49659 -1
-97000 -1
-33675 -1
-61940 2
-5145 -1
5631 1
40073 -1
-73638 -1
-91669 2
19216 1
-57813 -1
6287 -1
16420 1
-62222 2
42680 1
-16959 2
23570 1
-44782 -2
-93741 -1
-18886 2
-72130 -2
28123 -1
-42549 -2
-88863 1
41585 1
43388 -2
38378 -1
-10408 -1
-53969 2
-35707 1
10914 -1
-83393 1
-31732 2
-34996 2
5752 1
-8177 2
-14827 -1
-17637 1
-28328 -1
-12071 1
-82536 -2
32868 1
14198 -1
-65954 -2
-99963 1
-84070 -1
-16606 -2
30459 2
43960 -2
-96349 1
-32423 1
10376 -1
-80445 2
-82257 -1
-17837 2
43293 -1
-10756 -2
20981 -2
6441 1
-85081 -2
14985 1
9195 -2
-18506 -1
-35441 2
-98775 1
-77047 -2
-3682 2
39659 1
45226 -2
-3280 2
-43875 1
-13798 -2
-68170 2
34351 -2
-3514 1
-28891 2
4522 1
-6481 -1
27355 2
-60647 -1
-24826 2
-53980 -2
46640 -1
-78862 2
-23517 1
-21209 -1
-25234 1
-31025 -1
-64060 -1
-68330 1
48242 2
-27520 -2
9541 -1
-64555 1
-78764 -1
41755 2
-81701 -2
-40961 -2
-53893 -1
-60235 2
17699 1
-18299 1
-27127 2
14804 1
-14529 1
17386 -2
-26303 1
-24265 -1
17969 -1
-994 2
3382 -2
-63013 -2
20364 -2
-57162 2
-22798 1
26934 1
-40348 -2
-52991 2
1424 -1
-78512 2
-46712 1
-4007 1
7876 -1
7366 -2
40464 -2
-32736 2
-72438 -1
-85005 1
-80199 2
-48013 1
-42328 -1
-89746 -2
-43105 -2
-1335 -2
-10995 2
-29697 -2
-80464 -2
-50039 -1
22640 -2
-74530 1
3764 -2
544 -2
-22711 1
8990 -2
-61477 1
-54887 -2
5620 -1
-21679 2
14981 1
2056 -1
-21502 1
885 2
-94277 2
-29737 2
-39155 2
-7445 -2
-74656 1
-90664 2
27354 1
-97099 1
-68574 1
-55802 1
37034 1
-63267 1
-61397 2
36835 -1
38723 1
-59596 -1
-31749 -2
22381 1
17144 -1
-51861 2
-16941 -1
-6503 -2
-39829 -2
-85029 -2
23049 2
-13254 -2
-50325 -2
39902 -2
-99769 -2
-50132 1
-76079 -2
-18551 -2
32529 -2
-54072 1
39663 2
-48501 -1
-50037 2
-83367 -2
-28704 1
37100 2
-3506 -1
-32135 -2
-89353 1
-29742 1
-26018 -1
-86740 -1
-80737 -1
20189 -1
-15428 -2
-17357 1
35821 -1
33695 -2
-835 1
-11898 -1
-30374 2
-73176 -2
-48634 -1
7774 2
-18135 2
-90413 -2
13045 1
-21196 -2
5550 -2
-50780 2
-77720 1
-44221 -2
24019 2
47221 2
-4825 -1
-21376 2
36733 2
-34548 -1
-21605 2
-48396 1
9031 -2
-4726 -2
1952 2
-98672 -2
-49754 2
9699 -1
-88271 -1
-71658 -1
-20123 -2
-10502 -2
-24747 -2
24928 -2
-21695 1
45417 2
23770 2
-87374 1
-44263 2
31447 -1
-96409 -1
-19660 -2
46741 -1
-1524 -2
38584 2
-78397 2
-24347 2
16377 1
32379 -2
2464 1
-18423 1
15876 -2
-22403 -2
-99190 2
3555 -2
-87579 2
-45573 2
-7900 2
-95955 2
-75382 -1
-31964 -1
-3610 -2
12384 -2
-42850 -1
-20665 2
-90036 -1
-45731 -1
23461 -2
-98834 -1
-13294 -1
43595 -2
-83418 2
42703 1
-78451 -1
12707 1
-68739 -1
-39644 -1
-88638 -2
3030 2
-11286 2
-55131 1
26891 -1
-44683 -1
-39682 2
-9691 2
-89702 2
39806 2
2979 2
-79126 -2
-5100 -1
15430 2
32604 1
-48114 -2
-27658 2
-17659 1
-14427 -1
-83266 -2
43858 1
14818 1
4048 -1
-22404 1
-73515 2
36328 -2
-62981 -2
-75284 2
-55498 -2
-25054 1
21220 -1
-98341 1
46919 1
7811 2
8944 -1
-12179 -2
-6245 -2
-96940 -1
-95154 -1
13769 1
37359 1
-33821 1
-49024 -2
32954 -1
-99058 -1
-5813 -1
-87406 -1
-44943 -1
15465 -2
-72246 -1
-249 1
-29352 2
19633 1
37349 1
-87336 -1
37478 -2
25264 2
38983 1
6759 1
-22000 -1
-20737 1
-13999 -2
-94221 -1
-52412 -2
-3894 2
33629 -1
-77109 2
40193 1
19799 -1
19273 -2
19564 -1
48446 -1
-6316 -1
45984 -2
-36281 -2
-62957 -1
-5558 -2
-57594 1
-62025 -1
-95882 1
-49864 -1
-36408 -2
-42402 -2
-76394 1
6430 1
36993 2
5577 -2
-28232 1
-16569 2
-79078 1
-1511 -1
-62245 1
-29329 1
7168 -2
12691 1
-93089 -2
-95869 2
-5035 1
-52120 -1
-47982 -2
-75804 1
20547 -1
46212 1
-29827 -1
-19709 -2
-97651 2
-11959 1
-99169 2
-22453 2
-53480 -1
-7269 1
-13140 2
-42375 1
49705 -1
-60413 1
-80065 -2
-35160 1
14167 -1
-94043 2
-10790 1
-38139 -1
-11019 -2
37839 1
-92162 1
-20858 2
-52013 -2
-13427 -2
-48144 1
-65110 -1
-80723 -2
38355 -1
-71058 -2
43250 2
46712 -1
-91348 1
32009 -1
20908 1
11869 2
-70808 -2
-74538 -2
35891 -1
-79001 -1
-43915 -2
-1175 -2
-69855 1
6281 2
-34437 -1
-71510 2
46222 -2
-30727 1
8940 2
15619 -1
-36011 1
-28234 -1
-58389 -1
-74917 -2
-18673 -2
-27275 -2
24658 -2
-12726 2
23262 -2
-17725 -1
-58938 -2
-54509 2
28684 -1
-16396 1
-37793 2
2939 -2
-63339 2
-87165 -1
-50321 -1
48651 -2
44289 -2
41049 2
-67859 -1
24412 -1
-44264 -1
-94228 2
-7932 2
25911 2
37572 2
-4193 -1
16605 -2
24438 2
37995 2
-2235 2
-11570 2
-30697 -1
33203 -1
-48566 1
-66612 2
-43967 -2
-95217 2
12367 1
-57564 1
-99023 1
-77689 2
200 1
-80995 -2
-11121 -1
-27921 1
33367 -1
-25879 1
-73849 -1
-69412 2
-99125 -2
10952 2
44173 1
-6559 2
-47417 -2
-24876 -2
30533 1
-40695 -2
-7089 -1
-60381 2
30014 2
40565 -2
-50319 -1
-49707 -2
43159 1
-3768 -2
38929 2
-13699 -2
-77467 -1
-45947 -1
-73379 2
-51018 -2
-195 2
-93986 2
-55459 1
-9633 -1
-79070 1
-86537 -2
-4167 -1
36385 -2
-58588 1
-31752 1
-51466 1
42095 -2
-50083 2
43997 1
-44965 2
-65163 -2
11454 -1
24004 -1
-85040 1
-50465 -1
-28055 -2
-50560 -2
42856 2
-28379 -1
-42477 2
-19502 -1
-24480 -2
-13663 2
-96459 -2
-29858 -2
-52773 1
45817 -2
-48957 1
-72435 1
8875 2
-97542 -2
19471 -1
-13112 -1
-56264 2
-45539 1
46577 -1
38714 -2
7424 -2
22469 2
-95244 -1
23098 -1
16570 -2
10427 2
7255 -2
-6597 2
-20359 1
-15772 -2
-27304 2
-88283 1
-44340 2
-68278 2
-49348 1
-36235 -2
-71660 -2
39518 2
-21531 2
-12537 -1
-67570 -2
-50679 -2
-18853 -1
-43886 2
45142 1
21200 -2
-30907 -1
22816 1
36079 -1
-63901 1
38611 1
12189 -2
-91073 -2
-41202 2
-81486 1
-51669 -1
-57392 -2
-70830 2
-86976 1
-65125 2
-80744 -2
-79463 1
-38306 2
-30779 1
-60024 -2
21726 2
-38384 2
18628 1
32054 2
-97862 1
-7689 -2
-45397 -2
-85758 1
-3148 -2
30175 2
-67267 -2
25061 -2
-58732 2
33543 -1
-25849 1
-67330 -1
39035 1
-14373 -1
-68586 -2
-19326 -1
-66132 2
-62590 -1
-24231 -1
11966 2
47575 1
-27997 -1
-73971 -1
-1334 2
-50664 -2
-95009 2
-94828 -2
-24093 -1
-32976 -1
-80162 2
2885 -2
-64950 -2
3802 2
-54428 -1
23517 2
-72187 1
-64193 -2
-92254 -2
-4403 2
-9334 1
-40298 -1
-89554 2
-79085 -1
-69013 1
31028 2
-10522 -2
-35666 2
-30855 2
-29398 2
-26328 1
24197 -1
-65231 2
-30362 1
21430 2
-8164 1
-81365 2
-42518 1
-45534 2
-85035 -1
32917 -1
-62916 2
-83922 -2
-35420 1
47267 1
-31136 2
-64013 -2
-44162 1
-77712 -1
-28769 1
-57652 -1
-69181 2
-25220 1
45120 2
15497 1
-51638 -1
-75586 2
-38409 2
-72034 -1
41876 2
-7447 2
49250 -2
6597 -2
-64333 2
11253 -1
-96092 -1
-47827 2
-87358 2
-46803 1
-56766 1
-57461 -1
-55736 -1
-85878 2
-36747 2
43866 -1
-98197 2
18167 2
8376 1
-63361 1
-51783 -1
-35022 -2
-26345 1
-83727 -2
-19226 -1
11737 2
48325 -2
35851 -2
-86115 -2
-49497 -2
-94178 -1
47951 -1
-21275 -1
-2377 2
-10214 -1
1959 -2
5213 1
24201 -2
-34208 1
-69709 1
-78000 -2
3350 -2
-60924 -2
-96769 1
37305 1
-45109 -2
770 -2
-7605 -1
-20077 1
-36986 1
-90288 -2
847 2
-60981 -1
11153 -2
-51544 2
-3777 1
4760 2
-49960 -2
-81741 2
47428 -2
-58263 1
-727 -2
-96238 2
-62543 -1
-1946 -1
9593 1
-73298 2
17169 -2
1863 -2
-63987 -1
-98692 -1
46522 -2
-46440 -1
43333 -1
-21593 -1
-31699 1
-75979 2
-77566 -2
27918 -1
-21767 -2
45979 -1
-56091 2
-27667 -2
-93132 1
-59900 -1
-15534 1
31888 -1
-52094 -2
14626 1
-67341 2
-87470 2
-75151 -2
-66015 1
-9271 2
-65847 -1
44972 1
-91993 1
46401 -2
-11770 -2
-93569 -1
-51735 -1
4444 -1
41412 -2
9523 2
-75464 -1
48775 -1
529 1
-28069 -2
26366 -1
-91881 -2
-52250 -1
-35795 -1
-2058 1
-24146 -1
-15638 -2
-30933 1
-7386 1
-21306 -1
5494 2
-292 -2
5672 -2
-30889 -1
-88559 -1
-40497 -2
30075 1
-37262 1
-37811 2
-78782 -1
-63086 -2
-33592 1
-49973 2
-12526 -2
37294 1
-18719 -2
32506 -1
-13474 1
-24532 1
-56595 1
-56535 2
16088 1
-50273 2
-43798 2
36934 -2
-58918 2
16741 1
36423 2
21266 1
-78934 -2
22111 1
-51391 -1
32404 2
14486 -1
-93869 -2
7494 -1
13677 1
-59202 -1
-62729 -1
21660 -2
17098 1
15735 2
-45416 -1
-56404 2
-44097 2
-24062 1
-77249 -2
44760 2
3132 -2
-40880 -2
-60160 2
-36732 2
-21261 -2
-93954 1
2078 1
29315 -1
-87858 -1
-53884 -2
-82858 2
975 2
30042 -2
26749 1
-60397 -2
-38923 1
29330 -1
30172 1
-60771 -1
-26792 1
35206 1
-92525 1
-70562 -1
-24722 2
-6901 1
40846 -1
27157 2
31111 -1
-54379 2
39099 2
-36133 -1
-3602 1
-32020 -1
-9999 2
-93348 -1
-43418 1
-81788 -2
-36603 -2
-40650 2
5033 -1
-96029 -1
-56923 2
1503 -1
-70167 -1
-48929 -2
-73306 -1
-66073 -1
-42042 2
-76835 -1
-68533 -2
44805 2
-39334 -1
1933 -1
39607 1
-42494 -2
-55111 1
-54243 1
-26166 -1
-11526 2
-56050 -1
-419 2
-36304 2
28067 -1
-74833 1
-59116 1
-49931 2
13356 1
47470 2
-29388 2
-19021 1
-522 2
-4688 1
39212 -1
-63094 -1
39325 -2
-83989 -2
-22058 -2
-34453 -1
47231 1
-68707 -2
15146 2
-81433 1
22866 2
31852 2
40547 -2
-7140 -2
-4964 2
-90157 -1
-48156 1
-47114 -2
-68370 -2
-15297 -2
-80613 1
36082 -2
-79793 1
27282 2
22591 -1
5448 -2
-62455 -2
13489 -1
1397 -1
-61037 1
-66566 1
-64573 -2
-51007 2
-73532 -2
-62313 -1
-47429 -2
-77705 2
-86519 1
-49968 -1
-93703 -2
22529 1
-49478 -2
-31553 -2
7065 1
-84257 -2
-11 2
-45212 -1
-72387 -2
10555 -2
20896 1
-82011 2
-37218 2
19255 1
-78218 2
-59060 1
-48106 1
-84596 -1
2443 1
15263 -2
-29232 -1
18664 2
-62705 -2
-7698 1
7809 -1
-19667 2
36012 2
45822 2
-8541 1
-61388 -2
-7198 -2
-97214 -1
-17472 -1
-89161 1
32205 -1
11221 -1
-82486 -2
-8545 2
-93261 1
-41832 -1
49040 1
29753 -2
-90260 1
36557 -2
-41896 -1
32665 -2
7307 -1
3302 -1
-71376 1
45545 1
46433 -2
-88938 -2
-61210 1
-58511 2
-61456 -2
8831 1
45408 2
-32638 -1
1828 1
-67425 1
-40834 1
22559 -1
-17406 -2
35621 -1
21143 1
45193 1
-36181 -2
-91233 -2
-59091 -1
39709 -1
-96792 -2
-15281 2
16636 1
-47488 2
26686 -1
-68482 1
-16279 -2
-84921 -2
-61503 -1
-97522 2
-82081 2
-93290 1
-20808 1
5167 1
24605 1
-22173 -2
-10999 -2
-79512 -2
35877 2
-95215 1
-42081 -2
-22617 -2
40550 1
-54659 -2
-28385 1
-67648 1
-59570 -1
-41769 -2
-51498 -2
-72788 1
22771 2
-74587 -2
24436 -2
-73264 -2
25088 -1
36570 2
-23542 -1
49640 2
23000 1
-70036 -1
-157 -2
-75446 2
-88116 -1
-27361 -2
24968 -2
-90806 1
29351 2
-8854 -1
-73063 -2
-41688 -1
-99666 2
-66059 -2
-34682 2
-85855 1
-52184 -2
4021 1
-86949 -1
11505 -1
-51975 1
-34321 2
-99701 2
-60386 -1
-73644 1
-21518 -2
-76375 -1
-44187 1
11585 -2
-81085 -2
-78561 -1
-88952 2
-57494 -1
27084 -2
-98231 1
-57522 2
46690 2
-71209 -2
-56096 1
-40714 1
-80705 1
9335 -2
-79136 -1
-76021 2
-25969 -2
21927 -1
-46510 -1
31356 2
-10217 -2
-21834 -2
-52315 -2
-66899 -1
4639 2
-25877 -2
-7204 1
-17884 1
-23682 1
38894 1
28063 -2
-47725 2
-89577 2
-17696 1
-29798 -1
-95010 1
-41547 -1
-48952 -2
-70947 -2
-21344 -2
-30183 -2
-69244 -1
-33529 1
16251 -2
-58953 1
-39675 -1
37897 2
23067 -1
32844 -2
-96905 2
21761 -1
-22829 -2
24617 1
-2437 1
-95783 2
-29987 2
2796 -1
14739 2
-32879 -2
-19329 -2
-80923 -1
-71333 1
45663 -2
-27734 1
-53915 1
-60349 2
13846 -2
36606 -2
1265 1
-26153 1
-43377 -2
-8714 -2
26233 -1
32605 2
-57054 1
16162 2
-91081 2
-21564 -2
-986 2
22906 2
-90701 -1
-81807 -2
6212 2
18907 -2
-12550 -1
-64033 2
1222 -2
-85521 2
-95771 -1
-56658 -2
-71399 -2
990 1
35566 2
-10331 -2
35056 2
-95496 1
-27901 -1
-15057 2
21213 -2
-91489 2
-64008 2
17095 1
-72342 1
24575 -2
48640 -2
24890 2
28035 -2
-58076 -1
-25445 2
45940 2
-77818 1
-9273 2
-55082 -2
-66868 -2
-27908 1
-26135 2
34735 -2
-64363 -2
-60156 -2
-99611 1
-31805 2
-54944 -2
46003 -1
-73496 -2
-91614 2
-30902 -2
15020 2
33668 -2
-89875 1
7909 2
-70841 -2
6552 -2
-93705 1
44307 -2
5903 2
-25100 2
5450 -2
16429 -2
46199 2
7728 -2
15248 1
18853 -1
-9554 1
45081 -2
-42218 -1
-77086 2
-52601 -1
25247 -1
11085 -1
-42073 -1
10481 -1
36911 -2
29596 2
-49146 1
-12782 1
-96371 2
-18957 1
-6631 2
-75414 1
-54925 2
-75320 2
-96648 -2
14644 -1
-59391 -2
16921 -2
-63507 -2
-90303 -1
-5636 1
-79115 1
13662 -1
-94222 -1
44796 1
-8973 -1
-71343 1
-64126 1
-30185 1
-11159 1
-30829 1
28931 -2
-19063 -2
-68950 2
-27464 1
-46045 2
-13599 -1
-70264 1
-87820 1
16283 1
-85131 2
-807 2
-39465 -1
-47679 -1
-76849 2
20662 -2
-80003 -2
-21917 2
16382 -2
-41485 -2
25585 -1
-81083 -2
-48350 2
1253 -1
-79577 -1
-98552 -1
38785 1
10392 1
-54203 2
-27754 -2
-33260 1
-69773 2
-47468 2
-42530 -2
27110 2
-22262 -2
-9345 1
-46301 -2
-79915 1
-80661 -2
8056 2
-40514 2
22985 -1
-44865 2
-78853 -2
-3740 -2
46768 -2
25016 2
-65381 2
-51794 2
-64138 1
-25999 -1
-80987 -1
-43852 1
-63868 -2
-2736 -1
26362 -1
4568 2
-13200 -2
37005 -1
-19661 -2
39414 2
-8242 -2
-55842 -1
-48111 2
16113 1
21836 1
-20794 2
-35568 1
46438 -1
32089 -2
-70594 -2
-37866 2
5833 -1
39755 -2
2564 2
20529 -2
-72991 -2
3543 -1
-36911 -1
-17929 1
-30027 2
-18353 2
39366 -2
-22498 -2
-35447 -1
-9807 2
28027 -1
-48583 1
32150 1
-14370 2
-93642 1
18971 -2
39647 -2
-71183 2
-43492 -1
-56067 1
-63615 1
17750 -2
-42778 2
-19773 -2
-20512 1
-62604 -2
682 -1
13806 2
-58801 -1
37200 -2
-47691 -2
-26700 -2
12816 2
-78785 -1
-58677 1
18142 -2
41383 1
4739 2
-28970 -2
-35563 2
-74477 2
-52341 2
-60963 1
-5465 -1
-16072 1
12964 2
24328 -1
-27950 2
-85681 1
15115 -2
-85715 1
2584 2
45132 -2
2453 -1
-83402 -1
-62925 2
6410 -1
36909 2
5112 -1
-9982 1
-27688 -2
-52429 2
7943 -1
-6580 2
49694 -1
-70836 2
-51364 1
-29503 -1
15244 -1
-77584 1
15949 2
-14550 -2
-88823 -1
-58150 -2
17420 -2
26170 -1
-50207 2
41145 2
-1268 -1
43349 -1
-89998 -1
30271 2
-82476 2
-89876 2
3487 1
-88891 1
25047 2
49365 1
-1522 -2
6299 2
48330 2
-38998 -2
-67227 1
31601 2
-43074 2
-72025 1
-77589 2
-85149 1
-23920 -1
31918 2
-18491 2
-90138 -2
-44912 1
43095 -1
4407 -1
4665 2
-55291 -1
-5553 -2
-94796 1
-36054 -1
-36429 -2
-26612 2
-93053 -2
-54162 1
-7974 -1
-96077 -2
9366 -1
20085 1
-70169 -2
-1962 -2
19575 -1
30550 2
-39026 -2
-9616 2
-17474 -1
-44346 2
49948 1
-63337 2
-52611 1
46005 1
-38493 -2
-74683 2
-46462 1
-20464 -2
-41127 -2
-98182 -2
21825 -1
-13496 2
9597 -1
-31769 2
28950 -1
-92914 1
-60310 2
37760 -2
-27569 -2
49658 -2
34996 -2
-97526 1
14566 -1
-73237 1
-96386 2
-85985 2
18556 -1
-30876 2
43269 -1
-25490 2
40003 -2
-82706 -1
-29412 1
-35861 1
45959 -2
35158 -2
-48870 2
-47296 1
29504 1
-49119 2
-72480 -2
-85207 -1
11339 2
-91376 1
-10300 -2
4598 -1
37799 -2
-58456 2
-87953 2
-6549 2
2512 1
6662 2
-50682 -2
-60881 -2
-95155 1
-80305 1
22665 -2
31238 -1
-37355 2
-32018 2
-23522 2
-54097 -1
-32928 -1
-39030 1
-99661 -1
-23737 -2
42896 -2
45383 2
-83493 1
-57553 -2
27293 1
18362 2
-35618 2
48911 1
-37135 1
-52700 1
-73953 -2
-86240 1
36460 -2
1615 2
-83112 1
-30352 -1
20916 -2
-84145 2
-69539 -2
-74835 2
-32054 1
-85824 2
-65007 -2
-25562 -1
19061 -2
-95703 -2
-55952 -1
-53799 -2
-25895 -2
36341 -1
16455 2
18223 1
-17928 -1
29872 2
-98852 -2
-37971 -2
43769 2
-17868 -1
-50946 -2
315 -1
-21050 2
-52878 1
35400 -2
-80548 -2
-46150 -2
7183 -2
-9020 1
-39691 -1
35119 2
-2920 -2
27207 1
-24737 1
-66806 -1
23947 -1
31851 -2
-10630 2
-50871 2
-63173 2
-330 -1
39815 1
-76404 -2
-52919 1
-66330 -1
-24270 1
-81848 2
-41691 2
17725 -2
-44353 1
-32056 2
29402 -2
33847 -1
-45639 -2
-22282 2
13808 2
-36802 -1
-69318 1
-18543 -2
-27800 -2
-36173 1
-56662 -2
26357 1
-17329 -2
-72178 1
-27864 -2
5918 1
-51748 1
24333 2
23706 -1
34693 1
-82827 -1
47310 2
-9187 -1
-85766 2
-57577 -2
-15423 -2
6382 2
-16456 2
-62524 2
-63366 1
-19495 1
-52199 -2
-74948 1
-39591 2
-7889 2
29258 2
-53824 2
38207 -2
31225 1
-7116 1
-34992 -2
-41008 -2
-18435 -2
13121 -2
-41279 -2
13434 -2
-54902 2
-4949 -2
8024 2
5652 -2
-63365 2
-99893 1
10729 -2
4541 2
49066 -1
-80498 1
-79323 1
820 2
47468 2
-78758 -2
-9518 -1
-32202 -1
-2233 -2
-66426 -1
-90991 -1
13690 -2
-25924 2
-44218 2
-94589 2
-5621 1
-13395 -1
-82530 2
-1376 1
-461 -1
-22510 2
-92647 1
44168 1
-45062 -1
-61135 -2
-9303 1
-36717 2
27866 -1
7659 -1
-20136 1
-80581 2
14266 2
-94595 -1
-78616 -1
19027 1
20385 -1
-1625 -1
-50972 -1
462 1
16689 1
-19456 1
-56136 2
-64017 -2
-79771 1
-7611 -1
-87158 -1
-31906 -1
-79705 -1
19615 2
37477 2
6434 -2
29102 1
-98635 1
13501 -1
-59996 -1
-95620 -2
171 2
-98898 -1
47112 1
-66929 2
-52742 -1
-56881 -2
-54266 -1
-83826 -2
41117 -2
-78949 -1
23938 -2
-10213 2
-23423 2
-33282 -1
-5054 2
-53891 -1
3869 2
-70099 -1
29978 -1
-38901 1
44753 2
-66594 -1
-93892 -2
30566 2
45732 -1
13476 2
-28950 1
-71103 -1
49644 2
-6819 1
21932 1
-47013 1
-13219 -1
36381 -1
-37850 -1
49445 2
-27833 -2
18023 -2
-62793 -2
38118 2
35919 1
7629 -2
-23637 1
42302 2
-61124 1
42030 2
-91719 2
-22997 2
-90732 1
-70351 -1
17048 -1
35109 -2
-83051 -1
-74519 -1
-20520 -1
-30912 -2
-65961 1
-68705 -2
48166 -2
42123 -2
-30725 2
-62227 -2
-82090 -1
-21718 -2
-67779 -1
22699 -1
-96467 -2
-9512 -1
-47093 1
-25574 -1
23272 -1
-51768 -2
-8370 2
-43464 -2
-61058 -1
41161 1
-63011 2
-21723 -1
-34573 1
-81855 -1
-61962 -1
47216 2
-57876 2
11100 -1
-59419 -2
-8005 2
-82059 -1
11931 -1
-76472 -1
-9349 1
-30963 -1
-54455 -1
1299 -2
-12786 2
49294 1
-1856 1
-57433 1
518 -1
43281 -2
-42716 2
-49458 2
-10413 -2
-4605 2
43093 -2
38048 2
-18537 2
-11322 -1
-20771 2
-93426 2
23656 -1
-96504 -1
-66573 2
-72699 1
40187 1
-59629 -2
-22854 -2
-4796 1
-47408 -2
-71558 -2
-10498 -1
-4782 -2
-12631 2
22842 -1
8607 1
18581 1
-29061 1
3258 2
-35826 -1
-91987 2
49778 1
-31266 -1
48353 -1
36808 1
45826 -1
-35528 1
-18633 1
-55013 2
-76680 -1
-38729 -1
10816 1
1369 1
30740 1
27711 2
46135 1
37309 -1
-76229 1
-56839 1
15099 1
48682 2
-30643 2
-1469 -2
-31801 -1
9713 -2
1037 -2
16044 1
5715 -1
22107 2
-40240 1
-27652 -1
31155 -1
29114 1
-30883 -2
5524 -2
-483 1
-90904 -1
35650 -2
-62620 -1
4578 2
15851 -2
-83423 2
-32614 2
-26647 -2
-9831 -1
-46871 -1
-41676 -2
-14644 2
-25591 -1
4692 1
-40078 1
-33581 -1
-12424 1
40745 1
5602 1
36786 -1
23921 1
-26480 -1
-56245 -2
-94066 -2
-72505 2
17110 1
-61973 -2
-85070 2
21409 1
-78860 1
-51922 -2
19641 -1
48536 1
-89842 2
-34390 2
-31601 1
-32118 -1
-10273 1
-60102 -1
-80699 1
-14307 -1
40458 2
47715 -1
-10451 1
-561 -1
-75423 -2
-71920 1
-77963 -2
-20050 1
-68820 -1
17267 2
2686 1
-48362 1
-64862 -2
-60040 2
-17017 2
-43771 2
17026 2
-96215 2
-78170 2
12531 -2
-14931 -2
16550 -2
11309 2
32738 -2
-21903 -2
-80600 2
15336 -2
-50470 -1
-81660 -2
-36825 -1
17365 2
-39889 1
-22818 -2
-2753 2
-11520 2
25496 1
30721 -2
19839 -2
-79095 -1
-13534 -2
8790 2
-28783 -2
26787 -1
20464 -2
-59236 2
-79486 -1
-93480 -2
-86603 -2
-8124 -2
-86574 -1
-68182 2
-97208 -2
-64199 1
6811 2
-53419 -1
-76720 2
39601 2
-68955 -2
-17682 -2
23563 2
22607 -2
817 -2
-12083 1
42990 2
-33708 -1
-59253 -1
-88456 -2
-50406 -1
-38689 1
-30580 1
-84101 -1
34384 -2
14004 1
-85502 -2
37610 -2
-68213 1
-58864 2
-5623 2
-95066 2
29046 1
-66412 2
23762 -2
24483 2
45103 1
-73680 1
-25277 2
-44214 -1
-50709 -1
-64173 -2
-72878 1
-87082 -1
-60759 1
-62422 -1
-91270 1
-95122 -1
-45618 -1
-47131 -1
-51576 -1
-56637 1
-2570 1
-55325 -2
4562 -2
-75110 -1
-7163 -2
-53388 1
-86407 -1
-1532 1
34849 2
-63058 -2
-87630 2
-63456 -2
10441 -1
-38427 1
-41984 1
5887 -2
-73272 1
-84314 1
-32395 2
-80166 -2
-81790 2
25098 2
47546 1
-85933 -2
-12668 -2
-44738 -2
39940 -2
15669 -1
6400 1
17316 2
31501 -1
-82539 2
24152 -2
-93471 -2
5811 1
-25654 -2
-39024 -2
43015 -2
-811 -2
-79747 -2
26469 -2
-40918 -1
47400 2
-75232 -2
7903 -1
-17829 -1
7859 -2
-43597 1
-80614 -2
-46077 -2
-82542 1
-46768 -2
-64553 -2
-52624 -2
-26007 1
41156 1
-95737 -2
-28143 -1
-55704 1
1599 -1
-84261 2
-98885 -2
-31419 2
-31533 2
36281 2
41114 -2
-29353 2
-68051 2
-91676 -1
-12551 2
-71363 -2
-77558 -2
-66660 -2
-32390 -1
6532 -1
29250 1
-54858 -1
48155 2
-51973 2
-67687 2
-38107 1
49265 -2
7743 1
6758 -2
-61726 2
-38439 2
-79715 -2
-6191 -1
-155 -2
-61797 2
-72205 -2
49689 -1
4955 1
43334 2
13058 2
29165 1
13408 2
-77502 1
-28440 1
-53152 -2
-53348 1
-80375 2
-13997 1
-316 1
-62159 -1
44803 -2
49014 2
-15066 1
-54813 -2
-13076 -1
-7569 2
-26615 2
-53450 -1
12104 -2
-38271 -2
-89791 -1
-39364 -1
1347 2
-72281 1
-89057 -1
-8359 1
3417 -2
36601 -2
-26597 2
-79293 -2
-92035 -1
-70323 1
-93203 2
601 -2
-14160 -2
42956 -2
-54313 -2
-50472 2
-6391 -2
9418 1
-14992 -2
-60011 -2
-36650 -2
-57869 -1
-55286 2
-43419 -2
-37124 -1
-38136 2
29305 1
-48197 -1
2938 2
-45480 2
-20729 -2
-52553 -2
6455 2
-98752 2
-19088 -2
750 2
32091 -1
42706 2
-76269 -2
-15712 -2
-8318 -1
-9502 2
43676 2
-2264 -1
40787 -2
14057 -1
-70779 2
-82073 2
-57033 1
-39792 -2
-41336 1
10199 1
-34927 -1
-15378 -2
-65322 2
-22113 -1
-29633 -1
-51997 -1
2928 -2
-97593 -2
31989 2
-40194 -2
-63969 1
-91608 2
18031 2
-4550 -2
27645 1
-55209 1
-65921 -2
33316 2
-98840 -2
-53403 -1
-33145 1
11419 -1
-87767 2
-89616 2
-73779 -1
23958 2
-1273 1
-74824 -2
-28953 1
40772 -2
18887 -1
-79179 1
-46030 2
28134 1
-37562 2
-86332 -2
-33078 -2
41112 -2
-96580 1
-59771 1
-67783 -2
-74584 -2
-9079 -2
-71350 -1
14152 2
-75506 -1
-86679 1
-42404 1
-29433 1
47042 -2
-65662 1
-95642 -2
-5192 2
47876 -1
-78010 -1
505 -1
-31840 -1
-16577 -1
-74205 -2
-42814 2
-19545 1
6386 2
3091 -1
-16336 2
-98961 2
767 -2
-82057 -1
38447 -2
-96035 -1
-5267 2
19374 1
-52688 -2
-65386 -2
12697 1
-34333 -1
-46979 2
33399 2
44377 -1
-59696 -2
-97047 1
-80717 1
-46356 2
-74932 -2
-8499 2
15446 2
-73959 2
-59962 -1
-25013 2
16858 -2
-55751 2
18653 2
21779 2
-2250 2
5169 -1
-82342 2
-35289 1
-53221 1
-90719 -2
-36256 1
-37736 1
-97654 1
-40061 2
-98119 1
35106 2
28379 -2
-49319 2
21757 -1
-51871 -2
-67529 -2
-6514 -2
-92397 -2
-75754 -1
11765 -1
86 -2
-79305 1
-49789 2
-43210 2
-85093 2
40957 2
18481 2
-2278 -1
16616 -2
-84205 -1
-25722 -2
13529 1
9111 2
-33235 -1
-61908 1
-2892 2
38729 2
-61294 -2
-28742 -1
-59247 2
17965 1
23539 -1
-92794 -1
-10144 1
30732 -2
34965 1
-33320 -2
46285 2
-26167 -1
-80366 -1
43498 -2
-57711 2
-5273 -2
-37610 1
3649 -2
-93983 -1
-49500 1
3274 1
-31625 2
3842 1
-2392 2
-89906 -2
-87989 1
-96841 1
5091 2
-45571 1
12767 1
-73212 1
-38146 -2
10507 1
21543 2
-73347 -1
-96155 1
-77504 1
-21529 2
9357 1
16217 -2
-4155 2
39054 -1
43026 1
47895 2
49044 2
-88940 -2
-72091 2
-65372 -2
-78667 -1
39868 2
-15849 -1
-21573 -2
-37023 2
-3004 1
-69383 1
11241 2
28330 1
-78252 -2
45105 -1
-79848 -2
-1360 1
-62057 -1
-92341 -1
-84127 2
47534 -2
9705 -1
-60873 1
24354 -2
42535 2
-64081 -2
-27867 2
17479 -1
-97167 -2
18605 2
-43823 1
-4283 2
-60504 1
-4446 -2
-74306 1
-14221 1
9583 1
-31712 -2
-19604 2
18203 1
44055 -1
-51897 2
36520 -1
-94516 -1
5913 1
-21365 -2
-34009 2
-72709 1
-93341 -2
-46311 -1
32197 1
-68862 2
39338 1
-53554 -1
-84946 -2
30335 -1
-6672 -2
-35196 2
-60794 -2
-77485 2
-46123 -2
42936 -2
-75173 1
-56066 -2
-17372 1
-66350 -2
-60549 2
30257 1
8565 -1
-61751 2
9716 -2
-7383 -1
30292 2
-92834 -1
37834 2
14823 2
-46765 -2
-32744 -1
22600 -1
-49048 -2
-36561 1
-63838 1
-25789 -2
-5837 -2
18076 -1
-42685 -1
-73039 1
-88978 1
6790 2
33019 -1
5844 -2
-64021 -2
-73007 -1
-41803 1
-46985 2
-19335 -1
-20796 1
-74649 2
-8549 -2
-780 2
-13785 1
-77185 -2
19508 -1
38732 -2
-9991 -2
-7377 -1
15153 -1
-88243 1
14398 1
-36981 2
-24695 2
-33401 2
26263 2
-13441 2
-76804 -1
11533 -1
-42198 -1
-44332 -1
-30852 1
4116 -1
18964 -2
-12944 2
45609 -2
-73153 -2
-7513 2
36030 1
6926 -2
-16838 -2
33796 -2
-8440 2
49492 1
244 -1
47479 -1
-74194 2
-38702 2
30034 1
3374 2
47531 2
-20325 -2
-38054 2
-36197 -1
-62888 -1
-74679 -2
-23075 -1
-58102 2
-17303 -2
-65630 -2
33465 -1
-58061 2
-51807 2
-35146 1
-61003 2
2366 -1
-18805 2
43850 -1
-89519 -2
-44988 -2
448 2
-84879 1
-51762 -2
-87645 1
-22742 -1
-59577 1
-55367 2
48030 1
-40687 -1
28151 -1
-99645 -2
-11374 -1
-12913 2
44682 2
-12122 2
-4190 2
-60189 1
10364 1
-24178 2
-4486 -2
49438 -2
-47050 -1
25787 -1
-72827 1
37013 -2
-26746 -2
-94402 -2
-6173 2
2035 1
-98586 -1
8592 -2
-23565 -2
15822 2
21812 2
2300 -2
-71326 2
-61447 -2
-76783 -2
-5361 -1
-58736 -2
-23551 2
-31318 -1
-73208 -1
-67347 -1
-17802 1
-4237 -2
-56411 -1
-74598 2
-75641 -2
30054 -1
254 1
-90363 1
-70386 -1
-18838 2
-57678 2
31656 -2
34453 1
-19144 1
23897 2
36728 1
-12606 1
-12010 -1
49046 -1
18696 -2
-33565 -1
35857 2
28518 1
29801 1
-93498 2
-27350 -1
19859 -1
-19167 2
-93366 -1
17939 1
-23345 -2
-10882 -2
-4544 -1
-15952 -2
36124 -2
-1081 -1
9832 2
-15065 2
-96164 -1
-92680 1
-87608 -1
-3994 -1
-46568 -1
27892 2
-20164 -1
26169 -2
13959 -2
12804 -1
13015 -2
-28083 2
-51157 1
-24587 -2
-63110 -1
-48328 1
27595 2
-4408 2
-27198 -1
-9487 1
13511 -2
-37373 -1
7325 1
-11421 -2
-16851 1
16003 1
-3220 1
-56384 -1
33611 2
-15881 -2
19886 -1
49239 -2
-14429 1
-82322 -2
-43541 1
-22018 -2
-30795 -2
8149 1
-4255 -1
21750 2
-7685 2
-88137 -1
-58128 -1
-91358 1
-48423 -1
14025 1
-55125 2
-77453 -1
-6834 -2
-44380 1
-41076 1
30190 2
-14521 -2
-85640 2
-71369 -1
23810 -1
29234 1
-57188 -2
-82470 1
-76421 -2
-11558 1
-84198 2
10143 -1
-99036 -1
-21836 2
-88528 -2
25494 -1
30434 1
37130 1
21017 2
-97267 1
49210 1
33705 2
-95159 2
-85723 -2
-68831 -2
-21773 2
-17778 -1
-41432 2
-92897 -1
44348 1
-85566 -2
-17981 -1
-17348 2
-86236 -2
-86556 2
25396 2
-90331 2
12425 1
-61350 2
-43680 -2
39460 2
42018 -1
35038 2
-13556 -1
-83859 -1
-62346 2
-37521 -2
32370 1
12774 -2
-73609 -1
23192 1
-29359 1
-21676 -2
-89177 2
48235 -2
-33310 -1
43009 -2
36449 -1
-99522 -1
-92799 2
-20527 1
-51835 -2
-83665 1
-84767 -2
-76360 -2
845 -2
-47892 -2
-82411 1
-4130 -1
-17085 -2
41506 -1
-15330 -2
17808 -2
-65542 -1
-74431 1
-40635 2
38425 -2
-58385 2
-86495 1
49487 -2
-29668 1
40521 1
-32801 -2
-44317 -1
39898 -1
-55997 -1
-39768 -1
-17858 -2
-66339 -1
47837 2
40562 -1
-63071 2
-36593 2
-77564 2
30018 -2
-13023 -1
-57997 2
-50331 -1
40041 2
2152 -2
-31607 -1
-83296 2
30240 1
-48641 1
-757 1
-49144 2
-15789 1
-52857 2
-83686 2
-55906 1
-81654 1
-71307 2
-74619 2
-57158 -2
-98228 2
-32085 -1
-93851 -1
16438 -2
-59984 1
-30050 1
28108 -1
5217 -1
-37337 -1
-64145 -1
-63331 -2
4663 -2
1923 2
-50594 -2
16525 2
28891 -2
45593 1
-75889 2
-29744 2
49266 1
-81819 -2
-41021 1
-88861 1
-27377 -2
-73771 2
-22827 -2
-74515 2
-17731 -1
-37362 -2
-5471 1
17912 1
-66472 2
-49703 2
-35035 -2
-43781 -1
44123 1
24499 -2
27651 2
-66252 2
-37192 2
9715 2
-30139 2
-32221 -1
-86363 -2
-73926 1
6738 2
-54025 1
29022 -1
45429 -1
40465 2
-15605 2
-27965 2
21577 2
-66848 -2
28305 2
-67738 -2
-19410 -1
46451 1
-98530 -1
-24686 2
-96210 1
-99812 1
24961 -2
-14450 -1
22574 2
47877 -1
48606 -2
23566 1
46765 -2
-12120 2
-71160 -2
34269 2
-1958 1
-41910 -2
22951 -2
41468 1
-3706 2
34412 -2
-15747 -1
-93423 1
-9060 2
-6556 -2
-67751 1
-12249 2
-64898 2
-3448 -1
-23554 2
-126 1
10636 -1
-24835 -1
-83258 2
-79671 -2
-96488 -2
-23937 -2
37387 2
18018 2
-83517 2
-65673 1
-74056 -1
39923 2
7365 1
42939 -1
20507 2
-16527 1
-48594 1
-62137 2
-82154 -1
-34398 2
-84503 -2
-55457 -2
30483 1
-52290 2
-97686 -2
-46644 1
36568 -1
1822 1
-43714 -1
-25450 1
-49909 -1
3661 -1
47882 1
-95115 -1
34681 1
-82408 -1
20929 2
30261 -1
-1807 1
-86487 2
45280 -1
-89083 1
49409 -2
42977 -1
-14002 -1
-51257 -2
-52812 -2
22769 -2
22112 -1
16918 -1
49775 1
-26915 -2
38088 -2
-3336 -1
-45288 -2
9295 1
30697 -2
-52949 2
-89246 1
-79017 -2
-79476 -1
-67334 2
46855 2
-28813 2
-4374 1
-56653 -2
-47459 -2
18336 2
-42483 -2
-9075 2
-95222 -1
12495 1
-61429 -1
33810 -2
27153 -1
25020 -2
-80082 -2
-61824 1
-3772 2
9984 -2
-65021 -2
14593 -2
-13940 2
36203 -2
-88829 -1
29840 1
12378 1
-77650 1
-84851 -1
41589 -2
8283 -1
-15676 1
5818 1
-58180 -1
15712 1
-2079 1
-50263 -1
2343 1
16178 -1
2756 -1
32312 -1
-69309 2
31291 2
10145 -2
897 2
-62178 2
38043 2
-47272 1
-80203 1
25244 -2
-97591 1
44943 -2
-98398 2
-74513 -1
-96795 2
-9601 -1
21211 -1
-58487 2
20769 1
-20951 -1
17265 2
22661 2
-42001 -1
-11963 1
-89640 2
7988 -1
-58803 -2
3562 -2
-80218 -2
-40533 2
33873 2
-92078 2
-51720 -1
-61475 2
-28991 1
-67703 2
-80264 2
-18479 1
22845 1
-72502 -2
-14006 1
-55966 2
-89993 -2
-73188 -2
-32541 1
-8522 2
11623 -2
-89389 -1
26048 -2
-51693 -1
-41667 -2
-26029 1
-22637 1
-635 2
-56894 -1
26480 1
20748 1
-59191 -2
29592 -2
-18387 1
-56707 1
-56603 -2
-67600 2
33127 2
38473 1
-39502 2
24271 2
34368 -1
22217 1
-60304 1
-15787 -2
-91855 1
-84693 1
-7289 -1
29805 1
-19626 2
-44840 -1
-28949 2
-71714 -1
-52966 1
-7464 1
-11601 2
21341 2
-95556 -1
23470 -1
7483 -2
-20410 1
-12356 2
-71305 -1
-1715 -1
-42599 -1
-19375 2
-4440 2
6918 -2
-4224 -2
27789 -2
-11929 -1
-28613 2
-66961 -1
35841 -2
-21420 -1
-88154 1
-41345 1
-2559 1
-13718 -2
-94841 2
29297 1
-19422 1
-22910 -2
-10908 -1
-89148 1
17736 -2
-88496 -1
-32319 1
-96558 2
39047 -2
-69549 2
41096 -2
-2070 -2
-9986 1
-23993 2
36227 1
-2305 -1
-6641 -2
14165 1
-12766 -2
-83959 -1
-25850 2
-99174 -2
-95473 -1
1558 -2
-7311 -1
33330 2
-32312 -2
42788 2
-93908 -2
-32438 1
-31106 2
-59487 -2
-13029 1
-90187 -2
-68665 1
-2839 -2
-8730 1
-48901 -1
-10678 -1
-55048 -2
44497 -1
-52750 1
-24006 1
-79798 1
23434 2
-14634 -1
-88291 2
-46589 -2
3855 -2
-59921 2
-86141 2
49994 -1
1117 2
-23820 -1
1180 1
-33371 -2
49340 -1
-51277 2
-62810 -2
-46015 -1
-36738 2
26607 -1
-53327 -2
-46039 2
-97582 -2
-96076 -1
-97120 1
37903 -1
20512 -2
-72516 -1
-79044 2
-6127 1
5892 -1
-25954 -2
-56608 1
46226 1
-81598 2
15213 -1
-69771 2
36881 -2
-22135 2
26462 -1
-42981 -1
22821 1
49353 2
21748 1
-70832 -1
-63227 2
-12990 -2
-27011 2
-64244 -1
-90263 -1
-7221 1
-52389 -2
9683 -1
-21969 2
44666 2
-49883 2
-29939 2
-37008 1
-36720 1
-68106 -2
-90724 2
-47280 -2
-60778 1
-68328 1
-29828 2
-39158 -1
-59223 1
19890 -1
-32231 -2
-87990 2
41163 -1
-73867 1
-37345 -2
-33005 2
-72691 1
-79391 2
-60661 -2
-242 1
-12902 -2
47103 -1
-54114 -1
-16488 1
-43092 -1
-54514 1
29587 1
46659 2
-29109 2
-87070 2
-49564 1
13750 2
-27600 -2
-19679 -2
-79432 2
30120 -1
37724 1
35886 -2
49532 2
41964 -2
30562 2
28234 -1
38553 -1
-45029 -2
-53807 2
-83579 -2
-58269 2
-87741 1
-53938 1
-71796 1
-20635 2
-96694 2
-19317 -2
-83196 -1
8085 -2
-17881 2
-43186 -2
-37017 -1
-99677 1
-9208 1
-60501 -2
-46448 -2
-51867 -2
-16988 1
-12062 1
12361 -2
45507 2
-34231 1
-80246 -1
-49343 -1
-83890 -2
-31654 2
-5709 1
-25428 -1
-93077 -2
-20296 -2
21838 -1
-86551 -2
-99725 2
-51396 2
-7901 -1
-12194 2
-29081 1
31241 -2
-82219 2
-5690 -1
-81351 -2
-22349 1
-196 -1
11395 2
17333 1
5834 -2
33163 -1
-42426 -2
-43461 -2
377 -2
46848 2
31223 1
-80306 -2
36748 -2
-84397 1
16894 -2
-69269 2
-29695 2
36745 1
22214 -1
-58115 2
-42714 1
-55437 2
-25337 2
-74326 2
20671 -1
42965 -1
-82926 1
46891 -1
1580 -1
-44 2
48393 -2
-75794 2
31828 1
6120 -2
14307 -1
-7572 1
-96149 2
-91931 -1
10660 2
-10582 2
-35788 -2
-99317 1
-42691 1
-82838 2
-66941 -1
-71700 -1
-20165 1
-22279 2
42831 -1
32005 -1
28868 -2
-16033 -2
-92743 2
-14418 -2
-85027 2
-61840 1
-69887 -2
-14181 2
7020 2
-97298 -2
-89883 2
-64754 -2
38189 1
-24274 1
8724 -2
36758 -2
-51227 -1
-59536 -1
-28336 1
-17974 -1
-42720 2
-10577 -1
39283 -2
48736 -1
-46836 1
-89799 -2
-43666 -1
-36564 -1
599 -2
-72713 1
-93879 -2
-83440 2
15069 -2
47036 1
3353 1
-59965 1
-85487 1
-74701 1
-34318 1
-41489 -1
-72893 -1
-75601 -1
-45277 1
-69403 -2
38820 -1
-92394 -1
-65022 -1
-7761 -2
-35592 2
-21643 -2
-99151 1
-87636 -2
-99017 -2
-22065 -1
-89398 -2
-60031 -1
-16327 2
3554 -2
-68311 1
21923 2
-22535 -2
-2780 2
-30439 -2
-83844 -2
-60028 2
-61432 1
41313 2
-20154 1
42216 -2
35910 -1
34435 1
45833 2
-97949 -1
28073 2
49968 -2
-45702 2
-22266 -1
-71823 2
-58880 -1
-77618 -2
-740 1
-14607 1
27584 -2
-14027 1
-48457 2
-81766 -1
-74233 -1
-35351 1
40820 1
-94489 2
15783 2
-66397 1
-5797 2
-95187 2
-95976 1
5050 -2
-57731 -1
-16871 -2
-94334 1
-69257 2
-14493 -1
-47285 -2
-13327 1
-13350 1
-19415 -2
-13855 2
-94477 1
38878 -2
41497 2
48011 -2
29881 -1
19071 1
-42236 1
-46363 1
17254 -2
-19585 -1
-86780 2
-72964 2
-19503 -1
1162 -1
10342 -2
-26119 -2
11935 -1
-62373 2
-30774 2
-95930 -2
-74024 -2
-43151 1
-39551 2
-67338 1
-35575 -2
11747 1
6974 -1
-26164 2
-67019 -1
-34414 -2
-61421 -1
-16519 1
-66525 -2
26952 1
1030 -1
45960 1
-1792 2
-12757 2
-97848 -2
-22900 -2
-1131 -1
5178 1
-9078 2
-3889 -1
5269 -1
-86974 -2
-23158 2
-75061 -2
8559 -1
7174 -2
37425 1
-3811 -1
-13554 -2
-22189 2
-36760 -2
27785 -2
-90354 1
-32542 -2
-49188 2
-72213 -2
5272 -2
14132 -1
-90285 -1
5171 1
38582 -2
-42845 -2
-94302 2
-35484 -2
-49294 1
2610 -1
-88879 -2
-50948 -1
38421 2
9015 1
-8667 1
18531 -2
25341 -1
-71233 1
2653 2
12814 1
-85038 2
36878 1
8296 1
-87013 2
-63640 -1
-10048 1
-1705 -2
-33042 -1
-70411 2
5755 -2
49449 2
41806 2
47984 -2
-5913 2
-52523 -2
-93924 -1
-28364 -1
-54795 2
38426 -1
-38346 -2
-54425 -1
-50495 -2
-73828 -1
-96435 -2
27187 -1
-68383 -2
46446 -2
-10646 2
-47007 2
-13285 -1
-72238 -2
-57744 -2
6545 -1
-21281 1
-20760 1
-78393 2
-13620 2
-63921 -2
39477 1
-36291 -2
-59050 -2
-8882 1
-81160 -1
12926 2
-35056 -2
-73642 -2
1344 1
-2795 -1
-33114 -1
-70718 -1
-94879 -2
-59850 -1
-2213 -1
-19736 2
-92659 -2
-70069 -1
32640 -1
10976 1
-11672 2
-10018 -1
-20418 -2
35276 -2
39119 1
-12614 2
-49452 -2
-95293 -2
-16978 -1
-42958 -2
4455 2
-18868 2
-69926 1
-18335 -1
-13565 1
-43391 1
24108 -2
26130 -2
-67761 1
-57244 1
-27539 1
2968 -1
-56573 -2
-52593 1
7998 -2
45722 2
34810 2
37515 1
-28509 -1
32376 2
-33965 -1
-49623 1
-30785 1
47497 -1
-53661 1
-63481 -1
34868 -2
-79405 -2
-16660 -2
-87689 2
-11703 1
-94459 1
-36505 -1
26343 1
-84458 1
-97703 -1
33952 -1
-16769 1
20820 1
18350 1
-46585 1
-87642 -2
-79696 -2
39162 -2
-27846 2
-79419 -1
44277 -2
35999 2
-45544 2
-82459 -1
-27456 2
-43482 1
-72249 -1
-13511 2
-82516 -2
-90280 1
4641 1
-7623 1
-54725 -1
38046 1
36205 -2
-84126 -2
-83117 2
-4361 1
-79211 -2
29013 2
-78082 -2
-43180 -2
-73693 1
29024 2
-30827 -2
-60474 -2
14775 -1
-99116 2
-43023 2
-85068 2
23645 2
19545 1
-86789 2
-34403 1
-39608 -2
-85587 -1
-71881 2
-95092 1
-13567 1
-99044 -1
-56791 -1
48552 -2
25072 -2
-99690 2
-28270 -2
-22709 1
-74918 -2
-99434 1
-36267 2
47408 -1
-96991 2
30583 1
-61968 2
-7281 1
40757 -2
-99682 2
44565 -2
-44231 -1
35000 -1
22757 1
23687 -1
14883 2
-65663 1
-28066 2
-13041 2
-82024 2
-65775 1
-59548 -1
-18830 -2
-22020 1
-15339 -1
-13210 -1
-72070 1
3886 1
-80707 2
-13775 -2
-76402 1
-10244 -1
24920 2
-47712 1
-16042 -1
-31072 2
-142 -1
7608 -2
-25453 1
-13149 -1
-54103 -1
-57781 1
-32977 1
-2579 1
17705 2
-73815 2
-26269 -2
-76674 1
-14916 -1
-58101 1
-72721 -2
-18535 -2
1331 2
-31914 -1
-27605 2
-28733 1
-50542 -2
49050 -1
-83224 1
-56634 1
15706 2
36138 1
23750 1
-49846 1
-31290 -2
-21205 1
-75293 -1
34537 -2
-24863 1
12836 -1
-5461 1
44148 -2
-47124 1
-7099 -2
20447 -1
-87866 -1
-52747 -2
45967 1
19420 1
-52123 1
-94616 1
-96922 -1
-99744 -1
-77026 -1
-28522 1
26351 -2
4917 2
17423 -2
41570 1
23030 -1
-21030 -1
33164 2
-36897 1
-67132 2
27443 -2
38799 -2
-1970 2
-9099 -2
25250 -1
-39932 2
-8796 -1
-78932 2
-85092 1
31881 -1
12653 -1
-85202 -2
11900 -1
41961 1
-94487 1
19872 -2
-78245 2
-54651 2
34039 -1
-49922 -1
-11609 2
4173 2
26118 -1
-5302 2
10215 -1
-46092 1
-22332 -1
7405 -1
-341 2
21495 2
36605 1
-12638 -1
-35658 -2
-43659 2
8193 -1
19511 2
15031 -1
36861 -1
2082 1
-30453 2
6018 1
-40210 -2
14379 -2
19933 -2
-18037 1
-53601 1
-39227 1
40262 -1
37751 1
-81330 2
-76468 1
-75435 2
-33275 1
-90613 2
-29868 1
12325 2
-13688 2
35233 -2
7383 2
32419 -2
-45765 -2
38403 -2
34821 1
-31905 -2
-62661 2
-48786 -2
-18385 2
-96507 1
-31189 -1
-38715 -2
-18972 -2
-90767 -1
39071 2
23157 1
-46459 2
5900 -1
-33109 1
-16492 2
48437 -2
-82520 2
11145 2
-62560 1
-21081 1
-71464 1
-92554 -1
-6096 1
-62758 2
-55549 1
24807 -2
40223 1
-85454 1
-96166 2
26776 1
-39254 1
-65744 -2
-84763 -1
-29547 -1
-90210 -2
46178 -1
-82932 2
12089 2
32818 1
161 -2
-12529 2
-86995 2
216 1
-68879 1
-18708 -1
49305 1
-67007 2
39155 -2
-44692 1
47862 -2
1771 -2
-71969 -1
-2269 -1
-53411 -2
2065 1
-4272 2
-49229 -2
-96931 1
-31518 -1
15790 -2
47122 -2
-97080 -1
-49764 2
-93206 1
11510 2
15110 -1
-49976 -1
-89542 -2
33803 1
-1896 2
-88701 2
46572 2
-96474 1
-10679 -2
-36581 2
-17039 1
-57099 -1
-19002 -2
-50055 -2
-41975 1
31004 1
-3421 2
689 1
28666 -1
-73805 1
-3381 -1
32322 -1
-11764 -1
-67190 -1
-90510 -2
-68188 2
-26216 2
-36817 1
-98592 2
-9179 -2
46703 -1
43902 -2
-41555 -2
17917 1
-32943 2
-39393 -1
-92637 2
42189 2
-44285 -1
-68196 2
23152 1
-78220 1
-54657 -1
-61160 1
-30514 -1
16885 2
-10268 1
44367 2
-94864 -2
23324 1
-99983 2
-76466 -2
-22464 -1
29968 -2
-3019 -1
-55594 1
-33004 -1
-90672 -2
36648 -1
-13063 2
-69418 -1
21406 1
-46656 -2
-62285 1
-13789 2
-49689 2
-52541 2
-24839 2
-13926 -1
-36509 2
-86462 1
43564 1
-17223 -1
47682 -2
-95034 2
-78319 -1
-46165 -2
-11592 -2
20233 -2
-71532 -1
-78011 -1
-48827 1
-119 1
1115 -1
-25384 -2
-10624 2
35105 2
-58650 -1
-90272 -2
42042 -2
3400 1
-32218 2
4696 2
-10150 1
-22632 1
-51852 1
-45330 1
41330 2
-68124 -2
-78243 -1
-62334 1
19908 -1
-90728 1
-41321 -2
43645 -1
-67806 -1
-74037 1
-83645 -1
-23911 2
9949 1
-80414 -2
-30500 -1
-78876 1
-30403 1
-42621 -1
-67775 -1
20043 -2
-71488 -1
-11727 2
-41250 -2
9078 -1
39100 1
-77908 -2
-34539 -1
35668 2
-88649 1
-65242 -2
-55822 -2
-78088 2
-88459 1
37416 -2
-15755 -1
36175 -2
-64554 -2
38910 1
48562 2
-28632 -2
37555 1
23228 -2
-15715 -2
-74730 1
-15964 -2
32418 -1
8545 1
6290 2
-87779 -2
45333 -1
24918 2
-67247 -1
-32915 -2
-36580 -1
-33922 -1
37709 1
-27888 1
10855 1
-76710 -1
-65275 1
28416 -2
-86051 -2
6193 -1
2535 -2
-23771 -1
49203 1
39866 -2
-51332 -1
-94631 -2
44473 -2
-4906 -1
-79519 -1
34744 -2
-654 -2
-88560 -2
18857 -1
-30250 2
-35797 -1
-90828 -2
-49053 2
6418 2
21052 1
-65781 2
4194 -2
-22069 -1
40930 2
42524 -1
-62801 2
-19051 -1
-17246 -1
37375 -2
25188 1
35722 -1
-96025 -1
-31305 -2
-1596 -1
-28073 2
-33426 1
-46246 2
36436 1
-99179 -2
31082 1
-59398 1
-61887 -2
-44894 -1
-82650 1
22864 -1
-5036 -1
-82005 2
19220 -1
-324 -1
-23494 2
-5032 -1
-83687 2
-54850 -1
14835 -1
-53603 1
3867 -1
-47345 1
-26542 2
-92884 -2
-85369 2
9087 2
24757 2
36071 -1
-17262 2
17474 2
-62239 -2
-41192 -1
2297 -2
-98253 -1
-70140 1
19624 1
18241 1
-30789 1
-49239 2
-47264 2
-40731 1
44977 2
35152 -2
-76845 1
-97944 -2
19178 1
5156 2
7267 1
-31797 -2
-5173 1
-38562 1
-82828 2
32596 1
-64150 1
-13243 -2
-24101 2
-30615 1
-87786 -2
5736 2
-27570 1
-83371 -1
-69064 -2
41891 -2
-80966 -1
-6572 -1
16432 2
-71585 -1
-55795 1
-54911 -2
-13221 2
10089 2
-1786 2
-14566 2
41563 -2
36865 -2
-65738 -2
-66367 -1
-14121 2
-20885 -1
-4889 -2
25301 1
-24227 -1
-13995 -1
-64385 -1
-85191 2
-17845 -1
-20196 -2
-67944 -1
-86709 -2
43962 2
-78793 -2
-9558 -1
13919 -1
-25949 -2
815 -2
-65670 -1
-88012 -1
-54000 -1
387 1
-29782 1
-87044 -2
-63411 1
-15913 1
-93651 -1
44194 -2
37563 -1
20289 1
-51444 -2
-93817 -2
-65313 -2
40992 -2
-31903 1
-67077 2
-88122 2
10468 -1
-14717 -1
-68845 -2
-17 1
21552 2
-61340 1
-50075 -2
-24832 2
-50405 1
-13980 1
22860 2
-79072 -2
41250 2
31191 -1
13713 -2
35379 -1
-82110 -1
-35276 2
2658 1
-94812 -2
-52628 2
2091 1
12485 -2
-9224 -1
-55599 2
-53552 -2
41061 1
-66703 1
-6500 -2
33206 -2
19970 -2
5028 -2
-67388 -1
20082 -2
33094 -1
-10725 -2
-15811 -1
-74591 2
-44418 1
-61653 2
17560 -1
-46401 -2
-54987 1
13876 2
37042 -2
-72652 1
-61633 -2
-96078 1
-7687 2
11305 -2
-17777 1
16312 -1
13704 -2
-95965 2
-96645 -1
-41245 -1
-63939 -2
46967 -1
16061 -1
-45270 1
-35385 1
-49896 -1
-19794 1
-91566 2
41705 1
24610 2
-36161 2
3485 -2
-12549 -2
-70959 -2
-50983 -1
-93105 -2
-52670 -2
-28669 1
-53612 1
8679 -2
24237 -1
-65041 -2
-96761 1
-90051 2
35371 2
-41338 2
-55326 -1
-3375 -1
-54572 2
-45948 1
-74745 -1
-50975 2
17206 1
-7509 -1
-80450 1
-2912 -1
-39162 -2
-27805 2
-97162 -1
-39189 -2
3534 2
-4699 2
-16691 -1
2718 1
-65378 1
-67091 2
-33711 2
-25020 -1
23431 1
48630 2
14543 2
10924 -1
-52023 1
38530 1
-71747 2
-64624 -2
-88107 1
35018 -1
-73396 -2
-6663 -2
-2320 -2
-77839 -1
41937 1
-29526 2
-67766 -2
-46187 -2
-41243 -1
36814 -1
-52847 -2
-68852 2
38201 1
-67495 -1
-50837 -1
17092 -1
-92352 2
-57976 -2
-27553 -2
47911 -1
-19114 1
-4123 -1
13202 1
-10896 -2
-94755 -1
-52397 -1
-4138 -2
-53164 -1
-73706 1
-57985 1
-18340 -1
26695 -1
29551 -2
-93157 1
-97973 1
-91425 -2
-46245 -2
29809 1
-95510 1
-2558 -2
-64219 -2
-69866 1
-91463 2
-72402 2
-71806 2
-51351 1
-35263 -2
7851 -1
9107 -1
-74461 -2
-63376 -1
3761 -1
4238 -1
-64113 1
19187 2
27980 2
-6520 -1
-95045 -2
-33495 -1
-28826 2
-93947 2
24507 2
-84718 -2
-518 1
-90110 -1
36260 -2
29874 -1
-76147 2
-33991 -1
-39892 -2
-54270 2
-82391 1
45850 2
-79993 -1
34326 2
5460 -1
-55239 2
-75444 -2
-34134 1
1261 -2
-95338 -2
40756 -1
25149 -2
-17980 -1
24240 -2
-44344 1
-94263 1
-32841 -2
-30950 -1
4926 2
30531 2
-60079 2
-11136 -1
3910 -2
45803 -2
8621 -1
-13628 2
-50934 -2
-50256 -1
18354 -2
48526 2
-95158 2
39621 -2
-39345 1
-78317 1
36968 2
-65202 2
-13065 2
-81623 -2
-34066 -1
-83750 1
-13927 -2
-46974 -2
-14204 1
5882 2
8365 -2
-39950 -2
-7804 1
-38802 2
-94126 -1
16746 -1
-62842 2
7381 2
31460 -2
38579 -1
12992 -1
-98542 -1
-16415 2
-21972 2
34322 -1
30376 2
-19302 -1
-91872 -1
-32071 1
-33540 -2
10753 -2
-91032 -1
-72676 -1
-30357 -2
-21872 2
-67582 2
46008 2
-61384 -1
-41886 1
-12974 1
-39984 2
48858 2
-37174 -2
-44194 1
25997 -2
-46880 -2
17827 -2
-95903 2
-10207 2
39362 -1
-27625 -2
14444 1
-10171 2
-99138 1
-73875 2
-73570 1
-94977 -2
-55030 -2
-3898 -1
6446 -1
-58985 1
26703 -2
28323 1
-90291 -2
-21144 -2
-58961 -1
-447 2
30645 1
22100 1
-40236 1
19722 2
-81184 -2
-40835 2
-22627 -2
42747 1
-73422 2
-91342 -2
-17404 -1
-6244 -1
-82687 -2
-28127 -2
11703 -1
31511 2
-53698 -1
-17049 2
-42008 2
44433 -1
32386 1
35643 -1
17077 1
-36714 1
-15366 -2
28268 -2
-2814 -1
-54600 -1
-12679 -1
-86801 1
-16074 -1
2387 1
-2049 -2
-51169 2
-14096 1
23398 1
-91673 -2
-43182 2
-85055 1
44915 -1
-32941 1
-52310 1
46836 -1
-40333 -1
-35489 -2
-73629 -2
-22175 1
-44665 -1
-51958 -2
46389 1
-27726 -2
-18466 -1
-7941 1
33319 1
13684 -2
-39986 2
-94442 -2
-16148 2
-19655 -2
-99186 -1
-84709 -1
-62435 -1
-53710 2
41189 2
-85832 1
-36543 -1
-33197 -1
-86645 -2
-36349 -1
-40873 2
-6427 -1
47169 2
-15173 2
-37439 -2
-16639 -2
-42104 1
-1103 -1
-41706 -1
-31538 2
844 1
-26250 -1
2669 -1
-4351 1
-31661 2
29688 2
-36125 1
-60272 -1
-74733 1
26734 -2
-38809 1
-96758 1
-31717 -2
28504 2
-38268 -1
-81338 -2
21398 -2
23663 -2
39219 -1
-89836 2
40974 -2
905 2
44290 2
-99688 -1
-49245 2
-43161 -2
-74136 1
48978 2
-61363 -2
25305 -2
-20219 -2
-66601 -2
-84740 1
33998 -2
43457 -2
-53464 -1
6956 -2
41752 2
-69170 2
-87122 1
42121 1
-75214 1
-92408 -1
-91399 1
-18772 2
-45959 2
-61110 -1
-44243 -2
10340 2
-27648 1
-80455 -2
-30906 -2
-11113 -1
-71030 1
47641 -1
36572 -2
-62116 -1
-45953 -2
-13951 -2
9513 2
8295 -2
-72874 -1
-50249 2
-51050 -1
26326 2
-81239 -1
-1540 2
-30612 -2
-12347 2
-27125 -2
-89219 1
-77752 2
-41030 2
15016 -2
-81997 2
-56303 -1
9006 1
-61898 -1
44073 1
-45934 2
21606 1
-18361 1
-64639 -2
-54315 -1
-28941 -2
-37992 1
40590 2
-84563 2
-5979 -1
-93003 -2
-29465 -1
-77968 1
-27696 -1
-79378 -1
8927 2
-40372 -2
-65118 2
-89240 -1
-87598 1
48685 2
11892 -2
48502 2
6591 1
46333 2
47440 1
-96517 -1
-51766 -2
460 2
-87166 -2
5125 -2
-48493 -2
33740 -2
-12392 -2
-56736 2
9836 1
-23514 2
-31967 2
-15697 1
-11866 1
35279 1
-73254 2
45821 2
-32920 2
13795 1
-67865 -1
-68151 2
-83797 -2
3891 -1
-84934 -1
17200 -2
47135 1
-63676 -2
-91900 -2
3199 -2
-83715 1
-60007 -1
-11845 1
15764 -1
-22049 1
43657 -1
-21452 -2
-45920 1
-91216 -1
23425 -1
33931 -2
39015 -1
-40397 2
48311 -1
46927 1
-51403 -2
-87463 1
-98979 2
-73301 -1
30150 -1
-56141 1
-49778 -2
-75822 1
26503 2
-3745 2
-58108 2
-20071 -2
-97255 2
32558 -2
-72595 1
-49812 -1
-48275 2
-74173 2
-4240 2
21524 -1
-27842 -2
39215 -2
43484 -2
46304 1
14487 -1
-90506 2
287 -1
-649 -1
-48003 2
28060 2
-96329 1
-77435 -2
-29581 1
-95448 1
-35598 1
-4658 2
-75164 1
41710 1
-77591 -1
-23699 2
-54195 2
-75514 1
24387 -2
-7081 1
-87292 2
-6211 1
12455 -1
-45753 -2
-60911 2
41450 2
16532 -2
-35203 1
-35111 2
-14151 -1
-4074 -1
-44010 -1
16777 1
45047 -1
-13436 -2
-22263 -1
-64236 -2
-57733 -2
-91006 2
-36447 -1
-55037 -2
-59037 -1
24493 2
-94724 -2
-48082 2
-30136 -2
-52273 1
-24382 -2
26532 -1
4794 -2
-35637 2
-34972 -2
-98198 -1
-20698 1
-39559 1
9858 2
16703 -2
-92775 1
-16136 -2
-87109 2
36939 2
43717 -1
-48835 -2
-38788 2
-28155 2
-21347 2
-7911 -2
-11272 1
41304 -1
-7823 1
-62484 2
-2932 1
-2652 -2
-20982 -1
-94805 -2
28610 2
18291 2
-32429 -1
-84274 -2
8711 1
-5565 1
17794 -2
-44545 2
-14998 1
35572 2
-17768 -1
-1453 -2
-12648 1
-44241 1
-56914 2
-77286 2
28901 -1
16607 -2
-61125 -1
21877 -1
35804 -2
11575 1
-2840 -1
-35499 1
-41151 2
-75448 -2
-32090 -2
15883 2
-39988 -2
-29482 -1
-8816 -2
2225 2
27482 1
-15424 -1
-71182 2
23021 -2
-39674 1
-72488 -2
-31548 -1
-26565 1
-43235 2
-53171 -1
37930 1
-21877 -1
-86576 2
-12009 -2
39789 2
10180 -1
-85392 -2
-6074 1
-50448 1
-26986 2
-61759 -1
7352 -1
-98696 -1
-14523 1
-69453 2
-22531 1
-53266 -2
-89119 1
-20093 -1
-63415 -1
-63848 2
-52033 -2
-81954 -1
20342 1
-41434 -1
-94590 -1
-81436 -1
-69232 -1
-58751 2
13175 1
-6707 -1
22918 2
-83034 -1
-34780 1
-72571 2
-47932 1
-20260 2
23543 -1
-59220 -2
-33512 2
-16678 2
-25209 -1
30523 1
9776 -1
-36346 -1
-42393 -1
-49357 -1
44571 2
24458 -1
-39633 -2
-2650 1
36321 1
-14101 1
-93097 -1
21897 -1
-14784 2
10128 2
-70429 1
-35115 2
-97239 2
42205 2
17743 -2
-68172 2
6678 -1
35211 -2
20348 -2
679 2
-82068 -1
21248 2
28936 1
17119 -2
-99652 1
-97897 2
39264 -2
-38356 2
-93973 -1
-91788 -1
37630 2
-77826 1
-15377 -2
47492 -1
42894 -1
-51994 1
-59130 -2
20137 2
-33413 1
38324 -2
-89272 -1
-25069 -1
-5798 1
-75126 2
-92530 1
-87992 1
-888 -1
-38466 -1
-15659 -1
8362 -2
-53471 -2
-2343 2
-70121 2
-74873 2
14648 -2
-33866 -1
-88933 1
-91024 1
14106 -1
-49101 -1
-41545 -1
32793 2
-70064 2
36190 -1
-16592 -2
-83065 1
-78445 1
-15981 2
-92527 -2
45197 2
39638 -1
-96859 1
-95394 -1
-91038 -2
-86103 1
-25215 -2
-82400 2
7 -1
24684 -2
12813 1
-61298 -1
-15945 1
10029 -2
-41841 -2
-52320 2
-91732 2
-58796 -1
-791 -2
-43052 1
-16789 -1
-84613 2
-68635 -2
32028 1
-50170 -1
-88113 -2
44076 -2
-87073 -2
-40197 2
17812 -1
-45228 2
-18768 -2
8525 -1
15874 2
-46413 -2
-58673 -1
-71947 -2
9604 -1
-55507 -2
9784 2
-85193 1
-98923 -1
40280 -2
37174 2
-16686 -2
14631 1
-91433 -2
-69405 -1
29583 1
10114 -1
-40618 -2
-5269 2
45277 -2
-17149 -1
-64381 -2
-77930 -2
-13982 2
16825 -1
19889 -2
-75819 1
-78820 2
-872 -1
1300 -2
-20127 2
-87722 2
40182 -1
-72327 1
-82594 2
-64052 1
-16650 2
25070 -1
-87856 2
32561 2
-34663 2
26079 -1
-8187 -2
-20103 2
-71695 -1
-45844 -1
-92324 1
-72374 1
-80860 -2
-72729 2
-34471 -1
6763 -2
28835 -1
-10676 -1
32564 1
22838 -1
-13094 -1
37402 2
-37673 1
-31272 1
2363 -1
-2344 -1
-32077 2
1003 -2
7430 -2
-22228 1
-59033 -1
-95032 -1
-42029 1
-75263 -2
-76373 -2
-41990 1
-2820 1
-89350 -2
-7858 -1
-87250 -2
44809 -1
-12170 -2
8209 -1
6521 -1
-49 1
17179 -2
-77982 2
37836 -2
-34704 -2
-91567 1
23888 2
-59431 1
-51190 1
-11965 1
-20385 -2
-71405 -2
-51885 -2
26204 -2
-26606 1
-80680 2
-13352 1
-45827 -2
-99437 -1
-94269 -1
20108 -2
-90181 -1
-25907 -2
-15286 -2
14699 2
-43493 2
-93723 2
-61811 1
-47066 -1
38594 1
45658 -2
7768 -2
-77542 -2
40288 -1
-3240 -1
19339 -2
12549 2
-89003 2
-52141 -2
33496 2
-71188 -2
23619 -1
28253 2
-62553 -2
-74455 2
-88370 -2
-74221 -1
-86024 1
6699 -1
-177 1
-2077 -2
-328 -2
35124 1
-86047 -1
41083 -1
-46124 2
7606 2
16759 2
-65069 -2
3646 2
-40105 -2
-85134 2
28200 -1
-83161 1
13426 2
17303 -2
-79602 1
-44812 -1
-87416 -1
-26197 -2
-71393 -2
-73566 -2
45904 -1
5922 2
12718 2
-29541 1
-3718 -1
-66630 1
44246 2
-36958 1
3915 2
-89896 2
11912 1
-48733 -1
21556 2
36188 2
-52528 -2
15915 1
-81655 -2
-55695 -2
-19531 -2
29548 -1
-94568 1
23937 -2
35527 2
-15350 -1
-26430 1
-83256 -2
-49890 -2
-61729 2
-57260 -2
-26666 2
-43056 -2
-69124 1
33701 -1
-43994 -1
-92113 -2
-11889 -2
-85174 -1
-72971 1
43516 -1
-12931 1
-39731 -1
-4800 -2
-1143 2
10594 1
34933 2
-47517 2
-76215 -1
39024 -1
2595 2
-13539 -1
-38442 -1
-2321 -2
-6863 -2
49650 2
-59466 1
-92275 -1
45757 2
-64725 -2
-20897 -2
8286 1
-8976 2
26657 2
-16589 -1
-6429 -1
-62890 -2
-19781 -1
-5549 -1
14200 -1
-86252 2
-49300 -1
-35451 -1
-1044 -1
-11232 -2
-58558 1
-69292 -2
42834 1
15487 1
47206 2
-29836 -2
34837 2
1763 1
-3572 -1
-61027 1
-12099 -1
-23850 2
-77696 -2
15911 -1
-5207 -1
-64287 -1
-52413 -1
-35152 1
-93782 -1
-99166 -1
-91594 2
40851 2
-22011 -2
-51232 1
-27410 -1
15880 -2
12692 -2
27793 -2
47751 -2
-9914 -1
-30974 -1
-76917 1
-47684 2
-81188 1
-98732 1
-89352 -1
42687 -2
34649 1
-86496 2
-52956 2
3009 -2
-62168 -2
37001 -1
-33737 2
-36188 -2
47648 1
-5016 1
33748 2
28741 -1
-38736 2
-21821 -1
-485 -2
39017 2
-79980 -2
15744 -2
-24081 1
-4431 -1
-29047 1
-83433 -2
15012 1
-54958 1
-29966 -1
-22323 -1
-91894 2
-88416 -2
-38747 -2
-8613 1
-53195 1
15675 -1
39758 1
-33448 1
-91235 1
-2984 -2
-35058 -1
-19603 1
-29429 1
-1498 -2
-31228 -2
-96978 -1
45792 2
-85740 2
-39494 -2
-30035 1
-49013 1
-55149 -1
-25271 1
32581 -2
-18348 -2
-18829 -2
-39238 -2
-2243 2
-6194 -2
-97427 2
-16092 -1
-76962 -1
-6545 -1
-31983 1
-90988 2
-69380 1
-67416 -2
-70872 -2
-75401 2
33415 -1
7240 -1
4301 -2
37900 -1
-24800 2
-92082 -2
-44391 1
-8738 -1
-56296 -1
-83769 1
-30614 1
-88464 2
-58266 -1
-96621 -2
43725 -2
18108 2
-74383 -2
16659 1
10656 -2
-44260 1
-60478 1
-39800 -1
-53092 2
-62084 2
-56316 -1
-44438 -2
-51010 1
-37082 1
-93320 1
-27207 -2
2492 -1
-17657 -2
30156 1
-77300 -1
-27062 2
-71867 -2
-49667 2
6329 -1
18413 2
29947 2
-61991 1
-9252 -2
-72727 -1
4876 1
-17708 1
-28109 2
-83877 2
-27402 -2
-18363 2
-97468 2
32947 -1
-83484 2
46388 2
-83536 2
-80118 -1
-95889 -2
-64782 -1
-44258 -1
43301 -1
20167 2
34550 -1
16136 -1
6275 2
48133 -2
-39492 -2
21317 -1
-71262 -2
-89315 2
-13367 2
-71626 2
-14480 -1
8265 2
-44651 -1
36442 1
44559 -2
39543 -2
-67724 1
-93419 1
-6608 1
-97684 -2
-2098 1
33502 -1
-33480 -2
22339 1
-77228 2
40483 -1
41840 2
30426 2
-8618 -2
-66775 2
13993 -2
2790 -2
42128 -1
1354 1
-99584 -1
25785 2
-80583 2
-53789 -2
-77948 -2
48098 -2
-62262 -1
16975 -1
42345 2
44234 1
-27098 -1
-42273 1
-30588 -2
-2908 1
-61828 2
13160 -1
-74158 -1
18331 -2
-82179 2
-21288 1
-82223 -2
19053 2
-9370 2
3128 1
-77532 -1
-9556 1
-9725 -2
10361 2
-88790 -2
45930 2
-52785 2
-37234 1
49723 1
-17707 2
-29688 1
-68795 1
-44765 -2
-89680 -1
47319 -2
-96789 1
-97751 1
-39537 2
-36598 2
6508 -2
22086 -2
-21933 -2
-4818 -1
-19069 1
-91763 1
13828 1
-39471 -1
17738 2
-85961 -2
-22920 2
-7318 2
-2438 2
-85719 1
-1036 1
-82218 1
-85150 1
16874 -2
4312 1
-63160 -1
-57027 2
10699 -2
-7129 1
-93796 -1
-93393 -1
22679 2
-53344 1
-12469 -1
-61977 2
-17485 -1
-42118 2
-91431 2
-35431 -1
5384 2
-34497 -2
2186 -1
2776 2
19942 1
37667 -1
-63805 2
49917 -2
49726 1
-21789 2
44295 2
-3396 2
-53031 2
-67273 1
-76273 1
-96464 -2
-59497 1
34042 -1
16016 -1
-8236 1
-84997 2
-26340 1
-40955 1
-14397 2
-48175 1
-62630 -2
14382 -1
29970 1
-46287 2
-50952 2
-94819 -2
39116 -1
25187 2
-87186 -2
6626 2
-15774 1
40704 -2
1085 -2
26022 2
-25104 2
6873 -2
33225 -2
40948 -2
-60361 -2
-37935 -2
-17236 2
18544 -1
-25664 -1
-45707 -1
-54155 -2
-7558 1
36306 -2
-4931 -2
-50024 1
-46405 -1
21710 -2
-25899 1
-63370 -1
-50864 -2
40014 -1
42589 -1
-70542 2
-27027 2
45211 -1
44585 2
22435 -1
-93946 1
-31777 1
-78313 1
11758 1
-84639 -1
45823 1
-60833 -1
-63369 -1
47222 -2
-21047 -2
-30962 1
-37867 2
-5860 -1
14373 1
-42555 -2
49427 2
-76875 -2
23698 2
-59749 2
-33284 1
-89442 2
-48983 2
40904 1
36157 -2
5664 -2
25731 -2
36905 -1
34087 2
30109 2
37249 1
-1943 2
-21779 -2
-14842 -1
-45493 -1
-64960 -2
7556 -1
-3236 1
28738 -2
-39965 1
-81089 -1
-68941 2
-74714 1
-71317 -2
34019 2
-36719 -2
-54086 2
-83943 2
-49979 1
-1578 2
-69693 -1
-76052 2
-29587 2
16775 2
-46870 -2
25515 -2
28846 1
-72189 -1
-77681 -1
6683 -2
-6992 -1
-43230 1
-81844 -1
-87339 2
-20870 2
-11582 1
-65300 2
-85482 1
49615 -1
-77198 -1
-40283 1
8614 2
-97505 -1
36986 -2
-59197 -1
16952 -2
-23121 -1
-13974 -1
-17260 1
-12201 -1
31830 -1
-45443 1
6978 2
-6443 -2
-42136 -1
-28600 -1
30019 -2
-11206 -2
33517 -1
34911 -1
-20838 -1
-15097 2
-48448 -2
17693 1
-51236 -1
-84576 -1
3194 -1
-35800 1
-95796 -1
48607 1
-55623 2
-95580 -2
-72209 -1
11583 -1
-50209 -2
-97014 1
-72482 2
35911 -1
-93721 -2
-96974 2
19022 1
3207 -2
-92674 1
-94797 -1
-48909 2
1241 1
40271 -1
-99135 2
-43501 2
4493 -1
-95494 1
27255 2
-22023 -2
-480 -2
-72936 2
-80937 2
41194 -1
-70343 1
-6879 2
-61637 -2
-81691 -1
-37808 -2
-64370 -1
20251 -2
16494 1
17360 -2
40506 -2
22950 2
-91187 -2
-96776 -1
44502 -2
-49763 -2
7453 -2
19912 -1
-88303 2
-6857 -1
4707 -2
-56580 -2
-57964 -1
-76519 2
-63807 -2
26482 1
38674 1
-27899 -2
30874 1
-29652 2
-80526 -2
-20172 1
8334 2
-6916 2
31429 -1
26797 -2
6666 -1
-7753 2
-27578 -1
-7963 -2
-12261 -1
8781 2
22830 2
6470 1
-66101 -2
-8598 1
-3234 -2
26779 2
-49384 1
-95246 2
25282 1
-25177 2
-40937 1
-57149 -1
22303 2
2471 1
-62913 -1
-51192 -2
-17203 -1
-2152 2
18905 1
-36608 2
-18602 -2
-5221 2
31372 -1
-70177 2
-10400 -2
-47656 -1
-24328 2
13461 1
35435 2
40287 -1
7271 1
-66958 1
22029 -2
-75412 1
-67139 1
-74764 1
-5055 -2
-78571 -1
47452 1
35586 -2
26552 2
45538 -2
-1536 1
-60489 2
-13942 1
24146 -1
44936 2
-45788 1
-67623 -2
-84133 1
-82967 -1
-65169 1
-11312 -1
-36222 -1
27837 2
45847 -2
6592 1
-29003 -2
37487 -1
-9427 1
36547 -2
41223 1
24653 1
35338 -1
-72415 -1
-8905 -1
49049 -1
24266 1
39397 -1
-11868 1
-71820 -1
42316 2
-71339 1
48176 -1
12253 1
-15164 2
-41938 -2
-34799 1
-73106 2
32550 -1
-42228 -1
37780 2
26491 1
-55499 -1
18030 1
32207 -2
-71473 -1
-81442 -1
-63543 -2
-71311 -2
45431 -1
12499 -2
-35018 -2
-85868 -1
-67111 -1
9979 1
36253 -2
-64614 2
-46489 1
-58054 2
-97060 2
34847 1
8682 -1
-43193 2
-19968 -2
-74470 -1
-77638 -1
-19759 -2
-74021 -1
-87752 -2
33967 1
-47196 2
-62005 -2
-96933 -2
-59454 2
29776 1
25745 -1
-70810 1
11087 -2
-81572 2
10902 2
-77187 -2
-11361 -1
-47822 1
7216 -1
-55805 -1
-83406 -1
40159 -1
-61882 -2
-77391 -1
-27992 -1
41386 1
1099 -2
-43681 -2
-82556 2
6366 -1
-40423 -1
-42446 1
20816 -1
-4846 -1
-15900 2
-12802 -2
-73842 -1
-24674 -1
-25639 -2
-219 2
-11419 -1
-42829 2
49923 2
24084 2
-89123 -1
-64055 -2
30511 2
-29 -1
-25439 -1
-70787 -1
23678 1
28241 -1
-67574 -2
6453 -1
-13019 -2
-43818 2
-61420 2
31679 2
21869 1
-6898 2
-58097 2
-56350 2
-23900 -1
30933 2
-34514 1
36148 2
-23341 -2
-88418 2
-99324 2
-11046 1
-68943 2
-28702 2
-25572 -2
16124 1
-18296 -1
-13528 2
-38029 -2
41311 2
-21002 -1
-76814 -2
-97282 2
3058 1
16095 1
-64667 2
-12831 1
-17338 -1
-17190 -1
10042 1
34195 1
-83260 2
-56358 -1
-29918 2
947 -2
-77413 1
-60613 1
45365 -2
-69583 -2
-24100 -1
-18409 -1
-53987 1
39567 -1
-79539 1
-49495 2
30374 -2
-6448 -2
-25378 -2
30015 -2
-60457 1
-23180 -1
-91953 -2
8823 1
40588 -2
-75089 -1
49182 -2
-69664 -2
-81890 -1
-60644 2
14311 1
-78347 1
-75593 2
-386 -2
-33086 -2
18192 2
-82343 -2
-31974 -2
-71471 1
-28455 -2
26379 1
10331 2
9409 2
15855 1
37819 2
-99787 -2
42998 -2
-4958 1
-30731 1
31516 1
-25542 -2
-65260 1
-72583 1
-65604 -1
-57591 2
-55430 -2
-92284 -2
-25700 -1
9672 1
-94059 -1
8083 2
13853 1
11637 -2
49394 -2
-17092 -1
33756 -1
16170 -1
-69237 -2
-46623 1
2794 -1
-18288 2
12578 2
-47277 -1
-96796 -1
-6985 -2
-84348 2
-55583 -1
38997 -2
-76750 1
-73769 -2
6590 -1
-12383 1
47432 -2
16331 2
49602 -2
35263 2
23660 -2
-39742 1
4743 -1
49464 -1
-48609 2
-87121 2
-54410 2
44259 -1
5133 2
38833 -1
37084 -1
-86019 -2
-45461 1
29160 1
14688 -2
18383 -1
-54233 2
34386 2
47429 -2
-21504 -1
-38863 -1
-85656 -1
-49793 2
36036 1
-91080 1
46196 -2
-19401 -1
3242 -1
-55521 1
19288 -1
29100 1
-1096 1
-52145 -2
-237 1
-93576 -1
35434 1
27218 1
-6695 2
-97089 2
-99035 -2
46875 -1
-80260 -2
-6019 2
42982 2
-89835 -2
-19345 1
-9869 2
-44048 2
-86807 1
34510 -2
-28248 -1
-40477 -1
-90704 2
-67837 -1
47352 1
-69427 -1
34678 2
-72302 1
-83133 1
-14639 -1
28927 1
-50129 1
33897 -1
-54525 -2
-57807 1
35901 -1
-6625 1
-51175 -1
22225 -2
-40070 -2
-67154 2
-74232 -1
44017 -2
-31883 -2
17445 1
436 1
-44602 -2
-40502 1
-56099 -2
-88347 2
-29133 2
-73561 -1
-11120 2
-22041 -1
-44645 1
-93889 -1
-81768 -2
19917 -2
-41786 -2
-14338 -2
-1437 1
-39240 2
-19043 2
5259 2
-48960 -2
18238 -2
-11994 1
651 -1
-67753 1
24356 -2
29672 2
-26975 1
-58578 -1
42201 -1
7570 1
-10513 -1
-58041 -1
19642 -1
-34914 -2
-33778 2
-68366 2
-75691 -1
-6629 -1
-81260 -2
-24605 2
29091 -2
27974 1
-27946 2
28016 2
-34431 -2
-26273 -2
-26755 2
-54804 1
-77027 -1
32774 1
-6145 -1
-64077 -1
-15241 2
-19917 1
-81461 -1
-6426 2
-14299 2
-64496 -2
-41748 -1
-51137 -1
-58408 2
9734 1
17476 1
-58658 -1
-82580 1
-61101 -2
-6924 -1
-41461 -1
-39714 -1
3407 -1
-82786 -2
26459 -1
13235 2
-50488 2
-53556 -1
-96907 1
-66922 -1
25571 -2
-69208 -1
-91643 2
34574 1
-40956 -1
-44864 2
-9878 1
27167 -1
-32187 2
-41312 2
9148 -2
-62120 -2
5404 2
27838 -2
19132 -2
-48769 -2
-34620 -1
-98648 -2
-41663 -2
-30394 1
42396 -2
37846 1
23338 2
6783 2
20286 -1
-49527 -1
-88039 -2
-27122 1
27018 -2
33512 -2
-45968 1
26585 -2
1947 2
-98712 -2
-70163 1
-18809 -2
-65134 1
-44454 -2
-77769 -2
-79749 -2
46453 -1
-32829 2
-8799 -1
-55216 -2
33016 2
-28968 -2
-59735 1
-25725 2
-84184 2
29324 -1
33183 2
-89570 1
-14906 1
-25658 2
48378 -1
-12735 -2
-56340 -1
47080 -2
4805 1
-13413 -1
-68398 2
886 2
-4714 -1
-61732 -1
35039 -1
13466 2
9644 2
-98925 2
28704 -2
-78730 -2
-86353 -2
28784 -1
-64334 -2
-11553 1
-61520 1
43593 1
-82067 -1
-35210 -2
-62930 1
-6134 2
31463 -1
36772 2
-97622 2
-88628 2
24714 1
30446 -1
48865 1
-56494 2
-30927 -1
-87629 2
42561 -2
-14831 1
-92106 1
-43152 2
49520 -2
-30047 2
7927 1
33433 1
-88852 1
-3747 -1
-1783 -1
24589 -1
-1161 2
-99875 -2
-79217 -2
28700 1
-37227 2
2117 -2
-56972 -1
3021 2
14269 2
-72066 2
-59740 1
-65036 2
-76839 1
19067 2
-35476 -1
-26355 -1
-33493 -2
-77812 -2
-98251 2
-14658 -2
-68096 2
-20085 -1
-65721 -1
-34917 2
-76023 -1
26382 -1
25949 -1
-14788 1
-29724 1
-75223 1
-60856 -1
3282 -2
41531 -1
-28676 -1
-56348 1
-87743 -1
-7725 -1
-702 2
19911 1
12051 2
-29134 1
40661 1
-45207 -2
-1592 1
-76958 1
-656 2
-98446 -1
-79846 -1
34976 2
-34942 2
-93446 2
-10182 2
-85022 2
-33856 1
-70271 2
-30705 -2
903 -2
-25742 2
-3214 2
-51103 -1
-14120 -1
7385 -1
-21537 -1
49089 -1
-87473 2
29062 1
-56776 2
-79018 -1
17276 -2
-2968 1
-31248 2
10256 2
7639 -2
-83918 1
-98709 -1
48013 -1
48050 -2
-77038 1
-84039 1
27825 -2
-84047 -1
19033 -2
26014 2
-95585 -1
31228 2
-7638 1
23225 1
-43573 -2
-75653 1
-55256 -2
31030 1
-17782 2
3564 -2
-7818 -2
10822 -1
21381 -1
-95577 1
-96115 -2
-75992 2
-92866 -1
14405 1
-59502 -1
12688 -2
-27770 -1
20502 -2
45602 -2
4764 -2
-12955 1
-8066 1
-24777 2
15678 -1
36803 -2
43476 2
25007 2
-50320 2
-44239 2
-6986 2
-66377 -1
27962 -1
-42801 -2
-13619 -2
-22505 -1
-9227 2
23802 2
33244 1
-58233 -1
-83431 -1
12120 -1
-39637 2
-50348 2
-7781 1
-10053 -1
-83162 -1
-36090 1
-49970 1
-64620 2
-6621 -1
-18408 1
-58429 -1
-66577 1
-552 -2
-67720 2
36765 2
27466 2
-74115 1
-88219 -1
-58859 2
28964 -2
37327 -2
-33096 -1
9482 -1
28219 1
-39420 -2
-38446 2
29093 -1
-27989 1
37986 1
37218 1
-45069 1
-56822 -1
-62668 2
-48811 1
-80850 1
-85297 -1
-33526 2
20225 -2
-59843 2
-84405 -2
1730 2
17005 -1
-64162 -1
-11012 1
20657 1
-9642 -2
39703 -1
-25138 2
12091 1
22902 1
49291 2
-2977 -2
-97843 -2
-49283 2
-5163 -2
-65109 -2
-25084 2
-62682 1
-39900 2
-75544 -2
37558 2
-44777 -1
44528 1
-7123 2
-11187 -1
-84936 2
46487 2
-56885 2
32717 1
-92766 1
42210 -2
-88588 2
-54745 1
-18524 1
-98921 -1
-65019 -2
18976 2
26081 -2
-67998 1
39012 -1
-27233 -1
10445 -1
-10650 2
-59149 2
19267 2
28655 -1
-68253 1
-39574 -1
-43194 -1
6696 -2
21123 2
26113 -2
-30252 -1
-85198 -1
-61805 2
17836 2
-35293 -2
21387 -1
-79102 -2
-39341 -1
-4969 1
-16132 2
-10647 2
-27306 2
-28077 1
-84082 1
-45631 -2
-89043 -2
-27390 -2
22272 2
-25467 1
-19260 1
-21410 -2
42533 -2
31131 2
-28094 -2
-71801 2
-15075 -1
-58686 -1
-24271 2
-20671 1
4892 1
13921 -2
-91577 2
-61985 2
-78157 -1
-30798 -1
4961 1
6039 -1
-96030 2
31986 -1
-39007 -1
8434 1
-50678 -1
40807 2
-38328 1
-58381 2
48279 1
-23326 -2
-15180 -2
-4220 1
-40682 -2
19197 2
-4023 -1
36094 1
47442 -2
-19220 2
-57308 -1
-46922 -1
-10968 -1
-53505 2
4340 -1
-63239 -1
-43246 1
-70858 1
-79590 -2
-92139 -2
-72235 1
-68242 2
12451 -2
-16169 -2
-44773 2
21904 -2
21870 -1
15172 -1
-47455 2
-3035 -2
-79631 1
4450 1
-75436 1
-42200 -1
-48264 -1
-82927 1
-25315 1
-84021 -2
42355 -1
-65119 -1
-57903 -2
27467 -2
-93704 2
-85683 -2
-53264 1
-45628 -2
-88247 1
4035 -1
-58627 1
-48777 1
32464 1
-73340 2
3762 1
-15648 -1
-6505 2
43937 1
-80890 1
-41590 2
36087 1
-91797 1
31047 -1
1255 1
14343 -1
-70504 1
47769 -2
-67627 -1
-29074 -2
-47970 2
-93600 -2
-40314 2
-93529 1
-7351 -2
34892 -1
-7396 -1
-48938 1
19835 -2
-84135 -1
-10888 -2
36637 -2
16932 1
-78415 -1
-18598 2
-90793 -2
-66028 1
41077 2
-69205 -1
30465 1
-58498 -1
-93833 -2
757 -1
47902 -2
12733 -2
-26925 1
-18410 -1
-74905 -1
-52920 -2
-91197 2
44501 2
-81761 1
-62252 1
-3346 2
18885 2
-36137 2
6801 2
-23724 -1
-45426 1
25804 2
-33811 -2
14135 -2
-37278 -1
-46611 -1
18815 2
-10717 1
34045 2
-61771 1
-953 1
-186 -1
2330 2
9021 2
19140 -1
-87719 1
-95999 2
-5436 2
-20217 -1
-52851 -1
-10135 2
-34999 -2
-85508 1
573 -2
-43702 1
-63354 2
-97377 -2
-69394 1
17948 -2
-60226 -1
-74742 -1
1459 -1
12220 -1
-45327 -1
44841 -2
-70654 2
-88454 2
22031 -2
49214 1
-81042 1
-65316 2
-79573 -1
-74614 -1
-39058 -2
-6811 2
-37952 1
-71556 -2
45708 1
49755 -2
-50581 -1
9607 2
-38506 -2
32945 2
-563 -1
26105 -2
-65889 2
-7527 -2
11668 1
-12069 1
33520 1
-14336 2
-33291 2
15944 -1
-4433 -1
-47487 1
-80214 -2
-5402 -1
-61509 -2
25827 2
776 1
-73309 1
-28844 -1
-86012 -1
25664 -1
-49504 1
-74293 1
5386 2
-48432 -1
-25148 1
-82458 -1
-72758 -1
-95091 -1
-20741 1
-59400 -2
-21339 1
-95940 -2
12109 1
-57507 1
-6493 1
-31895 -2
-19817 -1
-84833 -1
-52248 -1
-46389 2
-54906 1
-50767 2
-8483 2
-32835 1
-80145 -1
21395 1
10461 2
35801 -2
-15873 1
-44616 -2
37164 2
21453 -2
16186 2
-5478 2
-38322 -1
47369 1
-2585 -2
-34429 -1
4118 1
-71985 -1
9271 1
-18350 1
-22584 2
-5827 1
25370 1
-82541 1
28433 -2
-56431 1
31439 1
-90643 -2
-30551 -2
-47043 -2
-8496 -2
-85203 -2
-68564 -1
-31274 2
-68580 -1
-57325 2
-6741 1
-49140 2
-97655 1
-14104 -1
14634 2
-53958 2
-5998 2
-59478 1
-13391 -2
43061 -2
-64123 -2
-42004 -1
36105 -2
-37054 -1
-3509 2
35009 1
-4256 -2
-59151 -2
-21589 -1
-11026 2
-54964 2
40533 -2
23682 -2
29190 2
14642 -2
-3730 1
-85895 -1
-46394 1
-60083 1
14016 -1
-16208 2
18239 1
-55504 2
49646 1
37383 1
-67981 -2
-12918 2
-90066 1
26193 -2
13374 2
-13617 1
-45294 2
-68901 1
-6744 -2
-98005 2
19290 1
41574 1
23121 2
-62785 -2
-92844 -1
-26738 -1
24109 2
-4006 -2
-95123 2
4065 2
-16405 -2
-70367 1
-9493 -1
-25009 2
-1285 2
-51640 2
-59954 -2
-3690 1
-5112 2
-72044 2
-90269 2
-63836 -2
-6999 2
-57839 -1
-96437 1
30655 -1
-61366 1
-69239 -2
-46629 1
-35308 1
11562 -2
36661 -1
-98332 1
-76527 1
21709 -2
39696 -1
2882 1
-18355 2
-64657 -1
-30062 -1
-66068 2
-24768 -2
-39756 1
-21915 -1
-745 2
47930 -2
-1224 -2
-94559 1
40433 1
-31750 -2
4457 -1
35836 -2
-54957 1
-25993 -1
-22749 2
-55848 -1
-12981 -1
-4469 1
48645 -1
-69888 -1
20795 -2
-83386 -2
-66319 -1
-44991 1
29893 -2
-98924 -2
6129 1
-89684 2
10337 2
14349 1
-3813 -2
-58120 1
-14973 2
-62742 -2
24992 -1
6884 2
-74394 1
5769 -1
-16719 -2
-85843 -2
25359 -2
32508 1
-36894 -2
-25405 1
-14687 -1
33799 2
-74754 -2
-37598 -2
32974 2
-23734 -2
-51641 2
-75809 -1
27129 1
-8832 -2
-76031 -1
-413 1
-72424 -1
-19036 -2
-47438 1
28769 1
-70005 1
-15186 2
-15543 2
-55321 1
-32409 -2
33295 -2
37747 2
-77727 -1
-83928 1
-54969 2
31558 -1
-69764 -2
30488 -2
7666 -2
-96324 -2
-40718 2
33672 2
-7297 -2
-4676 -1
-74427 -2
-92066 -2
-85597 -2
-55629 -1
-56015 2
-5168 2
44213 2
-48664 1
-36787 2
-36422 -1
-70413 -2
-44446 2
-18002 -1
46804 -2
-34924 2
-33911 -2
15932 1
-12915 2
-32786 -2
-1791 -2
23560 -1
45798 -2
-70722 1
24429 -2
16072 2
22010 2
33718 -2
-27721 1
-9788 -2
41443 1
-67549 -1
-15260 -2
-83181 -1
-8092 -1
-57335 2
22370 -1
-84081 2
-92649 -2
48264 2
-90558 1
11164 -1
-40805 -2
47230 -2
37398 -2
-90924 -1
-47837 -1
29774 -1
46734 1
-88482 1
-27093 -1
-28691 -2
-12343 2
38618 -2
-10033 -2
-5369 2
44848 -1
37229 1
-91151 1
-66778 2
-89388 -2
-58519 -1
36266 -2
-69865 -2
-48234 2
44453 -2
-47378 2
17593 -2
-75679 -1
-64106 -1
-67977 2
-61879 1
-70896 -2
-30455 -2
-54868 1
-51037 2
-15088 -1
22602 -2
30943 -1
-64474 1
43365 1
-11146 1
-17297 -2
-14463 2
39553 2
25022 2
-78177 1
-67362 1
22652 2
-80304 2
11954 1
-55374 -1
-50899 -1
46794 2
18810 2
-65714 -2
-55396 -2
-89024 1
9754 2
-30245 -2
-87338 -1
-90915 2
23878 2
-45281 -2
-4253 2
-53259 -2
-42457 1
47799 1
-88999 2
-55032 -2
-71512 -2
-43515 -1
-22836 1
-31526 1
38860 -2
-6904 -2
-98431 -2
-14169 1
-19433 1
-22684 1
-19761 -1
-73018 1
-60343 -2
-34508 2
-84999 -1
-40381 1
-22035 2
-22569 2
-78656 -1
-47250 2
44129 -1
-88183 1
-80994 2
-32142 1
-46838 1
-63080 2
-13088 -2
-49264 -2
-99531 -2
-32167 2
-5210 -2
-56627 -1
-99567 1
-39623 -2
-42669 -1
-51657 -2
-96748 1
-66402 1
-51724 -1
47907 2
33761 1
-86271 -1
-88384 -1
44742 2
-69893 2
-32169 -2
-48917 2
40881 -2
-7647 2
-77106 -2
48927 -2
20408 -2
-42749 2
-2346 1
35307 2
11173 -2
-67359 -2
-7335 2
-26987 1
4988 2
-4143 2
-21927 -1
-50327 -2
-22570 -1
-6178 -2
47035 -2
-65503 2
-88097 -1
31090 -1
41877 -2
-48622 -2
40416 -1
-44453 -2
2397 1
-86524 -2
-51140 -1
-78566 -1
-25536 1
13667 1
-3629 1
8745 -2
-29726 2
-28754 -2
-44003 1
14489 2
-93462 1
-92589 1
-66183 -2
-85924 2
-69132 -2
-44404 -2
-13575 -1
35585 -1
23931 1
-26237 2
-44888 -2
-81915 1
-52775 1
-67715 -2
-43969 1
-19418 -2
38374 1
-74047 2
-99670 1
14650 -2
-5389 2
-72109 2
-71741 -2
47430 2
-64546 2
-31366 2
-53384 -1
-40055 2
32612 -1
-28714 -2
33899 -1
-77102 2
-97909 -1
-54776 1
-84920 1
-1169 -2
-98838 1
-79489 1
5218 -2
16164 -1
-10233 -1
-91818 -2
-25910 2
35088 1
-27552 1
44460 1
3627 -2
-97218 -1
-36575 2
-20839 -2
-75955 -1
-7397 -1
-13398 -2
-40086 2
15829 2
-19842 2
10203 1
-29139 1
-18909 1
-95920 -2
-76196 -1
47937 -2
13778 2
27027 2
-42872 -2
43342 2
48504 1
-97711 2
-15162 -1
27715 -2
-63532 -1
-28731 -1
-56838 2
-74036 -2
-71597 2
-37145 -1
44142 1
-57409 -1
-9196 2
-14304 1
-32504 1
42513 1
39855 -2
-52401 1
38320 -1
-4184 -1
-31332 2
23282 -1
152 -1
16535 -2
-82696 -2
-58712 1
35177 -2
-89138 -2
-88744 2
12280 2
-29091 -2
25718 1
-75909 2
-76631 -2
-54627 1
-58447 -1
-62909 -2
8519 -2
-47387 -2
-80106 2
-89176 -2
10048 -1
-8501 1
40454 -2
-12572 -2
-3797 -2
-37052 1
-21130 -2
44257 -1
-72474 -1
-68796 -2
-64990 2
-36685 1
-3504 -2
-50727 2
-85593 -1
32151 -2
-63066 -1
-43500 -1
42194 -2
-99668 2
-70619 -1
17132 -2
42961 2
20695 2
18278 2
-65314 1
-41865 2
-12181 2
3361 -2
38972 -1
-94422 -1
48618 2
-62004 1
-64952 1
-92313 2
-32768 1
-32848 -2
-91503 2
-93365 1
-16191 -1
-47340 -2
39858 1
-90369 -2
-34481 2
3482 -1
-41662 1
-6495 -1
-77449 -2
-82439 -2
-3155 -2
-2006 2
-94011 2
-65058 -2
-31063 -2
1224 1
-53743 2
-41862 1
-80314 -2
37565 -2
-64264 2
-59709 2
-30984 1
-32635 1
-85568 1
-74829 2
-90129 1
-13712 -2
-37085 1
-38674 1
132 1
-88516 1
-64273 -1
-95674 -2
-11378 1
-14840 -1
-43608 2
24039 -2
22140 2
-92188 -2
-18180 -2
-85340 -2
30881 -2
-70391 1
46027 1
-55889 -1
-61920 -2
-11710 1
39173 2
29942 -2
-69995 2
-95237 -2
-51684 -1
-17543 -2
-26437 2
-87288 -1
-9686 1
-49195 -1
-37790 -1
36357 2
40680 2
-71638 2
-13169 2
-10776 1
-67646 1
-36783 2
3829 -1
-91918 2
-33727 -2
-30929 -2
2735 2
22321 2
-72476 2
49665 -1
-23703 2
32366 -1
47607 -1
-84435 2
10509 -2
-82834 2
-27820 -1
21968 1
-75562 1
1556 2
4379 1
-38860 1
-49541 -2
-67494 -2
-92360 -2
-92528 2
-51552 -1
-78838 -2
-8398 -2
4361 -1
-51562 1
12492 1
34705 2
-15421 2
23593 -2
-77718 2
-3723 -2
-70928 2
2198 -2
-77465 1
19768 2
-57105 -2
515 2
-94104 1
-40467 -1
-58878 2
-65760 1
-32502 -2
42243 -1
-73365 2
-98897 -2
-43980 1
24329 2
-70074 2
-62819 1
-20918 -2
-70676 -1
-97237 1
-51474 -1
-40658 -2
-3758 -2
36524 -2
7373 1
41464 -2
47099 2
-2524 2
-99603 2
-47963 -2
46220 -2
-99272 -2
39563 2
-52396 2
-78508 -2
5924 -2
-70027 -1
-70756 1
19106 -1
15352 1
-22105 1
-27619 -2
-37097 -1
-52665 -1
-11024 -2
-13581 2
-70275 1
41781 1
-55652 -1
-25885 -2
-66867 2
-1995 -1
-78160 2
-7007 -1
-59680 -1
25670 1
-96441 1
-48165 2
-93409 -2
24487 -2
19209 -1
-69147 -2
-55051 1
-69193 -2
-29116 1
8541 2
-10793 -1
-20588 -2
17890 2
7963 -2
47413 -2
43614 1
29327 1
-34773 -1
-71274 -1
11754 -1
-87869 2
-85382 -2
-35837 1
-34725 2
-74190 -1
-7671 1
23444 1
-16138 -2
-56806 -1
-87320 -1
49639 -2
-57424 -1
-16545 2
-14328 -1
-94209 2
-29390 -2
494 2
-72276 -2
-26869 1
-90443 1
19744 2
3816 -2
-73119 1
17282 -1
-14218 -2
40788 -2
-53003 -1
10370 -1
43353 -2
-60149 2
20576 -2
-52319 -1
-40306 1
17223 1
-58084 -2
-79267 -1
-66889 2
48381 2
-81671 -1
-65983 2
-53444 1
39652 1
-30569 1
10918 1
-10937 2
-78281 -2
25058 1
35143 1
-18623 -2
-79030 1
9228 1
-37226 -1
-18780 1
1143 -2
-67013 -2
-64720 1
-51309 -1
-49695 -2
-55733 -2
-30494 2
-45819 2
9648 -1
-74374 1
-43711 2
-26799 1
36831 2
-11303 -2
-6383 -2
31648 1
28771 -2
-4745 2
40890 2
-89298 2
-99500 -1
33317 1
-76293 2
29288 2
-76642 1
38686 2
26225 2
-56213 -1
-8865 1
-61307 -2
-9165 1
19566 1
-10285 2
-19935 -1
4963 1
15730 2
-92725 -2
-95621 -1
-3227 1
-63933 -1
-83282 2
-11189 -2
39526 2
-77021 1
-65293 2
28691 1
43875 -1
42872 1
-33521 2
-78538 2
24337 -1
-85536 -2
-50673 1
-70427 1
48258 2
-97629 2
-38508 -2
7298 -1
48970 -2
17191 -2
19401 2
-72916 1
-25475 -2
-83719 -2
-20759 -2
-58182 1
44829 2
-36742 -1
41483 1
-36233 -1
262 -2
-17383 -1
27402 1
-33281 -2
-31948 2
-58657 -1
41518 1
41415 -2
-59437 -2
-88951 -2
-16641 -2
-21934 2
-88872 -2
-73448 2
-10005 2
-92633 1
11839 2
-64873 1
-91174 1
-85180 1
-3991 -2
-55852 -1
-61385 -2
-65914 -1
-50415 -2
-79353 -1
12860 1
39769 -1
-8793 2
-88127 -1
-54359 -1
10944 -2
-75296 2
-75424 2
44583 2
23500 1
-24488 2
-19232 1
-5490 -1
24490 -1
-43719 -1
-14686 -2
-21207 2
-36239 1
-52043 2
23681 2
-36790 -1
-88973 1
-31771 -1
-18163 -2
-45840 2
-47813 2
-35170 1
-74998 -1
10892 2
-57793 -2
6598 -2
-13835 1
49027 -2
5535 -2
-68633 -2
27463 2
11334 -2
-67464 -2
-83625 -1
30520 -2
-20257 2
-85579 -2
44352 -1
-10702 2
17173 2
46657 -2
1389 -2
-9317 1
35240 -1
34569 -1
-3612 1
773 2
24050 1
8039 -2
-92856 2
-83553 1
38063 2
13395 1
-60246 1
9914 1
-43830 1
-83745 1
-21999 -2
20325 -1
-85431 1
-48896 -1
2368 -2
15846 1
-97478 1
-58857 -1
-24397 2
-17055 1
-25841 2
-32371 1
2438 1
12930 -2
-9726 2
-37527 1
-641 -1
-86837 1
13082 -1
-42651 -2
-61807 -1
28706 1
35467 -1
-52121 2
-49029 -1
20092 -1
-42372 1
37010 2
-18878 -2
31598 1
-34056 2
-38202 -1
-89432 1
16353 -2
-23717 2
-64295 -1
8977 1
-42667 2
-87985 1
1142 -1
39632 -1
-55962 -2
29658 2
35127 -2
-45020 -2
-18262 -1
27955 1
-54156 2
-4458 1
-9288 -2
20201 2
-34366 1
35308 -2
-88913 -1
-59416 1
-29242 2
-81344 1
-63059 1
-73627 1
-93724 -2
1274 -1
-41150 1
-85554 1
33236 2
-49434 -2
-60686 2
-98765 -1
12920 -1
-8178 2
-90931 2
-35102 2
-14232 -2
-52434 2
8820 1
-11633 1
-96134 -1
-45424 -2
-14753 1
-5790 -1
-11210 -2
42179 -2
-3031 -1
-40659 -2
-36073 1
-79407 -2
30347 1
-56048 2
-70888 1
-69778 -1
-85724 2
-71657 1
-19082 -1
-94426 -2
-47400 1
14336 2
7992 1
9329 -2
-69109 1
-65948 -2
-78523 -1
30688 -1
-15916 -1
-3306 2
-95466 2
-63846 1
31676 -1
-27481 -2
13625 -1
24357 -2
-50479 -1
-35039 -2
24972 1
-66714 2
-34766 1
-1386 -1
21598 2
49888 1
-71315 -2
-24151 -2
-61880 1
-32659 1
-91060 -1
-82331 1
-17737 -2
31213 -1
1849 1
-5170 2
-30444 -2
-82345 2
-17516 -2
-81360 2
-17968 -2
-15883 -1
-45496 -2
48665 -1
-26831 -1
-78087 -1
8096 2
-27025 -2
-17687 1
9526 2
3502 1
-32694 2
-66413 2
37237 -2
4313 -2
39973 -1
-13043 1
-81456 1
15363 -2
-8021 -1
13205 -1
-70261 2
-23619 -2
-76735 -1
-51697 2
-14113 -1
-40430 2
-94441 2
42984 1
6946 1
-68572 -1
-45095 -2
-70079 -2
-90551 2
-19193 2
-35952 1
23695 1
-9263 2
-95089 1
23502 1
7319 -1
-84087 -1
21057 1
33780 1
-50400 -2
-80544 1
-68508 1
24569 1
34235 1
-43341 2
-41579 -1
35471 -2
48803 2
-52481 -2
-52446 1
-44338 1
-99399 1
47343 -1
-77636 -1
21509 -2
-60218 -2
-82304 -2
8169 -2
-40942 -1
-14097 -1
-22366 2
-84730 -2
-50702 2
-76895 -1
955 -1
-8264 1
-96206 -2
10410 -2
6724 -2
48092 -2
-64984 -1
-62273 1
16295 -2
-81697 2
21271 -1
7610 1
-58664 1
-52204 -2
1208 -1
-48167 2
45290 -1
38442 2
-5489 -1
-1057 1
-66998 -2
-75971 -1
-80969 -2
-75354 -2
8423 -2
-11004 -1
-80243 -1
-25761 -2
-72975 -2
-82684 2
15586 -1
-32820 2
-31160 2
-81601 2
-79299 -2
-87297 -2
36659 -1
-69230 -1
12092 2
39232 -2
-82723 -1
21378 -1
38780 2
-15063 1
17784 -1
-18697 -1
9690 -1
-7624 -2
-5615 -2
27682 1
-38662 1
3051 -2
-81204 1
-9148 2
-44859 -1
19241 2
-41402 -2
31885 -2
36313 1
-52031 2
-88234 1
3563 -1
-97280 2
-12147 1
17408 -1
-28217 -2
-6838 1
20076 -1
-32276 1
-52951 2
24681 2
11910 1
4025 -1
-6518 1
34894 -1
5738 2
-38748 -2
6501 2
-97506 -1
-99243 -2
-7778 1
26907 2
42944 2
-82884 -2
38932 -1
31453 1
43609 -1
-48655 -2
-42281 -1
-4614 2
8817 -2
-40072 -2
-86452 -2
-22954 1
18691 1
2391 -2
42360 -1
-70292 2
36895 1
-27948 2
41233 2
-61086 1
-19696 2
17317 1
27935 -2
-517 2
-20784 -2
-65264 -2
-56267 -2
-35624 -1
-50792 1
-85793 1
26060 1
-32062 1
44924 1
-54670 -1
-49488 -2
27250 2
-14413 2
-16101 1
-71958 2
-13605 1
24018 -1
-87005 1
41565 1
2937 -1
-19181 2
-60421 -1
-7872 -2
-6313 1
-8538 -1
-16567 2
-81987 1
-29810 1
325 1
16738 -2
-83628 1
-95561 2
-9023 -2
-52725 -2
-50744 -1
-27588 1
-27628 2
-64828 -1
-56644 -2
-33166 -2
-93967 -2
-99856 2
-5469 1
-1799 2
-67901 2
18721 -1
-76207 2
-12211 -2
-89155 -2
38414 -1
10551 -2
-69883 -2
10958 2
-6394 1
-15215 2
-69791 -1
42471 -2
-27479 -2
6879 -2
-95356 1
-61100 -2
35020 -2
-94254 1
-72248 -1
-81813 2
-26033 2
-94314 1
-81377 1
19735 -2
-1563 -2
-95943 -1
-55953 -2
-80403 1
43946 2
-65949 -2
-27149 2
-8200 -1
-69738 -1
-80904 2
-26761 -2
-65944 2
-27541 -2
-92827 2
-85089 -2
12006 2
-39728 -1
-58051 2
22683 1
-83980 -2
-96666 1
-5638 -1
-5383 -1
-54893 -1
39473 1
-71565 1
44217 2
-82238 -1
28832 -1
-34687 -2
-55112 -1
-32256 -1
-28659 -1
-61130 -1
-11218 -1
30961 1
38809 2
32571 -2
12227 2
-87584 2
32033 1
-79048 -1
44816 1
-58745 -2
-15958 -1
25857 1
-6932 2
-50363 -1
-78033 2
-89869 -1
38477 -2
-26825 -2
21427 -1
-14237 1
-32830 -1
3340 1
-79129 2
-93675 -2
35701 2
-26458 2
-66370 -1
30364 -2
6361 2
-83855 -1
-60437 -2
-53104 -2
8145 1
-6715 -2
-91220 1
-9296 -2
42148 -1
27791 2
-60899 -2
24704 1
44053 -2
-41703 -1
-32179 -1
19741 1
-84578 -1
-52102 2
-57989 1
-7324 -1
-5482 -2
35376 1
10776 2
-6591 -1
-85955 -1
-96597 -2
11822 -1
-5947 2
-40913 -2
-36546 1
-68875 -1
5358 -2
-81170 2
-70222 1
2877 -1
13861 -2
-61818 1
21020 -2
40505 -2
-4133 1
39838 -2
1445 -2
22049 -1
-50168 -2
-20905 -1
-85862 -1
-66609 1
-36767 -1
-16230 1
-80674 -1
-18022 2
-94453 -2
-26951 1
23726 1
13156 -2
-63760 2
-64823 2
36782 2
-93996 1
41807 -2
-80659 -2
49193 1
-81447 1
37590 1
-53737 1
-22644 2
22165 1
5140 -1
-68134 2
29702 2
48421 1
-43872 2
33774 -2
47062 -2
-59336 -2
45165 -2
-15078 -1
-67802 -2
34563 2
-24201 -2
-87537 2
-22053 -2
-3166 -2
23634 2
33842 2
-63132 -2
-72528 2
-7580 -1
-89293 -1
4728 -2
22997 1
-93270 1
-86831 2
-6293 -2
-27690 1
-45241 2
-15074 -1
-51787 1
-20011 1
-23951 2
-74319 2
-19533 -1
5553 -1
-25855 1
-16172 -2
-49983 -2
-3071 1
10446 1
-88354 -1
-96909 2
-10614 -2
36741 1
-32812 1
-66954 -2
-76776 -1
-59553 -1
34219 2
-73548 2
22021 -2
12244 2
33091 -1
-18778 1
35529 -1
-3130 -1
-95739 -1
49673 -1
12212 1
-90665 -2
-19790 -2
-38148 -2
18459 2
-65358 2
1981 1
-33700 1
-60982 -2
-80930 1
-63769 -1
9589 1
-42381 2
43027 1
-30866 1
19431 2
14855 -2
32221 -1
-2755 2
-60673 1
-65622 1
18562 -2
-29896 1
-22776 2
43133 2
858 1
-73384 2
-93405 1
-65304 1
-46446 -1
-51536 -2
-30294 1
10638 -2
-76936 2
-48123 -1
42094 2
42403 1
-37333 -2
-18666 2
-38399 -2
33425 2
-79156 -1
-88680 -2
-89991 -2
-31260 -1
2003 2
-62549 -2
31012 -2
-94685 -2
-67128 2
42363 -1
-65609 2
5679 1
-2301 1
-54063 -1
-37066 -1
-38193 -2
-1879 2
-67629 1
2869 -1
38846 -2
12214 -1
25972 2
-10313 -1
-32163 -2
-52456 -2
37678 -1
-88812 1
-45097 2
-63835 2
23925 -2
44156 -2
-34744 1
-97382 2
-82971 -1
-37089 -2
-538 1
-45775 -1
-42792 1
-35336 -1
-21113 -2
-1456 -1
13682 -2
36544 -1
44438 -1
-16177 -2
16658 2
34057 -1
-66554 -2
-31938 1
42184 -2
-33740 2
984 -1
-20573 2
4015 -1
35554 -1
-3249 2
30769 -1
-84842 2
30999 1
9176 -1
7009 -2
-20752 1
-90459 2
25214 2
-55413 -1
31639 -2
-10625 -1
-92892 2
-34724 -2
-66356 2
-18532 -2
-9932 2
47774 -1
11642 -2
-94324 1
-98318 2
17641 -1
30648 2
-12645 1
-22319 1
-36705 2
-29783 -2
34314 1
29537 -2
-35816 -1
-9411 1
-99848 -2
-82998 2
-29516 2
-14934 1
27302 -2
-59641 2
-6989 1
-66827 -2
-6889 1
31448 1
-64090 1
-6490 2
-95 1
-45779 1
-34266 -1
-99905 1
45470 -2
-65213 2
-24708 1
-65114 -1
34998 -1
26513 -1
35560 -2
31945 1
-26173 -1
27921 -1
23395 -2
37293 1
-20192 1
24869 2
-24261 2
4815 -2
-90776 -2
-4000 2
-76013 -1
42458 1
3544 2
41050 1
6899 -2
-31839 2
-20205 1
22256 2
-7892 1
-15046 2
-2197 -2
-46397 -2
13116 1
-38358 2
31220 2
-29946 2
-2688 2
-67233 -2
2988 -1
-61854 1
48452 2
40334 -1
-46635 -2
31248 2
-76283 -2
-4963 1
42254 -1
942 -2
4497 -2
-19165 1
-22473 -1
-33591 -1
-98114 -1
36284 1
13328 -2
-34952 2
-94048 2
-59768 -1
-74053 1
-46684 -2
-10261 -2
6124 -1
-76550 2
-80810 -2
-20032 1
-44222 2
-335 -1
18396 -1
-98093 -2
-82830 2
-87063 -2
-15932 -1
-58828 2
-10916 2
6966 2
-61283 -2
13943 -1
-28602 -2
-19879 2
17901 -1
-60578 1
-39385 1
-13292 1
45246 -1
30433 2
15566 -1
3081 -1
22155 -1
-80138 -2
-85295 1
48285 -1
-32412 2
16836 1
-6099 -2
15893 2
-20797 -2
-34474 -2
-11771 -1
18510 -2
-9393 1
-42186 -2
36118 -2
-89716 -1
47662 1
-5242 1
-18569 -2
-40621 -1
-10559 -2
-80933 1
3683 -2
-92166 1
-53289 1
-73458 -1
-54602 -2
25811 -1
-34716 2
40748 -1
-24219 -1
-32905 -1
14217 1
-18199 -1
-33333 2
23713 2
-1340 2
9351 2
-4094 -1
-36524 2
24453 2
-33394 1
-40661 1
-35179 1
-80672 -1
-72503 1
-2113 -1
37588 1
-64646 1
-14421 2
-42077 -2
-59825 2
-69678 -2
-51746 -1
-52764 1
-22515 -1
-80097 -2
-25435 2
-95434 2
-74019 1
-98483 1
-97831 2
35102 2
-69049 2
-74401 1
-3195 1
-57364 -2
-839 -1
30143 1
-40175 2
-11774 2
-64521 -2
-8956 2
1696 -1
42161 -1
25237 2
-50611 -2
39019 -1
-83372 -2
-30015 2
-27032 -2
-33566 1
-8912 1
-86753 1
-86948 2
-43806 -1
-67377 -2
-11115 -1
-74653 1
2006 -1
1150 1
-72619 2
-3529 1
37968 -2
22269 -2
-57241 -1
-89259 1
10 -2
-21412 -2
-62177 1
33397 2
-47745 -1
18096 2
34135 -2
34233 -1
-42242 -1
-15414 -1
-19593 1
-73702 -1
27335 -1
49440 -2
-15170 2
-50606 2
47484 1
-47506 -1
-18083 -2
-13231 1
-67453 -2
34480 -2
-41892 -1
714 -2
-87520 -2
-95618 2
36899 -1
-69167 2
-9313 2
-37728 -2
-82086 -1
-26880 1
36388 2
-36381 2
47389 -2
-58109 -1
-14850 1
-53460 -1
29560 1
-84142 -1
-36450 -1
27485 2
16350 -2
-60295 1
-49652 2
-55591 1
-61177 2
-91329 1
-60753 1
4755 -2
43519 -2
-73275 2
-26395 -1
-76499 1
-45867 -1
-62444 2
-18076 -2
-68883 -2
17450 -1
39291 1
-32402 -1
-21462 -2
-73117 -2
36302 -1
45074 2
-48109 -2
-81387 2
-77378 -1
-74576 -2
-30552 -1
-60743 -2
-9006 1
-87900 2
-88612 2
15574 -2
-70993 1
27591 -1
-88208 -1
-90385 2
-89545 2
38072 2
-68133 2
-97196 2
-10118 -2
-81729 1
3718 -1
-25091 2
-69739 2
-3719 2
-3156 2
-75311 -2
-44434 -1
-26972 1
26691 -2
-44940 -1
42920 1
-23308 2
-58647 2
-8428 -1
41467 2
-94820 1
27554 -1
-13571 -1
13604 1
-82474 1
-50041 1
-86554 -2
25278 2
-52915 1
15129 2
-37797 -1
7621 1
-27702 -1
12619 -2
-228 -2
-90083 1
15108 2
21614 -2
-16339 -2
-99613 2
-270 -1
5673 2
34938 2
31276 1
-94640 2
-40483 2
-53830 1
-51284 -1
-4127 -1
24672 -1
-58841 -1
46723 -2
-29059 -1
-95821 -1
-53275 1
-97248 -2
-28798 -1
-68544 1
-73796 1
-71425 2
-69964 1
-67744 1
-8418 -1
28972 -1
-60527 2
14746 2
33238 1
-63213 2
-95307 2
47187 -2
-54581 -1
4596 -1
45671 -1
34261 -1
-23738 -2
10624 -1
-1761 1
-81267 -1
37020 1
18943 1
-98847 2
12623 -2
45551 -2
16657 1
-95377 2
36103 1
-24230 -1
-44731 2
-24368 -1
-81942 1
15655 -1
-8452 -2
-54335 -2
43193 1
-42040 1
-76589 2
25884 -2
-31221 2
-35584 -1
-43789 -1
-94804 1
267 -2
-12461 2
-24913 1
-81535 1
26405 -1
5265 -1
43228 -2
7820 1
-95632 1
-94679 -1
-83396 2
-88316 2
46213 -1
-44140 -2
18401 2
49631 -1
-55506 2
-58568 1
48679 1
-61546 1
-45479 2
-19497 -2
-61267 2
-1810 -2
27246 -1
-79921 2
-79350 -1
-34 2
33838 -1
-417 2
18956 -2
-81803 -1
11464 -1
9171 1
-89490 -1
-59171 -1
42768 1
42388 -2
-96026 -2
-82586 -1
22066 -1
5721 -1
-95209 -1
44940 1
14435 -2
13276 -1
-68000 2
45100 1
28429 -1
47023 2
-54551 -2
-20360 -1
-18430 2
3136 -1
6007 1
8509 -2
6773 -2
-23385 2
-80295 1
9293 -2
21994 2
-94686 -2
-11184 2
-81093 -2
-83215 1
-39885 1
35975 2
-37555 -1
30491 1
18665 -1
-23417 -1
22776 1
30628 1
-73407 1
9780 -1
-26203 -2
6824 2
46918 2
-82797 -1
-51503 -2
-33014 1
-3020 2
46280 -1
-65472 1
10152 -2
9894 2
-48477 1
-16451 -1
26191 -2
-19811 1
-90380 -1
42185 2
43909 -1
-7114 -1
-45378 -2
-30165 -1
-51340 2
-16823 1
-9414 1
-84855 -1
33529 1
-68752 -2
-85347 -2
-32456 2
26598 -2
-25014 -1
-55033 2
-88486 -1
37308 2
-12129 -2
-68446 2
40987 2
-86691 1
-33214 2
10775 -2
46763 1
-86089 -2
-63968 2
-94712 2
-63417 -2
-44421 1
-88906 -2
-33857 1
26520 -1
-94362 -2
-87328 1
-26236 -2
-41868 -2
-33423 1
-88901 1
48940 1
-17109 -2
-89549 2
17111 -1
-243 -2
34390 1
-17875 -1
-83991 1
4923 2
10249 -1
-51079 -2
17381 -1
-27804 -1
43730 2
13981 1
-49810 -2
16280 1
-21853 -2
-25007 1
-58636 -1
-11713 2
21915 -2
-87851 -1
41315 2
-93115 -2
-77255 -1
-86852 2
41385 1
-53331 -1
-8728 1
25368 2
-80255 -2
19516 1
-32158 2
48693 2
-9544 -2
-13776 1
42994 1
-67898 -2
23359 1
12435 -1
-6524 -1
21532 1
-81119 1
11757 2
-27172 -1
9181 -1
-87727 -2
-77914 2
-73162 1
33655 1
-59574 2
34196 -2
33022 1
12419 -1
-82075 -1
-29480 2
-91211 2
2398 2
-23218 -1
-26473 1
-17790 2
41086 2
12747 -1
-57798 -2
116 -2
-47865 2
-18786 -2
-76709 2
-54303 2
-53056 -1
-44179 1
-73107 -2
-79146 1
-7094 -1
-58215 -2
-57173 -2
-30772 2
-34945 -1
43695 1
22636 1
-62977 -2
4880 2
45540 1
48458 2
1669 -2
-99011 2
-30351 -1
-26850 2
-42890 2
31614 1
16435 1
-63651 1
-15528 -1
-73044 -1
-68702 1
-68029 2
-75578 -2
-38332 2
24819 -2
-13837 2
-85361 -2
34043 1
8870 -2
44988 -2
23940 2
-64471 -1
-10873 -1
12849 2
-41747 2
5824 2
3452 -1
-10588 -1
36873 1
-26954 2
-1944 -2
30604 -2
-19072 -2
42591 2
-79088 -2
-70330 -2
-22595 -1
23763 2
-70727 2
-4290 -2
28636 1
-81325 -2
-16820 -2
32060 -2
-23098 2
-58311 -2
-57110 1
36429 -2
-28214 -2
47094 -2
18828 -1
-97387 1
-56 1
23241 2
12582 -1
33570 -1
-18137 1
8738 2
44530 -1
-1855 1
-50 1
39217 -2
-14015 2
-46842 -1
27274 2
-62248 -2
36888 -1
-57701 1
-57704 1
-93193 2
-91332 1
13925 2
21472 -1
40746 -2
-7816 -2
-42299 2
-27 -2
-15132 -2
42934 -1
-4493 -1
-17224 2
-4296 -2
-3648 -1
-8704 1
-66069 -2
-44575 1
-70971 1
33830 2
9167 -1
32041 2
411 -2
40173 -2
-54200 -1
-59371 -2
-84710 -2
-46900 -1
49452 -2
9454 -2
27520 1
656 -2
42490 1
-10385 1
-37670 -1
-27705 -2
20789 -1
-45371 -2
29446 -1
-76245 -2
-88089 1
-46180 2
-13486 -1
-45511 2
-28227 1
-26529 2
-89743 2
-64897 2
-99313 2
22318 -1
-66524 -1
-27967 1
-43207 -1
3236 -2
-69467 2
-54089 1
-36572 -1
18912 2
-49731 1
46665 -1
-64880 2
-11531 1
-45963 2
-79570 2
-23499 1
-58749 1
-67908 -1
3913 -1
20907 2
-48548 -2
-52235 2
45414 2
-45697 -1
-77764 2
2009 1
-20213 2
15267 -1
-95841 -1
3023 -1
-79822 -1
-22316 1
-20487 1
47921 -2
-46732 -2
6291 2
-21741 2
-4624 -1
-79457 2
35832 1
44751 1
-57610 -1
-81236 -2
-61158 2
25666 2
-78924 1
-83863 -2
-84240 2
44331 -2
-23555 2
48783 -1
6127 -2
-16408 -2
34617 2
-29832 -2
-52680 -1
2298 1
-83113 2
-56934 -1
-52287 2
9189 -2
-95480 -2
32851 -1
-71355 -2
4418 -1
-36350 -1
-87607 2
9934 -1
-59672 -2
-24772 2
-93012 -2
-31012 2
41001 2
-13569 2
23166 1
42448 -2
-81571 2
49227 1
31160 1
-25164 -2
-64948 -1
-70725 2
30132 1
26302 -1
1606 -1
27557 1
29519 -1
-96904 2
43057 -1
-57817 -1
1716 1
-53873 -1
-84642 -2
-86882 2
-19704 1
-63466 1
-57501 -1
-14119 -2
-57206 1
-10321 -2
46470 2
-42491 -1
5614 -2
-36364 2
-1662 -1
-52010 -1
-75900 2
-35926 -1
-23361 -1
28347 2
-45450 2
-19371 1
30096 -1
-62130 2
-83387 1
-41906 -1
-65566 -2
-35780 1
-26501 1
26270 -1
-2311 1
-51042 -2
-19930 -1
-65816 -2
-38163 1
15151 -1
-9806 -1
43735 -1
34861 -2
-29658 -1
-65629 -1
-86306 1
22881 1
-16665 -2
-11304 1
32484 2
-9017 -1
1449 2
-82937 -1
21627 -1
29240 1
15482 2
-6399 -2
-45723 1
-58784 -2
19250 1
-85097 1
-10948 2
-48705 2
-61714 -2
-96843 1
-56576 1
6406 2
-51717 2
-4356 1
7246 1
-52962 2
-18220 -2
-52549 -1
2708 1
-19576 -1
-2020 -1
-49535 -2
31879 -2
26108 1
-2989 -1
-85736 -2
-5409 2
-36844 -2
-39157 2
47619 1
-47743 2
8903 1
-7935 1
35101 2
-65318 -1
3722 1
-38790 2
-5401 -2
-46387 -2
-87490 -2
27144 -1
-54774 -1
-70953 2
-31468 2
-3320 -1
-54453 2
9089 1
-29141 1
-58017 1
-14440 -2
20360 1
-89773 1
-11754 2
11288 -1
-95664 1
-99240 -1
13344 1
27125 -1
-52016 -1
7640 -2
-75760 -1
38609 -2
609 1
-67748 2
-30801 -1
-67148 -1
-25620 2
-7322 -2
17676 -2
-82214 1
-77846 1
-39271 -2
26863 -2
-4553 2
7519 2
-26677 1
-11384 1
-30582 -1
-93410 1
-88071 1
-99737 -1
-42836 2
-87543 -1
-68764 1
-59278 -1
12769 -1
8191 -1
-96370 -2
-22303 2
-35211 -1
-51414 2
34069 2
-83427 2
5583 -1
18551 2
-21798 -1
-15518 2
22488 1
15164 -1
-3406 1
-77318 2
40972 1
-23677 2
-87541 2
-33957 -2
-58315 -2
-67591 -2
-52996 2
8941 -2
8671 2
16970 -2
-22509 1
29487 -2
-66154 -1
-41178 2
29065 -2
-32145 -2
-16685 1
-29011 1
-84794 -1
-81474 -1
39952 -2
-16190 -1
-80174 1
14617 -1
2110 -2
-46777 -2
-62844 2
-60380 1
-79686 -2
-12510 1
5068 -1
-17042 1
-23062 2
-62119 2
6306 2
-59025 2
-78528 -2
-91494 -2
-82813 -2
48744 2
11611 -1
-26108 -2
19974 2
-64430 -1
-55984 1
-70557 -2
-99724 1
-84582 -1
-6287 1
-54438 2
-68375 -2
9867 -2
46467 -1
-35670 -1
-78948 1
-86478 -2
29215 -2
28694 -1
-61207 2
-96689 2
-37414 -1
46093 -2
-56258 -2
-44869 -1
27175 1
-84896 2
-19264 -1
-14886 1
-31238 -2
-48940 -1
22411 -2
-48579 -2
-98377 1
42519 -1
-42114 1
-8586 -1
-38668 -2
-51588 1
-73934 1
11150 -2
-66331 -2
18055 1
-97065 -2
43662 -1
-41377 2
41887 -2
48804 -2
44567 2
-93090 2
-29340 1
-84285 -2
-14490 1
15278 2
-86064 1
-65797 -1
26243 1
-61019 2
-35009 -1
13427 -1
-85489 -1
-32693 -1
-97714 -2
-13716 -1
-44210 1
-1298 1
-12242 1
-58746 2
25156 -2
-30231 -1
-75422 -2
10059 2
-49925 1
-35839 2
-13430 -2
-63405 2
-87112 -2
-6140 -2
-87940 2
-56128 1
36527 2
-2506 -2
16269 2
-61585 1
-61776 1
1834 -2
-44090 1
-33341 1
-26268 2
32575 2
31134 -1
-10620 -1
-82290 -1
-19486 2
20962 -2
-36399 1
-86045 2
-58210 1
-22170 2
-86165 -2
-26383 -1
15361 -1
27736 1
-35392 1
-82348 -1
-45033 1
-78359 1
-22224 -2
-268 1
-49517 2
-60385 -1
24821 1
-37063 2
-85036 2
-68992 -1
-30457 1
-84569 2
7034 1
15980 1
-76802 2
-13808 -1
-65498 -2
40796 2
33985 -1
-33126 -2
3533 -1
-6385 2
15022 1
-86226 -1
-62688 2
-18814 2
-3746 1
47654 2
-79976 -1
29413 -1
-75442 2
-17457 1
45998 2
-31235 -2
-75577 -1
-9285 -1
-28261 -1
42521 2
-18887 -2
-11433 -1
-5400 -1
-78872 -1
21165 -2
49861 1
-30409 -2
16219 2
18543 2
-16615 -1
-41390 1
-82658 1
-45308 1
-18425 -2
-87274 1
-52074 2
-66141 -2
46288 1
-34562 -1
-90960 -1
29999 -1
-20486 -2
-74144 -1
-44961 -1
-17493 2
-41394 1
-74892 -2
44452 -1
-39713 2
10293 -1
-62595 2
524 -2
22940 -2
6672 -2
43533 -1
-97715 -1
40186 2
29883 -2
25531 -1
-84519 1
49604 -2
-80478 -1
32785 -1
-25293 1
-53571 1
-32651 -1
9573 -1
-93235 1
31123 1
4248 2
-69987 -1
7572 1
-93310 -2
46934 -2
17633 -2
-98089 -2
-32589 2
43409 -1
-14702 2
33041 2
-44042 2
-56382 -1
-43128 1
-73043 1
-58977 1
-47303 -2
45010 1
-34720 2
-20144 2
-29748 -2
13213 2
-51069 -1
48070 -2
-23684 2
-80135 -1
-27192 1
-71562 2
-35383 -1
4367 2
-56474 -1
-35772 -2
-49277 -1
-45298 -1
-27381 1
-33133 1
41270 -1
-46540 -1
-49027 -2
42509 -2
-12128 -1
-57638 1
-9913 -1
-44405 2
-84739 -1
41868 1
32070 1
-83931 1
-28571 -2
-91381 2
22247 2
-37537 -1
101 1
-24775 -2
-58522 -1
2206 -1
-92729 1
-13464 1
-45601 -1
-88785 1
36952 1
-58452 -1
2800 -2
-74533 -2
46402 -2
-90466 -1
-66031 -2
-93359 -1
31844 -1
-14018 1
-76714 -1
-38019 -2
-71118 -2
14174 -2
33305 -2
44526 1
26340 2
6572 2
47989 1
12479 2
-54872 -2
-73442 -2
34733 1
-47465 -2
-33161 2
-8063 1
-72901 -1
-82567 1
17721 1
-15650 2
-83921 2
-27178 -2
-42683 -1
-37862 -2
-26329 1
-71551 -2
-40653 2
14974 -1
35904 1
1383 2
-60798 1
-29188 1
-75197 -1
-1581 -1
49913 1
20746 2
-49021 -1
11033 -1
-82308 -1
-7366 -2
-83774 1
-10661 1
-65581 2
29303 2
46892 1
-17976 2
-81050 -2
-81714 -1
-60869 -1
-20695 1
-77872 -1
-73219 -2
-88129 -1
6385 2
-2295 2
8471 -2
8699 -1
-59539 2
16089 2
-89706 -2
31360 1
-2572 -2
-90406 -2
-93979 1
17394 -1
-43307 2
-15668 -1
-91787 -1
17103 1
-63953 2
-90392 1
-33596 -1
-55702 -1
-66668 2
-38832 2
2184 -2
44344 -2
-25707 -1
14734 1
-66403 1
-38962 2
-95710 1
30758 1
-96794 -2
-75777 2
7038 1
-48739 -1
-78050 -2
-74523 -1
-870 2
12380 -2
-40844 -1
-23230 -1
47811 2
-13052 -2
-55001 -2
-81428 1
-2543 -2
-9631 1
47581 2
39411 1
-39785 2
-40951 2
-72472 -2
-83841 1
34979 1
-95760 2
-86260 2
-83007 -1
-7529 1
-63957 2
-91123 -2
-67099 1
-62061 1
-20258 -2
-98408 -2
-42700 -1
-79936 2
-26905 -2
-17698 -2
-961 -2
-4100 -1
-10424 -1
7721 2
538 -2
-662 -1
14614 -2
24185 2
-42062 2
-71666 -2
-60712 -1
-44296 -2
-4591 -2
24873 2
12392 1
-82287 1
11724 -1
18468 -2
-15484 1
33452 1
-25684 -2
8658 -2
1272 -2
14960 1
-30443 -1
33381 2
24656 -2
-87141 2
-33311 -2
-92543 2
36852 -1
13483 -1
-87905 -2
-83201 1
12083 -2
-80542 2
27369 -1
-40362 -1
-90417 2
40572 2
-15014 -1
-26791 1
-87644 -2
-90458 -1
-48944 2
-40898 1
-16887 2
-1698 2
-65436 -1
16372 1
-37628 -2
24097 -1
-74236 -1
-86422 -2
-21734 -1
-32548 2
23322 -2
41293 -2
48713 -1
9652 1
-15343 1
-82920 2
-58872 -1
9802 -2
-66504 -2
-2103 -2
25557 2
-27419 -2
16903 -1
-21691 2
-75395 -2
8723 -2
-55419 -2
-43775 -1
-50889 -2
-69496 2
-86288 1
-23046 1
-28059 -1
26931 -2
12281 -1
-66970 1
-58965 -1
-49342 -2
22944 -1
-19176 1
-28707 -1
11580 2
10138 1
-99214 1
-32524 1
-28049 1
-33639 -1
-7131 -2
-94067 -2
-68205 -1
-65509 -1
11857 -1
-82974 2
-1697 2
8988 1
-97183 -1
-15852 -2
7989 1
39220 2
26183 1
20944 1
29376 2
40548 -1
-85368 -2
-11028 -2
-73978 1
7041 2
-2021 -1
8992 1
-78564 1
-5046 1
-36356 -2
-36569 -2
-39394 -2
36927 1
-638 -1
-71071 2
46574 1
-7678 1
13236 1
-49186 1
-6584 2
-3693 2
-46140 -2
39009 -1
-3659 -2
-42468 2
-1201 -1
-11536 -1
-26708 -2
8952 2
8328 2
40694 -1
-37007 1
2028 -1
24624 1
-40253 2
-51422 1
894 -1
26402 -2
-97305 2
-45970 -1
-61292 1
-62426 1
-17398 2
-77063 1
-16800 -1
-95582 2
-22039 -1
30987 -1
-94868 -2
-91210 1
-60345 2
41582 1
-78122 -2
26937 -2
-74146 -2
-24183 -2
-1263 1
-39734 1
-66717 -2
-26243 2
-99884 2
10170 -2
-11625 -1
44116 -1
-9154 2
35045 1
-77398 -1
-49000 -2
-53023 -2
-91368 -2
-99009 2
-98367 2
10355 1
-15905 1
-63857 -1
-65267 -2
31621 -2
-68759 2
18667 -1
6913 2
-40279 -2
-93606 -1
-41471 1
-99839 -1
15833 -1
-41446 -1
-92484 -2
-94564 -1
-69942 -1
-30145 -2
-61073 2
8431 2
17105 1
-94570 2
-27315 1
49946 -2
30595 1
20990 1
21784 -1
-7074 -2
7529 1
18735 1
-71382 -2
-84218 -1
-99829 -1
-39721 2
-72242 -1
30729 -2
-47347 1
-47012 2
-66832 -2
-17757 2
44197 -1
32729 2
-54224 -1
-70175 2
-95240 1
-49063 2
-9093 1
-42369 2
-5881 -1
-88520 -1
2999 -2
-18358 -2
-99587 2
3663 2
-76414 -2
-14226 -2
-49555 1
-95915 1
8978 1
-45036 -2
-3275 -1
35443 -2
-56949 2
7766 -1
28211 -2
-5450 1
-83886 2
-56493 -2
-72167 -1
-86964 1
-963 -2
-35176 -1
-82433 2
-32846 1
-58165 -1
5184 1
38647 2
-53747 2
-19243 -2
9258 2
27158 1
29790 2
15954 1
42847 2
-76297 -2
-49223 2
-82492 2
9995 2
-72598 2
12038 2
46114 2
-93873 1
-55867 -2
-47980 -1
29282 -1
-1652 1
-86756 2
28475 2
-9974 -1
-21558 2
-51534 2
-2456 1
-86127 2
-19219 -2
36726 1
-62663 1
8916 -2
-34909 1
-27990 -1
27555 -2
-13853 2
-37559 2
36641 1
-45850 2
-96815 2
-82662 1
-48173 -1
-81024 -1
-23574 -2
7952 2
-32515 2
-5519 1
-32618 -1
-34330 -2
-15488 -2
-23845 2
-16657 -1
-21313 -1
-11853 1
-34032 1
-29598 -2
7003 -2
13518 1
-25256 -1
2322 -2
-96302 -2
-95734 -1
25864 1
-85219 -2
42726 -2
-1136 -1
-2667 1
-73374 2
31849 -1
-98079 1
-57978 1
29817 1
28345 2
21797 1
-50994 2
16490 -1
16032 -2
-42892 -1
42169 -2
-24462 1
-51554 -2
-95125 -1
46448 2
30617 2
-32064 2
44354 1
-53155 2
-40998 -1
-45615 -2
-99968 1
-99831 -1
-16603 1
-16393 1
-11177 2
-37399 -2
-9133 2
-14325 2
-12260 2
-72313 2
-58730 -1
42723 -2
39270 1
43439 2
-9488 2
-59414 -2
-49067 1
27774 1
-78326 -2
-44522 2
-80459 2
-39495 1
-46599 -1
36261 -1
37441 -1
2912 -2
-67310 -2
6633 1
9426 1
18831 -2
-22998 1
-33324 2
25608 1
-71252 -1
35073 -2
-5898 1
-59262 -2
-86222 -1
-23875 -2
16241 2
-99261 2
45016 2
-8690 1
-9758 1
-19867 -2
-1796 1
-11572 -2
-46227 -1
-14786 -1
-25934 -2
10046 2
-78984 1
18407 2
16719 -2
-31286 1
-50163 -1
-7188 -1
-29494 -1
-79782 2
-91444 1
111 -1
-46284 2
-76561 -1
-99 1
36289 -2
-36771 2
-63816 -2
-1900 -2
6479 -2
-98225 -1
-78855 2
-58083 1
-41469 -2
-2421 1
32305 1
-20986 1
-64030 -1
-23921 2
-38080 1
-90871 -1
-97070 1
-37707 -2
-70983 -1
-59939 2
-29448 1
-48892 -1
-29763 1
-50791 1
-90990 1
-72285 -2
19306 1
-73478 1
-53796 -1
5489 1
-21576 2
29712 2
-40819 -2
-28532 -2
-88331 -1
-56108 -2
23720 2
-46216 1
-95646 -1
-50907 2
14637 -1
9953 1
19163 1
-84327 2
45056 1
41181 -1
-5188 1
35072 1
-5014 -1
-14971 -2
-87359 1
-58530 -2
-91649 -2
-96382 -1
-26992 2
-57562 -2
-40262 2
-27882 2
-87673 -2
-6477 -1
-19728 -2
-959 1
-67517 -1
-39929 2
-82362 2
-50961 -2
-21214 1
-56388 -2
-70455 1
-57786 -2
-49996 -1
-39793 2
-32791 2
26589 -2
-49057 1
22685 1
-74798 -1
45536 -1
44190 1
12837 -1
-57058 -1
-23942 -2
-45336 2
-93490 -1
-18455 1
25625 1
-42390 2
25132 -1
-38244 1
-99704 1
-49831 -1
38246 -2
21390 -2
-80436 1
-98904 -1
-33664 1
-95492 2
-66025 1
-82969 1
-47847 -1
9040 2
-86304 -2
-86736 -2
-6340 -1
15964 1
-77781 -1
33743 -2
-37436 1
-245 -1
-2995 1
-86830 2
37911 -2
-79820 -1
-1891 2
-99038 -1
-89426 -1
4994 -1
-76276 2
-15320 1
23114 -2
-5358 1
43771 -2
28920 -2
13600 -2
43831 1
-42788 1
27764 1
46471 1
-81409 2
-82954 1
-87671 -2
-79496 1
33994 2
-50721 2
-42018 1
40412 1
-43448 -2
-24190 -2
24940 -1
-22444 -2
-69024 2
38986 -2
29378 1
-80606 -1
-63911 2
-48459 1
43081 1
-33098 -1
-32653 2
-44481 -1
-57252 1
30980 -1
-97186 2
-88453 2
-68275 1
-49431 1
-92449 2
48565 1
19885 2
18994 1
-48874 -1
6090 -2
-55275 1
-21110 1
12456 -1
-90803 1
36625 1
-37055 2
19286 1
-60470 -2
2812 -2
-46993 -1
-24090 2
-29600 -1
-71299 -1
15912 1
-87688 1
-26547 -1
42480 -2
-48206 1
-31783 2
-28730 -2
29905 2
-40630 2
45155 2
-8659 1
-93100 1
-67192 1
-19032 -2
-40543 2
28976 1
-24120 1
19465 2
-9822 1
17682 2
-74628 2
35438 -2
-25109 2
37792 -2
39368 -2
-59015 2
-11540 -1
-42546 2
-60765 2
-55977 1
20343 2
-89244 2
-96900 2
-74906 2
18370 1
-34544 2
-85230 -1
-64152 2
46266 1
-26877 -1
-30445 -1
-12624 -1
-90396 2
-55565 1
1496 2
-3860 1
-79418 -1
-26412 -1
-49278 -2
11927 -2
21645 -1
-24729 1
-42711 -2
19711 1
-28978 -2
20455 -2
-89573 -1
-23681 2
-43547 -2
-93633 2
38576 -1
732 -1
-65594 2
-5475 2
37028 -2
-40304 1
43985 -1
28133 2
-79098 2
-5485 -1
29630 1
-56654 -2
36369 -1
36798 -2
44 -2
-50344 -1
-5975 1
-69433 -2
46101 -2
42010 2
-55416 2
13010 -2
39875 1
-40390 -2
-40907 2
-11586 2
-12535 -1
1314 2
-96207 1
-13765 -1
-4569 -2
-56778 -2
-69606 1
-23077 2
26068 -2
44780 -2
14658 -1
-69272 2
-45669 2
-38458 -2
38004 1
-94737 1
41555 1
38384 1
28692 -1
-25275 -2
39559 -1
-58581 2
-85570 2
-15290 2
-21681 1
-56604 1
-91989 -1
18516 -2
25743 -2
-64488 -1
15096 -1
42000 -2
-76058 1
-60106 -2
25568 -2
-1621 -1
-68970 1
-87260 1
42829 -1
-1291 1
-68565 2
-73996 -2
17571 1
49041 1
-1920 1
-62530 -1
-44031 1
49698 -2
-97324 -1
-13300 2
-3607 1
-6812 1
-4066 2
-35860 -1
-38897 -2
-55452 -1
30493 2
-68313 -2
14908 -2
4993 -2
-27655 1
-73651 2
14932 1
-17420 2
-41913 -2
26435 2
-4129 2
19459 -2
-3763 1
34373 -2
-94561 -1
20652 2
-16677 -2
-62215 2
33963 1
-30961 -1
-29659 1
-80618 -1
9045 2
5153 2
-62352 -2
-82750 1
-55129 2
-58798 -1
-96013 -2
32977 1
29572 2
-34238 2
-86158 -1
-88197 2
-16030 -1
20345 -1
-19838 1
-41201 -1
-32729 -1
-45786 -1
17121 2
-97417 1
35221 2
-77222 -2
-7042 2
34474 1
11382 1
-15525 -1
-78558 1
-43768 1
-81454 -2
-67952 1
49944 -1
1057 2
37658 -1
-98033 -2
-29912 -1
-6027 1
-76852 -2
-24395 -2
-99778 2
-44075 -1
-61946 2
12532 -2
46394 -1
-87659 -2
29734 2
-30458 -2
29147 -1
-3354 -1
-70626 -2
10836 1
-96269 -2
-80039 1
-98941 2
11972 1
-69234 2
25025 1
49957 2
35541 1
32355 2
5263 -1
-27980 -1
-4993 1
-73632 -1
42465 -1
-67298 -1
-8043 1
30389 -2
-15954 -1
-95641 1
27180 2
2373 -2
-93595 -2
-69847 2
-73497 -2
-86747 1
-75914 -2
37953 -2
29591 -1
40527 -1
-76336 -1
-8566 -1
-46297 2
-59881 -2
33770 -1
-62148 2
43038 2
-66469 2
-87785 -2
-16911 -2
-15869 -2
30414 -2
-90785 2
-68968 1
18047 1
-23484 -2
-58887 1
-46557 2
-2832 -2
-38877 1
29910 -1
27859 1
-68824 -1
-38902 1
-69628 -2
-95161 1
-69114 -1
-58822 -1
39210 2
41929 2
42319 1
49911 1
-94064 1
9677 -1
-59728 2
-7619 2
-85673 -2
-9289 -1
-9786 2
-92396 -2
-67440 -1
35405 2
-76522 -2
-12760 1
-33677 -1
49787 -1
-81166 -2
-51853 -2
-62974 2
-53293 1
-32972 1
-68357 -2
-78448 1
34405 -2
-89391 -1
-88735 -1
36464 -2
31954 -1
-1609 -1
-13456 2
-26062 -1
22948 -2
-30159 2
44469 -2
41607 -2
18450 -1
-89714 -1
-17462 2
-31987 2
-65023 1
-19484 1
-21879 2
-23965 -2
-52387 -1
-68613 -1
-6093 -2
-87633 1
-1219 -1
-37676 1
-22874 -2
-39575 2
-80187 1
6986 -2
12170 1
-51528 -2
45215 1
10928 2
-75962 2
-91846 2
-1208 1
-19694 2
-15473 2
-88518 1
-34715 -2
26298 -1
16850 2
14161 -1
-78589 -2
-28732 -1
27127 -1
28946 2
-53596 -2
-69392 -2
-54292 1
-94013 -1
40794 1
-61584 1
-74083 2
2785 -1
-89276 -1
-80727 -2
-89297 -2
36512 1
-31289 1
-94408 2
-38987 -2
-77275 -1
-96778 -2
41479 1
20517 -1
-98676 -1
-8117 1
13918 -2
-77595 2
-79916 2
15900 1
32453 -2
47890 -2
-20105 -2
13108 -1
43020 2
-1050 -1
34183 -2
-94606 -1
-79875 -2
-98854 2
-16084 -2
1789 -1
-86031 -2
20532 1
-1822 -1
-99343 -1
-78360 1
-98166 2
-94644 -1
-6175 -1
-48587 -1
-98871 1
-32433 2
-63296 1
5225 1
-78959 1
-28411 1
-93477 2
27260 2
-23334 2
-80279 -2
-78555 1
-85106 1
-37611 2
17578 1
-55765 1
-39514 -2
16404 1
35903 1
41341 2
-51931 2
4133 -2
-52519 1
42821 1
-61247 1
38093 1
25697 2
-7635 -1
34549 -2
-79796 -1
-57845 1
-39968 -1
1227 2
-97574 -1
-78007 1
-71220 -1
-93956 1
42986 1
-17880 -1
-52152 2
48541 2
46095 2
-10594 2
-92172 2
-61016 2
46062 1
29700 -1
-28038 1
-19127 2
33731 2
3994 -1
48691 -1
-84759 -1
-83977 -1
-53212 2
3145 1
-87215 2
4322 2
-16019 -1
-6963 1
-83880 -1
-90714 1
-71013 -2
-68791 1
-15242 2
-78419 -1
-92193 1
-98914 2
-70339 -1
42557 1
13361 2
-88911 -2
-39017 1
-95430 2
-52149 2
-81354 -2
-30752 -2
-45182 2
12562 -2
-40540 1
-97513 2
-99524 -2
6838 -1
-42027 1
-64582 1
-76525 -1
47374 -2
-61966 1
-88143 1
16862 -1
11535 -2
31267 1
-29616 2
-86357 2
-57425 -1
-73892 -1
-68035 -2
-67052 2
-8286 2
-73315 1
-14889 -2
-87557 -2
36441 1
40127 -1
-75379 -2
7324 2
-76578 -1
-16489 1
-82245 -2
-67861 2
-68052 2
-86521 2
-11395 1
-82538 -1
-49184 -2
36026 2
-92439 2
-78612 1
-1687 -2
37205 2
-28597 -1
-89023 -2
48253 -2
-8070 -2
-50067 -2
-70471 2
-85142 2
34709 -2
-63357 -2
-94494 1
26165 -2
-63577 2
24988 2
-47563 2
-85900 -1
-24865 -1
40843 -1
-49138 -1
-36892 -1
-82047 -2
-72772 -1
6675 1
-5463 1
-76278 2
-29161 1
-45923 -1
-73957 -2
4705 1
5324 -2
-90445 -1
-69435 -2
-77831 -1
34930 -2
-18638 2
33180 -2
-11192 -2
-17217 2
-20580 -2
-71194 -1
45982 -1
-88519 1
-53194 -1
-33032 -1
-58556 -2
-9921 1
17294 1
-45834 1
-29234 1
-53543 1
35968 1
29615 -2
-6711 2
-46457 -2
3975 2
-95223 -2
-94926 2
39266 -1
-66198 -2
-24846 1
-2661 -1
-83268 2
-92180 -2
-17072 -1
14315 2
-47769 -1
22438 2
-17289 -2
-62376 1
12932 -1
-58433 2
39180 1
-75064 -2
-15318 -2
10402 -1
27427 -1
14871 -1
23551 2
-51957 -1
-62047 2
-19568 -1
10260 1
4616 2
28628 -1
-45975 -1
-38738 2
-34109 1
-58403 -1
20810 1
-73041 2
-43054 -2
-28241 -2
3592 -2
49226 -1
-34713 -2
43207 1
41775 -1
21898 1
4567 2
-91679 1
45920 -1
44375 -1
-71 -2
-53454 -1
-12834 -2
40151 1
4929 2
-95373 2
-74049 2
-150 -1
-14178 1
-12507 -2
-87733 2
19377 2
11501 -2
-13183 -1
-89692 -2
-59734 1
-35556 -1
23981 2
15721 -2
-95873 -1
-18555 -1
-28005 2
-11560 2
-9839 1
-83718 -2
2639 -1
3893 -1
-15265 -2
41511 1
-91020 2
-21449 -2
17405 1
-54769 2
-16373 2
34177 -1
-5042 -2
-38594 2
-50976 -1
-48390 -2
-47418 1
-47996 2
-68646 -2
-51896 -2
16509 -2
-67510 2
30444 2
46966 -1
-78468 -1
36767 2
18572 1
-72891 1
44762 -2
-51318 1
-96052 -2
-89539 2
-88142 -1
21313 -1
-41274 -1
-51240 2
-74780 -1
32883 2
-61756 -1
-72319 -1
28249 -1
-70782 1
-43367 1
-95078 -2
44852 1
42245 -1
-76258 1
-36143 -1
-72030 -1
-94276 -2
-19944 2
-71158 1
38479 -2
25145 -2
48758 -2
-61098 1
-65147 -2
43965 -2
-38758 -1
13543 2
-70244 -1
-37980 -2
42568 2
-73199 -1
-33017 2
-59085 -1
-9500 -1
-26996 1
-64169 1
-37844 2
43825 -2
-95281 -1
-29407 -1
18234 1
-65077 -1
-27024 -1
-80624 -2
-83992 -2
-5660 -2
-31424 -2
-65886 -1
3321 1
42207 -1
8047 -1
-56729 1
-88563 1
-37167 -1
27965 2
46492 1
-76695 -2
1434 1
-46084 2
-93771 -1
-18441 1
-63321 -1
-96131 2
11497 2
-46408 -2
4339 -2
8529 -2
-55772 -1
46173 -2
-88248 -1
5412 1
-92101 2
-80290 -1
-42202 2
5677 2
24044 -1
-60392 1
-7672 1
22535 -1
-6646 -1
-70684 -2
22482 2
-1912 1
-5710 2
6994 2
-82987 -1
-54182 1
-96056 2
-83518 1
-70049 -2
-82774 2
18656 -2
38876 2
-20608 -1
-174 1
-23282 -1
-27372 1
44031 2
11299 1
4525 -2
29099 2
12177 -2
-70365 2
-93081 2
42426 -2
24122 2
-2428 -1
-19616 -1
15862 -1
-3006 -2
43425 2
-71929 -1
-3779 -2
-75455 2
-9624 -1
-81413 2
-73066 -2
-38016 2
-87382 -1
-56797 -1
26546 -2
-25236 -1
40706 -1
-89873 -2
-22554 -1
-2376 -1
-12164 1
40803 -2
-89569 2
9041 1
-49023 -2
-57403 2
-5314 -1
-26786 2
-65643 2
42640 -1
-37995 -2
-68120 -2
9941 -1
9757 1
-37660 -2
-6273 1
-40865 2
35198 1
-89100 1
-44640 -1
-31119 1
35031 1
-66313 -1
-14844 -1
-18984 -1
-30730 2
6767 2
-77342 -2
-94172 -2
23119 -1
-26984 2
48289 -2
20979 -1
-13998 1
-96673 -2
-67924 -1
4695 1
-34890 1
-75238 -2
-25079 2
-80448 -1
35908 1
-83298 -1
33562 -2
-93770 2
-18937 -1
-25842 -1
-96863 1
13094 1
41681 -2
41712 1
-28520 -2
-53013 -1
4267 1
-20060 1
27772 -1
18911 -2
27887 2
631 2
382 -1
-32069 -2
20901 1
-99488 1
8396 -2
-4119 2
-39535 1
28528 -1
-44783 1
40441 -2
-81495 -2
-96555 -2
-49105 1
-42990 2
-19767 2
-36086 -1
-93407 1
-47101 -2
24322 -2
-83854 -2
-69660 2
-2384 -2
40655 -1
-34499 -1
-97356 2
-39673 2
12610 -2
14838 -2
-96328 2
-59228 -1
-48591 2
-37869 1
-9818 1
-42420 1
-60699 -1
-4978 1
-89063 -2
19150 2
-5684 1
-94063 1
-33747 -2
39377 -2
24418 -1
-67794 -2
-26104 2
-5074 -2
42144 -1
-3893 2
-3896 2
-44926 2
42437 -2
-60122 -1
-593 1
-63571 -2
-17832 2
-77597 -2
42484 -2
-71433 1
8156 1
23004 1
11254 -2
-21832 -2
-11417 -1
-28377 -2
-42144 -1
30782 -1
-58805 2
-116 1
-92246 -2
-32696 -1
-12247 -2
-29834 1
44986 -1
-44861 2
-7976 -1
-41305 1
-38846 -1
7269 1
-27599 -2
-5218 -2
9856 -1
-77030 -1
-80093 2
21322 -2
-58383 -1
-43800 -2
-23467 -2
-35216 2
-22085 2
-8378 1
-13248 2
-93330 1
-99606 2
-10001 -2
-93579 1
49058 -1
-73126 -2
-33305 2
-61927 2
-16591 -1
-64753 -1
-68207 1
32238 2
24365 1
-22469 -1
-70729 -2
1708 2
25772 2
-52933 1
-29213 -1
-23646 2
15827 2
-66726 -1
-60093 -1
-58956 2
-84554 -1
15469 1
-94584 1
-56726 -1
11619 1
-90434 -2
-9101 1
-92926 -2
-48688 2
22238 1
-5983 2
-54574 1
11228 2
18674 -2
-19610 2
-17076 -2
-82854 1
-98365 1
-58661 -1
-20074 1
-87681 2
21949 1
6091 2
35268 1
-24906 -2
-2170 2
-6906 -2
-87378 1
-87615 1
-41025 2
-76118 -1
-1172 -1
8531 1
-86002 1
-5861 1
45188 2
-22772 2
38213 -1
-36354 -1
-58776 -2
-13123 1
-69493 -2
-13215 2
-96415 -2
-79281 -2
-68479 2
-78743 -1
5114 2
-32459 1
-52782 -1
45466 -1
29216 1
48028 2
-6699 -2
-70482 2
-56568 -1
45425 -1
1229 2
-28182 1
22794 2
-25523 -2
-67836 -1
10068 2
48740 2
-44969 -1
12027 1
-64215 2
-33973 -2
-18624 1
19413 2
48922 -1
-90231 -1
-20878 1
-98411 -1
-37484 2
-2642 -2
4398 1
4473 -1
49892 -2
-90946 -1
-15376 -1
-34363 -1
-51097 2
-88789 -1
6911 1
5637 -2
-89073 2
-66205 -1
46145 -1
-20889 -2
-54569 -2
-26809 1
43188 -1
-35003 1
-78309 -2
-29650 2
-14855 2
-14605 1
-68761 -2
-96838 2
37099 1
-86177 2
-86415 -2
33232 -1
-3738 -1
-88319 -2
-36444 1
37147 -1
-82634 -2
45610 1
-60125 2
-13262 2
-17035 2
22110 -1
15033 1
12948 1
-45831 2
-79216 -2
-53537 1
-28567 1
-13752 -1
29602 2
-91313 2
-92938 1
15660 -1
-40344 -2
9789 1
41975 -1
23909 1
-13587 1
2187 2
-93945 1
-6275 1
26649 2
43052 2
2736 1
-39134 2
19249 -1
47211 2
38835 2
15576 -1
13613 2
-51357 -1
29469 2
-54542 -2
-14660 2
-55531 1
10879 -2
-31145 1
-23553 -2
47066 1
-79429 -1
-58862 -2
45025 -1
24236 -2
-64757 2
-81811 2
-25671 -2
-21055 1
-65401 -1
38506 2
-51683 -2
4338 -1
-27918 2
-56152 2
44934 -1
-21625 1
-58082 2
16411 -1
-59088 -1
-40924 -1
28038 -2
21699 1
4241 -2
-79773 -1
6707 -2
-88457 1
-56428 -1
-54501 -2
-84173 1
41476 -2
-51646 2
-63923 -2
-14880 2
37209 -2
15761 -1
-64047 -1
37814 -2
16018 -2
3701 1
-67659 1
-77854 1
32277 -2
37301 -1
-77892 -1
2956 2
-97820 2
-3183 2
-69833 2
5241 2
-84131 1
46064 2
-19059 2
-48554 -1
-76831 -2
-39543 2
30002 -1
18260 -2
38511 1
-75682 -1
33309 -1
-54147 -2
8733 -2
-53753 -2
-4307 -1
-62080 -1
35678 2
-81261 1
-69348 -2
-43251 -1
-54737 -1
-3482 -1
-18184 2
-86388 -2
-76137 1
-43361 -2
-14123 1
8972 -1
16235 2
39536 1
-45481 1
-6537 2
-95807 2
15189 -2
45692 1
28797 -2
-64888 1
23264 2
-65006 1
-69988 -2
-92002 -1
11028 -2
-14220 2
-80132 -2
-32155 2
-9949 -1
-31010 2
-57214 2
25971 -2
-53227 1
-88378 2
-410 -2
-79682 2
3780 -2
17857 2
-30282 1
-10964 2
179 -1
-92400 -2
-26205 1
2150 -1
43565 -1
-5131 2
-64587 1
-11425 1
-92617 1
26917 1
-3212 1
31045 2
17887 -1
-92076 1
-86110 2
15372 1
-7595 2
-33695 -2
40323 1
-45189 -2
-96152 -1
-78038 -2
-26152 -1
31049 2
-24966 1
19693 -1
26398 2
791 1
39454 2
13898 1
-52285 1
-3099 2
24839 -1
-20314 -1
46247 2
-50314 -1
-44306 2
-98598 -2
-82781 -2
-38770 2
-33732 1
16006 1
45985 -1
-10346 1
44812 -2
-82243 -2
-34052 -2
-28456 2
20480 2
40113 2
-84872 2
-10693 1
-84426 -2
-77053 2
-22480 1
-27462 1
11066 2
-61604 1
21408 -2
-43404 -1
2475 2
-96526 1
-42384 2
-8594 2
-4929 2
-92800 2
41636 -2
-56373 2
-35588 1
15962 2
27986 -1
-82273 -2
18503 1
-71314 1
-19738 2
-76899 -2
-52741 -2
-84809 1
-9167 -1
10751 -1
41324 1
-88412 1
-21350 -2
-99270 -1
-89649 1
-95953 2
12521 -1
2681 -1
-9083 -2
-92757 2
-16609 -1
28658 1
-50414 1
42005 -1
-19283 -1
48920 -1
-62637 -1
30840 -1
-56829 -1
-11479 -2
33431 -1
-71755 2
-29862 2
-48374 -2
6304 1
-30737 -2
-67270 1
5160 2
8965 2
37848 -2
-57080 -2
9154 2
45311 -2
-30783 -2
17997 2
-20942 -2
-91575 -1
-45368 1
7980 -2
-32766 1
-59700 -1
-78845 2
-9832 -2
3978 2
-33429 2
-42334 1
-37447 2
1698 2
-52180 -1
-58485 1
-13633 1
-82174 1
29496 2
36273 1
-55084 -2
710 -1
-35758 2
-37244 1
-74463 -1
-14664 1
-45080 -1
-34213 2
-48997 2
1769 -1
-64248 -2
-8830 2
-98188 2
-49569 -1
-67319 1
4488 -1
11137 -1
-22597 1
-83751 -1
-43565 2
-33976 1
-82655 2
24183 -2
-22468 1
-40706 1
-2458 -1
-64377 -2
-3169 2
-88605 2
-94751 1
-72789 2
4642 -1
3858 -1
-95271 2
-37077 -1
44834 2
-82017 -1
-31979 -1
-98556 -1
-73349 1
28238 -1
-48478 -2
8121 2
-79581 2
8641 -1
21936 2
-20392 -2
38406 -1
-60779 1
30975 -1
-37388 -2
22427 -2
8896 2
-99999 1
40801 2
-92961 -1
6349 -2
-70785 1
-73850 2
-24965 1
-55137 -1
-86207 -1
-53303 -1
48852 -1
27971 -2
6643 1
-48025 2
12947 1
28824 -1
-16661 2
-9816 -2
-59746 2
-8156 -1
-35849 -1
-24420 2
-66830 1
39998 -2
-11620 1
11274 2
35809 2
-99987 -1
-92186 1
41535 1
-3982 1
26874 -1
-45809 -1
-45491 1
19261 2
14963 2
-92135 1
22573 -2
-75158 -2
-85072 -1
-61784 2
49274 2
-13433 -2
8467 1
-49121 2
-549 2
39617 -1
20416 -2
-72132 -1
-1713 -1
-76049 1
47880 -2
24796 2
-99636 -1
24787 -1
-60871 2
34789 1
-84279 1
31355 -2
-69776 1
40761 -2
-5804 -1
35436 1
-27964 -2
20997 -1
-93370 1
-58106 1
-32416 -1
-46521 2
-14426 -2
-59568 -1
-5733 1
-66804 1
40495 -1
46202 2
-39012 1
-48307 1
-33561 1
-68268 2
-35932 -2
-13580 1
-63694 2
-32505 -2
32554 1
-85506 1
48784 -1
26848 -1
-54415 2
-98090 -1
-34412 -2
27899 -1
12179 -1
-93958 2
49720 -2
-25668 2
-15906 -1
-48837 -1
26573 2
-63075 2
-82951 -1
49784 2
49820 -1
-99851 -2
-30981 -1
16103 1
38755 -2
12863 1
11148 -2
20406 2
47387 -1
-49409 2
21635 2
-27663 -2
-33103 -2
40415 2
47065 1
-41438 2
-39688 -2
-96559 1
2312 -2
-46475 1
-42183 -2
-15058 1
-81594 2
